game_date,pitcher_id,market,line,over_odds,under_odds,bookmaker,under_bookmaker
2026-03-26,686613,strikeouts,6.5,-140.0,120.0,fanduel,betmgm
2026-03-26,686613,strikeouts,7.5,135.0,-139.0,betrivers,draftkings
2026-03-28,664299,strikeouts,4.5,-147.0,128.0,draftkings,fanduel
2026-03-28,664299,strikeouts,5.5,128.0,-165.0,betonlineag,betmgm
2026-03-28,664299,strikeouts,4.5,-147.0,128.0,draftkings,fanduel
2026-03-28,664299,strikeouts,5.5,128.0,-165.0,betonlineag,betmgm
2026-03-30,665795,strikeouts,6.5,-135.0,109.0,bovada,draftkings
2026-03-30,665795,strikeouts,7.5,135.0,-164.0,betrivers,betonlineag
2026-03-31,592791,strikeouts,4.5,-140.0,115.0,draftkings,fanatics
2026-04-05,622491,strikeouts,6.5,115.0,-122.0,fanatics,draftkings
2026-04-05,622491,strikeouts,6.5,115.0,-122.0,fanatics,draftkings
2026-04-13,701542,strikeouts,5.5,-129.0,120.0,betrivers,betmgm
2026-04-15,661563,strikeouts,4.5,-114.0,110.0,fanduel,betonlineag
2026-04-25,666142,strikeouts,6.5,-104.0,-115.0,draftkings,betrivers
2026-04-28,663436,strikeouts,4.5,-134.0,119.0,betrivers,draftkings
2026-05-08,656302,strikeouts,7.5,-135.0,113.0,bovada,draftkings
2026-05-08,656302,strikeouts,8.5,138.0,-175.0,betrivers,betmgm
2026-05-24,669022,strikeouts,5.5,-145.0,110.0,bovada,fanduel
2026-05-24,669022,strikeouts,6.5,132.0,-150.0,betrivers,betmgm
2026-05-24,669022,strikeouts,5.5,-145.0,110.0,bovada,fanduel
2026-05-24,669022,strikeouts,6.5,132.0,-150.0,betrivers,betmgm
2026-05-27,663554,strikeouts,5.5,100.0,-115.0,betrivers,fanduel
2026-05-28,656427,strikeouts,5.5,-180.0,133.0,betrivers,betrivers
2026-05-28,656427,strikeouts,6.5,120.0,-126.0,fanduel,draftkings
2026-05-31,663556,strikeouts,5.5,-167.0,125.0,betrivers,betrivers
2026-05-31,663556,strikeouts,6.5,120.0,-143.0,fanduel,draftkings
2026-06-17,593958,strikeouts,4.5,-144.0,118.0,fanduel,fanduel
2026-06-17,593958,strikeouts,5.5,120.0,-142.0,betmgm,draftkings
2026-06-17,593958,strikeouts,4.5,-144.0,118.0,fanduel,fanduel
2026-06-17,593958,strikeouts,5.5,120.0,-142.0,betmgm,draftkings
2026-04-01,669373,strikeouts,6.5,-140.0,110.0,fanatics,betmgm
2026-04-01,669373,strikeouts,7.5,140.0,-137.0,betrivers,draftkings
2026-04-01,669373,strikeouts,6.5,-140.0,110.0,fanatics,betmgm
2026-04-01,669373,strikeouts,7.5,140.0,-137.0,betrivers,draftkings
2026-04-04,693821,strikeouts,3.5,-125.0,105.0,fanatics,betmgm
2026-04-04,693821,strikeouts,3.5,-125.0,105.0,fanatics,betmgm
2026-04-05,527048,strikeouts,2.5,109.0,-120.0,draftkings,betmgm
2026-04-07,642547,strikeouts,5.5,-136.0,120.0,fanduel,betonlineag
2026-04-07,642547,strikeouts,6.5,150.0,-145.0,betrivers,betmgm
2026-04-08,656849,strikeouts,4.5,126.0,-159.0,fanduel,draftkings
2026-04-10,666200,strikeouts,5.5,-144.0,128.0,fanduel,betonlineag
2026-04-10,666200,strikeouts,6.5,140.0,-150.0,betrivers,fanatics
2026-04-11,592836,strikeouts,3.5,110.0,-125.0,betmgm,betrivers
2026-04-13,665152,strikeouts,4.5,132.0,-166.0,betonlineag,fanduel
2026-04-14,669432,strikeouts,4.5,-103.0,-113.0,betonlineag,draftkings
2026-04-15,680694,strikeouts,4.5,-165.0,133.0,betmgm,betrivers
2026-04-15,680694,strikeouts,5.5,116.0,-141.0,betrivers,draftkings
2026-04-19,592332,strikeouts,5.5,115.0,-135.0,betmgm,bovada
2026-04-19,592332,strikeouts,5.5,115.0,-135.0,betmgm,bovada
2026-04-23,663436,strikeouts,3.5,-113.0,-105.0,draftkings,fanatics
2026-04-23,663436,strikeouts,3.5,-113.0,-105.0,draftkings,fanatics
2026-04-25,608566,strikeouts,2.5,-120.0,100.0,betonlineag,fanduel
2026-04-26,650633,strikeouts,3.5,-103.0,-114.0,betonlineag,fanduel
2026-04-30,605540,strikeouts,4.5,-154.0,130.0,betonlineag,fanduel
2026-04-30,605540,strikeouts,5.5,128.0,-175.0,betrivers,betrivers
2026-05-01,607067,strikeouts,3.5,-156.0,125.0,betonlineag,betrivers
2026-05-01,607067,strikeouts,4.5,140.0,-157.0,betrivers,draftkings
2026-05-02,684007,strikeouts,4.5,-137.0,121.0,betrivers,draftkings
2026-05-03,571510,strikeouts,4.5,117.0,-134.0,betrivers,draftkings
2026-05-07,656605,strikeouts,3.5,-140.0,130.0,betmgm,betrivers
2026-05-07,656605,strikeouts,4.5,132.0,-160.0,draftkings,fanduel
2026-05-07,656605,strikeouts,3.5,-140.0,130.0,betmgm,betrivers
2026-05-07,656605,strikeouts,4.5,132.0,-160.0,draftkings,fanduel
2026-05-09,605280,strikeouts,3.5,-112.0,102.0,draftkings,betrivers
2026-05-16,608372,strikeouts,2.5,-127.0,111.0,betrivers,betonlineag
2026-05-16,608372,strikeouts,2.5,-127.0,111.0,betrivers,betonlineag
2026-05-17,547179,strikeouts,3.5,115.0,-134.0,fanatics,fanduel
2026-05-20,641816,strikeouts,3.5,-177.0,132.0,betrivers,betrivers
2026-05-20,641816,strikeouts,4.5,129.0,-164.0,draftkings,betonlineag
2026-05-20,641816,strikeouts,3.5,-177.0,132.0,betrivers,betrivers
2026-05-20,641816,strikeouts,4.5,129.0,-164.0,draftkings,betonlineag
2026-05-24,500779,strikeouts,2.5,-105.0,-109.0,bovada,draftkings
2026-05-24,500779,strikeouts,2.5,-105.0,-109.0,bovada,draftkings
2026-05-25,694738,strikeouts,4.5,-167.0,125.0,betrivers,betrivers
2026-05-25,694738,strikeouts,5.5,130.0,-160.0,fanduel,fanduel
2026-05-31,682243,strikeouts,4.5,120.0,-136.0,betrivers,draftkings
2026-05-31,682243,strikeouts,4.5,120.0,-136.0,betrivers,draftkings
2026-06-06,641793,strikeouts,3.5,134.0,-167.0,draftkings,betrivers
2026-06-12,666157,strikeouts,4.5,-115.0,-105.0,fanduel,fanduel
2026-06-14,671096,strikeouts,3.5,-177.0,130.0,betrivers,betrivers
2026-06-14,671096,strikeouts,4.5,136.0,-150.0,fanduel,betmgm
2026-03-26,657746,strikeouts,5.5,-167.0,125.0,betrivers,betrivers
2026-03-26,657746,strikeouts,6.5,132.0,-135.0,betonlineag,bovada
2026-03-28,671737,strikeouts,4.5,-140.0,123.0,fanatics,betrivers
2026-03-28,671737,strikeouts,5.5,128.0,-175.0,betrivers,betrivers
2026-03-29,641927,strikeouts,4.5,-120.0,110.0,betrivers,fanduel
2026-03-30,683004,strikeouts,4.5,-140.0,125.0,fanduel,bovada
2026-03-31,594798,strikeouts,5.5,-130.0,110.0,betonlineag,fanduel
2026-04-01,543135,strikeouts,5.5,-145.0,126.0,betmgm,fanduel
2026-04-01,543135,strikeouts,6.5,140.0,-190.0,betrivers,betrivers
2026-04-03,656605,strikeouts,4.5,-156.0,132.0,betonlineag,betrivers
2026-04-03,656605,strikeouts,5.5,120.0,-159.0,betrivers,betrivers
2026-04-07,681343,strikeouts,4.5,-153.0,120.0,draftkings,fanatics
2026-04-07,681343,strikeouts,5.5,130.0,-165.0,betrivers,betmgm
2026-04-08,680732,strikeouts,5.5,-135.0,110.0,betmgm,fanduel
2026-04-08,680732,strikeouts,6.5,140.0,-190.0,betrivers,betrivers
2026-04-10,694738,strikeouts,5.5,-125.0,110.0,betmgm,betonlineag
2026-04-11,657277,strikeouts,5.5,-134.0,120.0,betrivers,bovada
2026-04-12,605288,strikeouts,4.5,121.0,-135.0,draftkings,betmgm
2026-04-13,669194,strikeouts,4.5,-155.0,125.0,draftkings,betmgm
2026-04-13,669194,strikeouts,5.5,135.0,-182.0,betrivers,betrivers
2026-04-15,593958,strikeouts,4.5,-143.0,115.0,draftkings,fanatics
2026-04-16,800048,strikeouts,5.5,-118.0,106.0,betmgm,betonlineag
2026-04-17,676440,strikeouts,5.5,-125.0,108.0,betmgm,draftkings
2026-04-18,668909,strikeouts,6.5,-139.0,120.0,betonlineag,betrivers
2026-04-18,668909,strikeouts,7.5,123.0,-165.0,betrivers,betrivers
2026-04-19,676282,strikeouts,5.5,-177.0,130.0,betrivers,betrivers
2026-04-19,676282,strikeouts,6.5,120.0,-150.0,fanduel,fanatics
2026-04-20,607625,strikeouts,5.5,100.0,-116.0,fanduel,draftkings
2026-04-21,663460,strikeouts,6.5,105.0,-120.0,betmgm,betonlineag
2026-04-22,608379,strikeouts,4.5,-140.0,135.0,betmgm,betrivers
2026-04-22,608379,strikeouts,5.5,132.0,-162.0,betonlineag,betrivers
2026-04-24,678394,strikeouts,4.5,118.0,-124.0,draftkings,betrivers
2026-04-25,676979,strikeouts,7.5,-115.0,-107.0,betmgm,draftkings
2026-04-30,621121,strikeouts,4.5,-125.0,-105.0,fanduel,bovada
2026-04-30,621121,strikeouts,4.5,-125.0,-105.0,fanduel,bovada
2026-04-30,663567,strikeouts,4.5,-110.0,-101.0,fanduel,draftkings
2026-05-01,701542,strikeouts,5.5,-143.0,115.0,betrivers,draftkings
2026-05-01,701542,strikeouts,6.5,140.0,-190.0,betrivers,betrivers
2026-05-02,677960,strikeouts,5.5,-190.0,140.0,betrivers,betrivers
2026-05-02,677960,strikeouts,6.5,120.0,-143.0,bovada,betrivers
2026-05-03,608331,strikeouts,5.5,-140.0,115.0,fanatics,betmgm
2026-05-05,645261,strikeouts,5.5,120.0,-142.0,fanatics,draftkings
2026-05-06,691587,strikeouts,5.5,-160.0,132.0,betmgm,betrivers
2026-05-06,691587,strikeouts,6.5,120.0,-148.0,betonlineag,draftkings
2026-05-07,676974,strikeouts,5.5,-118.0,110.0,betrivers,betonlineag
2026-05-08,682052,strikeouts,4.5,-103.0,100.0,betonlineag,betmgm
2026-05-09,650644,strikeouts,3.5,-165.0,138.0,betmgm,betrivers
2026-05-09,650644,strikeouts,4.5,127.0,-159.0,draftkings,betrivers
2026-05-10,622663,strikeouts,4.5,-148.0,125.0,draftkings,betrivers
2026-05-10,622663,strikeouts,5.5,128.0,-165.0,betrivers,betmgm
2026-05-11,677960,strikeouts,5.5,-125.0,107.0,fanatics,draftkings
2026-05-12,701542,strikeouts,5.5,-150.0,122.0,fanatics,draftkings
2026-05-12,701542,strikeouts,6.5,125.0,-167.0,betrivers,betrivers
2026-05-13,608331,strikeouts,5.5,-145.0,123.0,bovada,draftkings
2026-05-13,608331,strikeouts,6.5,140.0,-150.0,betrivers,betmgm
2026-05-15,641793,strikeouts,3.5,121.0,-144.0,draftkings,fanduel
2026-05-18,663556,strikeouts,5.5,-134.0,120.0,fanduel,draftkings
2026-05-18,663556,strikeouts,6.5,135.0,-182.0,betrivers,betrivers
2026-05-22,656427,strikeouts,5.5,-105.0,-115.0,fanatics,draftkings
2026-05-24,664285,strikeouts,4.5,-155.0,148.0,betmgm,betrivers
2026-05-24,664285,strikeouts,5.5,112.0,-135.0,fanduel,draftkings
2026-05-24,664285,strikeouts,4.5,-155.0,148.0,betmgm,betrivers
2026-05-24,664285,strikeouts,5.5,112.0,-135.0,fanduel,draftkings
2026-05-25,663556,strikeouts,5.5,-127.0,105.0,draftkings,betrivers
2026-05-26,643377,strikeouts,4.5,-140.0,132.0,draftkings,betrivers
2026-05-26,643377,strikeouts,5.5,125.0,-155.0,bovada,betrivers
2026-05-27,571927,strikeouts,4.5,115.0,-135.0,betmgm,bovada
2026-05-28,571578,strikeouts,3.5,-155.0,132.0,betmgm,betrivers
2026-05-28,571578,strikeouts,4.5,128.0,-161.0,betrivers,draftkings
2026-06-04,678394,strikeouts,3.5,-148.0,127.0,fanduel,draftkings
2026-06-04,678394,strikeouts,4.5,115.0,-155.0,betmgm,betmgm
2026-06-07,592332,strikeouts,6.5,120.0,-136.0,fanduel,draftkings
2026-06-08,676106,strikeouts,4.5,-133.0,110.0,draftkings,fanatics
2026-06-09,669302,strikeouts,6.5,110.0,-129.0,betmgm,draftkings
2026-06-10,669923,strikeouts,5.5,125.0,-147.0,bovada,draftkings
2026-06-11,693433,strikeouts,6.5,125.0,-140.0,betmgm,draftkings
2026-06-12,656288,strikeouts,4.5,117.0,-122.0,draftkings,fanduel
2026-06-13,681190,strikeouts,3.5,-105.0,-110.0,betrivers,bovada
2026-06-14,621111,strikeouts,3.5,-150.0,120.0,fanatics,betmgm
2026-06-18,693433,strikeouts,6.5,104.0,-120.0,fanduel,betmgm
2026-06-18,693433,strikeouts,6.5,104.0,-120.0,fanduel,betmgm
2026-03-26,671096,strikeouts,4.5,-140.0,130.0,draftkings,bovada
2026-03-26,671096,strikeouts,5.5,123.0,-165.0,betrivers,betrivers
2026-03-28,663903,strikeouts,4.5,-155.0,125.0,draftkings,betmgm
2026-03-28,663903,strikeouts,5.5,133.0,-180.0,betrivers,betrivers
2026-04-01,681347,strikeouts,5.5,-106.0,102.0,betrivers,draftkings
2026-04-01,681347,strikeouts,5.5,-106.0,102.0,betrivers,draftkings
2026-04-03,650633,strikeouts,5.5,-130.0,118.0,betrivers,draftkings
2026-04-04,681190,strikeouts,3.5,-135.0,118.0,betonlineag,draftkings
2026-04-05,621111,strikeouts,3.5,-123.0,105.0,draftkings,betmgm
2026-04-06,605540,strikeouts,5.5,-130.0,114.0,betmgm,betrivers
2026-04-06,605540,strikeouts,6.5,133.0,-150.0,betrivers,bovada
2026-04-12,669467,strikeouts,3.5,-132.0,107.0,draftkings,betonlineag
2026-04-13,641927,strikeouts,4.5,116.0,-140.0,draftkings,betmgm
2026-04-15,680573,strikeouts,3.5,-182.0,135.0,betrivers,betrivers
2026-04-15,680573,strikeouts,4.5,128.0,-152.0,betonlineag,fanduel
2026-04-17,663554,strikeouts,4.5,-134.0,119.0,betrivers,draftkings
2026-04-17,663554,strikeouts,5.5,160.0,-160.0,betrivers,betmgm
2026-04-18,669373,strikeouts,7.5,-105.0,-103.0,betmgm,betrivers
2026-04-19,664285,strikeouts,4.5,-190.0,140.0,betrivers,betrivers
2026-04-19,664285,strikeouts,5.5,115.0,-141.0,fanatics,draftkings
2026-04-20,656427,strikeouts,5.5,-149.0,126.0,draftkings,fanduel
2026-04-20,656427,strikeouts,6.5,105.0,-140.0,betmgm,betmgm
2026-04-21,661563,strikeouts,4.5,110.0,-132.0,fanatics,draftkings
2026-04-22,608331,strikeouts,5.5,110.0,-110.0,bovada,betmgm
2026-04-23,693645,strikeouts,6.5,120.0,-144.0,betmgm,draftkings
2026-04-25,669432,strikeouts,5.5,110.0,-125.0,bovada,betmgm
2026-04-26,680694,strikeouts,5.5,-145.0,117.0,bovada,betrivers
2026-04-26,680694,strikeouts,6.5,130.0,-150.0,betrivers,betmgm
2026-04-27,656302,strikeouts,7.5,-106.0,100.0,fanduel,draftkings
2026-04-29,641778,strikeouts,4.5,-114.0,-105.0,fanduel,betonlineag
2026-05-01,681347,strikeouts,4.5,-145.0,118.0,fanatics,betonlineag
2026-05-01,681347,strikeouts,5.5,135.0,-160.0,betrivers,betmgm
2026-05-02,681293,strikeouts,5.5,114.0,-120.0,betrivers,betmgm
2026-05-05,664285,strikeouts,5.5,107.0,-132.0,draftkings,fanduel
2026-05-06,656427,strikeouts,5.5,109.0,-125.0,draftkings,betmgm
2026-05-07,643377,strikeouts,3.5,100.0,-115.0,betmgm,bovada
2026-05-10,607259,strikeouts,3.5,-131.0,120.0,draftkings,bovada
2026-05-12,554430,strikeouts,6.5,110.0,-115.0,betmgm,betonlineag
2026-05-14,666200,strikeouts,6.5,-135.0,115.0,betonlineag,bovada
2026-05-14,666200,strikeouts,7.5,128.0,-175.0,betrivers,betrivers
2026-05-15,675911,strikeouts,6.5,110.0,-125.0,fanduel,betmgm
2026-05-16,693821,strikeouts,4.5,-142.0,130.0,draftkings,betmgm
2026-05-16,693821,strikeouts,5.5,140.0,-150.0,betrivers,fanatics
2026-05-17,656550,strikeouts,4.5,-143.0,126.0,betrivers,draftkings
2026-05-18,607625,strikeouts,4.5,-109.0,-107.0,betrivers,draftkings
2026-05-19,663559,strikeouts,1.5,-114.0,-114.0,betonlineag,betonlineag
2026-05-20,608379,strikeouts,4.5,-105.0,-108.0,betmgm,draftkings
2026-05-23,671737,strikeouts,4.5,115.0,-135.0,betmgm,bovada
2026-05-24,641927,strikeouts,4.5,112.0,-125.0,fanduel,betmgm
2026-05-26,675911,strikeouts,5.5,-150.0,118.0,betmgm,draftkings
2026-05-26,675911,strikeouts,6.5,130.0,-158.0,betrivers,fanduel
2026-05-27,693821,strikeouts,3.5,-182.0,135.0,betrivers,betrivers
2026-05-27,693821,strikeouts,4.5,132.0,-125.0,betrivers,betmgm
2026-05-28,519242,strikeouts,7.5,100.0,-110.0,betmgm,draftkings
2026-05-29,677944,strikeouts,4.5,116.0,-140.0,betrivers,fanduel
2026-05-30,800048,strikeouts,5.5,-148.0,138.0,fanduel,betrivers
2026-05-30,800048,strikeouts,6.5,110.0,-148.0,betrivers,betrivers
2026-05-31,676440,strikeouts,4.5,-144.0,118.0,fanduel,fanduel
2026-05-31,676440,strikeouts,5.5,138.0,-164.0,betrivers,draftkings
2026-06-02,669358,strikeouts,4.5,-155.0,115.0,betmgm,betmgm
2026-06-02,669358,strikeouts,5.5,124.0,-158.0,draftkings,fanduel
2026-06-03,605135,strikeouts,3.5,-165.0,123.0,betrivers,betrivers
2026-06-03,605135,strikeouts,4.5,120.0,-150.0,fanatics,bovada
2026-06-04,669432,strikeouts,4.5,110.0,-133.0,betmgm,draftkings
2026-06-07,693645,strikeouts,5.5,-155.0,122.0,betmgm,draftkings
2026-06-07,693645,strikeouts,6.5,132.0,-157.0,fanduel,betrivers
2026-06-09,607259,strikeouts,3.5,100.0,-119.0,fanduel,draftkings
2026-06-10,656876,strikeouts,4.5,-155.0,115.0,betmgm,betmgm
2026-06-10,656876,strikeouts,5.5,128.0,-144.0,fanduel,draftkings
2026-06-12,683004,strikeouts,4.5,-145.0,125.0,fanatics,betmgm
2026-06-12,683004,strikeouts,5.5,130.0,-161.0,fanduel,draftkings
2026-06-13,594798,strikeouts,6.5,125.0,-139.0,draftkings,betrivers
2026-06-14,543135,strikeouts,4.5,-155.0,120.0,betrivers,betmgm
2026-06-14,543135,strikeouts,5.5,120.0,-153.0,draftkings,draftkings
2026-06-16,656302,strikeouts,6.5,-131.0,106.0,draftkings,fanduel
2026-06-18,702056,strikeouts,4.5,-155.0,130.0,betmgm,bovada
2026-03-29,663623,strikeouts,3.5,106.0,-124.0,fanduel,draftkings
2026-03-31,667755,strikeouts,4.5,-109.0,-101.0,betrivers,draftkings
2026-04-01,579328,strikeouts,4.5,-120.0,120.0,draftkings,betmgm
2026-04-03,676282,strikeouts,4.5,-139.0,120.0,betrivers,bovada
2026-04-03,676282,strikeouts,5.5,150.0,-145.0,betrivers,fanatics
2026-04-05,800048,strikeouts,4.5,-158.0,120.0,fanduel,fanatics
2026-04-05,800048,strikeouts,4.5,-158.0,120.0,fanduel,fanatics
2026-04-05,677944,strikeouts,4.5,109.0,-134.0,betonlineag,betrivers
2026-04-05,677944,strikeouts,4.5,109.0,-134.0,betonlineag,betrivers
2026-04-06,663556,strikeouts,4.5,-160.0,148.0,betmgm,betrivers
2026-04-06,663556,strikeouts,5.5,107.0,-130.0,betonlineag,bovada
2026-04-08,671212,strikeouts,5.5,104.0,-127.0,fanduel,draftkings
2026-04-10,669387,strikeouts,3.5,-175.0,130.0,betrivers,betrivers
2026-04-10,669387,strikeouts,4.5,128.0,-140.0,betrivers,betmgm
2026-04-11,677952,strikeouts,4.5,-134.0,120.0,betrivers,bovada
2026-04-13,650911,strikeouts,6.5,120.0,-132.0,betmgm,draftkings
2026-04-14,605400,strikeouts,5.5,124.0,-135.0,draftkings,betmgm
2026-04-15,666200,strikeouts,6.5,-106.0,-108.0,betonlineag,draftkings
2026-04-17,673540,strikeouts,4.5,-140.0,117.0,betmgm,betonlineag
2026-04-17,673540,strikeouts,5.5,126.0,-150.0,draftkings,bovada
2026-04-18,642547,strikeouts,5.5,-130.0,106.0,betrivers,betonlineag
2026-04-20,605400,strikeouts,5.5,116.0,-135.0,fanduel,betmgm
2026-04-21,666200,strikeouts,5.5,-149.0,130.0,draftkings,betrivers
2026-04-21,666200,strikeouts,6.5,120.0,-145.0,betrivers,betonlineag
2026-04-23,650911,strikeouts,5.5,-101.0,-110.0,betonlineag,betmgm
2026-04-25,808963,strikeouts,3.5,-190.0,140.0,betrivers,betrivers
2026-04-25,808963,strikeouts,4.5,120.0,-138.0,bovada,draftkings
2026-04-25,808963,strikeouts,3.5,-190.0,140.0,betrivers,betrivers
2026-04-25,808963,strikeouts,4.5,120.0,-138.0,bovada,draftkings
2026-04-26,680736,strikeouts,3.5,-136.0,115.0,betrivers,betmgm
2026-04-29,663362,strikeouts,3.5,-120.0,-105.0,betonlineag,fanatics
2026-04-29,663362,strikeouts,3.5,-120.0,-105.0,betonlineag,fanatics
2026-05-01,668678,strikeouts,4.5,116.0,-140.0,draftkings,betmgm
2026-05-02,669194,strikeouts,4.5,105.0,-123.0,bovada,draftkings
2026-05-03,518876,strikeouts,3.5,-150.0,125.0,fanatics,draftkings
2026-05-05,671096,strikeouts,3.5,-156.0,132.0,draftkings,betrivers
2026-05-05,671096,strikeouts,4.5,139.0,-175.0,betonlineag,betmgm
2026-05-06,663903,strikeouts,3.5,-130.0,110.0,fanatics,betmgm
2026-05-07,695076,strikeouts,3.5,-105.0,-106.0,betmgm,betrivers
2026-05-09,683004,strikeouts,4.5,-177.0,132.0,betrivers,betrivers
2026-05-09,683004,strikeouts,5.5,121.0,-150.0,draftkings,fanatics
2026-05-09,683004,strikeouts,4.5,-177.0,132.0,betrivers,betrivers
2026-05-09,683004,strikeouts,5.5,121.0,-150.0,draftkings,fanatics
2026-05-10,594798,strikeouts,5.5,-190.0,140.0,betrivers,betrivers
2026-05-10,594798,strikeouts,6.5,115.0,-123.0,betmgm,mybookieag
2026-05-12,656550,strikeouts,4.5,110.0,-135.0,fanduel,draftkings
2026-05-14,519242,strikeouts,6.5,-152.0,126.0,draftkings,fanduel
2026-05-14,519242,strikeouts,7.5,132.0,-155.0,betrivers,betmgm
2026-05-15,680732,strikeouts,4.5,108.0,-126.0,fanduel,draftkings
2026-05-16,663436,strikeouts,4.5,-154.0,120.0,betonlineag,draftkings
2026-05-16,663436,strikeouts,5.5,138.0,-162.0,betrivers,fanduel
2026-05-17,607200,strikeouts,3.5,130.0,-131.0,betmgm,draftkings
2026-05-19,694819,strikeouts,7.5,105.0,-120.0,betonlineag,draftkings
2026-05-20,690986,strikeouts,5.5,110.0,-127.0,fanduel,draftkings
2026-05-22,681293,strikeouts,4.5,-155.0,120.0,betmgm,betrivers
2026-05-22,681293,strikeouts,5.5,133.0,-152.0,betrivers,draftkings
2026-05-24,663567,strikeouts,4.5,-113.0,105.0,draftkings,bovada
2026-05-25,669387,strikeouts,3.5,-152.0,125.0,betrivers,fanatics
2026-05-26,677952,strikeouts,5.5,-120.0,110.0,betmgm,draftkings
2026-05-28,694973,strikeouts,6.5,104.0,-114.0,betrivers,draftkings
2026-05-29,669467,strikeouts,3.5,-130.0,111.0,betmgm,draftkings
2026-05-30,681517,strikeouts,3.5,-135.0,124.0,betmgm,fanduel
2026-06-06,694738,strikeouts,4.5,-143.0,120.0,betrivers,bovada
2026-06-06,694738,strikeouts,5.5,135.0,-157.0,betmgm,draftkings
2026-06-11,663372,strikeouts,3.5,100.0,-110.0,betrivers,fanduel
2026-06-11,663372,strikeouts,3.5,100.0,-110.0,betrivers,fanduel
2026-06-14,657277,strikeouts,5.5,120.0,-135.0,fanduel,betmgm
2026-06-14,657277,strikeouts,5.5,120.0,-135.0,fanduel,betmgm
2026-03-26,676979,strikeouts,7.5,100.0,-110.0,betonlineag,betmgm
2026-03-30,677952,strikeouts,4.5,-155.0,128.0,betrivers,draftkings
2026-03-30,677952,strikeouts,5.5,140.0,-149.0,betrivers,betonlineag
2026-03-31,696149,strikeouts,4.5,-182.0,135.0,betrivers,betrivers
2026-03-31,696149,strikeouts,5.5,120.0,-131.0,betmgm,draftkings
2026-04-01,694973,strikeouts,6.5,-190.0,140.0,betrivers,betrivers
2026-04-01,694973,strikeouts,7.5,102.0,-120.0,draftkings,betmgm
2026-04-03,669022,strikeouts,6.5,-136.0,120.0,fanduel,betonlineag
2026-04-04,677958,strikeouts,4.5,-106.0,-105.0,draftkings,bovada
2026-04-05,683004,strikeouts,5.5,-190.0,140.0,betrivers,betrivers
2026-04-05,683004,strikeouts,6.5,119.0,-135.0,draftkings,betmgm
2026-04-06,676083,strikeouts,4.5,102.0,-105.0,betrivers,fanatics
2026-04-07,645261,strikeouts,5.5,-112.0,-105.0,betonlineag,fanatics
2026-04-08,691587,strikeouts,6.5,100.0,-121.0,fanduel,draftkings
2026-04-09,676974,strikeouts,5.5,-130.0,115.0,bovada,betonlineag
2026-04-09,676974,strikeouts,6.5,135.0,-182.0,betrivers,betrivers
2026-04-10,686799,strikeouts,3.5,-121.0,104.0,draftkings,betrivers
2026-04-12,667755,strikeouts,5.5,105.0,-105.0,bovada,betmgm
2026-04-14,592662,strikeouts,6.5,102.0,-122.0,betonlineag,betrivers
2026-04-15,641816,strikeouts,4.5,100.0,105.0,betrivers,bovada
2026-04-16,694738,strikeouts,5.5,-110.0,110.0,bovada,betmgm
2026-04-18,671737,strikeouts,5.5,-190.0,140.0,betrivers,betrivers
2026-04-18,671737,strikeouts,6.5,120.0,-143.0,bovada,betrivers
2026-04-18,671737,strikeouts,5.5,-190.0,140.0,betrivers,betrivers
2026-04-18,671737,strikeouts,6.5,120.0,-143.0,bovada,betrivers
2026-04-19,641927,strikeouts,4.5,-158.0,120.0,fanduel,betrivers
2026-04-19,641927,strikeouts,5.5,133.0,-159.0,betrivers,betonlineag
2026-04-21,571927,strikeouts,4.5,-165.0,140.0,draftkings,betrivers
2026-04-21,571927,strikeouts,5.5,122.0,-130.0,fanduel,fanatics
2026-04-22,607259,strikeouts,4.5,128.0,-150.0,draftkings,betmgm
2026-04-24,664285,strikeouts,5.5,-120.0,-102.0,bovada,draftkings
2026-04-25,656427,strikeouts,5.5,-115.0,107.0,betmgm,draftkings
2026-04-25,656427,strikeouts,6.5,140.0,-190.0,betrivers,betrivers
2026-04-26,672456,strikeouts,4.5,105.0,-115.0,bovada,betmgm
2026-04-28,607536,strikeouts,3.5,-148.0,116.0,draftkings,draftkings
2026-04-29,608372,strikeouts,3.5,-120.0,110.0,betmgm,fanduel
2026-04-30,547179,strikeouts,4.5,115.0,-143.0,betonlineag,betrivers
2026-05-01,656605,strikeouts,4.5,-135.0,109.0,bovada,draftkings
2026-05-02,669387,strikeouts,4.5,-103.0,-108.0,draftkings,fanduel
2026-05-03,677952,strikeouts,5.5,-127.0,105.0,betrivers,draftkings
2026-05-04,665795,strikeouts,5.5,-110.0,-104.0,bovada,draftkings
2026-05-05,592791,strikeouts,4.5,-166.0,130.0,fanduel,bovada
2026-05-05,592791,strikeouts,5.5,130.0,-146.0,betrivers,draftkings
2026-05-06,607067,strikeouts,4.5,-130.0,112.0,betrivers,draftkings
2026-05-07,684007,strikeouts,5.5,-157.0,117.0,betrivers,betrivers
2026-05-07,684007,strikeouts,6.5,118.0,-140.0,draftkings,betmgm
2026-05-08,681347,strikeouts,4.5,-150.0,120.0,fanatics,betrivers
2026-05-08,681347,strikeouts,5.5,133.0,-155.0,betrivers,betmgm
2026-05-09,681293,strikeouts,5.5,110.0,-125.0,fanduel,betmgm
2026-05-12,571945,strikeouts,3.5,112.0,-115.0,draftkings,betmgm
2026-05-13,663623,strikeouts,4.5,-105.0,-105.0,betonlineag,betmgm
2026-05-15,676440,strikeouts,5.5,-154.0,132.0,betonlineag,betrivers
2026-05-15,676440,strikeouts,6.5,126.0,-150.0,fanduel,fanatics
2026-05-16,676282,strikeouts,4.5,-150.0,136.0,betrivers,fanduel
2026-05-16,676282,strikeouts,5.5,143.0,-155.0,betrivers,betmgm
2026-05-17,668909,strikeouts,6.5,-155.0,138.0,betmgm,betrivers
2026-05-17,668909,strikeouts,7.5,116.0,-136.0,fanduel,draftkings
2026-05-19,666200,strikeouts,6.5,-143.0,118.0,betrivers,fanduel
2026-05-19,666200,strikeouts,7.5,138.0,-160.0,betrivers,betmgm
2026-05-20,605400,strikeouts,5.5,-109.0,-110.0,betrivers,fanduel
2026-05-23,669467,strikeouts,4.5,112.0,-120.0,fanduel,betmgm
2026-05-23,669467,strikeouts,4.5,112.0,-120.0,fanduel,betmgm
2026-05-23,681517,strikeouts,4.5,110.0,-134.0,fanatics,draftkings
2026-05-23,681517,strikeouts,4.5,110.0,-134.0,fanatics,draftkings
2026-05-25,690997,strikeouts,6.5,-160.0,135.0,betmgm,betrivers
2026-05-25,690997,strikeouts,7.5,118.0,-140.0,fanduel,fanatics
2026-05-26,656849,strikeouts,4.5,-129.0,118.0,draftkings,fanduel
2026-05-26,656849,strikeouts,5.5,145.0,-160.0,betrivers,betmgm
2026-05-29,656550,strikeouts,5.5,-105.0,-105.0,draftkings,betmgm
2026-05-30,527048,strikeouts,4.5,-105.0,-110.0,betmgm,fanatics
2026-05-31,675911,strikeouts,6.5,-120.0,115.0,bovada,betmgm
2026-06-02,702070,strikeouts,5.5,120.0,-157.0,fanduel,betrivers
2026-06-03,663568,strikeouts,4.5,110.0,-129.0,bovada,betrivers
2026-06-06,669461,strikeouts,4.5,-129.0,110.0,betrivers,fanduel
2026-06-06,669461,strikeouts,5.5,128.0,-163.0,draftkings,draftkings
2026-06-07,700241,strikeouts,3.5,-158.0,128.0,fanduel,fanduel
2026-06-07,700241,strikeouts,4.5,134.0,-172.0,draftkings,draftkings
2026-06-10,650633,strikeouts,5.5,-160.0,130.0,fanduel,fanduel
2026-06-10,650633,strikeouts,6.5,120.0,-147.0,betrivers,draftkings
2026-06-10,650633,strikeouts,5.5,-160.0,130.0,fanduel,fanduel
2026-06-10,650633,strikeouts,6.5,120.0,-147.0,betrivers,draftkings
2026-06-12,593958,strikeouts,4.5,-160.0,120.0,betmgm,betmgm
2026-06-12,593958,strikeouts,5.5,121.0,-155.0,draftkings,draftkings
2026-06-13,647336,strikeouts,5.5,-148.0,123.0,betrivers,draftkings
2026-06-14,668678,strikeouts,4.5,-154.0,121.0,draftkings,draftkings
2026-06-16,673540,strikeouts,4.5,-152.0,119.0,draftkings,draftkings
2026-06-16,673540,strikeouts,5.5,122.0,-159.0,fanduel,betrivers
2026-06-17,690997,strikeouts,6.5,120.0,-140.0,fanatics,betmgm
2026-03-29,676106,strikeouts,3.5,-140.0,128.0,betmgm,betonlineag
2026-03-29,676106,strikeouts,3.5,-140.0,128.0,betmgm,betonlineag
2026-04-03,690990,strikeouts,3.5,-132.0,127.0,betrivers,draftkings
2026-04-05,684007,strikeouts,5.5,120.0,-160.0,fanduel,fanduel
2026-04-05,684007,strikeouts,5.5,120.0,-160.0,fanduel,fanduel
2026-04-05,665795,strikeouts,5.5,101.0,-125.0,draftkings,betrivers
2026-04-05,665795,strikeouts,5.5,101.0,-125.0,draftkings,betrivers
2026-04-06,608379,strikeouts,4.5,105.0,-120.0,betrivers,fanduel
2026-04-07,702070,strikeouts,4.5,-108.0,-102.0,betrivers,betmgm
2026-04-08,666142,strikeouts,6.5,-122.0,110.0,draftkings,bovada
2026-04-10,693821,strikeouts,4.5,110.0,-125.0,fanduel,betmgm
2026-04-11,527048,strikeouts,3.5,116.0,-147.0,fanduel,betonlineag
2026-04-12,519242,strikeouts,6.5,-144.0,132.0,fanduel,betonlineag
2026-04-12,519242,strikeouts,7.5,120.0,-159.0,betrivers,betrivers
2026-04-13,669461,strikeouts,3.5,-130.0,110.0,fanduel,betmgm
2026-04-14,700241,strikeouts,2.5,-152.0,148.0,draftkings,betrivers
2026-04-14,700241,strikeouts,3.5,136.0,-175.0,fanduel,betrivers
2026-04-15,669160,strikeouts,3.5,-155.0,124.0,betmgm,draftkings
2026-04-16,669358,strikeouts,4.5,-125.0,105.0,betmgm,draftkings
2026-04-16,669358,strikeouts,5.5,135.0,-172.0,bovada,fanduel
2026-04-17,605135,strikeouts,3.5,-145.0,121.0,bovada,draftkings
2026-04-18,665152,strikeouts,4.5,114.0,-135.0,draftkings,bovada
2026-04-19,669432,strikeouts,4.5,-130.0,116.0,betonlineag,fanduel
2026-04-20,681293,strikeouts,4.5,-116.0,114.0,betonlineag,draftkings
2026-04-20,681293,strikeouts,5.5,150.0,-160.0,betrivers,betmgm
2026-04-22,663567,strikeouts,3.5,-160.0,128.0,fanatics,draftkings
2026-04-22,663567,strikeouts,4.5,135.0,-158.0,betrivers,fanduel
2026-04-24,453286,strikeouts,3.5,-125.0,105.0,draftkings,betmgm
2026-04-25,592332,strikeouts,5.5,119.0,100.0,draftkings,betmgm
2026-04-26,571578,strikeouts,4.5,130.0,-160.0,fanduel,draftkings
2026-04-27,571927,strikeouts,3.5,-144.0,145.0,draftkings,betrivers
2026-04-27,571927,strikeouts,4.5,135.0,-150.0,bovada,betrivers
2026-04-28,607259,strikeouts,3.5,-117.0,104.0,betrivers,fanduel
2026-04-29,656876,strikeouts,4.5,100.0,-119.0,betrivers,draftkings
2026-05-02,682052,strikeouts,4.5,110.0,-125.0,draftkings,betmgm
2026-05-02,682052,strikeouts,4.5,110.0,-125.0,draftkings,betmgm
2026-05-03,650644,strikeouts,3.5,-156.0,125.0,betonlineag,betmgm
2026-05-03,650644,strikeouts,4.5,125.0,-165.0,bovada,bovada
2026-05-04,608379,strikeouts,4.5,120.0,-140.0,fanduel,betmgm
2026-05-05,663568,strikeouts,2.5,-143.0,115.0,betonlineag,draftkings
2026-05-05,663568,strikeouts,3.5,135.0,-185.0,betmgm,betmgm
2026-05-06,666142,strikeouts,5.5,-175.0,128.0,betrivers,betrivers
2026-05-06,666142,strikeouts,6.5,135.0,-154.0,bovada,draftkings
2026-05-07,607625,strikeouts,4.5,-105.0,-113.0,betmgm,betrivers
2026-05-09,657746,strikeouts,4.5,-123.0,112.0,draftkings,betrivers
2026-05-13,672282,strikeouts,5.5,104.0,-124.0,draftkings,betrivers
2026-05-15,671096,strikeouts,3.5,-156.0,155.0,betonlineag,betrivers
2026-05-15,671096,strikeouts,4.5,135.0,-143.0,bovada,betrivers
2026-05-17,663903,strikeouts,3.5,-125.0,115.0,fanatics,betmgm
2026-05-18,664285,strikeouts,4.5,-114.0,100.0,fanduel,betmgm
2026-05-19,672456,strikeouts,3.5,110.0,-124.0,betonlineag,fanduel
2026-05-21,663554,strikeouts,4.5,-105.0,-115.0,fanduel,fanduel
2026-05-22,650911,strikeouts,6.5,-119.0,114.0,betonlineag,betrivers
2026-05-22,650911,strikeouts,7.5,135.0,-180.0,betrivers,betrivers
2026-05-23,554430,strikeouts,5.5,-128.0,105.0,fanduel,betonlineag
2026-05-26,676917,strikeouts,4.5,-134.0,110.0,betrivers,fanduel
2026-05-30,543243,strikeouts,4.5,-150.0,120.0,fanatics,draftkings
2026-05-30,543243,strikeouts,5.5,140.0,-175.0,betrivers,betmgm
2026-05-31,624133,strikeouts,4.5,-140.0,123.0,betmgm,draftkings
2026-05-31,624133,strikeouts,5.5,135.0,-182.0,betrivers,betrivers
2026-06-02,693645,strikeouts,6.5,100.0,-114.0,fanduel,draftkings
2026-06-03,543037,strikeouts,5.5,-105.0,-115.0,fanduel,fanduel
2026-06-04,607074,strikeouts,5.5,121.0,-135.0,draftkings,betmgm
2026-06-06,683004,strikeouts,5.5,125.0,-125.0,betrivers,betmgm
2026-06-07,594798,strikeouts,5.5,-162.0,120.0,betrivers,betrivers
2026-06-07,594798,strikeouts,6.5,130.0,-140.0,fanduel,betmgm
2026-06-08,701542,strikeouts,4.5,112.0,-125.0,draftkings,bovada
2026-06-09,543037,strikeouts,4.5,-140.0,123.0,betmgm,betrivers
2026-06-10,607074,strikeouts,5.5,100.0,-118.0,bovada,draftkings
2026-06-12,656427,strikeouts,4.5,-156.0,122.0,draftkings,draftkings
2026-06-12,656427,strikeouts,5.5,135.0,-178.0,bovada,fanduel
2026-06-13,669373,strikeouts,5.5,102.0,-115.0,betrivers,draftkings
2026-06-16,688107,strikeouts,4.5,-150.0,125.0,betmgm,draftkings
2026-06-16,688107,strikeouts,5.5,132.0,-162.0,fanduel,fanduel
2026-06-17,687075,strikeouts,4.5,-114.0,-101.0,betrivers,draftkings
2026-03-27,645261,strikeouts,5.5,100.0,-118.0,bovada,betmgm
2026-03-28,691587,strikeouts,5.5,-186.0,138.0,betrivers,betrivers
2026-03-28,691587,strikeouts,6.5,116.0,-141.0,fanduel,betrivers
2026-03-29,676974,strikeouts,5.5,-110.0,-112.0,betrivers,draftkings
2026-03-31,453286,strikeouts,5.5,102.0,100.0,betrivers,betmgm
2026-04-01,592332,strikeouts,6.5,-150.0,115.0,betrivers,betmgm
2026-04-01,592332,strikeouts,7.5,135.0,-148.0,betrivers,draftkings
2026-04-03,605400,strikeouts,5.5,-145.0,123.0,bovada,draftkings
2026-04-03,605400,strikeouts,6.5,128.0,-140.0,betrivers,betmgm
2026-04-05,592836,strikeouts,3.5,100.0,-105.0,betrivers,betmgm
2026-04-05,592836,strikeouts,3.5,100.0,-105.0,betrivers,betmgm
2026-04-08,664299,strikeouts,3.5,-186.0,138.0,betrivers,betrivers
2026-04-08,664299,strikeouts,4.5,130.0,-145.0,betonlineag,betmgm
2026-04-08,664299,strikeouts,3.5,-186.0,138.0,betrivers,betrivers
2026-04-08,664299,strikeouts,4.5,130.0,-145.0,betonlineag,betmgm
2026-04-12,601713,strikeouts,7.5,108.0,-125.0,fanduel,bovada
2026-04-12,601713,strikeouts,7.5,108.0,-125.0,fanduel,bovada
2026-04-19,808963,strikeouts,4.5,-120.0,110.0,betmgm,fanduel
2026-04-19,808963,strikeouts,4.5,-120.0,110.0,betmgm,fanduel
2026-04-23,663362,strikeouts,3.5,-150.0,143.0,draftkings,betrivers
2026-04-23,663362,strikeouts,4.5,125.0,-152.0,betmgm,betrivers
2026-04-23,663362,strikeouts,3.5,-150.0,143.0,draftkings,betrivers
2026-04-23,663362,strikeouts,4.5,125.0,-152.0,betmgm,betrivers
2026-04-24,642547,strikeouts,6.5,-140.0,114.0,fanduel,betonlineag
2026-04-24,642547,strikeouts,7.5,135.0,-153.0,betrivers,draftkings
2026-04-26,673540,strikeouts,5.5,-144.0,110.0,fanduel,bovada
2026-04-26,673540,strikeouts,5.5,-144.0,110.0,fanduel,bovada
2026-04-26,690997,strikeouts,7.5,-112.0,-110.0,betonlineag,fanduel
2026-04-26,690997,strikeouts,7.5,-112.0,-110.0,betonlineag,fanduel
2026-04-28,695505,strikeouts,6.5,-138.0,120.0,fanduel,betrivers
2026-04-28,695505,strikeouts,7.5,125.0,-140.0,betrivers,betmgm
2026-04-29,682227,strikeouts,4.5,125.0,-133.0,bovada,betonlineag
2026-04-30,671096,strikeouts,4.5,-150.0,125.0,betrivers,draftkings
2026-05-03,675911,strikeouts,5.5,116.0,-125.0,fanduel,betrivers
2026-05-03,675911,strikeouts,5.5,116.0,-125.0,fanduel,betrivers
2026-05-04,623211,strikeouts,1.5,105.0,-135.0,betonlineag,betonlineag
2026-05-07,681035,strikeouts,3.5,-160.0,165.0,betmgm,betrivers
2026-05-07,681035,strikeouts,4.5,115.0,-132.0,betonlineag,betrivers
2026-05-07,681035,strikeouts,3.5,-160.0,165.0,betmgm,betrivers
2026-05-07,681035,strikeouts,4.5,115.0,-132.0,betonlineag,betrivers
2026-05-08,666200,strikeouts,7.5,-134.0,115.0,betrivers,fanatics
2026-05-09,605400,strikeouts,5.5,-170.0,140.0,bovada,betrivers
2026-05-09,605400,strikeouts,6.5,130.0,-147.0,betmgm,draftkings
2026-05-10,650911,strikeouts,7.5,105.0,-127.0,bovada,betrivers
2026-05-12,694973,strikeouts,7.5,-109.0,-107.0,betrivers,draftkings
2026-05-13,656605,strikeouts,4.5,-120.0,118.0,draftkings,betrivers
2026-05-13,656605,strikeouts,5.5,138.0,-186.0,betrivers,betrivers
2026-05-16,593958,strikeouts,4.5,-156.0,138.0,betonlineag,betrivers
2026-05-16,593958,strikeouts,5.5,130.0,-157.0,bovada,draftkings
2026-05-16,593958,strikeouts,4.5,-156.0,138.0,betonlineag,betrivers
2026-05-16,593958,strikeouts,5.5,130.0,-157.0,bovada,draftkings
2026-05-17,647336,strikeouts,5.5,107.0,-130.0,betonlineag,fanduel
2026-05-20,683004,strikeouts,5.5,-108.0,100.0,betonlineag,betmgm
2026-05-20,683004,strikeouts,5.5,-108.0,100.0,betonlineag,betmgm
2026-05-24,669194,strikeouts,4.5,-160.0,135.0,draftkings,bovada
2026-05-24,669194,strikeouts,5.5,135.0,-182.0,betrivers,betrivers
2026-05-24,669194,strikeouts,4.5,-160.0,135.0,draftkings,bovada
2026-05-24,669194,strikeouts,5.5,135.0,-182.0,betrivers,betrivers
2026-05-31,592662,strikeouts,4.5,-180.0,132.0,betrivers,betrivers
2026-05-31,592662,strikeouts,5.5,125.0,-140.0,draftkings,betmgm
2026-05-31,592662,strikeouts,4.5,-180.0,132.0,betrivers,betrivers
2026-05-31,592662,strikeouts,5.5,125.0,-140.0,draftkings,betmgm
2026-06-07,675660,strikeouts,3.5,-150.0,127.0,bovada,draftkings
2026-06-11,665795,strikeouts,4.5,-112.0,-105.0,draftkings,betmgm
2026-06-11,665795,strikeouts,4.5,-112.0,-105.0,draftkings,betmgm
2026-06-14,605488,strikeouts,4.5,-127.0,123.0,draftkings,betrivers
2026-06-14,605488,strikeouts,4.5,-127.0,123.0,draftkings,betrivers
2026-03-26,601713,strikeouts,5.5,-141.0,114.0,draftkings,betrivers
2026-03-26,601713,strikeouts,6.5,130.0,-175.0,betrivers,betrivers
2026-04-01,668678,strikeouts,5.5,-134.0,112.0,draftkings,fanduel
2026-04-01,668678,strikeouts,5.5,-134.0,112.0,draftkings,fanduel
2026-04-03,700241,strikeouts,3.5,-120.0,124.0,betmgm,draftkings
2026-04-04,669160,strikeouts,4.5,-118.0,105.0,betmgm,betrivers
2026-04-05,681517,strikeouts,3.5,-135.0,120.0,bovada,betmgm
2026-04-06,657746,strikeouts,6.5,100.0,-124.0,fanduel,draftkings
2026-04-07,671737,strikeouts,5.5,-140.0,124.0,betmgm,draftkings
2026-04-07,671737,strikeouts,6.5,128.0,-175.0,betrivers,betrivers
2026-04-08,641927,strikeouts,4.5,110.0,-111.0,betmgm,draftkings
2026-04-10,663978,strikeouts,3.5,-158.0,128.0,fanduel,betonlineag
2026-04-10,663978,strikeouts,4.5,138.0,-186.0,betrivers,betrivers
2026-04-11,676083,strikeouts,3.5,-145.0,140.0,betmgm,betrivers
2026-04-11,676083,strikeouts,4.5,130.0,-165.0,fanduel,betrivers
2026-04-12,645261,strikeouts,5.5,119.0,-140.0,draftkings,betmgm
2026-04-14,666142,strikeouts,6.5,-135.0,113.0,betmgm,draftkings
2026-04-14,666142,strikeouts,7.5,128.0,-175.0,betrivers,betrivers
2026-04-15,607625,strikeouts,4.5,110.0,-125.0,betonlineag,betmgm
2026-04-16,663460,strikeouts,5.5,-120.0,102.0,betmgm,betrivers
2026-04-17,624133,strikeouts,4.5,-114.0,105.0,betonlineag,betmgm
2026-04-18,678394,strikeouts,4.5,113.0,-115.0,draftkings,betmgm
2026-04-19,676979,strikeouts,6.5,-167.0,125.0,betrivers,betrivers
2026-04-19,676979,strikeouts,7.5,120.0,-133.0,bovada,draftkings
2026-04-20,543243,strikeouts,5.5,110.0,-135.0,fanatics,bovada
2026-04-21,690986,strikeouts,4.5,-106.0,-115.0,draftkings,betonlineag
2026-04-23,687075,strikeouts,3.5,-160.0,143.0,betmgm,betrivers
2026-04-23,687075,strikeouts,4.5,125.0,-155.0,fanatics,betrivers
2026-04-24,671096,strikeouts,4.5,110.0,-120.0,betonlineag,betmgm
2026-04-25,663903,strikeouts,4.5,-141.0,115.0,betonlineag,draftkings
2026-04-26,695076,strikeouts,3.5,-158.0,125.0,draftkings,betrivers
2026-04-26,695076,strikeouts,4.5,140.0,-160.0,betrivers,betmgm
2026-04-28,527048,strikeouts,3.5,-118.0,105.0,betonlineag,draftkings
2026-04-30,693821,strikeouts,4.5,-126.0,110.0,draftkings,fanatics
2026-05-01,669022,strikeouts,5.5,-116.0,-105.0,draftkings,betrivers
2026-05-02,677958,strikeouts,3.5,-143.0,117.0,betonlineag,draftkings
2026-05-02,677958,strikeouts,4.5,143.0,-160.0,betrivers,betmgm
2026-05-03,683004,strikeouts,4.5,-170.0,130.0,bovada,betrivers
2026-05-03,683004,strikeouts,5.5,125.0,-140.0,betrivers,betmgm
2026-05-06,543243,strikeouts,3.5,-186.0,138.0,betrivers,betrivers
2026-05-06,543243,strikeouts,4.5,124.0,-150.0,betonlineag,betmgm
2026-05-08,663460,strikeouts,5.5,104.0,-105.0,betonlineag,betmgm
2026-05-09,608379,strikeouts,4.5,114.0,-118.0,betrivers,fanduel
2026-05-10,702070,strikeouts,4.5,-130.0,110.0,betmgm,draftkings
2026-05-12,642547,strikeouts,5.5,-162.0,120.0,betrivers,betrivers
2026-05-12,642547,strikeouts,6.5,130.0,-151.0,fanduel,draftkings
2026-05-13,681035,strikeouts,4.5,-132.0,120.0,fanduel,betrivers
2026-05-13,681035,strikeouts,5.5,128.0,-175.0,betrivers,betrivers
2026-05-14,690997,strikeouts,6.5,-106.0,-104.0,fanduel,draftkings
2026-05-15,702056,strikeouts,5.5,100.0,-104.0,bovada,draftkings
2026-05-17,592332,strikeouts,5.5,-105.0,-103.0,betmgm,draftkings
2026-05-18,677944,strikeouts,4.5,120.0,-145.0,bovada,betmgm
2026-05-19,800048,strikeouts,5.5,-139.0,120.0,draftkings,betrivers
2026-05-19,800048,strikeouts,6.5,125.0,-167.0,betrivers,betrivers
2026-05-20,676440,strikeouts,4.5,-145.0,120.0,fanatics,bovada
2026-05-21,676282,strikeouts,4.5,-140.0,123.0,betmgm,betrivers
2026-05-21,676282,strikeouts,5.5,125.0,-153.0,betrivers,draftkings
2026-05-24,687064,strikeouts,3.5,-182.0,135.0,betrivers,betrivers
2026-05-24,687064,strikeouts,4.5,123.0,-125.0,betrivers,betmgm
2026-05-24,687064,strikeouts,3.5,-182.0,135.0,betrivers,betrivers
2026-05-24,687064,strikeouts,4.5,123.0,-125.0,betrivers,betmgm
2026-05-26,686799,strikeouts,3.5,102.0,-110.0,betrivers,betmgm
2026-05-27,667755,strikeouts,5.5,-153.0,135.0,draftkings,betrivers
2026-05-27,667755,strikeouts,6.5,140.0,-152.0,bovada,betrivers
2026-05-28,680570,strikeouts,4.5,-186.0,138.0,betrivers,betrivers
2026-05-28,680570,strikeouts,5.5,120.0,-135.0,bovada,betmgm
2026-05-30,641743,strikeouts,4.5,106.0,-110.0,fanduel,betmgm
2026-05-31,680732,strikeouts,5.5,114.0,-120.0,draftkings,betmgm
2026-06-01,643377,strikeouts,4.5,-140.0,117.0,fanduel,draftkings
2026-06-01,643377,strikeouts,5.5,120.0,-162.0,betrivers,betrivers
2026-06-02,571927,strikeouts,4.5,104.0,-120.0,fanduel,fanatics
2026-06-03,607259,strikeouts,4.5,120.0,-114.0,betmgm,draftkings
2026-06-06,682243,strikeouts,4.5,-125.0,115.0,betmgm,fanatics
2026-06-07,622491,strikeouts,4.5,100.0,-123.0,bovada,draftkings
2026-06-09,671737,strikeouts,5.5,-106.0,-105.0,betrivers,betmgm
2026-06-11,805673,strikeouts,4.5,-120.0,102.0,betmgm,betrivers
2026-06-12,676440,strikeouts,5.5,132.0,-155.0,fanduel,draftkings
2026-06-13,676282,strikeouts,4.5,-145.0,128.0,betmgm,fanduel
2026-06-13,676282,strikeouts,5.5,126.0,-161.0,draftkings,draftkings
2026-06-17,663567,strikeouts,5.5,125.0,-135.0,betrivers,betmgm
2026-06-17,663567,strikeouts,5.5,125.0,-135.0,betrivers,betmgm
2026-03-26,667755,strikeouts,4.5,123.0,-134.0,betonlineag,betrivers
2026-03-28,672282,strikeouts,5.5,110.0,-118.0,fanatics,betmgm
2026-03-28,672282,strikeouts,5.5,110.0,-118.0,fanatics,betmgm
2026-03-29,686799,strikeouts,2.5,-135.0,130.0,bovada,draftkings
2026-04-01,676979,strikeouts,6.5,-150.0,132.0,betmgm,betrivers
2026-04-01,676979,strikeouts,7.5,112.0,-142.0,betrivers,draftkings
2026-04-01,676979,strikeouts,6.5,-150.0,132.0,betmgm,betrivers
2026-04-01,676979,strikeouts,7.5,112.0,-142.0,betrivers,draftkings
2026-04-04,806960,strikeouts,4.5,100.0,-115.0,bovada,betmgm
2026-04-04,806960,strikeouts,4.5,100.0,-115.0,bovada,betmgm
2026-04-05,682052,strikeouts,4.5,-155.0,145.0,betmgm,betrivers
2026-04-05,682052,strikeouts,5.5,115.0,-139.0,fanatics,betrivers
2026-04-08,547179,strikeouts,3.5,-127.0,106.0,betonlineag,fanduel
2026-04-08,547179,strikeouts,3.5,-127.0,106.0,betonlineag,fanduel
2026-04-12,669302,strikeouts,5.5,-165.0,135.0,betmgm,betrivers
2026-04-12,669302,strikeouts,6.5,121.0,-145.0,draftkings,bovada
2026-04-12,669302,strikeouts,5.5,-165.0,135.0,betmgm,betrivers
2026-04-12,669302,strikeouts,6.5,121.0,-145.0,draftkings,bovada
2026-04-13,669923,strikeouts,5.5,-108.0,-110.0,draftkings,bovada
2026-04-18,669467,strikeouts,3.5,141.0,-150.0,betonlineag,betmgm
2026-04-18,669467,strikeouts,3.5,141.0,-150.0,betonlineag,betmgm
2026-04-19,669461,strikeouts,3.5,-160.0,127.0,fanduel,draftkings
2026-04-19,669461,strikeouts,4.5,140.0,-190.0,betrivers,betrivers
2026-04-20,677944,strikeouts,3.5,-170.0,130.0,bovada,betrivers
2026-04-20,677944,strikeouts,4.5,130.0,-153.0,betrivers,draftkings
2026-04-21,800048,strikeouts,4.5,-160.0,138.0,betmgm,betrivers
2026-04-21,800048,strikeouts,5.5,130.0,-155.0,betonlineag,betrivers
2026-04-22,676440,strikeouts,4.5,-158.0,140.0,fanduel,betrivers
2026-04-22,676440,strikeouts,5.5,128.0,-152.0,draftkings,betrivers
2026-04-25,677960,strikeouts,5.5,123.0,-135.0,draftkings,betmgm
2026-04-25,677960,strikeouts,5.5,123.0,-135.0,draftkings,betmgm
2026-04-26,661563,strikeouts,3.5,-159.0,140.0,betonlineag,betrivers
2026-04-26,661563,strikeouts,4.5,125.0,-150.0,bovada,betmgm
2026-04-28,669358,strikeouts,4.5,-135.0,115.0,bovada,betmgm
2026-04-30,605135,strikeouts,4.5,131.0,-152.0,draftkings,betonlineag
2026-04-30,605135,strikeouts,4.5,131.0,-152.0,draftkings,betonlineag
2026-04-30,687064,strikeouts,3.5,-140.0,110.0,fanatics,bovada
2026-04-30,687064,strikeouts,3.5,-140.0,110.0,fanatics,bovada
2026-05-02,813349,strikeouts,4.5,-104.0,-115.0,fanduel,betmgm
2026-05-03,624133,strikeouts,4.5,-120.0,118.0,betmgm,betrivers
2026-05-03,624133,strikeouts,5.5,135.0,-182.0,betrivers,betrivers
2026-05-06,607192,strikeouts,7.5,114.0,-129.0,fanduel,betrivers
2026-05-06,607192,strikeouts,7.5,114.0,-129.0,fanduel,betrivers
2026-05-08,666157,strikeouts,5.5,106.0,-120.0,betrivers,draftkings
2026-05-09,695505,strikeouts,6.5,-130.0,128.0,fanduel,betonlineag
2026-05-10,671096,strikeouts,4.5,122.0,-120.0,draftkings,betmgm
2026-05-14,622491,strikeouts,4.5,-178.0,138.0,fanduel,betrivers
2026-05-14,622491,strikeouts,5.5,114.0,-140.0,betrivers,betmgm
2026-05-14,622491,strikeouts,4.5,-178.0,138.0,fanduel,betrivers
2026-05-14,622491,strikeouts,5.5,114.0,-140.0,betrivers,betmgm
2026-05-16,594798,strikeouts,6.5,-156.0,130.0,draftkings,betrivers
2026-05-16,594798,strikeouts,7.5,114.0,-140.0,betrivers,betmgm
2026-05-16,594798,strikeouts,6.5,-156.0,130.0,draftkings,betrivers
2026-05-16,594798,strikeouts,7.5,114.0,-140.0,betrivers,betmgm
2026-05-17,543135,strikeouts,5.5,-135.0,113.0,bovada,draftkings
2026-05-19,805673,strikeouts,4.5,-175.0,128.0,betrivers,betrivers
2026-05-19,805673,strikeouts,5.5,125.0,-142.0,betrivers,fanduel
2026-05-20,657746,strikeouts,5.5,-182.0,135.0,betrivers,betrivers
2026-05-20,657746,strikeouts,6.5,112.0,-135.0,fanduel,betmgm
2026-05-22,592791,strikeouts,4.5,100.0,-120.0,draftkings,fanduel
2026-05-23,607067,strikeouts,4.5,110.0,-122.0,betonlineag,betrivers
2026-05-24,684007,strikeouts,5.5,-153.0,126.0,draftkings,fanduel
2026-05-24,684007,strikeouts,6.5,130.0,-150.0,betrivers,betmgm
2026-05-25,677958,strikeouts,4.5,112.0,-118.0,fanduel,draftkings
2026-05-30,687075,strikeouts,4.5,-115.0,105.0,betmgm,bovada
2026-05-30,687075,strikeouts,4.5,-115.0,105.0,betmgm,bovada
2026-05-31,694819,strikeouts,8.5,-110.0,100.0,fanatics,fanduel
2026-06-07,695611,strikeouts,4.5,-135.0,117.0,betmgm,draftkings
2026-06-13,702070,strikeouts,4.5,-118.0,104.0,fanduel,draftkings
2026-06-13,702070,strikeouts,4.5,-118.0,104.0,fanduel,draftkings
2026-06-14,663568,strikeouts,3.5,-134.0,115.0,fanduel,betrivers
2026-06-17,663554,strikeouts,4.5,120.0,-140.0,betmgm,draftkings
2026-06-17,663554,strikeouts,4.5,120.0,-140.0,betmgm,draftkings
2026-03-27,519242,strikeouts,6.5,-110.0,-103.0,bovada,draftkings
2026-03-28,625643,strikeouts,4.5,108.0,-125.0,betrivers,betonlineag
2026-03-29,656550,strikeouts,4.5,-125.0,112.0,fanatics,betrivers
2026-03-29,656550,strikeouts,5.5,140.0,-190.0,betrivers,betrivers
2026-03-30,680573,strikeouts,3.5,-108.0,102.0,fanduel,draftkings
2026-04-01,657746,strikeouts,5.5,105.0,-118.0,bovada,betmgm
2026-04-02,671737,strikeouts,4.5,118.0,-130.0,betrivers,fanatics
2026-04-04,694477,strikeouts,3.5,-135.0,140.0,bovada,betrivers
2026-04-04,694477,strikeouts,4.5,115.0,-155.0,betmgm,betmgm
2026-04-04,694477,strikeouts,3.5,-135.0,140.0,bovada,betrivers
2026-04-04,694477,strikeouts,4.5,115.0,-155.0,betmgm,betmgm
2026-04-05,690986,strikeouts,4.5,-141.0,116.0,betrivers,fanduel
2026-04-06,676440,strikeouts,4.5,-135.0,119.0,bovada,draftkings
2026-04-07,668909,strikeouts,5.5,100.0,-115.0,fanatics,betmgm
2026-04-08,676282,strikeouts,4.5,-175.0,128.0,betrivers,betrivers
2026-04-08,676282,strikeouts,5.5,120.0,-142.0,betrivers,draftkings
2026-04-09,641743,strikeouts,3.5,135.0,-145.0,bovada,betmgm
2026-04-10,663436,strikeouts,3.5,100.0,-109.0,betmgm,betrivers
2026-04-11,607200,strikeouts,2.5,-165.0,132.0,betmgm,betrivers
2026-04-11,607200,strikeouts,3.5,140.0,-145.0,betrivers,bovada
2026-04-14,664285,strikeouts,4.5,-130.0,110.0,betmgm,fanduel
2026-04-15,656427,strikeouts,4.5,-149.0,140.0,draftkings,betrivers
2026-04-15,656427,strikeouts,5.5,139.0,-155.0,betonlineag,betrivers
2026-04-16,672456,strikeouts,3.5,-120.0,105.0,betmgm,bovada
2026-04-17,693645,strikeouts,5.5,-150.0,124.0,betmgm,betonlineag
2026-04-17,693645,strikeouts,6.5,128.0,-148.0,betrivers,draftkings
2026-04-18,701542,strikeouts,4.5,-135.0,128.0,bovada,betonlineag
2026-04-19,677960,strikeouts,5.5,115.0,-125.0,bovada,betmgm
2026-04-20,680694,strikeouts,4.5,-155.0,125.0,betmgm,bovada
2026-04-20,680694,strikeouts,5.5,138.0,-186.0,betrivers,betrivers
2026-04-21,669358,strikeouts,4.5,-110.0,-114.0,fanduel,betonlineag
2026-04-22,605135,strikeouts,3.5,-105.0,100.0,betrivers,betmgm
2026-04-24,579328,strikeouts,4.5,-152.0,125.0,betonlineag,draftkings
2026-04-24,579328,strikeouts,5.5,133.0,-160.0,betrivers,betmgm
2026-04-25,700712,strikeouts,3.5,-107.0,-108.0,betrivers,draftkings
2026-04-30,605488,strikeouts,4.5,118.0,-135.0,draftkings,bovada
2026-04-30,605488,strikeouts,4.5,118.0,-135.0,draftkings,bovada
2026-05-03,622491,strikeouts,4.5,-120.0,100.0,fanatics,betrivers
2026-05-03,622491,strikeouts,4.5,-120.0,100.0,fanatics,betrivers
2026-05-04,676440,strikeouts,4.5,116.0,-133.0,fanduel,betonlineag
2026-05-05,668909,strikeouts,5.5,-118.0,105.0,draftkings,betmgm
2026-05-06,676282,strikeouts,4.5,106.0,-125.0,betonlineag,betmgm
2026-05-07,677944,strikeouts,3.5,-130.0,110.0,fanatics,bovada
2026-05-08,672456,strikeouts,3.5,-110.0,-113.0,fanatics,betrivers
2026-05-12,607200,strikeouts,3.5,130.0,-141.0,betmgm,betrivers
2026-05-14,641743,strikeouts,3.5,107.0,-125.0,betrivers,betmgm
2026-05-16,681517,strikeouts,3.5,-138.0,115.0,fanduel,fanatics
2026-05-16,681517,strikeouts,3.5,-138.0,115.0,fanduel,fanatics
2026-05-17,669467,strikeouts,3.5,-115.0,106.0,betmgm,fanduel
2026-05-18,543243,strikeouts,3.5,-170.0,133.0,bovada,betrivers
2026-05-18,543243,strikeouts,4.5,128.0,-160.0,betonlineag,betmgm
2026-05-19,624133,strikeouts,4.5,117.0,-125.0,draftkings,betmgm
2026-05-20,813349,strikeouts,4.5,-120.0,105.0,betmgm,fanatics
2026-05-22,669302,strikeouts,5.5,115.0,-110.0,betmgm,betonlineag
2026-05-23,669923,strikeouts,4.5,-150.0,128.0,betmgm,draftkings
2026-05-23,669923,strikeouts,5.5,130.0,-170.0,bovada,bovada
2026-05-24,693433,strikeouts,4.5,-165.0,130.0,betmgm,betrivers
2026-05-24,693433,strikeouts,5.5,128.0,-148.0,betrivers,draftkings
2026-05-25,701542,strikeouts,4.5,-167.0,125.0,betrivers,betrivers
2026-05-25,701542,strikeouts,5.5,128.0,-157.0,betrivers,draftkings
2026-05-26,693645,strikeouts,5.5,-142.0,120.0,draftkings,fanatics
2026-05-26,693645,strikeouts,6.5,143.0,-155.0,betrivers,betmgm
2026-05-27,543037,strikeouts,4.5,-105.0,-119.0,betmgm,draftkings
2026-05-30,677958,strikeouts,3.5,-162.0,120.0,betrivers,betrivers
2026-05-30,677958,strikeouts,4.5,140.0,-155.0,betrivers,betmgm
2026-05-30,677958,strikeouts,3.5,-162.0,120.0,betrivers,betrivers
2026-05-30,677958,strikeouts,4.5,140.0,-155.0,betrivers,betmgm
2026-05-31,683004,strikeouts,5.5,118.0,-125.0,draftkings,betmgm
2026-06-02,671096,strikeouts,4.5,124.0,-152.0,fanduel,fanduel
2026-06-03,695505,strikeouts,6.5,-128.0,105.0,fanduel,fanatics
2026-06-06,657746,strikeouts,5.5,-155.0,118.0,betmgm,betrivers
2026-06-06,657746,strikeouts,6.5,126.0,-146.0,fanduel,draftkings
2026-06-07,687570,strikeouts,4.5,-128.0,108.0,fanduel,draftkings
2026-06-09,543135,strikeouts,4.5,-156.0,122.0,draftkings,draftkings
2026-06-09,543135,strikeouts,5.5,130.0,-167.0,bovada,betrivers
2026-06-10,669022,strikeouts,4.5,-135.0,109.0,bovada,draftkings
2026-06-10,669022,strikeouts,5.5,130.0,-175.0,betmgm,betmgm
2026-06-11,677958,strikeouts,3.5,-130.0,107.0,fanatics,betrivers
2026-06-13,681347,strikeouts,4.5,130.0,-131.0,bovada,draftkings
2026-06-13,681347,strikeouts,4.5,130.0,-131.0,bovada,draftkings
2026-06-14,681293,strikeouts,4.5,-127.0,115.0,draftkings,betmgm
2026-06-17,641793,strikeouts,3.5,124.0,-135.0,draftkings,betmgm
2026-06-18,669461,strikeouts,3.5,-157.0,128.0,betrivers,draftkings
2026-06-18,669461,strikeouts,4.5,135.0,-178.0,betmgm,fanduel
2026-04-04,663623,strikeouts,3.5,-135.0,118.0,bovada,betrivers
2026-04-04,663623,strikeouts,4.5,140.0,-190.0,betrivers,betrivers
2026-04-06,453286,strikeouts,4.5,-120.0,112.0,fanatics,betrivers
2026-04-07,592332,strikeouts,6.5,115.0,-143.0,fanatics,betonlineag
2026-04-08,656302,strikeouts,6.5,-151.0,126.0,draftkings,fanduel
2026-04-08,656302,strikeouts,7.5,118.0,-159.0,betrivers,betrivers
2026-04-12,594798,strikeouts,5.5,-162.0,139.0,fanduel,betonlineag
2026-04-12,594798,strikeouts,6.5,126.0,-155.0,draftkings,betrivers
2026-04-12,594798,strikeouts,5.5,-162.0,139.0,fanduel,betonlineag
2026-04-12,594798,strikeouts,6.5,126.0,-155.0,draftkings,betrivers
2026-04-19,547179,strikeouts,3.5,-105.0,-102.0,fanatics,betmgm
2026-04-19,547179,strikeouts,3.5,-105.0,-102.0,fanatics,betmgm
2026-04-23,657277,strikeouts,5.5,-122.0,118.0,draftkings,betonlineag
2026-04-23,657277,strikeouts,5.5,-122.0,118.0,draftkings,betonlineag
2026-04-25,607067,strikeouts,3.5,-158.0,125.0,fanduel,betrivers
2026-04-25,607067,strikeouts,4.5,135.0,-151.0,betrivers,draftkings
2026-04-25,607067,strikeouts,3.5,-158.0,125.0,fanduel,betrivers
2026-04-25,607067,strikeouts,4.5,135.0,-151.0,betrivers,draftkings
2026-04-26,684007,strikeouts,4.5,-159.0,132.0,draftkings,betrivers
2026-04-26,684007,strikeouts,5.5,123.0,-150.0,betrivers,bovada
2026-04-29,645261,strikeouts,4.5,-121.0,-102.0,draftkings,fanduel
2026-04-29,645261,strikeouts,4.5,-121.0,-102.0,draftkings,fanduel
2026-05-02,700241,strikeouts,3.5,-105.0,-106.0,betmgm,draftkings
2026-05-02,700241,strikeouts,3.5,-105.0,-106.0,betmgm,draftkings
2026-05-03,669160,strikeouts,4.5,120.0,-136.0,betonlineag,betrivers
2026-05-06,621121,strikeouts,4.5,-162.0,125.0,betrivers,bovada
2026-05-06,621121,strikeouts,5.5,128.0,-139.0,betrivers,draftkings
2026-05-06,621121,strikeouts,4.5,-162.0,125.0,betrivers,bovada
2026-05-06,621121,strikeouts,5.5,128.0,-139.0,betrivers,draftkings
2026-05-10,693821,strikeouts,4.5,-127.0,106.0,betrivers,draftkings
2026-05-10,693821,strikeouts,4.5,-127.0,106.0,betrivers,draftkings
2026-05-22,701656,strikeouts,5.5,100.0,-110.0,fanatics,draftkings
2026-05-23,688107,strikeouts,3.5,-135.0,121.0,betmgm,draftkings
2026-05-24,687075,strikeouts,4.5,105.0,-118.0,betmgm,fanduel
2026-05-31,691725,strikeouts,3.5,106.0,-125.0,betrivers,betmgm
2026-05-31,691725,strikeouts,3.5,106.0,-125.0,betrivers,betmgm
2026-06-07,667755,strikeouts,5.5,120.0,-148.0,fanduel,draftkings
2026-06-07,667755,strikeouts,5.5,120.0,-148.0,fanduel,draftkings
2026-06-09,694973,strikeouts,6.5,-102.0,-110.0,fanduel,betmgm
2026-06-10,683003,strikeouts,4.5,-124.0,119.0,fanduel,draftkings
2026-06-11,656605,strikeouts,3.5,-165.0,125.0,betmgm,betmgm
2026-06-11,656605,strikeouts,4.5,122.0,-150.0,fanduel,fanduel
2026-06-12,641743,strikeouts,3.5,-105.0,-110.0,betmgm,fanduel
2026-06-13,680732,strikeouts,4.5,-122.0,120.0,betrivers,betmgm
2026-06-17,663556,strikeouts,4.5,100.0,-110.0,betmgm,fanduel
2026-06-17,663556,strikeouts,4.5,100.0,-110.0,betmgm,fanduel
2026-03-26,571510,strikeouts,4.5,-165.0,135.0,betrivers,bovada
2026-03-26,571510,strikeouts,5.5,125.0,-143.0,betmgm,betonlineag
2026-03-28,690990,strikeouts,4.5,-110.0,104.0,betmgm,betrivers
2026-03-29,684007,strikeouts,4.5,-141.0,130.0,betrivers,betonlineag
2026-03-29,684007,strikeouts,5.5,155.0,-160.0,betrivers,betmgm
2026-03-30,592836,strikeouts,3.5,102.0,-120.0,draftkings,bovada
2026-03-31,691725,strikeouts,4.5,105.0,-122.0,fanatics,draftkings
2026-04-01,650911,strikeouts,6.5,-120.0,123.0,betmgm,betrivers
2026-04-01,650911,strikeouts,7.5,123.0,-165.0,betrivers,betrivers
2026-04-03,686218,strikeouts,5.5,-125.0,113.0,bovada,draftkings
2026-04-04,607192,strikeouts,5.5,-175.0,128.0,betrivers,betrivers
2026-04-04,607192,strikeouts,6.5,120.0,-145.0,fanduel,draftkings
2026-04-05,808963,strikeouts,3.5,-165.0,130.0,bovada,betrivers
2026-04-05,808963,strikeouts,4.5,130.0,-150.0,betrivers,draftkings
2026-04-06,669467,strikeouts,3.5,-110.0,-109.0,betmgm,draftkings
2026-04-07,669461,strikeouts,4.5,105.0,-125.0,bovada,betmgm
2026-04-08,700241,strikeouts,3.5,100.0,-110.0,bovada,betrivers
2026-04-11,690986,strikeouts,5.5,-120.0,120.0,betmgm,draftkings
2026-04-11,690986,strikeouts,6.5,135.0,-182.0,betrivers,betrivers
2026-04-12,605540,strikeouts,5.5,-159.0,125.0,betrivers,bovada
2026-04-12,605540,strikeouts,6.5,132.0,-149.0,betrivers,draftkings
2026-04-13,694973,strikeouts,6.5,-115.0,109.0,betmgm,draftkings
2026-04-14,656605,strikeouts,3.5,-155.0,145.0,betmgm,betrivers
2026-04-14,656605,strikeouts,4.5,135.0,-157.0,bovada,betrivers
2026-04-16,677952,strikeouts,4.5,-134.0,112.0,betrivers,betonlineag
2026-04-17,657277,strikeouts,4.5,-155.0,150.0,betmgm,betrivers
2026-04-17,657277,strikeouts,5.5,122.0,-143.0,betonlineag,betrivers
2026-04-18,605288,strikeouts,3.5,112.0,-118.0,draftkings,betrivers
2026-04-19,592662,strikeouts,5.5,-144.0,120.0,fanduel,fanatics
2026-04-19,592662,strikeouts,6.5,140.0,-145.0,betrivers,draftkings
2026-04-20,693821,strikeouts,4.5,130.0,-160.0,fanduel,betmgm
2026-04-21,625643,strikeouts,4.5,122.0,-129.0,betonlineag,betrivers
2026-04-25,702273,strikeouts,4.5,-125.0,128.0,betmgm,betonlineag
2026-04-25,702273,strikeouts,5.5,140.0,-190.0,betrivers,betrivers
2026-04-28,605280,strikeouts,3.5,-155.0,133.0,betmgm,betrivers
2026-04-28,605280,strikeouts,4.5,132.0,-154.0,betrivers,betonlineag
2026-04-29,656849,strikeouts,4.5,-160.0,138.0,betmgm,betrivers
2026-04-29,656849,strikeouts,5.5,116.0,-145.0,fanduel,betonlineag
2026-04-30,642547,strikeouts,5.5,-128.0,115.0,draftkings,betmgm
2026-05-01,694819,strikeouts,6.5,-114.0,105.0,betonlineag,bovada
2026-05-02,690986,strikeouts,5.5,106.0,-125.0,betrivers,draftkings
2026-05-05,671737,strikeouts,5.5,105.0,-125.0,fanatics,bovada
2026-05-06,641927,strikeouts,3.5,-147.0,117.0,betonlineag,draftkings
2026-05-07,680573,strikeouts,3.5,-118.0,102.0,fanduel,draftkings
2026-05-09,676083,strikeouts,3.5,-135.0,125.0,betmgm,draftkings
2026-05-10,645261,strikeouts,4.5,-135.0,117.0,bovada,draftkings
2026-05-12,663903,strikeouts,4.5,-105.0,-105.0,draftkings,betmgm
2026-05-13,666157,strikeouts,5.5,102.0,-120.0,fanduel,betmgm
2026-05-14,695505,strikeouts,6.5,-128.0,120.0,fanduel,betmgm
2026-05-15,669358,strikeouts,4.5,-150.0,122.0,draftkings,fanduel
2026-05-15,669358,strikeouts,5.5,133.0,-155.0,betrivers,betmgm
2026-05-16,605135,strikeouts,3.5,-160.0,125.0,betmgm,betrivers
2026-05-16,605135,strikeouts,4.5,138.0,-160.0,betrivers,bovada
2026-05-17,687064,strikeouts,3.5,-115.0,110.0,draftkings,betrivers
2026-05-18,681035,strikeouts,4.5,115.0,-124.0,betmgm,draftkings
2026-05-19,690997,strikeouts,5.5,-145.0,120.0,fanatics,fanduel
2026-05-19,690997,strikeouts,6.5,138.0,-186.0,betrivers,betrivers
2026-05-21,656849,strikeouts,4.5,-105.0,-113.0,fanatics,betrivers
2026-05-22,693821,strikeouts,4.5,-115.0,100.0,draftkings,betonlineag
2026-05-23,656550,strikeouts,4.5,-101.0,-110.0,draftkings,betmgm
2026-05-24,527048,strikeouts,3.5,-165.0,129.0,draftkings,draftkings
2026-05-24,527048,strikeouts,4.5,140.0,-150.0,betmgm,fanduel
2026-05-25,676440,strikeouts,5.5,118.0,-141.0,fanduel,betrivers
2026-05-26,676282,strikeouts,4.5,-162.0,132.0,fanduel,fanduel
2026-05-26,676282,strikeouts,5.5,128.0,-140.0,betrivers,betmgm
2026-05-27,668909,strikeouts,6.5,100.0,-107.0,betmgm,draftkings
2026-05-29,608337,strikeouts,3.5,-144.0,125.0,fanduel,draftkings
2026-05-30,650633,strikeouts,5.5,113.0,-132.0,draftkings,betrivers
2026-05-31,656288,strikeouts,4.5,105.0,-121.0,betmgm,betrivers
2026-06-01,645261,strikeouts,3.5,-155.0,126.0,betmgm,draftkings
2026-06-03,676974,strikeouts,5.5,116.0,-140.0,fanduel,betmgm
2026-06-06,593958,strikeouts,4.5,114.0,-126.0,fanduel,draftkings
2026-06-07,647336,strikeouts,4.5,-150.0,122.0,fanduel,fanduel
2026-06-10,592662,strikeouts,5.5,130.0,-145.0,fanduel,betmgm
2026-06-10,592662,strikeouts,5.5,130.0,-145.0,fanduel,betmgm
2026-06-12,682243,strikeouts,4.5,-117.0,100.0,draftkings,betmgm
2026-06-13,622491,strikeouts,4.5,102.0,-117.0,fanduel,betrivers
2026-06-14,676106,strikeouts,4.5,124.0,-130.0,draftkings,betrivers
2026-06-15,687765,strikeouts,3.5,120.0,-145.0,betmgm,bovada
2026-06-16,608379,strikeouts,3.5,-165.0,125.0,betmgm,betmgm
2026-06-16,608379,strikeouts,4.5,130.0,-130.0,draftkings,betrivers
2026-03-26,694973,strikeouts,5.5,-175.0,128.0,betrivers,betrivers
2026-03-26,694973,strikeouts,6.5,114.0,-117.0,betrivers,draftkings
2026-03-28,656605,strikeouts,3.5,-167.0,125.0,betrivers,betrivers
2026-03-28,656605,strikeouts,4.5,133.0,-123.0,betrivers,draftkings
2026-03-29,669387,strikeouts,3.5,-120.0,100.0,bovada,draftkings
2026-03-30,681517,strikeouts,3.5,-104.0,-115.0,fanduel,draftkings
2026-03-31,669467,strikeouts,3.5,130.0,-141.0,bovada,betrivers
2026-04-01,669461,strikeouts,3.5,-125.0,120.0,betmgm,bovada
2026-04-05,657277,strikeouts,5.5,-140.0,120.0,betmgm,bovada
2026-04-05,657277,strikeouts,6.5,133.0,-148.0,betrivers,draftkings
2026-04-05,657277,strikeouts,5.5,-140.0,120.0,betmgm,bovada
2026-04-05,657277,strikeouts,6.5,133.0,-148.0,betrivers,draftkings
2026-04-07,668678,strikeouts,4.5,-143.0,118.0,betrivers,betonlineag
2026-04-07,668678,strikeouts,5.5,150.0,-160.0,betrivers,betmgm
2026-04-08,669194,strikeouts,4.5,-112.0,106.0,draftkings,betrivers
2026-04-09,593958,strikeouts,4.5,102.0,-115.0,draftkings,betmgm
2026-04-10,669372,strikeouts,3.5,-136.0,131.0,betrivers,draftkings
2026-04-11,682052,strikeouts,4.5,-154.0,120.0,fanduel,betonlineag
2026-04-11,682052,strikeouts,5.5,132.0,-150.0,betrivers,betmgm
2026-04-12,650644,strikeouts,4.5,115.0,-135.0,bovada,betmgm
2026-04-17,665795,strikeouts,5.5,-125.0,121.0,betmgm,draftkings
2026-04-18,592791,strikeouts,4.5,-105.0,100.0,betmgm,betrivers
2026-04-19,665871,strikeouts,3.5,-180.0,133.0,betrivers,betrivers
2026-04-19,665871,strikeouts,4.5,133.0,-150.0,draftkings,betmgm
2026-04-21,680573,strikeouts,3.5,-177.0,132.0,betrivers,betrivers
2026-04-21,680573,strikeouts,4.5,130.0,-145.0,betrivers,betmgm
2026-04-22,687570,strikeouts,3.5,-152.0,116.0,betonlineag,betonlineag
2026-04-22,687570,strikeouts,4.5,125.0,-160.0,draftkings,draftkings
2026-04-23,657746,strikeouts,5.5,-146.0,125.0,draftkings,betrivers
2026-04-23,657746,strikeouts,6.5,130.0,-160.0,bovada,betmgm
2026-04-24,547179,strikeouts,3.5,-162.0,125.0,betrivers,betmgm
2026-04-24,547179,strikeouts,4.5,138.0,-158.0,betrivers,fanduel
2026-04-26,500779,strikeouts,2.5,-180.0,133.0,betrivers,betrivers
2026-04-26,500779,strikeouts,3.5,139.0,-165.0,betonlineag,draftkings
2026-04-26,500779,strikeouts,2.5,-180.0,133.0,betrivers,betrivers
2026-04-26,500779,strikeouts,3.5,139.0,-165.0,betonlineag,draftkings
2026-04-28,641793,strikeouts,3.5,-101.0,-104.0,betonlineag,draftkings
2026-04-29,676917,strikeouts,4.5,114.0,-115.0,draftkings,betmgm
2026-04-30,571945,strikeouts,3.5,112.0,-130.0,fanduel,bovada
2026-05-03,686799,strikeouts,3.5,-112.0,-105.0,draftkings,betonlineag
2026-05-03,686799,strikeouts,3.5,-112.0,-105.0,draftkings,betonlineag
2026-05-04,608372,strikeouts,3.5,112.0,-133.0,draftkings,betonlineag
2026-05-07,500779,strikeouts,3.5,130.0,-160.0,fanatics,bovada
2026-05-07,500779,strikeouts,3.5,130.0,-160.0,fanatics,bovada
2026-05-09,518876,strikeouts,4.5,-105.0,-112.0,betmgm,draftkings
2026-05-09,518876,strikeouts,4.5,-105.0,-112.0,betmgm,draftkings
2026-05-10,593958,strikeouts,3.5,-182.0,135.0,betrivers,betrivers
2026-05-10,593958,strikeouts,4.5,130.0,-165.0,draftkings,bovada
2026-05-12,656427,strikeouts,5.5,-115.0,-104.0,fanatics,draftkings
2026-05-13,664285,strikeouts,4.5,-142.0,120.0,draftkings,bovada
2026-05-13,664285,strikeouts,5.5,143.0,-145.0,betrivers,betmgm
2026-05-14,672456,strikeouts,3.5,-130.0,110.0,fanduel,betmgm
2026-05-15,693645,strikeouts,5.5,-157.0,123.0,draftkings,draftkings
2026-05-15,693645,strikeouts,6.5,132.0,-150.0,betrivers,betmgm
2026-05-16,607074,strikeouts,4.5,-165.0,135.0,bovada,betrivers
2026-05-16,607074,strikeouts,5.5,120.0,-144.0,betmgm,draftkings
2026-05-18,663623,strikeouts,3.5,-155.0,120.0,betmgm,betrivers
2026-05-18,663623,strikeouts,4.5,143.0,-150.0,betrivers,fanatics
2026-05-19,656492,strikeouts,4.5,-182.0,135.0,betrivers,betrivers
2026-05-19,656492,strikeouts,5.5,132.0,-155.0,fanduel,betmgm
2026-05-20,641793,strikeouts,2.5,-145.0,130.0,betmgm,fanduel
2026-05-21,676917,strikeouts,4.5,-140.0,114.0,fanduel,draftkings
2026-05-22,691587,strikeouts,5.5,-128.0,113.0,fanduel,draftkings
2026-05-23,676974,strikeouts,5.5,-124.0,104.0,fanduel,draftkings
2026-05-25,666157,strikeouts,4.5,-144.0,115.0,draftkings,bovada
2026-05-26,695505,strikeouts,6.5,-113.0,100.0,betrivers,betmgm
2026-05-27,671096,strikeouts,3.5,-190.0,140.0,betrivers,betrivers
2026-05-27,671096,strikeouts,4.5,132.0,-150.0,draftkings,bovada
2026-05-29,676974,strikeouts,5.5,-145.0,125.0,betmgm,bovada
2026-05-29,676974,strikeouts,6.5,120.0,-162.0,betrivers,betrivers
2026-05-30,663969,strikeouts,3.5,-107.0,-109.0,draftkings,betrivers
2026-06-03,669923,strikeouts,5.5,-110.0,-105.0,fanduel,betmgm
2026-06-07,681190,strikeouts,3.5,-128.0,115.0,draftkings,betmgm
2026-06-07,681190,strikeouts,3.5,-128.0,115.0,draftkings,betmgm
2026-06-09,669160,strikeouts,4.5,-165.0,125.0,bovada,bovada
2026-06-09,669160,strikeouts,5.5,128.0,-155.0,draftkings,betmgm
2026-06-10,669467,strikeouts,3.5,-145.0,126.0,fanatics,draftkings
2026-06-11,690928,strikeouts,3.5,100.0,-110.0,fanatics,betmgm
2026-06-12,675911,strikeouts,5.5,-132.0,111.0,betrivers,draftkings
2026-06-13,527048,strikeouts,3.5,-145.0,120.0,fanatics,betmgm
2026-06-14,693821,strikeouts,4.5,-105.0,-105.0,betrivers,betmgm
2026-06-15,695505,strikeouts,7.5,114.0,-135.0,fanduel,betmgm
2026-06-16,663903,strikeouts,4.5,104.0,-120.0,betrivers,betmgm
2026-06-17,666157,strikeouts,5.5,118.0,-134.0,fanduel,draftkings
2026-06-18,605400,strikeouts,5.5,125.0,-140.0,betmgm,draftkings
2026-03-27,592332,strikeouts,5.5,-132.0,112.0,fanduel,draftkings
2026-03-29,641778,strikeouts,4.5,-125.0,105.0,fanatics,betmgm
2026-03-30,693821,strikeouts,4.5,-132.0,122.0,betrivers,draftkings
2026-03-31,660761,strikeouts,4.5,-115.0,110.0,betrivers,bovada
2026-04-01,519242,strikeouts,8.5,-102.0,-120.0,fanduel,bovada
2026-04-04,837227,strikeouts,4.5,-175.0,128.0,betrivers,betrivers
2026-04-04,837227,strikeouts,5.5,125.0,-140.0,bovada,betmgm
2026-04-04,837227,strikeouts,4.5,-175.0,128.0,betrivers,betrivers
2026-04-04,837227,strikeouts,5.5,125.0,-140.0,bovada,betmgm
2026-04-05,621121,strikeouts,5.5,-160.0,123.0,betmgm,betrivers
2026-04-05,621121,strikeouts,6.5,130.0,-146.0,betonlineag,draftkings
2026-04-07,693645,strikeouts,6.5,-118.0,110.0,fanduel,betonlineag
2026-04-08,701542,strikeouts,5.5,-106.0,105.0,fanduel,betmgm
2026-04-09,677960,strikeouts,5.5,-120.0,110.0,bovada,betmgm
2026-04-10,605280,strikeouts,4.5,-141.0,125.0,betrivers,bovada
2026-04-11,673540,strikeouts,5.5,-190.0,140.0,betrivers,betrivers
2026-04-11,673540,strikeouts,6.5,107.0,-120.0,betrivers,fanduel
2026-04-12,642547,strikeouts,6.5,-135.0,110.0,bovada,fanatics
2026-04-12,642547,strikeouts,7.5,138.0,-186.0,betrivers,betrivers
2026-04-16,683004,strikeouts,5.5,-125.0,107.0,betmgm,betonlineag
2026-04-16,683004,strikeouts,5.5,-125.0,107.0,betmgm,betonlineag
2026-04-18,607200,strikeouts,3.5,100.0,107.0,betmgm,draftkings
2026-04-18,607200,strikeouts,3.5,100.0,107.0,betmgm,draftkings
2026-04-19,702273,strikeouts,4.5,-140.0,128.0,betmgm,betonlineag
2026-04-22,669302,strikeouts,6.5,-120.0,111.0,bovada,draftkings
2026-04-22,669302,strikeouts,6.5,-120.0,111.0,bovada,draftkings
2026-04-25,669022,strikeouts,6.5,-125.0,105.0,betmgm,betrivers
2026-04-25,669022,strikeouts,6.5,-125.0,105.0,betmgm,betrivers
2026-04-26,677958,strikeouts,4.5,-105.0,-108.0,fanatics,betrivers
2026-04-30,702070,strikeouts,4.5,-115.0,100.0,betmgm,fanduel
2026-04-30,702070,strikeouts,4.5,-115.0,100.0,betmgm,fanduel
2026-05-02,677944,strikeouts,3.5,-135.0,112.0,bovada,betrivers
2026-05-02,677944,strikeouts,3.5,-135.0,112.0,bovada,betrivers
2026-05-03,800048,strikeouts,5.5,-110.0,-115.0,betonlineag,draftkings
2026-05-05,650911,strikeouts,6.5,-128.0,105.0,betonlineag,bovada
2026-05-06,554430,strikeouts,6.5,-105.0,-106.0,betmgm,draftkings
2026-05-07,691725,strikeouts,4.5,102.0,-120.0,betrivers,betmgm
2026-05-08,680694,strikeouts,5.5,-105.0,-114.0,fanatics,fanduel
2026-05-09,669358,strikeouts,4.5,-160.0,140.0,fanduel,betrivers
2026-05-09,669358,strikeouts,5.5,123.0,-155.0,draftkings,betmgm
2026-05-14,700241,strikeouts,3.5,-155.0,145.0,betmgm,betrivers
2026-05-14,700241,strikeouts,4.5,120.0,-149.0,fanduel,draftkings
2026-05-14,700241,strikeouts,3.5,-155.0,145.0,betmgm,betrivers
2026-05-14,700241,strikeouts,4.5,120.0,-149.0,fanduel,draftkings
2026-05-17,605288,strikeouts,3.5,-110.0,-109.0,betmgm,draftkings
2026-05-17,605288,strikeouts,3.5,-110.0,-109.0,betmgm,draftkings
2026-05-24,650633,strikeouts,5.5,-150.0,125.0,fanduel,betrivers
2026-05-24,650633,strikeouts,6.5,124.0,-158.0,draftkings,draftkings
2026-05-24,650633,strikeouts,5.5,-150.0,125.0,fanduel,betrivers
2026-05-24,650633,strikeouts,6.5,124.0,-158.0,draftkings,draftkings
2026-05-27,669302,strikeouts,5.5,-140.0,115.0,betmgm,draftkings
2026-05-27,669302,strikeouts,6.5,136.0,-180.0,fanduel,bovada
2026-05-27,669302,strikeouts,5.5,-140.0,115.0,betmgm,draftkings
2026-05-27,669302,strikeouts,6.5,136.0,-180.0,fanduel,bovada
2026-05-31,701542,strikeouts,5.5,124.0,-135.0,fanduel,betmgm
2026-05-31,701542,strikeouts,5.5,124.0,-135.0,fanduel,betmgm
2026-06-06,837227,strikeouts,4.5,-155.0,130.0,draftkings,bovada
2026-06-06,837227,strikeouts,5.5,125.0,-165.0,betmgm,betmgm
2026-06-07,681347,strikeouts,5.5,110.0,-129.0,fanduel,draftkings
2026-06-14,608372,strikeouts,2.5,-190.0,140.0,betmgm,betmgm
2026-06-14,608372,strikeouts,3.5,130.0,-150.0,draftkings,bovada
2026-06-14,608372,strikeouts,2.5,-190.0,140.0,betmgm,betmgm
2026-06-14,608372,strikeouts,3.5,130.0,-150.0,draftkings,bovada
2026-03-26,642547,strikeouts,5.5,-155.0,130.0,betrivers,bovada
2026-03-26,642547,strikeouts,6.5,115.0,-130.0,betmgm,betonlineag
2026-03-28,656849,strikeouts,4.5,-150.0,130.0,draftkings,betmgm
2026-03-29,690997,strikeouts,5.5,-150.0,115.0,betmgm,betrivers
2026-03-29,690997,strikeouts,6.5,135.0,-150.0,betrivers,bovada
2026-03-30,695505,strikeouts,6.5,-155.0,115.0,betrivers,betrivers
2026-03-30,695505,strikeouts,7.5,125.0,-152.0,bovada,draftkings
2026-03-31,682227,strikeouts,3.5,-190.0,140.0,betrivers,betrivers
2026-03-31,682227,strikeouts,4.5,125.0,-145.0,betmgm,bovada
2026-04-01,671096,strikeouts,5.5,-105.0,-105.0,betrivers,fanatics
2026-04-03,680694,strikeouts,5.5,-137.0,115.0,betrivers,fanatics
2026-04-03,680694,strikeouts,6.5,140.0,-154.0,betrivers,draftkings
2026-04-04,669358,strikeouts,5.5,-115.0,100.0,betmgm,bovada
2026-04-05,605135,strikeouts,4.5,-150.0,128.0,fanatics,betonlineag
2026-04-05,605135,strikeouts,5.5,128.0,-150.0,betrivers,betmgm
2026-04-06,608566,strikeouts,3.5,103.0,-115.0,betonlineag,fanatics
2026-04-07,601713,strikeouts,6.5,100.0,-119.0,bovada,draftkings
2026-04-08,650633,strikeouts,5.5,-127.0,110.0,betonlineag,bovada
2026-04-10,684007,strikeouts,5.5,-135.0,113.0,bovada,betonlineag
2026-04-11,665795,strikeouts,5.5,-186.0,138.0,betrivers,betrivers
2026-04-11,665795,strikeouts,6.5,116.0,-145.0,fanduel,fanatics
2026-04-12,592791,strikeouts,4.5,-116.0,108.0,draftkings,betrivers
2026-04-13,676917,strikeouts,3.5,-157.0,134.0,betrivers,draftkings
2026-04-13,676917,strikeouts,4.5,138.0,-150.0,betrivers,betmgm
2026-04-15,663623,strikeouts,3.5,-143.0,135.0,betonlineag,betrivers
2026-04-15,663623,strikeouts,4.5,135.0,-156.0,bovada,draftkings
2026-04-16,656492,strikeouts,4.5,110.0,-130.0,betmgm,betonlineag
2026-04-17,607259,strikeouts,3.5,-155.0,135.0,betmgm,betrivers
2026-04-17,607259,strikeouts,4.5,128.0,-158.0,draftkings,fanduel
2026-04-18,656876,strikeouts,4.5,-105.0,-106.0,betmgm,draftkings
2026-04-19,663556,strikeouts,5.5,120.0,-130.0,betonlineag,betmgm
2026-04-24,605540,strikeouts,5.5,-177.0,130.0,betrivers,betrivers
2026-04-24,605540,strikeouts,6.5,120.0,-140.0,fanatics,betmgm
2026-04-25,694819,strikeouts,7.5,104.0,-109.0,fanduel,betonlineag
2026-04-26,690986,strikeouts,5.5,-122.0,106.0,betrivers,fanduel
2026-04-27,669160,strikeouts,4.5,-115.0,-102.0,betmgm,draftkings
2026-04-28,681517,strikeouts,3.5,-160.0,130.0,fanatics,bovada
2026-04-28,681517,strikeouts,4.5,138.0,-165.0,betrivers,betmgm
2026-04-29,669467,strikeouts,3.5,-154.0,125.0,draftkings,betmgm
2026-05-01,663903,strikeouts,4.5,103.0,-124.0,draftkings,betrivers
2026-05-02,695076,strikeouts,4.5,125.0,-130.0,draftkings,fanduel
2026-05-03,695505,strikeouts,6.5,-105.0,105.0,betrivers,bovada
2026-05-07,668678,strikeouts,4.5,-122.0,110.0,fanduel,betmgm
2026-05-07,668678,strikeouts,4.5,-122.0,110.0,fanduel,betmgm
2026-05-10,641816,strikeouts,4.5,-152.0,120.0,draftkings,fanduel
2026-05-10,641816,strikeouts,5.5,133.0,-155.0,betrivers,betmgm
2026-05-10,641816,strikeouts,4.5,-152.0,120.0,draftkings,fanduel
2026-05-10,641816,strikeouts,5.5,133.0,-155.0,betrivers,betmgm
2026-05-12,547179,strikeouts,3.5,-135.0,114.0,bovada,draftkings
2026-05-13,500779,strikeouts,3.5,-105.0,-110.0,fanatics,betmgm
2026-05-14,801403,strikeouts,5.5,107.0,-115.0,draftkings,betmgm
2026-05-15,605400,strikeouts,5.5,102.0,-123.0,draftkings,betonlineag
2026-05-16,650911,strikeouts,7.5,120.0,-136.0,betmgm,betrivers
2026-05-17,554430,strikeouts,6.5,115.0,-125.0,betonlineag,betmgm
2026-05-19,669461,strikeouts,4.5,-121.0,100.0,draftkings,fanduel
2026-05-20,700241,strikeouts,3.5,-144.0,130.0,draftkings,betrivers
2026-05-20,700241,strikeouts,4.5,133.0,-180.0,betrivers,betrivers
2026-05-21,669160,strikeouts,4.5,-130.0,110.0,fanatics,fanduel
2026-05-22,592332,strikeouts,5.5,-162.0,130.0,fanduel,fanduel
2026-05-22,592332,strikeouts,6.5,130.0,-151.0,betmgm,draftkings
2026-05-23,571578,strikeouts,4.5,-110.0,-107.0,fanduel,draftkings
2026-05-24,656302,strikeouts,7.5,-151.0,124.0,draftkings,fanduel
2026-05-24,656302,strikeouts,8.5,120.0,-150.0,betrivers,fanatics
2026-05-25,676962,strikeouts,4.5,-186.0,138.0,betrivers,betrivers
2026-05-25,676962,strikeouts,5.5,117.0,-140.0,draftkings,betmgm
2026-05-26,696136,strikeouts,3.5,-150.0,126.0,betrivers,draftkings
2026-05-27,592791,strikeouts,4.5,-104.0,-119.0,fanduel,draftkings
2026-05-28,607067,strikeouts,4.5,110.0,-134.0,fanduel,draftkings
2026-05-29,671737,strikeouts,5.5,-130.0,121.0,fanduel,draftkings
2026-05-30,641927,strikeouts,3.5,-151.0,125.0,draftkings,fanatics
2026-05-30,641927,strikeouts,4.5,140.0,-190.0,betrivers,betrivers
2026-05-31,805673,strikeouts,4.5,-155.0,138.0,betmgm,betrivers
2026-05-31,805673,strikeouts,5.5,116.0,-142.0,betrivers,draftkings
2026-06-06,675911,strikeouts,6.5,114.0,-131.0,fanduel,draftkings
2026-06-07,693821,strikeouts,4.5,-125.0,123.0,betmgm,draftkings
2026-06-09,641778,strikeouts,3.5,-160.0,120.0,betmgm,betmgm
2026-06-09,641778,strikeouts,4.5,125.0,-158.0,bovada,draftkings
2026-06-10,660271,strikeouts,6.5,-108.0,-106.0,fanduel,draftkings
2026-06-11,680736,strikeouts,4.5,-120.0,110.0,draftkings,bovada
2026-06-12,645261,strikeouts,4.5,110.0,-120.0,betmgm,draftkings
2026-06-14,676974,strikeouts,5.5,-105.0,-104.0,betmgm,betrivers
2026-03-26,669373,strikeouts,6.5,-135.0,115.0,draftkings,betonlineag
2026-03-26,669373,strikeouts,7.5,135.0,-160.0,betrivers,betmgm
2026-04-01,605288,strikeouts,3.5,-120.0,102.0,betmgm,betrivers
2026-04-01,605288,strikeouts,3.5,-120.0,102.0,betmgm,betrivers
2026-04-03,543243,strikeouts,5.5,105.0,-123.0,draftkings,betonlineag
2026-04-04,813349,strikeouts,4.5,-160.0,125.0,bovada,betmgm
2026-04-04,813349,strikeouts,5.5,130.0,-146.0,betrivers,draftkings
2026-04-05,624133,strikeouts,4.5,-125.0,123.0,betmgm,betrivers
2026-04-05,624133,strikeouts,5.5,132.0,-177.0,betrivers,betrivers
2026-04-06,696149,strikeouts,4.5,-145.0,127.0,bovada,draftkings
2026-04-06,696149,strikeouts,5.5,133.0,-180.0,betrivers,betrivers
2026-04-07,694973,strikeouts,6.5,-112.0,-105.0,betonlineag,bovada
2026-04-08,656605,strikeouts,4.5,110.0,-135.0,betonlineag,bovada
2026-04-12,607536,strikeouts,3.5,-135.0,118.0,betmgm,betrivers
2026-04-12,607536,strikeouts,3.5,-135.0,118.0,betmgm,betrivers
2026-04-23,663372,strikeouts,3.5,-128.0,101.0,draftkings,draftkings
2026-04-23,663372,strikeouts,3.5,-128.0,101.0,draftkings,draftkings
2026-04-25,668678,strikeouts,3.5,125.0,-147.0,draftkings,betonlineag
2026-04-26,669194,strikeouts,3.5,136.0,-165.0,fanduel,betrivers
2026-04-29,592791,strikeouts,4.5,119.0,-150.0,draftkings,betrivers
2026-04-29,592791,strikeouts,4.5,119.0,-150.0,draftkings,betrivers
2026-05-03,641743,strikeouts,3.5,120.0,-135.0,fanduel,betmgm
2026-05-03,641743,strikeouts,3.5,120.0,-135.0,fanduel,betmgm
2026-05-06,605288,strikeouts,3.5,124.0,-145.0,draftkings,betmgm
2026-05-06,605288,strikeouts,3.5,124.0,-145.0,draftkings,betmgm
2026-05-09,669160,strikeouts,3.5,-165.0,140.0,betmgm,betrivers
2026-05-09,669160,strikeouts,4.5,130.0,-149.0,fanduel,draftkings
2026-05-09,669160,strikeouts,3.5,-165.0,140.0,betmgm,betrivers
2026-05-09,669160,strikeouts,4.5,130.0,-149.0,fanduel,draftkings
2026-05-10,681517,strikeouts,3.5,-148.0,120.0,draftkings,fanatics
2026-05-12,687075,strikeouts,4.5,105.0,-125.0,bovada,betmgm
2026-05-13,694819,strikeouts,7.5,-134.0,128.0,mybookieag,betonlineag
2026-05-13,694819,strikeouts,8.5,130.0,-175.0,betrivers,betrivers
2026-05-14,690986,strikeouts,5.5,-130.0,114.0,betmgm,fanduel
2026-05-16,669302,strikeouts,5.5,-186.0,138.0,betrivers,betrivers
2026-05-16,669302,strikeouts,6.5,110.0,-120.0,betmgm,bovada
2026-05-16,669302,strikeouts,5.5,-186.0,138.0,betrivers,betrivers
2026-05-16,669302,strikeouts,6.5,110.0,-120.0,betmgm,bovada
2026-05-17,669923,strikeouts,5.5,110.0,-122.0,fanatics,fanduel
2026-05-25,666200,strikeouts,5.5,-190.0,140.0,betrivers,betrivers
2026-05-25,666200,strikeouts,6.5,110.0,-133.0,fanatics,draftkings
2026-05-27,650911,strikeouts,6.5,-118.0,105.0,betmgm,fanatics
2026-05-27,650911,strikeouts,6.5,-118.0,105.0,betmgm,fanatics
2026-05-30,656492,strikeouts,4.5,-152.0,114.0,betrivers,betrivers
2026-05-30,656492,strikeouts,5.5,143.0,-155.0,betrivers,betmgm
2026-05-31,641793,strikeouts,3.5,115.0,-130.0,betmgm,fanduel
2026-06-02,605400,strikeouts,5.5,122.0,-144.0,fanduel,draftkings
2026-06-03,650911,strikeouts,6.5,-152.0,124.0,fanduel,fanduel
2026-06-03,650911,strikeouts,7.5,120.0,-159.0,betrivers,betrivers
2026-06-04,554430,strikeouts,6.5,104.0,-115.0,fanduel,betmgm
2026-06-10,663903,strikeouts,3.5,-160.0,120.0,betmgm,betmgm
2026-06-10,663903,strikeouts,4.5,120.0,-135.0,betrivers,bovada
2026-06-10,663903,strikeouts,3.5,-160.0,120.0,betmgm,betmgm
2026-06-10,663903,strikeouts,4.5,120.0,-135.0,betrivers,bovada
2026-06-12,669358,strikeouts,4.5,-155.0,127.0,betmgm,draftkings
2026-06-12,669358,strikeouts,5.5,132.0,-162.0,fanduel,fanduel
2026-06-14,669432,strikeouts,4.5,-102.0,-117.0,fanduel,draftkings
2026-06-15,669160,strikeouts,4.5,-185.0,135.0,betmgm,betmgm
2026-06-15,669160,strikeouts,5.5,120.0,-140.0,fanduel,fanatics
2026-06-16,669467,strikeouts,3.5,-134.0,117.0,fanduel,draftkings
2026-06-17,681517,strikeouts,3.5,-130.0,110.0,fanatics,fanduel
2026-03-29,677944,strikeouts,4.5,-105.0,-115.0,fanatics,draftkings
2026-03-29,677944,strikeouts,4.5,-105.0,-115.0,fanatics,draftkings
2026-04-01,693645,strikeouts,5.5,-140.0,120.0,betmgm,betonlineag
2026-04-01,693645,strikeouts,6.5,148.0,-153.0,betrivers,draftkings
2026-04-01,693645,strikeouts,5.5,-140.0,120.0,betmgm,betonlineag
2026-04-01,693645,strikeouts,6.5,148.0,-153.0,betrivers,draftkings
2026-04-08,669022,strikeouts,5.5,-190.0,140.0,betrivers,betrivers
2026-04-08,669022,strikeouts,6.5,112.0,-135.0,draftkings,betonlineag
2026-04-08,669022,strikeouts,5.5,-190.0,140.0,betrivers,betrivers
2026-04-08,669022,strikeouts,6.5,112.0,-135.0,draftkings,betonlineag
2026-04-12,675989,strikeouts,3.5,-122.0,104.0,draftkings,betrivers
2026-04-13,681347,strikeouts,4.5,-130.0,110.0,betonlineag,bovada
2026-04-18,543135,strikeouts,5.5,-130.0,114.0,betmgm,draftkings
2026-04-18,543135,strikeouts,6.5,140.0,-190.0,betrivers,betrivers
2026-04-18,543135,strikeouts,5.5,-130.0,114.0,betmgm,draftkings
2026-04-18,543135,strikeouts,6.5,140.0,-190.0,betrivers,betrivers
2026-04-19,669022,strikeouts,6.5,-104.0,-110.0,draftkings,bovada
2026-04-22,650644,strikeouts,4.5,-129.0,110.0,draftkings,fanduel
2026-04-22,650644,strikeouts,4.5,-129.0,110.0,draftkings,fanduel
2026-04-25,669461,strikeouts,4.5,119.0,-136.0,draftkings,fanduel
2026-04-25,669461,strikeouts,4.5,119.0,-136.0,draftkings,fanduel
2026-04-26,700241,strikeouts,3.5,100.0,-114.0,fanatics,betrivers
2026-04-27,687570,strikeouts,4.5,-135.0,124.0,bovada,draftkings
2026-04-27,687570,strikeouts,5.5,138.0,-190.0,betrivers,betrivers
2026-04-28,657746,strikeouts,5.5,-115.0,-110.0,betonlineag,fanduel
2026-04-29,671737,strikeouts,5.5,-143.0,120.0,betrivers,draftkings
2026-05-03,663460,strikeouts,5.5,105.0,-111.0,betrivers,draftkings
2026-05-03,663460,strikeouts,5.5,105.0,-111.0,betrivers,draftkings
2026-05-06,527048,strikeouts,3.5,-120.0,109.0,fanduel,draftkings
2026-05-06,527048,strikeouts,3.5,-120.0,109.0,fanduel,draftkings
2026-05-08,680732,strikeouts,4.5,-135.0,110.0,betmgm,fanduel
2026-05-09,641743,strikeouts,3.5,-145.0,123.0,bovada,draftkings
2026-05-10,663436,strikeouts,4.5,-123.0,114.0,betonlineag,betrivers
2026-05-14,681347,strikeouts,5.5,115.0,-128.0,fanatics,fanduel
2026-05-14,681347,strikeouts,5.5,115.0,-128.0,fanatics,fanduel
2026-05-16,621111,strikeouts,3.5,-159.0,135.0,betrivers,bovada
2026-05-16,621111,strikeouts,3.5,-159.0,135.0,betrivers,bovada
2026-05-20,680732,strikeouts,4.5,-155.0,132.0,betmgm,betrivers
2026-05-20,680732,strikeouts,5.5,124.0,-154.0,draftkings,fanduel
2026-05-20,680732,strikeouts,4.5,-155.0,132.0,betmgm,betrivers
2026-05-20,680732,strikeouts,5.5,124.0,-154.0,draftkings,fanduel
2026-05-22,702070,strikeouts,4.5,-118.0,103.0,fanduel,draftkings
2026-05-23,663568,strikeouts,3.5,-145.0,130.0,betmgm,fanduel
2026-05-23,663568,strikeouts,4.5,138.0,-186.0,betrivers,betrivers
2026-05-24,607625,strikeouts,4.5,-148.0,130.0,betrivers,fanduel
2026-05-27,605488,strikeouts,4.5,-105.0,-110.0,fanatics,fanduel
2026-05-27,605488,strikeouts,4.5,-105.0,-110.0,fanatics,fanduel
2026-05-31,518876,strikeouts,4.5,-135.0,128.0,betmgm,fanduel
2026-05-31,518876,strikeouts,4.5,-135.0,128.0,betmgm,fanduel
2026-06-03,642547,strikeouts,5.5,-144.0,120.0,fanduel,bovada
2026-06-03,642547,strikeouts,6.5,120.0,-159.0,betrivers,betrivers
2026-06-06,672456,strikeouts,3.5,-165.0,125.0,betmgm,betmgm
2026-06-06,672456,strikeouts,4.5,134.0,-158.0,fanduel,draftkings
2026-06-07,656427,strikeouts,5.5,-134.0,116.0,betrivers,fanduel
2026-06-09,669432,strikeouts,4.5,-140.0,125.0,betmgm,fanatics
2026-06-10,687064,strikeouts,4.5,-110.0,-102.0,fanduel,draftkings
2026-06-11,680694,strikeouts,5.5,-110.0,-102.0,betmgm,draftkings
2026-06-12,641793,strikeouts,3.5,105.0,-118.0,fanatics,draftkings
2026-06-13,676917,strikeouts,4.5,-185.0,135.0,betmgm,betmgm
2026-06-13,676917,strikeouts,5.5,118.0,-138.0,fanduel,draftkings
2026-06-18,669358,strikeouts,5.5,107.0,-130.0,draftkings,fanduel
2026-06-18,669358,strikeouts,5.5,107.0,-130.0,draftkings,fanduel
2026-03-27,693645,strikeouts,4.5,-108.0,-112.0,fanduel,draftkings
2026-03-28,701542,strikeouts,4.5,110.0,-115.0,betonlineag,betmgm
2026-04-01,601713,strikeouts,5.5,-135.0,130.0,betmgm,bovada
2026-04-01,601713,strikeouts,6.5,140.0,-190.0,betrivers,betrivers
2026-04-01,601713,strikeouts,5.5,-135.0,130.0,betmgm,bovada
2026-04-01,601713,strikeouts,6.5,140.0,-190.0,betrivers,betrivers
2026-04-05,673540,strikeouts,5.5,100.0,-117.0,betmgm,draftkings
2026-04-05,673540,strikeouts,5.5,100.0,-117.0,betmgm,draftkings
2026-04-08,605400,strikeouts,5.5,120.0,-135.0,betmgm,bovada
2026-04-08,605400,strikeouts,5.5,120.0,-135.0,betmgm,bovada
2026-04-10,669358,strikeouts,5.5,105.0,-125.0,betmgm,bovada
2026-04-11,605135,strikeouts,4.5,-115.0,110.0,betmgm,betonlineag
2026-04-12,700249,strikeouts,5.5,110.0,-130.0,fanduel,draftkings
2026-04-14,663903,strikeouts,4.5,110.0,-118.0,betonlineag,betmgm
2026-04-15,695076,strikeouts,3.5,-110.0,100.0,betmgm,bovada
2026-04-16,695505,strikeouts,6.5,100.0,-115.0,draftkings,fanatics
2026-04-17,641793,strikeouts,2.5,-159.0,143.0,draftkings,betrivers
2026-04-17,641793,strikeouts,3.5,152.0,-160.0,betonlineag,betmgm
2026-04-18,676917,strikeouts,3.5,-130.0,107.0,fanatics,betrivers
2026-04-23,607192,strikeouts,6.5,132.0,-140.0,betonlineag,betmgm
2026-04-23,607192,strikeouts,6.5,132.0,-140.0,betonlineag,betmgm
2026-04-25,691587,strikeouts,4.5,-142.0,120.0,draftkings,betrivers
2026-04-25,691587,strikeouts,5.5,133.0,-160.0,betrivers,betmgm
2026-04-25,691587,strikeouts,4.5,-142.0,120.0,draftkings,betrivers
2026-04-25,691587,strikeouts,5.5,133.0,-160.0,betrivers,betmgm
2026-04-26,676974,strikeouts,4.5,105.0,-118.0,fanatics,betrivers
2026-04-28,666200,strikeouts,6.5,-130.0,115.0,fanduel,betmgm
2026-04-30,650911,strikeouts,6.5,110.0,-133.0,draftkings,betonlineag
2026-04-30,650911,strikeouts,6.5,110.0,-133.0,draftkings,betonlineag
2026-05-01,663556,strikeouts,5.5,117.0,-135.0,draftkings,bovada
2026-05-02,643377,strikeouts,2.5,-135.0,106.0,betonlineag,draftkings
2026-05-03,571927,strikeouts,4.5,110.0,-135.0,draftkings,betonlineag
2026-05-10,696149,strikeouts,4.5,110.0,-130.0,fanatics,draftkings
2026-05-10,696149,strikeouts,4.5,110.0,-130.0,fanatics,draftkings
2026-05-17,605488,strikeouts,4.5,-115.0,104.0,betmgm,draftkings
2026-05-17,605488,strikeouts,4.5,-115.0,104.0,betmgm,draftkings
2026-05-20,518876,strikeouts,4.5,120.0,-135.0,betrivers,betmgm
2026-05-20,518876,strikeouts,4.5,120.0,-135.0,betrivers,betmgm
2026-05-24,702273,strikeouts,4.5,100.0,-115.0,betmgm,draftkings
2026-05-25,518876,strikeouts,4.5,-105.0,-113.0,bovada,betrivers
2026-05-27,647336,strikeouts,5.5,124.0,-150.0,fanduel,fanatics
2026-05-27,647336,strikeouts,5.5,124.0,-150.0,fanduel,fanatics
2026-05-31,685299,strikeouts,3.5,-105.0,-106.0,fanduel,betrivers
2026-05-31,685299,strikeouts,3.5,-105.0,-106.0,fanduel,betrivers
2026-06-01,675660,strikeouts,2.5,-158.0,128.0,fanduel,fanduel
2026-06-01,675660,strikeouts,3.5,130.0,-154.0,betmgm,draftkings
2026-06-02,690986,strikeouts,6.5,-108.0,-105.0,betrivers,draftkings
2026-06-06,676962,strikeouts,4.5,-165.0,136.0,betmgm,fanduel
2026-06-06,676962,strikeouts,5.5,114.0,-133.0,betrivers,draftkings
2026-06-10,656492,strikeouts,4.5,-160.0,120.0,fanatics,fanatics
2026-06-10,656492,strikeouts,5.5,120.0,-152.0,fanduel,betrivers
2026-06-10,656492,strikeouts,4.5,-160.0,120.0,fanatics,fanatics
2026-06-10,656492,strikeouts,5.5,120.0,-152.0,fanduel,betrivers
2026-06-17,702275,strikeouts,3.5,-132.0,108.0,fanduel,fanduel
2026-06-17,702275,strikeouts,3.5,-132.0,108.0,fanduel,fanduel
2026-03-26,656876,strikeouts,3.5,-182.0,135.0,betrivers,betrivers
2026-03-26,656876,strikeouts,4.5,130.0,-151.0,betonlineag,draftkings
2026-03-28,671212,strikeouts,4.5,-159.0,130.0,betrivers,bovada
2026-03-28,671212,strikeouts,5.5,125.0,-154.0,betmgm,draftkings
2026-03-29,571927,strikeouts,3.5,-122.0,105.0,draftkings,betmgm
2026-03-30,605280,strikeouts,3.5,-120.0,100.0,draftkings,fanduel
2026-03-31,673540,strikeouts,4.5,-135.0,120.0,betmgm,draftkings
2026-03-31,673540,strikeouts,5.5,128.0,-175.0,betrivers,betrivers
2026-04-01,642547,strikeouts,5.5,-155.0,135.0,betmgm,betrivers
2026-04-01,642547,strikeouts,6.5,117.0,-145.0,betonlineag,draftkings
2026-04-03,664285,strikeouts,5.5,-118.0,104.0,betmgm,draftkings
2026-04-04,656427,strikeouts,5.5,-148.0,120.0,betrivers,fanatics
2026-04-05,672456,strikeouts,3.5,133.0,-145.0,draftkings,betmgm
2026-04-07,676917,strikeouts,4.5,-109.0,-110.0,draftkings,bovada
2026-04-08,571945,strikeouts,3.5,-125.0,110.0,betmgm,bovada
2026-04-11,624133,strikeouts,4.5,-115.0,110.0,betonlineag,bovada
2026-04-11,624133,strikeouts,4.5,-115.0,110.0,betonlineag,bovada
2026-04-12,678394,strikeouts,4.5,112.0,-135.0,draftkings,bovada
2026-04-13,668909,strikeouts,5.5,-150.0,135.0,betmgm,betrivers
2026-04-13,668909,strikeouts,6.5,118.0,-145.0,draftkings,bovada
2026-04-14,676282,strikeouts,4.5,-145.0,138.0,betmgm,betrivers
2026-04-14,676282,strikeouts,5.5,116.0,-148.0,fanduel,betrivers
2026-04-15,677944,strikeouts,4.5,115.0,-140.0,draftkings,betmgm
2026-04-18,621121,strikeouts,4.5,-136.0,118.0,betrivers,fanduel
2026-04-18,621121,strikeouts,4.5,-136.0,118.0,betrivers,fanduel
2026-04-19,681347,strikeouts,4.5,-143.0,121.0,betrivers,draftkings
2026-04-19,681347,strikeouts,5.5,148.0,-155.0,betrivers,betmgm
2026-04-20,676974,strikeouts,4.5,-140.0,125.0,betmgm,betrivers
2026-04-20,676974,strikeouts,5.5,128.0,-154.0,betrivers,draftkings
2026-04-21,663978,strikeouts,4.5,116.0,-135.0,draftkings,betmgm
2026-04-22,676083,strikeouts,3.5,-114.0,105.0,fanduel,betmgm
2026-04-25,693433,strikeouts,5.5,114.0,-130.0,draftkings,bovada
2026-04-25,693433,strikeouts,5.5,114.0,-130.0,draftkings,bovada
2026-04-26,676106,strikeouts,3.5,-160.0,155.0,betmgm,betrivers
2026-04-26,676106,strikeouts,4.5,132.0,-150.0,betonlineag,betrivers
2026-04-28,677952,strikeouts,5.5,-120.0,106.0,bovada,draftkings
2026-04-29,696149,strikeouts,4.5,-127.0,118.0,mybookieag,betonlineag
2026-04-30,694973,strikeouts,6.5,-120.0,103.0,fanatics,draftkings
2026-05-02,808963,strikeouts,4.5,105.0,-110.0,betmgm,betonlineag
2026-05-02,808963,strikeouts,4.5,105.0,-110.0,betmgm,betonlineag
2026-05-03,680736,strikeouts,3.5,-141.0,125.0,draftkings,bovada
2026-05-04,694477,strikeouts,3.5,-143.0,120.0,betrivers,bovada
2026-05-06,687075,strikeouts,3.5,-157.0,135.0,draftkings,betrivers
2026-05-06,687075,strikeouts,4.5,130.0,-160.0,betmgm,bovada
2026-05-09,681190,strikeouts,3.5,-150.0,135.0,betrivers,bovada
2026-05-09,681190,strikeouts,4.5,155.0,-155.0,betrivers,betmgm
2026-05-09,681190,strikeouts,3.5,-150.0,135.0,betrivers,bovada
2026-05-09,681190,strikeouts,4.5,155.0,-155.0,betrivers,betmgm
2026-05-10,621111,strikeouts,3.5,-150.0,125.0,draftkings,bovada
2026-05-10,621111,strikeouts,4.5,133.0,-165.0,betrivers,betmgm
2026-05-14,682052,strikeouts,4.5,-118.0,110.0,betmgm,betonlineag
2026-05-14,682052,strikeouts,4.5,-118.0,110.0,betmgm,betonlineag
2026-05-16,702070,strikeouts,3.5,-160.0,140.0,betmgm,betrivers
2026-05-16,702070,strikeouts,4.5,125.0,-162.0,bovada,betrivers
2026-05-16,702070,strikeouts,3.5,-160.0,140.0,betmgm,betrivers
2026-05-16,702070,strikeouts,4.5,125.0,-162.0,bovada,betrivers
2026-05-17,663568,strikeouts,3.5,-155.0,143.0,betmgm,betrivers
2026-05-17,663568,strikeouts,4.5,128.0,-161.0,betonlineag,draftkings
2026-05-19,656605,strikeouts,4.5,118.0,-144.0,betonlineag,fanduel
2026-05-20,669387,strikeouts,4.5,112.0,-135.0,draftkings,bovada
2026-05-21,677952,strikeouts,5.5,124.0,-155.0,draftkings,betrivers
2026-05-23,695534,strikeouts,3.5,-112.0,-106.0,draftkings,fanduel
2026-05-23,695534,strikeouts,3.5,-112.0,-106.0,draftkings,fanduel
2026-05-23,663978,strikeouts,3.5,-134.0,115.0,fanduel,fanatics
2026-05-23,663978,strikeouts,3.5,-134.0,115.0,fanduel,fanatics
2026-05-25,694819,strikeouts,8.5,110.0,-121.0,fanduel,draftkings
2026-05-26,690986,strikeouts,6.5,104.0,-115.0,draftkings,fanduel
2026-05-29,684007,strikeouts,4.5,-155.0,120.0,betmgm,fanatics
2026-05-29,684007,strikeouts,5.5,138.0,-162.0,fanduel,draftkings
2026-05-30,676962,strikeouts,4.5,-158.0,130.0,fanduel,betmgm
2026-05-30,676962,strikeouts,5.5,125.0,-160.0,draftkings,draftkings
2026-06-01,594798,strikeouts,6.5,121.0,-140.0,draftkings,fanduel
2026-06-02,543135,strikeouts,5.5,-128.0,105.0,draftkings,bovada
2026-06-03,669022,strikeouts,5.5,120.0,-152.0,fanatics,fanduel
2026-06-06,666157,strikeouts,4.5,-140.0,115.0,fanatics,bovada
2026-06-07,695076,strikeouts,3.5,118.0,-134.0,draftkings,betrivers
2026-06-09,642547,strikeouts,5.5,-135.0,116.0,draftkings,fanduel
2026-06-11,681035,strikeouts,4.5,-166.0,130.0,draftkings,draftkings
2026-06-11,681035,strikeouts,5.5,136.0,-167.0,fanduel,betrivers
2026-06-13,687570,strikeouts,4.5,-125.0,110.0,betmgm,fanduel
2026-06-13,687570,strikeouts,4.5,-125.0,110.0,betmgm,fanduel
2026-06-14,671737,strikeouts,4.5,-159.0,124.0,draftkings,draftkings
2026-06-14,671737,strikeouts,5.5,122.0,-150.0,fanduel,fanduel
2026-06-16,650633,strikeouts,4.5,105.0,-118.0,bovada,draftkings
2026-06-18,702070,strikeouts,4.5,106.0,-120.0,fanduel,betmgm
2026-03-26,669461,strikeouts,3.5,-144.0,128.0,fanduel,betonlineag
2026-03-28,700241,strikeouts,3.5,-105.0,-114.0,fanatics,fanduel
2026-03-29,669160,strikeouts,4.5,109.0,-135.0,draftkings,betmgm
2026-03-30,690986,strikeouts,4.5,-147.0,120.0,betonlineag,fanatics
2026-03-30,690986,strikeouts,5.5,138.0,-186.0,betrivers,betrivers
2026-03-31,605540,strikeouts,5.5,-110.0,-108.0,fanatics,draftkings
2026-04-01,694819,strikeouts,6.5,100.0,-117.0,fanduel,betrivers
2026-04-03,641927,strikeouts,3.5,-156.0,122.0,betonlineag,draftkings
2026-04-03,641927,strikeouts,4.5,135.0,-178.0,betmgm,fanduel
2026-04-04,690953,strikeouts,4.5,110.0,-122.0,fanatics,draftkings
2026-04-05,680573,strikeouts,4.5,128.0,-140.0,betonlineag,fanduel
2026-04-06,592791,strikeouts,3.5,-125.0,115.0,betmgm,bovada
2026-04-07,665871,strikeouts,3.5,115.0,-120.0,betmgm,bovada
2026-04-08,607067,strikeouts,3.5,114.0,-134.0,fanduel,draftkings
2026-04-10,661563,strikeouts,3.5,-150.0,145.0,betmgm,betrivers
2026-04-10,661563,strikeouts,4.5,128.0,-148.0,betonlineag,betrivers
2026-04-11,608331,strikeouts,5.5,109.0,-121.0,betonlineag,betrivers
2026-04-12,693645,strikeouts,5.5,100.0,-110.0,betmgm,bovada
2026-04-15,680732,strikeouts,4.5,114.0,-130.0,fanduel,fanatics
2026-04-17,696149,strikeouts,4.5,-105.0,-104.0,betmgm,draftkings
2026-04-18,694973,strikeouts,6.5,112.0,-135.0,draftkings,betmgm
2026-04-19,656605,strikeouts,3.5,-150.0,145.0,betmgm,betrivers
2026-04-19,656605,strikeouts,4.5,152.0,-159.0,betonlineag,betrivers
2026-04-20,695076,strikeouts,3.5,101.0,-125.0,draftkings,fanduel
2026-04-21,695505,strikeouts,5.5,100.0,-110.0,betmgm,betrivers
2026-04-22,682227,strikeouts,3.5,112.0,-118.0,draftkings,fanduel
2026-04-24,671737,strikeouts,4.5,-140.0,135.0,betmgm,betrivers
2026-04-24,671737,strikeouts,5.5,123.0,-157.0,draftkings,draftkings
2026-04-25,641927,strikeouts,3.5,-140.0,143.0,betmgm,betrivers
2026-04-25,641927,strikeouts,4.5,130.0,-165.0,bovada,betrivers
2026-04-26,680573,strikeouts,3.5,105.0,-115.0,betmgm,draftkings
2026-04-27,800048,strikeouts,4.5,-110.0,102.0,betmgm,betrivers
2026-04-28,676440,strikeouts,4.5,-115.0,-105.0,betmgm,bovada
2026-04-29,668909,strikeouts,5.5,100.0,100.0,betmgm,bovada
2026-05-01,592662,strikeouts,4.5,-150.0,123.0,betmgm,betrivers
2026-05-01,592662,strikeouts,5.5,133.0,-153.0,betrivers,draftkings
2026-05-02,694738,strikeouts,4.5,-135.0,117.0,betmgm,betonlineag
2026-05-02,694738,strikeouts,5.5,155.0,-159.0,betrivers,draftkings
2026-05-03,641816,strikeouts,3.5,-160.0,140.0,betmgm,betrivers
2026-05-03,641816,strikeouts,4.5,125.0,-144.0,fanatics,draftkings
2026-05-04,641778,strikeouts,3.5,110.0,-125.0,betonlineag,betmgm
2026-05-05,592332,strikeouts,5.5,123.0,-141.0,draftkings,betrivers
2026-05-06,571578,strikeouts,3.5,-110.0,105.0,draftkings,bovada
2026-05-08,813349,strikeouts,4.5,110.0,-120.0,betmgm,bovada
2026-05-10,801139,strikeouts,5.5,110.0,-125.0,bovada,draftkings
2026-05-11,592332,strikeouts,4.5,-154.0,128.0,betonlineag,draftkings
2026-05-11,592332,strikeouts,5.5,138.0,-160.0,betrivers,betmgm
2026-05-12,571578,strikeouts,3.5,115.0,-129.0,fanatics,betrivers
2026-05-13,656302,strikeouts,6.5,110.0,-128.0,fanatics,fanduel
2026-05-15,676083,strikeouts,3.5,-108.0,100.0,betonlineag,bovada
2026-05-16,645261,strikeouts,4.5,124.0,-158.0,draftkings,fanduel
2026-05-17,691587,strikeouts,5.5,115.0,-131.0,betonlineag,draftkings
2026-05-18,669432,strikeouts,4.5,114.0,-140.0,betrivers,betmgm
2026-05-19,680694,strikeouts,5.5,115.0,-128.0,betmgm,draftkings
2026-05-20,669358,strikeouts,4.5,-110.0,-109.0,fanatics,betrivers
2026-05-22,543037,strikeouts,4.5,-145.0,120.0,draftkings,fanduel
2026-05-22,543037,strikeouts,5.5,140.0,-190.0,betrivers,betrivers
2026-05-24,677960,strikeouts,5.5,-114.0,-103.0,betrivers,draftkings
2026-05-25,680694,strikeouts,5.5,-118.0,100.0,betmgm,fanduel
2026-05-26,669358,strikeouts,4.5,-118.0,100.0,fanduel,betmgm
2026-05-27,694346,strikeouts,3.5,-104.0,-112.0,betrivers,fanduel
2026-05-29,700712,strikeouts,3.5,-130.0,125.0,fanatics,betmgm
2026-05-30,672282,strikeouts,5.5,-107.0,-119.0,draftkings,draftkings
2026-05-31,686799,strikeouts,3.5,115.0,-136.0,fanatics,draftkings
2026-06-02,656427,strikeouts,4.5,-159.0,130.0,betrivers,bovada
2026-06-03,675512,strikeouts,3.5,-105.0,-121.0,draftkings,draftkings
2026-06-07,645261,strikeouts,4.5,109.0,-120.0,draftkings,betmgm
2026-06-08,813349,strikeouts,4.5,-145.0,120.0,fanatics,bovada
2026-06-09,801139,strikeouts,5.5,127.0,-155.0,draftkings,betmgm
2026-06-14,680570,strikeouts,4.5,-141.0,122.0,draftkings,fanduel
2026-06-14,680570,strikeouts,5.5,115.0,-155.0,betmgm,betmgm
2026-06-14,680570,strikeouts,4.5,-141.0,122.0,draftkings,fanduel
2026-06-14,680570,strikeouts,5.5,115.0,-155.0,betmgm,betmgm
2026-06-17,660271,strikeouts,5.5,-148.0,120.0,fanduel,fanduel
2026-06-17,660271,strikeouts,6.5,120.0,-133.0,betmgm,draftkings
2026-06-17,660271,strikeouts,5.5,-148.0,120.0,fanduel,fanduel
2026-06-17,660271,strikeouts,6.5,120.0,-133.0,betmgm,draftkings
2026-03-26,650911,strikeouts,5.5,-147.0,115.0,draftkings,draftkings
2026-03-26,650911,strikeouts,6.5,135.0,-182.0,betrivers,betrivers
2026-03-28,605400,strikeouts,5.5,115.0,-130.0,betonlineag,fanduel
2026-03-29,666200,strikeouts,6.5,-110.0,110.0,betrivers,betmgm
2026-03-30,605135,strikeouts,4.5,-103.0,-105.0,betrivers,betonlineag
2026-03-31,621107,strikeouts,3.5,-150.0,126.0,fanatics,fanduel
2026-03-31,621107,strikeouts,4.5,138.0,-186.0,betrivers,betrivers
2026-04-01,669432,strikeouts,4.5,-160.0,138.0,betmgm,betrivers
2026-04-01,669432,strikeouts,5.5,120.0,-145.0,fanduel,draftkings
2026-04-03,663903,strikeouts,4.5,-140.0,127.0,betmgm,draftkings
2026-04-03,663903,strikeouts,5.5,130.0,-158.0,betrivers,fanduel
2026-04-04,695076,strikeouts,3.5,-150.0,133.0,betmgm,betrivers
2026-04-04,695076,strikeouts,4.5,132.0,-160.0,betonlineag,bovada
2026-04-05,695505,strikeouts,6.5,-125.0,110.0,betmgm,bovada
2026-04-08,693433,strikeouts,5.5,-152.0,130.0,betonlineag,bovada
2026-04-08,693433,strikeouts,6.5,130.0,-153.0,betrivers,draftkings
2026-04-08,693433,strikeouts,5.5,-152.0,130.0,betonlineag,bovada
2026-04-08,693433,strikeouts,6.5,130.0,-153.0,betrivers,draftkings
2026-04-12,808963,strikeouts,4.5,102.0,-125.0,draftkings,fanatics
2026-04-12,808963,strikeouts,4.5,102.0,-125.0,draftkings,fanatics
2026-04-16,682052,strikeouts,5.5,-105.0,-105.0,bovada,betmgm
2026-04-16,682052,strikeouts,5.5,-105.0,-105.0,bovada,betmgm
2026-04-18,669923,strikeouts,5.5,-125.0,117.0,betmgm,draftkings
2026-04-18,669923,strikeouts,6.5,140.0,-190.0,betrivers,betrivers
2026-04-18,669923,strikeouts,5.5,-125.0,117.0,betmgm,draftkings
2026-04-18,669923,strikeouts,6.5,140.0,-190.0,betrivers,betrivers
2026-04-19,693433,strikeouts,5.5,-130.0,120.0,betmgm,draftkings
2026-04-19,693433,strikeouts,6.5,130.0,-165.0,betrivers,bovada
2026-04-25,605488,strikeouts,4.5,-145.0,115.0,fanatics,betmgm
2026-04-25,605488,strikeouts,5.5,140.0,-155.0,fanduel,draftkings
2026-04-25,605488,strikeouts,4.5,-145.0,115.0,fanatics,betmgm
2026-04-25,605488,strikeouts,5.5,140.0,-155.0,fanduel,draftkings
2026-04-26,669372,strikeouts,4.5,100.0,-125.0,betonlineag,bovada
2026-05-01,656427,strikeouts,4.5,-155.0,128.0,betmgm,betrivers
2026-05-01,656427,strikeouts,5.5,125.0,-145.0,bovada,fanatics
2026-05-02,672456,strikeouts,3.5,-165.0,132.0,fanatics,betrivers
2026-05-02,672456,strikeouts,4.5,130.0,-154.0,betrivers,draftkings
2026-05-05,695684,strikeouts,3.5,-145.0,117.0,bovada,draftkings
2026-05-06,701542,strikeouts,5.5,-150.0,135.0,bovada,betrivers
2026-05-06,701542,strikeouts,6.5,116.0,-155.0,betrivers,betrivers
2026-05-09,665795,strikeouts,5.5,123.0,-135.0,draftkings,bovada
2026-05-09,665795,strikeouts,5.5,123.0,-135.0,draftkings,bovada
2026-05-10,592791,strikeouts,4.5,-110.0,101.0,betmgm,draftkings
2026-05-17,663567,strikeouts,4.5,-142.0,117.0,fanduel,draftkings
2026-05-20,607536,strikeouts,4.5,124.0,-142.0,draftkings,fanduel
2026-05-20,607536,strikeouts,4.5,124.0,-142.0,draftkings,fanduel
2026-05-24,672282,strikeouts,6.5,-110.0,-104.0,betmgm,draftkings
2026-05-24,672282,strikeouts,6.5,-110.0,-104.0,betmgm,draftkings
2026-05-25,837227,strikeouts,4.5,-134.0,120.0,betrivers,betmgm
2026-05-30,607625,strikeouts,4.5,-135.0,117.0,betmgm,betrivers
2026-05-30,607625,strikeouts,5.5,140.0,-190.0,betrivers,betrivers
2026-05-30,607625,strikeouts,4.5,-135.0,117.0,betmgm,betrivers
2026-05-30,607625,strikeouts,5.5,140.0,-190.0,betrivers,betrivers
2026-05-31,608379,strikeouts,4.5,-135.0,122.0,betmgm,fanduel
2026-06-01,700241,strikeouts,3.5,-109.0,-110.0,betrivers,fanduel
2026-06-02,669160,strikeouts,4.5,-125.0,110.0,betmgm,draftkings
2026-06-03,669467,strikeouts,3.5,-152.0,124.0,fanduel,fanduel
2026-06-06,676440,strikeouts,4.5,-165.0,126.0,bovada,fanduel
2026-06-06,676440,strikeouts,5.5,122.0,-150.0,draftkings,betmgm
2026-06-07,676282,strikeouts,4.5,-155.0,135.0,betmgm,betrivers
2026-06-07,676282,strikeouts,5.5,121.0,-155.0,draftkings,draftkings
2026-06-09,663568,strikeouts,3.5,-137.0,115.0,betrivers,draftkings
2026-06-10,607625,strikeouts,4.5,105.0,-121.0,fanatics,draftkings
2026-06-11,608379,strikeouts,4.5,-105.0,-103.0,betmgm,draftkings
2026-06-12,543243,strikeouts,5.5,134.0,-150.0,fanduel,betrivers
2026-06-13,624133,strikeouts,5.5,-105.0,-104.0,betmgm,fanduel
2026-06-14,813349,strikeouts,5.5,-115.0,100.0,fanduel,betmgm
2026-06-18,657746,strikeouts,6.5,-118.0,-105.0,draftkings,betrivers
2026-03-27,622663,strikeouts,3.5,-105.0,-103.0,betmgm,betrivers
2026-03-28,605488,strikeouts,3.5,105.0,-130.0,bovada,betonlineag
2026-03-29,806960,strikeouts,3.5,-120.0,-103.0,fanduel,betrivers
2026-03-30,608372,strikeouts,2.5,-158.0,138.0,fanduel,betrivers
2026-03-30,608372,strikeouts,3.5,132.0,-177.0,betrivers,betrivers
2026-03-31,663372,strikeouts,3.5,107.0,-125.0,draftkings,betrivers
2026-04-01,607536,strikeouts,3.5,110.0,-110.0,betmgm,betrivers
2026-04-05,663436,strikeouts,3.5,-118.0,110.0,draftkings,betmgm
2026-04-06,680736,strikeouts,3.5,100.0,-105.0,bovada,betmgm
2026-04-07,808967,strikeouts,5.5,-125.0,110.0,betmgm,betrivers
2026-04-07,808967,strikeouts,6.5,143.0,-158.0,betrivers,draftkings
2026-04-08,660271,strikeouts,5.5,-145.0,124.0,fanatics,draftkings
2026-04-08,660271,strikeouts,6.5,125.0,-167.0,betrivers,betrivers
2026-04-10,680573,strikeouts,3.5,-125.0,117.0,betmgm,betonlineag
2026-04-11,657746,strikeouts,5.5,107.0,-135.0,draftkings,bovada
2026-04-12,671737,strikeouts,4.5,-141.0,127.0,betrivers,draftkings
2026-04-12,671737,strikeouts,5.5,155.0,-160.0,betrivers,betmgm
2026-04-14,694819,strikeouts,6.5,-132.0,108.0,fanduel,draftkings
2026-04-15,694477,strikeouts,3.5,-190.0,140.0,betrivers,betrivers
2026-04-15,694477,strikeouts,4.5,141.0,-137.0,betonlineag,draftkings
2026-04-16,687075,strikeouts,3.5,120.0,-115.0,betrivers,betmgm
2026-04-19,669194,strikeouts,4.5,120.0,-141.0,bovada,betrivers
2026-04-19,669194,strikeouts,4.5,120.0,-141.0,bovada,betrivers
2026-04-22,667755,strikeouts,5.5,100.0,-108.0,betmgm,draftkings
2026-04-22,667755,strikeouts,5.5,100.0,-108.0,betmgm,draftkings
2026-04-24,668909,strikeouts,5.5,115.0,-125.0,draftkings,betmgm
2026-04-25,676282,strikeouts,4.5,-111.0,105.0,draftkings,betmgm
2026-04-26,677944,strikeouts,3.5,-125.0,107.0,bovada,draftkings
2026-04-27,624133,strikeouts,3.5,-160.0,135.0,betmgm,betrivers
2026-04-27,624133,strikeouts,4.5,130.0,-166.0,bovada,fanduel
2026-04-28,801139,strikeouts,4.5,-145.0,128.0,betmgm,betonlineag
2026-04-28,801139,strikeouts,5.5,133.0,-154.0,betrivers,draftkings
2026-04-29,678394,strikeouts,3.5,-139.0,116.0,betrivers,fanduel
2026-04-30,641927,strikeouts,3.5,-151.0,120.0,draftkings,fanduel
2026-05-02,687570,strikeouts,3.5,-168.0,132.0,draftkings,draftkings
2026-05-02,687570,strikeouts,4.5,124.0,-160.0,betonlineag,betmgm
2026-05-02,687570,strikeouts,3.5,-168.0,132.0,draftkings,draftkings
2026-05-02,687570,strikeouts,4.5,124.0,-160.0,betonlineag,betmgm
2026-05-03,657746,strikeouts,5.5,114.0,-135.0,betrivers,bovada
2026-05-04,607259,strikeouts,3.5,-137.0,115.0,draftkings,betmgm
2026-05-05,656876,strikeouts,4.5,-114.0,-105.0,fanduel,betmgm
2026-05-06,663556,strikeouts,4.5,-129.0,125.0,draftkings,betrivers
2026-05-06,663556,strikeouts,5.5,135.0,-160.0,bovada,betmgm
2026-05-08,672282,strikeouts,5.5,106.0,-115.0,betonlineag,betmgm
2026-05-09,686799,strikeouts,3.5,126.0,-139.0,fanduel,draftkings
2026-05-10,667755,strikeouts,5.5,109.0,-117.0,draftkings,betrivers
2026-05-11,656876,strikeouts,4.5,100.0,-105.0,betrivers,betmgm
2026-05-12,663556,strikeouts,4.5,-116.0,-105.0,betonlineag,draftkings
2026-05-13,643377,strikeouts,3.5,-145.0,120.0,bovada,betmgm
2026-05-15,669724,strikeouts,0.5,-103.0,-125.0,betonlineag,betonlineag
2026-05-16,663554,strikeouts,3.5,-160.0,140.0,fanatics,fanduel
2026-05-16,663554,strikeouts,4.5,130.0,-175.0,betmgm,betmgm
2026-05-17,656427,strikeouts,4.5,-128.0,117.0,fanduel,draftkings
2026-05-18,677960,strikeouts,5.5,110.0,-130.0,fanduel,betrivers
2026-05-19,701542,strikeouts,4.5,-175.0,128.0,betrivers,betrivers
2026-05-19,701542,strikeouts,5.5,128.0,-152.0,betonlineag,fanduel
2026-05-20,693645,strikeouts,5.5,-140.0,117.0,fanduel,draftkings
2026-05-20,693645,strikeouts,6.5,145.0,-160.0,betrivers,betmgm
2026-05-21,607074,strikeouts,4.5,-186.0,138.0,betrivers,betrivers
2026-05-21,607074,strikeouts,5.5,117.0,-140.0,betrivers,fanatics
2026-05-22,696149,strikeouts,3.5,-157.0,132.0,betrivers,draftkings
2026-05-23,694973,strikeouts,6.5,-115.0,113.0,betmgm,draftkings
2026-05-24,656605,strikeouts,3.5,-169.0,132.0,draftkings,draftkings
2026-05-24,656605,strikeouts,4.5,133.0,-145.0,betrivers,betmgm
2026-05-25,676083,strikeouts,3.5,-111.0,-105.0,draftkings,bovada
2026-05-26,645261,strikeouts,3.5,-170.0,138.0,fanatics,betrivers
2026-05-26,645261,strikeouts,4.5,127.0,-162.0,draftkings,draftkings
2026-05-27,691587,strikeouts,4.5,-177.0,130.0,betrivers,betrivers
2026-05-27,691587,strikeouts,5.5,123.0,-147.0,betrivers,draftkings
2026-05-28,605135,strikeouts,3.5,-169.0,138.0,draftkings,fanduel
2026-05-28,605135,strikeouts,4.5,132.0,-175.0,betrivers,betmgm
2026-05-29,669432,strikeouts,4.5,116.0,-134.0,draftkings,fanduel
2026-05-30,687064,strikeouts,3.5,-132.0,110.0,fanduel,betmgm
2026-05-31,680694,strikeouts,5.5,114.0,-134.0,draftkings,fanduel
2026-06-02,693821,strikeouts,4.5,123.0,-144.0,betrivers,fanduel
2026-06-03,656550,strikeouts,4.5,-112.0,-108.0,fanduel,fanduel
2026-06-04,519242,strikeouts,7.5,124.0,-143.0,fanduel,betrivers
2026-06-06,680694,strikeouts,5.5,125.0,-157.0,betmgm,draftkings
2026-06-07,669358,strikeouts,4.5,-145.0,113.0,draftkings,draftkings
2026-06-07,669358,strikeouts,5.5,135.0,-160.0,bovada,betmgm
2026-06-08,650911,strikeouts,6.5,115.0,-135.0,draftkings,betmgm
2026-06-09,554430,strikeouts,5.5,-119.0,100.0,draftkings,fanduel
2026-06-10,666200,strikeouts,5.5,-105.0,-120.0,betmgm,bovada
2026-06-12,677960,strikeouts,5.5,130.0,-156.0,bovada,draftkings
2026-06-13,693645,strikeouts,5.5,128.0,-139.0,draftkings,betrivers
2026-06-14,701542,strikeouts,4.5,-118.0,100.0,fanduel,draftkings
2026-06-16,801139,strikeouts,5.5,123.0,-125.0,betrivers,draftkings
2026-06-17,687562,strikeouts,2.5,-155.0,115.0,betmgm,betmgm
2026-06-18,543243,strikeouts,4.5,110.0,-134.0,fanduel,fanduel
2026-03-26,669432,strikeouts,4.5,-144.0,124.0,fanduel,draftkings
2026-03-28,680694,strikeouts,5.5,-129.0,115.0,draftkings,betrivers
2026-03-29,669358,strikeouts,5.5,-111.0,-105.0,draftkings,betmgm
2026-03-30,663460,strikeouts,4.5,-130.0,121.0,bovada,draftkings
2026-03-30,663460,strikeouts,5.5,128.0,-175.0,betrivers,betrivers
2026-04-01,702070,strikeouts,4.5,105.0,-110.0,bovada,betmgm
2026-04-02,666142,strikeouts,6.5,-175.0,130.0,betmgm,betmgm
2026-04-02,666142,strikeouts,7.5,118.0,-133.0,fanduel,draftkings
2026-04-03,671212,strikeouts,5.5,-109.0,-102.0,betrivers,draftkings
2026-04-04,571927,strikeouts,3.5,-175.0,130.0,betmgm,betmgm
2026-04-04,571927,strikeouts,4.5,131.0,-150.0,draftkings,bovada
2026-04-05,607259,strikeouts,4.5,125.0,-132.0,bovada,draftkings
2026-04-06,663554,strikeouts,4.5,-150.0,123.0,betmgm,draftkings
2026-04-06,663554,strikeouts,5.5,130.0,-175.0,betrivers,betrivers
2026-04-07,669373,strikeouts,7.5,-130.0,115.0,betmgm,draftkings
2026-04-07,669373,strikeouts,8.5,133.0,-180.0,betrivers,betrivers
2026-04-08,664285,strikeouts,5.5,-102.0,-115.0,draftkings,betrivers
2026-04-09,656427,strikeouts,5.5,-132.0,115.0,draftkings,bovada
2026-04-09,656427,strikeouts,6.5,135.0,-160.0,betrivers,betmgm
2026-04-10,571578,strikeouts,4.5,124.0,-125.0,fanduel,betmgm
2026-04-11,641778,strikeouts,4.5,-104.0,-105.0,fanduel,betmgm
2026-04-12,453286,strikeouts,4.5,-145.0,130.0,bovada,betonlineag
2026-04-12,453286,strikeouts,5.5,135.0,-182.0,betrivers,betrivers
2026-04-13,676979,strikeouts,7.5,-111.0,-110.0,betonlineag,betmgm
2026-04-14,543243,strikeouts,5.5,-135.0,116.0,betmgm,fanduel
2026-04-14,543243,strikeouts,6.5,138.0,-186.0,betrivers,betrivers
2026-04-15,813349,strikeouts,4.5,-177.0,130.0,betrivers,betrivers
2026-04-15,813349,strikeouts,5.5,118.0,-135.0,betrivers,betmgm
2026-04-18,671096,strikeouts,4.5,116.0,-125.0,draftkings,betmgm
2026-04-18,671096,strikeouts,4.5,116.0,-125.0,draftkings,betmgm
2026-04-19,663903,strikeouts,4.5,-120.0,105.0,betmgm,bovada
2026-04-21,690997,strikeouts,6.5,112.0,-132.0,draftkings,fanduel
2026-04-22,605280,strikeouts,4.5,-110.0,-110.0,fanatics,bovada
2026-04-23,681035,strikeouts,4.5,113.0,-125.0,draftkings,betonlineag
2026-04-24,656876,strikeouts,4.5,-139.0,125.0,betonlineag,betmgm
2026-04-25,663556,strikeouts,4.5,-154.0,130.0,betonlineag,betrivers
2026-04-25,663556,strikeouts,5.5,125.0,-150.0,fanatics,betmgm
2026-04-27,622491,strikeouts,4.5,-153.0,125.0,draftkings,betrivers
2026-04-27,622491,strikeouts,5.5,125.0,-160.0,betrivers,betmgm
2026-04-28,669302,strikeouts,5.5,-110.0,105.0,betmgm,bovada
2026-04-29,669923,strikeouts,4.5,-180.0,133.0,betrivers,betrivers
2026-04-29,669923,strikeouts,5.5,126.0,-149.0,fanduel,draftkings
2026-04-30,592332,strikeouts,5.5,-110.0,110.0,betmgm,betonlineag
2026-05-02,656302,strikeouts,6.5,110.0,-115.0,fanduel,betmgm
2026-05-02,656302,strikeouts,6.5,110.0,-115.0,fanduel,betmgm
2026-05-03,702056,strikeouts,4.5,-161.0,128.0,betonlineag,draftkings
2026-05-03,702056,strikeouts,5.5,135.0,-167.0,bovada,betrivers
2026-05-05,676917,strikeouts,4.5,-135.0,123.0,betmgm,betrivers
2026-05-05,676917,strikeouts,5.5,123.0,-165.0,betrivers,betrivers
2026-05-06,571945,strikeouts,3.5,118.0,-125.0,betrivers,betonlineag
2026-05-07,663623,strikeouts,4.5,-110.0,100.0,betmgm,draftkings
2026-05-08,800048,strikeouts,5.5,-120.0,100.0,fanatics,betmgm
2026-05-09,676440,strikeouts,5.5,125.0,-136.0,betmgm,fanduel
2026-05-10,668909,strikeouts,6.5,-135.0,125.0,bovada,betrivers
2026-05-10,668909,strikeouts,7.5,120.0,-159.0,betrivers,betrivers
2026-05-12,691587,strikeouts,4.5,-182.0,135.0,betrivers,betrivers
2026-05-12,691587,strikeouts,5.5,128.0,-135.0,betonlineag,bovada
2026-05-13,676974,strikeouts,4.5,-156.0,123.0,draftkings,betrivers
2026-05-13,676974,strikeouts,5.5,128.0,-156.0,betrivers,betonlineag
2026-05-16,701656,strikeouts,4.5,-157.0,118.0,betrivers,betrivers
2026-05-16,701656,strikeouts,5.5,130.0,-139.0,betonlineag,draftkings
2026-05-17,688107,strikeouts,3.5,-105.0,-106.0,betmgm,draftkings
2026-05-18,837227,strikeouts,4.5,115.0,-130.0,bovada,betonlineag
2026-05-20,681347,strikeouts,4.5,-130.0,115.0,betmgm,draftkings
2026-05-22,801139,strikeouts,5.5,-105.0,100.0,betrivers,bovada
2026-05-24,543243,strikeouts,5.5,108.0,-117.0,fanduel,draftkings
2026-05-25,641743,strikeouts,3.5,-186.0,138.0,betrivers,betrivers
2026-05-25,641743,strikeouts,4.5,130.0,-154.0,fanduel,draftkings
2026-05-26,680732,strikeouts,4.5,-110.0,-105.0,fanduel,betrivers
2026-05-28,663436,strikeouts,5.5,105.0,-115.0,betmgm,fanatics
2026-05-29,683003,strikeouts,4.5,-130.0,117.0,fanduel,draftkings
2026-05-30,656605,strikeouts,4.5,104.0,-126.0,fanduel,draftkings
2026-05-31,677952,strikeouts,4.5,-157.0,118.0,betrivers,betrivers
2026-05-31,677952,strikeouts,5.5,134.0,-140.0,fanduel,betmgm
2026-06-02,663436,strikeouts,4.5,-185.0,135.0,betmgm,betmgm
2026-06-02,663436,strikeouts,5.5,120.0,-143.0,betrivers,draftkings
2026-06-03,607200,strikeouts,3.5,116.0,-141.0,draftkings,betrivers
2026-06-04,607625,strikeouts,4.5,-120.0,105.0,betmgm,bovada
2026-06-06,679883,strikeouts,3.5,-118.0,102.0,draftkings,betrivers
2026-06-07,702070,strikeouts,4.5,-121.0,116.0,betrivers,fanduel
2026-06-09,675512,strikeouts,3.5,-164.0,134.0,fanduel,fanduel
2026-06-09,675512,strikeouts,4.5,130.0,-175.0,betmgm,betmgm
2026-06-10,664285,strikeouts,4.5,-150.0,126.0,fanatics,fanduel
2026-06-10,664285,strikeouts,5.5,128.0,-163.0,draftkings,draftkings
2026-06-11,672456,strikeouts,3.5,-130.0,111.0,fanatics,draftkings
2026-06-13,669461,strikeouts,4.5,-105.0,-108.0,betmgm,draftkings
2026-06-13,669461,strikeouts,4.5,-105.0,-108.0,betmgm,draftkings
2026-06-14,700241,strikeouts,3.5,100.0,-112.0,fanatics,betrivers
2026-06-18,683004,strikeouts,5.5,112.0,-105.0,fanduel,betmgm
2026-03-26,543135,strikeouts,4.5,-182.0,135.0,betrivers,betrivers
2026-03-26,543135,strikeouts,5.5,120.0,-145.0,betmgm,bovada
2026-03-29,669022,strikeouts,5.5,-123.0,106.0,betonlineag,betrivers
2026-03-29,669022,strikeouts,6.5,140.0,-165.0,betrivers,betmgm
2026-03-30,656492,strikeouts,4.5,118.0,-147.0,betrivers,betonlineag
2026-04-01,676917,strikeouts,4.5,103.0,-125.0,betonlineag,draftkings
2026-04-03,547179,strikeouts,3.5,-169.0,135.0,draftkings,betrivers
2026-04-03,547179,strikeouts,4.5,120.0,-145.0,fanatics,betmgm
2026-04-05,608372,strikeouts,3.5,139.0,-147.0,betonlineag,draftkings
2026-04-05,608372,strikeouts,3.5,139.0,-147.0,betonlineag,draftkings
2026-04-08,641816,strikeouts,4.5,-102.0,-115.0,draftkings,betmgm
2026-04-08,641816,strikeouts,4.5,-102.0,-115.0,draftkings,betmgm
2026-04-10,647336,strikeouts,4.5,-159.0,120.0,betrivers,betrivers
2026-04-10,647336,strikeouts,5.5,130.0,-145.0,betrivers,betmgm
2026-04-11,694297,strikeouts,4.5,100.0,-121.0,fanatics,draftkings
2026-04-12,668678,strikeouts,5.5,121.0,-125.0,draftkings,betmgm
2026-04-13,665871,strikeouts,3.5,-110.0,110.0,bovada,betmgm
2026-04-15,684007,strikeouts,5.5,-101.0,-105.0,draftkings,betmgm
2026-04-17,527048,strikeouts,3.5,120.0,-148.0,betmgm,betrivers
2026-04-18,519242,strikeouts,7.5,110.0,100.0,betmgm,mybookieag
2026-04-19,656550,strikeouts,4.5,-144.0,116.0,draftkings,betonlineag
2026-04-19,656550,strikeouts,5.5,140.0,-165.0,betrivers,betmgm
2026-04-20,607067,strikeouts,4.5,120.0,-150.0,draftkings,betrivers
2026-04-21,684007,strikeouts,5.5,-182.0,135.0,betrivers,betrivers
2026-04-21,684007,strikeouts,6.5,114.0,-125.0,fanduel,fanatics
2026-04-22,571510,strikeouts,4.5,-159.0,135.0,draftkings,betrivers
2026-04-22,571510,strikeouts,5.5,132.0,-150.0,betonlineag,bovada
2026-04-23,665795,strikeouts,4.5,-177.0,132.0,betrivers,betrivers
2026-04-23,665795,strikeouts,5.5,120.0,-141.0,betrivers,draftkings
2026-04-24,656550,strikeouts,4.5,-133.0,115.0,draftkings,fanatics
2026-04-24,656550,strikeouts,5.5,138.0,-160.0,betrivers,betmgm
2026-04-25,693821,strikeouts,4.5,-107.0,-114.0,draftkings,fanduel
2026-04-26,519242,strikeouts,6.5,-135.0,112.0,bovada,draftkings
2026-04-26,519242,strikeouts,7.5,135.0,-182.0,betrivers,betrivers
2026-04-28,641816,strikeouts,4.5,105.0,-114.0,fanatics,fanduel
2026-04-30,657277,strikeouts,5.5,104.0,-127.0,betrivers,betonlineag
2026-04-30,657277,strikeouts,5.5,104.0,-127.0,betrivers,betonlineag
2026-05-01,691587,strikeouts,5.5,105.0,-120.0,bovada,betmgm
2026-05-02,676974,strikeouts,4.5,-152.0,122.0,betonlineag,draftkings
2026-05-02,676974,strikeouts,5.5,133.0,-158.0,betrivers,fanduel
2026-05-03,663978,strikeouts,3.5,-154.0,124.0,betonlineag,draftkings
2026-05-03,663978,strikeouts,4.5,133.0,-165.0,betrivers,betmgm
2026-05-04,676083,strikeouts,3.5,-120.0,100.0,betmgm,bovada
2026-05-05,622663,strikeouts,4.5,-143.0,123.0,draftkings,betrivers
2026-05-05,622663,strikeouts,5.5,130.0,-165.0,betrivers,betmgm
2026-05-06,605488,strikeouts,4.5,-125.0,105.0,bovada,betmgm
2026-05-07,669372,strikeouts,3.5,-167.0,125.0,betrivers,betrivers
2026-05-07,669372,strikeouts,4.5,132.0,-150.0,betrivers,betmgm
2026-05-08,801403,strikeouts,4.5,-182.0,135.0,betrivers,betrivers
2026-05-08,801403,strikeouts,5.5,115.0,-136.0,betrivers,draftkings
2026-05-09,607536,strikeouts,4.5,-117.0,110.0,betrivers,betonlineag
2026-05-10,608372,strikeouts,3.5,120.0,-135.0,fanatics,betmgm
2026-05-13,543243,strikeouts,4.5,110.0,-120.0,betrivers,betmgm
2026-05-14,624133,strikeouts,4.5,-149.0,120.0,betonlineag,draftkings
2026-05-14,624133,strikeouts,5.5,140.0,-164.0,betrivers,fanduel
2026-05-15,677952,strikeouts,5.5,-109.0,-103.0,draftkings,betrivers
2026-05-16,696149,strikeouts,4.5,109.0,-124.0,draftkings,fanduel
2026-05-17,694973,strikeouts,6.5,-140.0,120.0,betmgm,betonlineag
2026-05-17,694973,strikeouts,7.5,140.0,-190.0,betrivers,betrivers
2026-05-18,666157,strikeouts,5.5,111.0,-114.0,draftkings,fanduel
2026-05-19,695505,strikeouts,6.5,120.0,-138.0,bovada,draftkings
2026-05-20,671096,strikeouts,4.5,114.0,-125.0,betrivers,betmgm
2026-05-22,668909,strikeouts,6.5,105.0,-109.0,betmgm,betonlineag
2026-05-23,677944,strikeouts,4.5,108.0,-125.0,betrivers,betmgm
2026-05-24,800048,strikeouts,5.5,-140.0,120.0,betmgm,fanatics
2026-05-24,800048,strikeouts,6.5,140.0,-190.0,betrivers,betrivers
2026-05-25,656288,strikeouts,4.5,128.0,-158.0,fanduel,fanduel
2026-05-27,621111,strikeouts,3.5,-177.0,130.0,betrivers,betrivers
2026-05-27,621111,strikeouts,4.5,130.0,-152.0,betrivers,fanduel
2026-05-27,621111,strikeouts,3.5,-177.0,130.0,betrivers,betrivers
2026-05-27,621111,strikeouts,4.5,130.0,-152.0,betrivers,fanduel
2026-05-31,808967,strikeouts,6.5,120.0,-130.0,betmgm,draftkings
2026-05-31,808967,strikeouts,6.5,120.0,-130.0,betmgm,draftkings
2026-06-02,681190,strikeouts,3.5,-125.0,105.0,fanatics,draftkings
2026-06-03,621111,strikeouts,3.5,-150.0,126.0,fanatics,draftkings
2026-06-03,621111,strikeouts,4.5,140.0,-185.0,bovada,bovada
2026-06-04,608337,strikeouts,3.5,-134.0,117.0,betrivers,draftkings
2026-06-08,571578,strikeouts,3.5,-164.0,134.0,fanduel,fanduel
2026-06-08,571578,strikeouts,4.5,130.0,-175.0,betmgm,betmgm
2026-06-09,656302,strikeouts,6.5,-138.0,115.0,fanduel,betmgm
2026-06-10,453286,strikeouts,3.5,-144.0,124.0,fanduel,draftkings
2026-06-12,694819,strikeouts,8.5,-105.0,-110.0,fanduel,draftkings
2026-06-13,675660,strikeouts,4.5,-155.0,132.0,betrivers,fanduel
2026-06-13,675660,strikeouts,5.5,126.0,-162.0,draftkings,draftkings
2026-06-14,690986,strikeouts,6.5,-148.0,120.0,betrivers,draftkings
2026-06-14,690986,strikeouts,7.5,124.0,-152.0,fanduel,fanduel
2026-06-15,687473,strikeouts,3.5,-135.0,115.0,bovada,betmgm
2026-06-16,663969,strikeouts,3.5,-144.0,117.0,fanduel,draftkings
2026-06-16,663969,strikeouts,4.5,128.0,-175.0,betrivers,betrivers
2026-06-17,645261,strikeouts,4.5,-120.0,114.0,betrivers,draftkings
2026-06-18,640455,strikeouts,5.5,120.0,-149.0,fanatics,draftkings
2026-03-27,666142,strikeouts,6.5,100.0,-115.0,betmgm,draftkings
2026-03-28,608379,strikeouts,3.5,-130.0,120.0,betonlineag,betmgm
2026-03-29,607625,strikeouts,3.5,-186.0,138.0,betrivers,betrivers
2026-03-29,607625,strikeouts,4.5,122.0,-154.0,fanduel,draftkings
2026-03-30,682052,strikeouts,5.5,106.0,-113.0,betonlineag,draftkings
2026-03-31,650644,strikeouts,3.5,-137.0,112.0,betonlineag,draftkings
2026-04-01,622663,strikeouts,3.5,-135.0,125.0,betmgm,betrivers
2026-04-01,622663,strikeouts,4.5,135.0,-170.0,betrivers,bovada
2026-04-04,647336,strikeouts,4.5,-140.0,128.0,betmgm,betonlineag
2026-04-04,647336,strikeouts,4.5,-140.0,128.0,betmgm,betonlineag
2026-04-05,694297,strikeouts,4.5,116.0,-135.0,fanduel,betmgm
2026-04-08,672282,strikeouts,5.5,-117.0,106.0,betrivers,draftkings
2026-04-08,672282,strikeouts,5.5,-117.0,106.0,betrivers,draftkings
2026-04-10,677944,strikeouts,4.5,115.0,-136.0,bovada,draftkings
2026-04-11,800048,strikeouts,4.5,105.0,-109.0,betmgm,draftkings
2026-04-12,676440,strikeouts,4.5,-123.0,104.0,betonlineag,betrivers
2026-04-13,691587,strikeouts,5.5,-105.0,-107.0,betmgm,draftkings
2026-04-14,676974,strikeouts,4.5,110.0,-122.0,betmgm,fanduel
2026-04-15,663978,strikeouts,3.5,101.0,-125.0,draftkings,betmgm
2026-04-17,592836,strikeouts,3.5,122.0,-150.0,fanduel,betmgm
2026-04-18,650911,strikeouts,5.5,-160.0,188.0,betmgm,betrivers
2026-04-18,650911,strikeouts,6.5,116.0,-108.0,fanduel,betrivers
2026-04-19,691725,strikeouts,4.5,-114.0,-110.0,betonlineag,fanatics
2026-04-20,663623,strikeouts,3.5,-130.0,106.0,fanatics,draftkings
2026-04-21,656492,strikeouts,3.5,-160.0,155.0,betmgm,betrivers
2026-04-21,656492,strikeouts,4.5,108.0,-130.0,betrivers,bovada
2026-04-22,641793,strikeouts,3.5,110.0,-125.0,fanatics,bovada
2026-04-23,676917,strikeouts,3.5,-130.0,107.0,fanduel,draftkings
2026-04-24,691725,strikeouts,3.5,-156.0,126.0,betonlineag,draftkings
2026-04-24,691725,strikeouts,4.5,135.0,-182.0,betrivers,betrivers
2026-04-25,554430,strikeouts,4.5,-186.0,138.0,betrivers,betrivers
2026-04-25,554430,strikeouts,5.5,120.0,-143.0,draftkings,betonlineag
2026-04-26,605400,strikeouts,4.5,-160.0,125.0,betmgm,fanatics
2026-04-26,605400,strikeouts,5.5,129.0,-165.0,draftkings,draftkings
2026-04-28,663554,strikeouts,4.5,-110.0,100.0,betonlineag,betmgm
2026-04-29,669373,strikeouts,5.5,-160.0,140.0,betmgm,betrivers
2026-04-29,669373,strikeouts,6.5,120.0,-133.0,betonlineag,mybookieag
2026-04-30,664285,strikeouts,4.5,-120.0,100.0,betrivers,bovada
2026-05-03,607536,strikeouts,3.5,-135.0,115.0,bovada,betmgm
2026-05-03,607536,strikeouts,3.5,-135.0,115.0,bovada,betmgm
2026-05-06,693433,strikeouts,4.5,-160.0,155.0,betmgm,betrivers
2026-05-06,693433,strikeouts,5.5,120.0,-134.0,fanatics,draftkings
2026-05-06,693433,strikeouts,4.5,-160.0,155.0,betmgm,betrivers
2026-05-06,693433,strikeouts,5.5,120.0,-134.0,fanatics,draftkings
2026-05-10,680736,strikeouts,4.5,130.0,-165.0,betonlineag,betmgm
2026-05-10,680736,strikeouts,4.5,130.0,-165.0,betonlineag,betmgm
2026-05-12,607067,strikeouts,4.5,129.0,-150.0,draftkings,bovada
2026-05-13,684007,strikeouts,5.5,107.0,-120.0,betonlineag,mybookieag
2026-05-14,676962,strikeouts,3.5,-110.0,-105.0,betonlineag,bovada
2026-05-15,813349,strikeouts,4.5,-110.0,100.0,betmgm,betonlineag
2026-05-16,801139,strikeouts,4.5,-152.0,132.0,fanduel,betrivers
2026-05-16,801139,strikeouts,5.5,118.0,-147.0,betrivers,draftkings
2026-05-17,678394,strikeouts,3.5,-125.0,112.0,betmgm,draftkings
2026-05-18,676974,strikeouts,5.5,112.0,-135.0,fanduel,betmgm
2026-05-19,666129,strikeouts,4.5,130.0,-144.0,betonlineag,fanduel
2026-05-20,676083,strikeouts,3.5,-134.0,117.0,fanduel,draftkings
2026-05-21,645261,strikeouts,4.5,-130.0,110.0,betonlineag,fanduel
2026-05-23,663623,strikeouts,3.5,-167.0,125.0,betrivers,betrivers
2026-05-23,663623,strikeouts,4.5,132.0,-150.0,betrivers,bovada
2026-05-24,656492,strikeouts,4.5,107.0,-125.0,draftkings,bovada
2026-05-26,624133,strikeouts,4.5,-105.0,-112.0,fanatics,draftkings
2026-05-27,813349,strikeouts,4.5,-175.0,130.0,betrivers,betrivers
2026-05-27,813349,strikeouts,5.5,138.0,-145.0,fanduel,draftkings
2026-05-28,801139,strikeouts,5.5,102.0,-110.0,fanduel,draftkings
2026-05-29,663978,strikeouts,3.5,-120.0,101.0,fanduel,draftkings
2026-05-30,663903,strikeouts,4.5,115.0,-130.0,betmgm,draftkings
2026-05-31,666157,strikeouts,5.5,-115.0,105.0,betmgm,bovada
2026-06-02,592332,strikeouts,5.5,105.0,-125.0,betmgm,betrivers
2026-06-03,571578,strikeouts,3.5,-140.0,110.0,fanatics,bovada
2026-06-06,677952,strikeouts,5.5,-105.0,100.0,bovada,fanatics
2026-06-10,663436,strikeouts,4.5,-135.0,100.0,betmgm,betmgm
2026-06-12,690997,strikeouts,5.5,-125.0,106.0,betmgm,betrivers
2026-06-14,642547,strikeouts,5.5,-111.0,-108.0,draftkings,fanduel
2026-03-26,694819,strikeouts,5.5,-145.0,125.0,bovada,betrivers
2026-03-26,694819,strikeouts,6.5,120.0,-147.0,draftkings,betonlineag
2026-03-28,694477,strikeouts,5.5,110.0,-130.0,bovada,betonlineag
2026-03-29,687075,strikeouts,4.5,-105.0,-121.0,fanatics,draftkings
2026-03-30,663978,strikeouts,3.5,-135.0,120.0,bovada,fanatics
2026-03-31,676083,strikeouts,3.5,-134.0,115.0,betrivers,bovada
2026-04-01,645261,strikeouts,4.5,-160.0,160.0,betmgm,betrivers
2026-04-01,645261,strikeouts,5.5,110.0,-120.0,fanatics,bovada
2026-04-03,656302,strikeouts,7.5,110.0,-115.0,fanduel,betmgm
2026-04-05,641778,strikeouts,4.5,104.0,-125.0,betrivers,betonlineag
2026-04-06,687064,strikeouts,3.5,-130.0,118.0,fanduel,draftkings
2026-04-07,669432,strikeouts,4.5,-150.0,124.0,bovada,draftkings
2026-04-07,669432,strikeouts,5.5,138.0,-145.0,betrivers,betonlineag
2026-04-08,680694,strikeouts,5.5,-150.0,132.0,fanatics,betonlineag
2026-04-08,680694,strikeouts,6.5,123.0,-165.0,betrivers,betrivers
2026-04-09,607625,strikeouts,4.5,-130.0,118.0,betmgm,betonlineag
2026-04-10,663460,strikeouts,5.5,-135.0,124.0,betmgm,draftkings
2026-04-10,663460,strikeouts,6.5,140.0,-190.0,betrivers,betrivers
2026-04-11,608379,strikeouts,4.5,104.0,-115.0,betonlineag,draftkings
2026-04-12,702070,strikeouts,4.5,-122.0,118.0,betrivers,draftkings
2026-04-14,663556,strikeouts,4.5,-139.0,110.0,draftkings,betonlineag
2026-04-14,663556,strikeouts,5.5,145.0,-150.0,bovada,betmgm
2026-04-16,571927,strikeouts,4.5,-143.0,120.0,betonlineag,betrivers
2026-04-16,571927,strikeouts,5.5,132.0,-165.0,betrivers,bovada
2026-04-18,622663,strikeouts,5.5,124.0,-145.0,draftkings,fanatics
2026-04-18,622663,strikeouts,5.5,124.0,-145.0,draftkings,fanatics
2026-04-19,605488,strikeouts,5.5,117.0,-145.0,draftkings,betonlineag
2026-04-23,647336,strikeouts,5.5,-120.0,103.0,betmgm,draftkings
2026-04-23,647336,strikeouts,5.5,-120.0,103.0,betmgm,draftkings
2026-04-25,663623,strikeouts,4.5,115.0,-141.0,betonlineag,draftkings
2026-04-26,656492,strikeouts,4.5,-130.0,112.0,fanatics,draftkings
2026-04-27,686799,strikeouts,3.5,-115.0,-103.0,betmgm,betrivers
2026-04-28,667755,strikeouts,5.5,-144.0,120.0,fanduel,draftkings
2026-04-28,667755,strikeouts,6.5,132.0,-156.0,betrivers,betonlineag
2026-04-29,579328,strikeouts,5.5,-132.0,115.0,draftkings,betmgm
2026-05-06,700712,strikeouts,4.5,123.0,-148.0,draftkings,betrivers
2026-05-06,700712,strikeouts,4.5,123.0,-148.0,draftkings,betrivers
2026-05-08,676106,strikeouts,4.5,-160.0,123.0,bovada,betrivers
2026-05-08,676106,strikeouts,5.5,130.0,-135.0,betrivers,betmgm
2026-05-09,622491,strikeouts,4.5,-117.0,105.0,draftkings,betmgm
2026-05-10,669302,strikeouts,5.5,-145.0,133.0,betonlineag,betrivers
2026-05-10,669302,strikeouts,6.5,112.0,-143.0,draftkings,draftkings
2026-05-12,663568,strikeouts,3.5,-140.0,120.0,betmgm,bovada
2026-05-13,607625,strikeouts,5.5,105.0,-125.0,betrivers,betmgm
2026-05-14,663460,strikeouts,5.5,-106.0,-110.0,betrivers,betmgm
2026-05-15,665795,strikeouts,5.5,104.0,-118.0,draftkings,betrivers
2026-05-16,592791,strikeouts,4.5,-146.0,120.0,draftkings,betmgm
2026-05-17,607067,strikeouts,4.5,-108.0,-110.0,fanduel,betmgm
2026-05-20,676106,strikeouts,5.5,-115.0,102.0,fanduel,betrivers
2026-05-20,676106,strikeouts,5.5,-115.0,102.0,fanduel,betrivers
2026-05-23,605288,strikeouts,3.5,-140.0,125.0,fanduel,betrivers
2026-05-23,605288,strikeouts,4.5,138.0,-186.0,betrivers,betrivers
2026-05-23,605288,strikeouts,3.5,-140.0,125.0,fanduel,betrivers
2026-05-23,605288,strikeouts,4.5,138.0,-186.0,betrivers,betrivers
2026-05-24,592662,strikeouts,5.5,-148.0,125.0,fanduel,betrivers
2026-05-24,592662,strikeouts,6.5,130.0,-150.0,betmgm,draftkings
2026-05-25,805673,strikeouts,4.5,-190.0,140.0,betrivers,betrivers
2026-05-25,805673,strikeouts,5.5,118.0,-140.0,draftkings,betmgm
2026-05-26,657746,strikeouts,5.5,-155.0,116.0,betrivers,betrivers
2026-05-26,657746,strikeouts,6.5,136.0,-149.0,fanduel,draftkings
2026-05-27,687570,strikeouts,4.5,-149.0,120.0,draftkings,betrivers
2026-05-27,687570,strikeouts,5.5,135.0,-167.0,betmgm,betrivers
2026-05-29,675512,strikeouts,3.5,-162.0,120.0,betrivers,betrivers
2026-05-29,675512,strikeouts,4.5,138.0,-170.0,betrivers,fanatics
2026-05-30,664285,strikeouts,5.5,116.0,-129.0,draftkings,betrivers
2026-05-31,672456,strikeouts,3.5,-106.0,105.0,betrivers,betmgm
2026-06-01,657746,strikeouts,5.5,-158.0,130.0,fanduel,betmgm
2026-06-01,657746,strikeouts,6.5,115.0,-150.0,fanatics,fanatics
2026-06-02,687570,strikeouts,4.5,-140.0,114.0,fanduel,fanduel
2026-06-03,671737,strikeouts,5.5,-150.0,130.0,betrivers,fanduel
2026-06-03,671737,strikeouts,6.5,123.0,-157.0,draftkings,draftkings
2026-06-06,691725,strikeouts,3.5,-158.0,128.0,fanduel,fanduel
2026-06-07,605400,strikeouts,5.5,115.0,-124.0,betrivers,draftkings
2026-06-09,656550,strikeouts,4.5,105.0,-110.0,draftkings,betmgm
2026-06-10,519242,strikeouts,7.5,105.0,-120.0,betmgm,bovada
2026-06-12,808963,strikeouts,5.5,-102.0,-115.0,fanduel,bovada
2026-06-13,808967,strikeouts,6.5,118.0,-150.0,draftkings,draftkings
2026-06-14,686218,strikeouts,5.5,106.0,-110.0,draftkings,betmgm
2026-06-16,543037,strikeouts,5.5,-102.0,-106.0,draftkings,fanduel
2026-06-17,607074,strikeouts,5.5,-132.0,115.0,fanduel,fanatics
2026-06-17,607074,strikeouts,6.5,119.0,-151.0,draftkings,draftkings
2026-06-18,677960,strikeouts,5.5,-118.0,100.0,draftkings,fanduel
2026-06-18,677960,strikeouts,6.5,110.0,-150.0,betmgm,betmgm
2026-03-27,607536,strikeouts,3.5,-145.0,128.0,draftkings,betonlineag
2026-03-27,607536,strikeouts,4.5,138.0,-186.0,betrivers,betrivers
2026-03-29,500779,strikeouts,3.5,125.0,-139.0,betmgm,draftkings
2026-03-30,663436,strikeouts,3.5,-114.0,-104.0,fanduel,betonlineag
2026-03-31,607200,strikeouts,3.5,130.0,-163.0,betrivers,draftkings
2026-04-01,681343,strikeouts,4.5,120.0,-130.0,betmgm,bovada
2026-04-03,701542,strikeouts,4.5,-182.0,135.0,betrivers,betrivers
2026-04-03,701542,strikeouts,5.5,130.0,-155.0,fanduel,betmgm
2026-04-04,677960,strikeouts,5.5,-102.0,100.0,draftkings,betmgm
2026-04-05,608331,strikeouts,5.5,-135.0,122.0,betmgm,draftkings
2026-04-06,682227,strikeouts,3.5,-155.0,138.0,betmgm,betrivers
2026-04-06,682227,strikeouts,4.5,128.0,-159.0,betonlineag,betrivers
2026-04-07,671096,strikeouts,4.5,-135.0,119.0,betmgm,draftkings
2026-04-07,671096,strikeouts,5.5,148.0,-160.0,betrivers,bovada
2026-04-08,663903,strikeouts,4.5,-115.0,102.0,fanatics,betrivers
2026-04-09,695076,strikeouts,3.5,-145.0,135.0,betmgm,betrivers
2026-04-09,695076,strikeouts,4.5,126.0,-165.0,fanduel,bovada
2026-04-10,672456,strikeouts,3.5,110.0,-125.0,bovada,betmgm
2026-04-11,663554,strikeouts,4.5,115.0,-135.0,fanatics,betmgm
2026-04-12,669373,strikeouts,7.5,-118.0,105.0,betmgm,bovada
2026-04-13,656550,strikeouts,4.5,-160.0,145.0,betmgm,betrivers
2026-04-13,656550,strikeouts,5.5,119.0,-143.0,draftkings,betrivers
2026-04-14,625643,strikeouts,4.5,101.0,-110.0,draftkings,betmgm
2026-04-15,693821,strikeouts,4.5,120.0,-130.0,bovada,betmgm
2026-04-18,605540,strikeouts,4.5,-145.0,120.0,draftkings,betmgm
2026-04-18,605540,strikeouts,5.5,135.0,-165.0,betrivers,bovada
2026-04-19,694819,strikeouts,5.5,-167.0,125.0,betrivers,betrivers
2026-04-19,694819,strikeouts,6.5,120.0,-130.0,betrivers,bovada
2026-04-20,700241,strikeouts,3.5,135.0,-152.0,fanatics,betrivers
2026-04-21,669160,strikeouts,4.5,130.0,-150.0,fanatics,betmgm
2026-04-22,681517,strikeouts,3.5,-114.0,105.0,fanduel,betmgm
2026-04-25,592662,strikeouts,5.5,-145.0,120.0,fanatics,bovada
2026-04-25,592662,strikeouts,6.5,133.0,-180.0,betrivers,betrivers
2026-04-25,592662,strikeouts,5.5,-145.0,120.0,fanatics,bovada
2026-04-25,592662,strikeouts,6.5,133.0,-180.0,betrivers,betrivers
2026-04-26,694738,strikeouts,4.5,-175.0,128.0,betrivers,betrivers
2026-04-26,694738,strikeouts,5.5,125.0,-150.0,draftkings,betmgm
2026-04-29,607192,strikeouts,6.5,-149.0,128.0,mybookieag,betrivers
2026-04-29,607192,strikeouts,7.5,116.0,-142.0,betrivers,draftkings
2026-04-29,607192,strikeouts,6.5,-149.0,128.0,mybookieag,betrivers
2026-04-29,607192,strikeouts,7.5,116.0,-142.0,betrivers,draftkings
2026-05-01,554430,strikeouts,6.5,124.0,-147.0,betonlineag,draftkings
2026-05-02,691725,strikeouts,3.5,-182.0,135.0,betrivers,betrivers
2026-05-02,691725,strikeouts,4.5,128.0,-155.0,fanduel,betmgm
2026-05-03,666200,strikeouts,6.5,105.0,-113.0,betmgm,betrivers
2026-05-04,605400,strikeouts,5.5,115.0,-134.0,fanatics,betrivers
2026-05-05,605135,strikeouts,4.5,-104.0,-114.0,betrivers,draftkings
2026-05-06,687064,strikeouts,3.5,-123.0,100.0,betonlineag,draftkings
2026-05-07,700249,strikeouts,4.5,-120.0,110.0,betmgm,betonlineag
2026-05-08,656492,strikeouts,4.5,100.0,-125.0,betonlineag,betmgm
2026-05-10,676917,strikeouts,4.5,-120.0,-103.0,betmgm,mybookieag
2026-05-12,641927,strikeouts,3.5,-190.0,138.0,betrivers,betrivers
2026-05-12,641927,strikeouts,4.5,125.0,-156.0,betmgm,draftkings
2026-05-13,680573,strikeouts,3.5,-104.0,-110.0,betrivers,betmgm
2026-05-14,805673,strikeouts,4.5,-124.0,107.0,fanduel,draftkings
2026-05-16,607259,strikeouts,3.5,-175.0,128.0,betrivers,betrivers
2026-05-16,607259,strikeouts,4.5,135.0,-164.0,betrivers,fanduel
2026-05-17,656876,strikeouts,4.5,-182.0,135.0,betrivers,betrivers
2026-05-17,656876,strikeouts,5.5,120.0,-132.0,betrivers,draftkings
2026-05-18,702275,strikeouts,3.5,-150.0,148.0,betmgm,betrivers
2026-05-18,702275,strikeouts,4.5,130.0,-148.0,fanatics,betrivers
2026-05-19,527048,strikeouts,3.5,-114.0,104.0,fanduel,betrivers
2026-05-20,519242,strikeouts,7.5,102.0,100.0,fanduel,betmgm
2026-05-21,675911,strikeouts,5.5,-124.0,110.0,betrivers,betonlineag
2026-05-22,668964,strikeouts,2.5,136.0,-165.0,betonlineag,bovada
2026-05-23,642547,strikeouts,5.5,100.0,-118.0,betmgm,draftkings
2026-05-24,681035,strikeouts,4.5,-110.0,102.0,betmgm,draftkings
2026-05-25,702056,strikeouts,5.5,-140.0,120.0,fanduel,betrivers
2026-05-25,702056,strikeouts,6.5,128.0,-145.0,betrivers,draftkings
2026-05-27,592332,strikeouts,5.5,-108.0,-105.0,fanduel,betmgm
2026-05-29,642547,strikeouts,5.5,-108.0,-110.0,draftkings,fanduel
2026-05-30,681035,strikeouts,5.5,118.0,-144.0,fanduel,fanduel
2026-05-31,690997,strikeouts,5.5,-160.0,135.0,fanatics,betrivers
2026-05-31,690997,strikeouts,6.5,122.0,-144.0,fanduel,draftkings
2026-06-01,676917,strikeouts,5.5,112.0,-130.0,betrivers,fanduel
2026-06-03,674841,strikeouts,3.5,-155.0,132.0,betmgm,draftkings
2026-06-03,674841,strikeouts,4.5,132.0,-162.0,fanduel,fanduel
2026-06-06,663556,strikeouts,4.5,-167.0,125.0,betrivers,betrivers
2026-06-06,663556,strikeouts,5.5,126.0,-140.0,draftkings,betmgm
2026-06-07,643377,strikeouts,4.5,123.0,-145.0,betrivers,bovada
2026-06-09,668678,strikeouts,4.5,121.0,-150.0,draftkings,bovada
2026-06-10,669194,strikeouts,4.5,115.0,-138.0,fanatics,fanduel
2026-06-11,518876,strikeouts,3.5,-165.0,125.0,betmgm,betmgm
2026-06-11,518876,strikeouts,4.5,110.0,-135.0,fanduel,draftkings
2026-06-12,677952,strikeouts,5.5,-127.0,116.0,betrivers,fanduel
2026-06-13,696149,strikeouts,4.5,-104.0,-113.0,fanduel,betrivers
2026-06-14,694973,strikeouts,6.5,-128.0,110.0,fanduel,betmgm
2026-06-15,554430,strikeouts,6.5,113.0,-134.0,draftkings,fanduel
2026-06-16,666200,strikeouts,6.5,-118.0,-104.0,fanduel,fanduel
2026-06-17,691725,strikeouts,3.5,-134.0,119.0,fanduel,draftkings
2026-03-27,592662,strikeouts,5.5,-150.0,125.0,betrivers,bovada
2026-03-27,592662,strikeouts,6.5,136.0,-160.0,betonlineag,betmgm
2026-04-01,669923,strikeouts,6.5,-141.0,115.0,betrivers,fanatics
2026-04-01,669923,strikeouts,7.5,140.0,-151.0,betrivers,draftkings
2026-04-01,669923,strikeouts,6.5,-141.0,115.0,betrivers,fanatics
2026-04-01,669923,strikeouts,7.5,140.0,-151.0,betrivers,draftkings
2026-04-03,691587,strikeouts,5.5,-180.0,133.0,betrivers,betrivers
2026-04-03,691587,strikeouts,6.5,112.0,-130.0,draftkings,betmgm
2026-04-04,676974,strikeouts,5.5,102.0,-119.0,betrivers,draftkings
2026-04-07,650644,strikeouts,4.5,-123.0,101.0,betonlineag,draftkings
2026-04-08,622663,strikeouts,4.5,-115.0,116.0,bovada,draftkings
2026-04-09,605488,strikeouts,4.5,-113.0,100.0,draftkings,betrivers
2026-04-10,571927,strikeouts,4.5,105.0,-120.0,fanatics,betmgm
2026-04-11,607259,strikeouts,4.5,-110.0,100.0,betmgm,betonlineag
2026-04-12,656876,strikeouts,4.5,-150.0,124.0,bovada,betonlineag
2026-04-12,656876,strikeouts,5.5,135.0,-160.0,betrivers,betmgm
2026-04-13,579328,strikeouts,5.5,110.0,-132.0,fanatics,betrivers
2026-04-14,672282,strikeouts,5.5,-182.0,135.0,betrivers,betrivers
2026-04-14,672282,strikeouts,6.5,122.0,-148.0,draftkings,betrivers
2026-04-15,686799,strikeouts,3.5,123.0,-144.0,betrivers,draftkings
2026-04-17,608379,strikeouts,4.5,103.0,-115.0,betonlineag,betmgm
2026-04-18,702070,strikeouts,4.5,-115.0,102.0,betmgm,betrivers
2026-04-19,666142,strikeouts,6.5,105.0,-117.0,betmgm,betrivers
2026-04-21,813349,strikeouts,5.5,100.0,-105.0,bovada,betmgm
2026-04-22,624133,strikeouts,4.5,-177.0,132.0,betrivers,betrivers
2026-04-22,624133,strikeouts,5.5,130.0,-159.0,fanduel,betrivers
2026-04-23,801139,strikeouts,4.5,-109.0,107.0,betrivers,betonlineag
2026-04-25,681347,strikeouts,5.5,124.0,-130.0,draftkings,betrivers
2026-04-25,681347,strikeouts,5.5,124.0,-130.0,draftkings,betrivers
2026-04-26,681293,strikeouts,5.5,-110.0,-103.0,bovada,draftkings
2026-04-29,543135,strikeouts,5.5,-105.0,-115.0,fanatics,betmgm
2026-04-29,543135,strikeouts,5.5,-105.0,-115.0,fanatics,betmgm
2026-05-01,700249,strikeouts,4.5,-135.0,110.0,bovada,betrivers
2026-05-02,680694,strikeouts,5.5,-114.0,105.0,fanduel,betmgm
2026-05-03,694346,strikeouts,3.5,-186.0,138.0,betrivers,betrivers
2026-05-03,694346,strikeouts,4.5,123.0,-145.0,draftkings,bovada
2026-05-04,669358,strikeouts,5.5,101.0,-114.0,draftkings,betrivers
2026-05-05,594798,strikeouts,5.5,-182.0,135.0,betrivers,betrivers
2026-05-05,594798,strikeouts,6.5,128.0,-140.0,betonlineag,betmgm
2026-05-06,543135,strikeouts,5.5,112.0,-134.0,betonlineag,betrivers
2026-05-07,669022,strikeouts,5.5,-135.0,120.0,draftkings,betrivers
2026-05-07,669022,strikeouts,6.5,123.0,-155.0,betrivers,betmgm
2026-05-08,694819,strikeouts,7.5,-135.0,115.0,betonlineag,bovada
2026-05-08,694819,strikeouts,8.5,135.0,-180.0,betrivers,betrivers
2026-05-09,690986,strikeouts,5.5,-121.0,102.0,betrivers,draftkings
2026-05-10,701656,strikeouts,5.5,-150.0,122.0,fanatics,draftkings
2026-05-10,701656,strikeouts,6.5,128.0,-165.0,betrivers,bovada
2026-05-11,687064,strikeouts,3.5,-177.0,130.0,betrivers,betrivers
2026-05-11,687064,strikeouts,4.5,130.0,-150.0,betrivers,betmgm
2026-05-12,669432,strikeouts,4.5,-136.0,117.0,fanduel,draftkings
2026-05-13,680694,strikeouts,5.5,-140.0,112.0,fanduel,fanduel
2026-05-13,680694,strikeouts,6.5,140.0,-190.0,betrivers,betrivers
2026-05-15,605280,strikeouts,4.5,-138.0,118.0,fanduel,draftkings
2026-05-15,605280,strikeouts,5.5,135.0,-182.0,betrivers,betrivers
2026-05-17,642547,strikeouts,6.5,112.0,-128.0,fanduel,draftkings
2026-05-18,571578,strikeouts,3.5,-150.0,124.0,betmgm,draftkings
2026-05-19,656302,strikeouts,7.5,110.0,-128.0,bovada,betonlineag
2026-05-20,702056,strikeouts,5.5,-136.0,128.0,fanduel,betonlineag
2026-05-20,702056,strikeouts,6.5,135.0,-182.0,betrivers,betrivers
2026-05-21,680755,strikeouts,1.5,117.0,-152.0,betonlineag,betonlineag
2026-05-22,607259,strikeouts,4.5,115.0,-141.0,fanatics,draftkings
2026-05-24,656876,strikeouts,4.5,-182.0,135.0,betrivers,betrivers
2026-05-24,656876,strikeouts,5.5,116.0,-144.0,fanduel,draftkings
2026-05-25,608379,strikeouts,4.5,-145.0,122.0,fanatics,fanduel
2026-05-27,702070,strikeouts,4.5,100.0,-110.0,betmgm,fanduel
2026-05-31,682052,strikeouts,3.5,-160.0,131.0,fanduel,draftkings
2026-05-31,682052,strikeouts,4.5,125.0,-162.0,betmgm,betrivers
2026-05-31,682052,strikeouts,3.5,-160.0,131.0,fanduel,draftkings
2026-05-31,682052,strikeouts,4.5,125.0,-162.0,betmgm,betrivers
2026-06-02,676282,strikeouts,4.5,-120.0,-102.0,betmgm,draftkings
2026-06-03,668909,strikeouts,6.5,-115.0,-108.0,betmgm,fanduel
2026-06-04,677944,strikeouts,4.5,117.0,-135.0,draftkings,betmgm
2026-06-07,624133,strikeouts,4.5,-155.0,115.0,betmgm,betmgm
2026-06-07,624133,strikeouts,5.5,122.0,-156.0,fanduel,draftkings
2026-06-08,668909,strikeouts,6.5,-135.0,118.0,betmgm,betrivers
2026-06-09,677944,strikeouts,4.5,104.0,-122.0,betrivers,draftkings
2026-06-10,800048,strikeouts,5.5,115.0,-118.0,betmgm,draftkings
2026-06-12,702056,strikeouts,6.5,125.0,-143.0,betmgm,betrivers
2026-06-13,592332,strikeouts,5.5,-155.0,115.0,betmgm,betmgm
2026-06-13,592332,strikeouts,6.5,124.0,-152.0,fanduel,fanduel
2026-06-14,571578,strikeouts,3.5,-150.0,132.0,betmgm,fanduel
2026-06-16,663436,strikeouts,5.5,105.0,-130.0,betmgm,fanduel
2026-06-17,641743,strikeouts,4.5,105.0,-114.0,betmgm,draftkings
2026-03-26,681343,strikeouts,4.5,-114.0,-107.0,fanduel,draftkings
2026-03-28,680732,strikeouts,4.5,-130.0,110.0,betonlineag,draftkings
2026-03-29,641743,strikeouts,3.5,-118.0,100.0,betmgm,bovada
2026-03-30,607259,strikeouts,3.5,-149.0,130.0,draftkings,fanduel
2026-03-30,607259,strikeouts,4.5,140.0,-190.0,betrivers,betrivers
2026-03-31,663556,strikeouts,5.5,124.0,-134.0,betonlineag,betrivers
2026-04-01,656876,strikeouts,3.5,-180.0,135.0,betrivers,betrivers
2026-04-01,656876,strikeouts,4.5,120.0,-133.0,betrivers,betonlineag
2026-04-04,679883,strikeouts,3.5,105.0,-140.0,betmgm,betmgm
2026-04-04,679883,strikeouts,3.5,105.0,-140.0,betmgm,betmgm
2026-04-04,607625,strikeouts,4.5,100.0,-116.0,betonlineag,draftkings
2026-04-04,607625,strikeouts,4.5,100.0,-116.0,betonlineag,draftkings
2026-04-05,663460,strikeouts,4.5,-190.0,138.0,betrivers,betrivers
2026-04-05,663460,strikeouts,5.5,116.0,-140.0,fanduel,betmgm
2026-04-06,678394,strikeouts,4.5,127.0,-130.0,draftkings,betmgm
2026-04-07,676979,strikeouts,7.5,103.0,-120.0,betonlineag,fanduel
2026-04-08,543243,strikeouts,5.5,-125.0,110.0,draftkings,betmgm
2026-04-10,663623,strikeouts,3.5,-160.0,133.0,betmgm,betrivers
2026-04-10,663623,strikeouts,4.5,133.0,-165.0,draftkings,fanatics
2026-04-11,656492,strikeouts,4.5,107.0,-125.0,draftkings,fanduel
2026-04-12,641793,strikeouts,3.5,-170.0,135.0,bovada,betrivers
2026-04-12,641793,strikeouts,4.5,133.0,-159.0,draftkings,betrivers
2026-04-14,592332,strikeouts,5.5,-154.0,140.0,fanduel,betrivers
2026-04-14,592332,strikeouts,6.5,120.0,-143.0,betmgm,betrivers
2026-04-15,656302,strikeouts,6.5,-138.0,120.0,draftkings,bovada
2026-04-15,656302,strikeouts,7.5,128.0,-175.0,betrivers,betrivers
2026-04-16,571578,strikeouts,3.5,-160.0,128.0,betmgm,betrivers
2026-04-16,571578,strikeouts,4.5,135.0,-150.0,bovada,draftkings
2026-04-17,676083,strikeouts,3.5,-135.0,120.0,betmgm,fanduel
2026-04-18,645261,strikeouts,4.5,-125.0,120.0,fanatics,draftkings
2026-04-19,691587,strikeouts,5.5,105.0,-120.0,betmgm,draftkings
2026-04-21,672456,strikeouts,3.5,-157.0,130.0,betrivers,betmgm
2026-04-21,672456,strikeouts,4.5,140.0,-165.0,betrivers,draftkings
2026-04-22,663554,strikeouts,4.5,-150.0,125.0,betmgm,draftkings
2026-04-23,669373,strikeouts,6.5,-155.0,148.0,betmgm,betrivers
2026-04-23,669373,strikeouts,7.5,128.0,-137.0,betonlineag,betrivers
2026-04-24,694973,strikeouts,6.5,110.0,-124.0,bovada,betrivers
2026-04-25,656605,strikeouts,4.5,-103.0,-112.0,betonlineag,fanduel
2026-04-26,669387,strikeouts,4.5,-120.0,108.0,fanatics,betrivers
2026-04-28,518876,strikeouts,4.5,-120.0,101.0,fanatics,draftkings
2026-04-29,593958,strikeouts,4.5,117.0,-134.0,draftkings,betrivers
2026-04-30,647336,strikeouts,5.5,100.0,-106.0,bovada,betonlineag
2026-05-01,663623,strikeouts,4.5,100.0,-122.0,fanduel,draftkings
2026-05-02,656492,strikeouts,4.5,-135.0,126.0,betmgm,fanduel
2026-05-02,656492,strikeouts,5.5,138.0,-186.0,betrivers,betrivers
2026-05-04,681517,strikeouts,3.5,-133.0,107.0,betonlineag,betrivers
2026-05-06,669467,strikeouts,3.5,-120.0,108.0,betmgm,draftkings
2026-05-08,608331,strikeouts,5.5,-103.0,-110.0,betonlineag,fanduel
2026-05-09,693645,strikeouts,5.5,100.0,-103.0,draftkings,betonlineag
2026-05-10,607074,strikeouts,4.5,-131.0,122.0,mybookieag,betonlineag
2026-05-13,650633,strikeouts,5.5,128.0,-140.0,betonlineag,betmgm
2026-05-14,656288,strikeouts,4.5,109.0,-125.0,draftkings,betmgm
2026-05-15,657746,strikeouts,5.5,108.0,-120.0,draftkings,fanduel
2026-05-16,687570,strikeouts,4.5,100.0,-105.0,betonlineag,betmgm
2026-05-17,641927,strikeouts,4.5,136.0,-155.0,fanduel,betmgm
2026-05-18,684007,strikeouts,5.5,125.0,-144.0,fanatics,fanduel
2026-05-19,676962,strikeouts,4.5,-110.0,-107.0,fanduel,draftkings
2026-05-20,665795,strikeouts,4.5,-145.0,130.0,fanatics,betrivers
2026-05-20,665795,strikeouts,5.5,136.0,-162.0,betonlineag,betrivers
2026-05-22,680736,strikeouts,3.5,-161.0,133.0,betonlineag,betrivers
2026-05-22,680736,strikeouts,4.5,133.0,-165.0,betrivers,betmgm
2026-05-23,808963,strikeouts,4.5,-160.0,125.0,betmgm,bovada
2026-05-23,808963,strikeouts,5.5,125.0,-155.0,betrivers,draftkings
2026-05-24,808967,strikeouts,6.5,101.0,-125.0,draftkings,betmgm
2026-05-25,669461,strikeouts,4.5,112.0,-130.0,draftkings,bovada
2026-05-26,700241,strikeouts,3.5,-120.0,101.0,bovada,draftkings
2026-05-27,669160,strikeouts,4.5,-127.0,100.0,betrivers,fanduel
2026-05-30,663567,strikeouts,5.5,124.0,-143.0,fanduel,betrivers
2026-05-30,663567,strikeouts,5.5,124.0,-143.0,fanduel,betrivers
2026-05-31,837227,strikeouts,4.5,-106.0,100.0,fanduel,betmgm
2026-06-01,694738,strikeouts,5.5,-115.0,100.0,betrivers,fanatics
2026-06-02,686790,strikeouts,4.5,-110.0,107.0,betmgm,betrivers
2026-06-03,657277,strikeouts,5.5,116.0,-125.0,betrivers,fanatics
2026-06-04,605288,strikeouts,3.5,-120.0,101.0,betmgm,draftkings
2026-06-07,607536,strikeouts,3.5,-110.0,100.0,bovada,betmgm
2026-06-07,607536,strikeouts,3.5,-110.0,100.0,bovada,betmgm
2026-06-13,605400,strikeouts,4.5,-151.0,126.0,draftkings,fanduel
2026-06-13,605400,strikeouts,5.5,117.0,-157.0,betrivers,betrivers
2026-06-14,650911,strikeouts,7.5,120.0,-146.0,betrivers,draftkings
2026-06-16,677944,strikeouts,4.5,108.0,-130.0,betrivers,draftkings
2026-06-17,668909,strikeouts,6.5,-103.0,-112.0,betrivers,draftkings
2026-06-18,800048,strikeouts,5.5,105.0,-125.0,fanatics,betmgm
