bets,win_rate,staked,profit,roi,max_drawdown,max_drawdown_pct,sharpe
596,0.5184563758389261,29800.0,3546.759583073837,0.11901877795549788,-1298.486128271929,-1.2984861282719289,2.507508000216924
