market,mae,rmse,rows
strikeouts,1.7691707304025412,2.221492933479382,5494
walks,1.0229814801339614,1.2581657472648073,5494
hits_allowed,1.7337341725175333,2.146852738781164,5494
