bets,win_rate,staked,profit,roi,max_drawdown,max_drawdown_pct,sharpe
193,0.5025906735751295,9650.0,1086.684493948669,0.11260979211903305,-476.23381478470174,-0.4762338147847017,1.691732590973854
