market,brier_score,log_loss,mean_over_probability,actual_over_rate,calibration_gap,rows
strikeouts,0.24648865594364433,0.6862482219405927,0.48743344505024555,0.5094540046738899,-0.022,4707
