bets,win_rate,staked,profit,roi,max_drawdown,max_drawdown_pct,sharpe
1280,0.50625,64000.0,3948.0416036563693,0.06168815005713077,-1784.7575118094169,-1.7847575118094168,1.8054274759268796
