target,mae,rmse,rows
innings_pitched,0.5091319620687496,0.7307700183176017,17182
