market,mae,rmse,rows
strikeouts,1.6182624965406405,2.0336940196092104,17182
walks,0.98194001906223,1.2216120398562005,17182
hits_allowed,1.702334766354331,2.128827596211735,17182
