market,brier_score,log_loss,mean_over_probability,actual_over_rate,calibration_gap,rows
strikeouts,0.24620052130797068,0.6856308420397208,0.4769489549710084,0.5094540046738899,-0.0325,4707
