market,mae,rmse,rows
strikeouts,1.7525304041825687,2.208703115856552,5494
walks,1.0196309595473732,1.2545365533242219,5494
hits_allowed,1.720496460321823,2.1292118063192014,5494
