target,mae,rmse,rows
innings_pitched,0.4881184622950592,0.707179514588354,17182
