market,mae,rmse,rows
strikeouts,1.5731948291725424,1.9785117355023383,17182
walks,0.9604492200808212,1.196408567176353,17182
hits_allowed,1.6584759500999555,2.072147831641067,17182
