game_date,pitcher_id,line,p_h1,outcome_over,actual_ks,outcome_push,p_over_open,n_books_open,best_over_odds_open,best_under_odds_open,p_over_close,n_books_close,best_over_odds_close,best_under_odds_close,clv_over,bet_side,p_bet,edge,odds,book,won,clv,ev,pnl,pnl_kelly,month
2026-03-26,667755.0,4.5,0.5944305656366999,1.0,7,0.0,0.43590005684167743,7,128.0,-137.0,0.4548173711677386,7.0,123.0,-120.0,0.018917314326061196,over,0.5944305656366999,0.1585305087950225,128.0,,True,0.018917314326061196,0.35530168965167586,1.28,0.064,2026-03
2026-03-26,686613.0,7.5,0.2995482909198259,1.0,9,0.0,0.4513606919604917,1,109.0,-139.0,0.43382165893154906,3.0,135.0,-140.0,-0.017539033028942663,under,0.7004517090801741,0.15181240104066585,-139.0,,False,0.017539033028942663,0.20437380194360866,-1.0,-0.05,2026-03
2026-03-26,694819.0,5.5,0.6807303869674814,1.0,11,0.0,0.5622810175269759,5,-144.0,117.0,0.5886666748781632,3.0,-165.0,135.0,0.026385657351187253,over,0.6807303869674814,0.11844936944050555,-144.0,,True,0.026385657351187253,0.15345982236156575,0.6944444444444444,0.034722222222222224,2026-03
2026-03-26,676979.0,7.5,0.40477523883453675,1.0,8,0.0,0.49096709322919324,7,-107.0,-112.0,0.4927403503874795,7.0,-104.0,-112.0,0.0017732571582862455,under,0.5952247611654633,0.08619185439465649,-112.0,,False,-0.0017732571582862455,0.12667544077748416,-1.0,-0.035469123417695564,2026-03
2026-03-26,669373.0,7.5,0.2918660395720073,0.0,6,0.0,0.4298663694192644,7,130.0,-140.0,0.4124334404432443,5.0,143.0,-148.0,-0.017432928976020112,under,0.7081339604279927,0.13800032984725713,-140.0,,True,0.017432928976020112,0.21394393216227325,0.7142857142857143,0.03571428571428572,2026-03
2026-03-26,657746.0,6.5,0.3063322876438641,1.0,7,0.0,0.4378041462450007,6,128.0,-136.0,0.4305406222445087,7.0,132.0,-138.0,-0.0072635240004920165,under,0.6936677123561359,0.13147185860113658,-136.0,,False,0.0072635240004920165,0.20371750085329465,-1.0,-0.05,2026-03
2026-03-27,592662.0,6.5,0.2752593390225052,0.0,4,0.0,0.4163087735254799,2,128.0,-167.0,0.3901475868465168,3.0,155.0,-179.0,-0.02616118667896311,under,0.7247406609774948,0.1410494345029747,-167.0,,True,0.02616118667896311,0.15871710467659345,0.5988023952095808,0.029940119760479042,2026-03
2026-03-27,693645.0,4.5,0.6822921491486318,1.0,8,0.0,0.5147350659996797,5,-112.0,100.0,0.4683419702905334,7.0,105.0,-118.0,-0.04639309570914624,over,0.6822921491486318,0.16755708314895212,-112.0,,True,-0.04639309570914624,0.29148156803133873,0.8928571428571429,0.04464285714285715,2026-03
2026-03-27,622663.0,3.5,0.6429546721504267,0.0,3,0.0,0.5293349575024778,6,-127.0,100.0,0.4972330529786954,7.0,-105.0,-108.0,-0.03210190452378242,over,0.6429546721504267,0.11361971464794884,-127.0,,False,-0.03210190452378242,0.14921819352871546,-1.0,-0.04737677644536712,2026-03
2026-03-28,671212.0,5.5,0.5099561570999347,0.0,4,0.0,0.4193548387096774,1,125.0,-160.0,0.4193548387096774,1.0,125.0,-160.0,0.0,over,0.5099561570999347,0.09060131839025731,125.0,,False,0.0,0.14740135347485306,-1.0,-0.02948027069497061,2026-03
2026-03-28,625643.0,4.5,0.5582026559974105,0.0,3,0.0,0.4539578208517157,6,113.0,-135.0,0.46951129398012664,8.0,108.0,-115.0,0.015553473128410933,over,0.5582026559974105,0.10424483514569477,113.0,,False,0.015553473128410933,0.18897165727448428,-1.0,-0.04180788877754075,2026-03
2026-03-28,605488.0,3.5,0.6306235648649627,0.0,2,0.0,0.48987854251012153,1,-110.0,-120.0,0.45352641049696973,7.0,118.0,-130.0,-0.036352132013151794,over,0.6306235648649627,0.1407450223548412,-110.0,,False,-0.036352132013151794,0.20391771474220155,-1.0,-0.05,2026-03
2026-03-29,641743.0,3.5,0.597202578807261,1.0,5,0.0,0.5109325661833378,6,-117.0,-108.0,0.5109310162787025,7.0,-114.0,-101.0,-1.5499046353006918e-06,over,0.597202578807261,0.0862700126239232,-117.0,,True,-1.5499046353006918e-06,0.10763213334338151,0.8547008547008547,0.0269080333358454,2026-03
2026-03-29,676974.0,5.5,0.3964251628914779,0.0,5,0.0,0.5063184648326167,3,-110.0,103.0,0.48472605526353524,6.0,100.0,-119.0,-0.021592409569081428,under,0.6035748371085221,0.10989330194113878,103.0,,True,0.021592409569081428,0.2252569193302999,1.03,0.051500000000000004,2026-03
2026-03-29,641927.0,4.5,0.4330946313900266,0.0,1,0.0,0.5299271298780291,4,-118.0,105.0,0.5516683290050406,8.0,-134.0,115.0,0.021741199127011446,under,0.5669053686099734,0.09683249848800257,105.0,,True,-0.021741199127011446,0.16215600565044552,1.05,0.04053900141261135,2026-03
2026-03-29,676106.0,3.5,0.6269566458213826,1.0,9,0.0,0.5403874426071825,5,-131.0,106.0,0.5549196920263697,7.0,-143.0,114.0,0.014532249419187182,over,0.6269566458213826,0.08656920321420003,-131.0,,True,0.014532249419187182,0.10554950522701811,0.7633587786259542,0.026387376306754525,2026-03
2026-03-29,663623.0,3.5,0.5839046526227563,1.0,7,0.0,0.46918567545800194,2,101.0,-129.0,0.46247315086204777,7.0,109.0,-125.0,-0.006712524595954172,over,0.5839046526227563,0.11471897716475432,101.0,,True,-0.006712524595954172,0.1736483517717401,1.01,0.043412087942934996,2026-03
2026-03-29,571927.0,3.5,0.6865919196074891,0.0,2,0.0,0.5727059162237874,3,-150.0,129.0,0.533392218497521,7.0,-117.0,105.0,-0.03931369772626636,over,0.6865919196074891,0.1138860033837017,-150.0,,False,-0.03931369772626636,0.1443198660124818,-1.0,-0.05,2026-03
2026-03-29,806960.0,3.5,0.7213285508864524,1.0,5,0.0,0.5608744061286534,3,-128.0,122.0,0.5362352953787952,7.0,-125.0,110.0,-0.02463911074985814,over,0.7213285508864524,0.16045414475779907,-128.0,,True,-0.02463911074985814,0.2848664812664934,0.78125,0.0390625,2026-03
2026-03-30,683004.0,4.5,0.6761338496743713,1.0,8,0.0,0.5809082401966951,5,-150.0,140.0,0.5770897311127855,4.0,-143.0,130.0,-0.0038185090839095714,over,0.6761338496743713,0.09522560947767622,-150.0,,True,-0.0038185090839095714,0.12688974945728548,0.6666666666666666,0.03172243736432134,2026-03
2026-03-30,656492.0,3.5,0.6946319262143816,1.0,5,0.0,0.5815476610333955,2,-154.0,128.0,0.6112600536193029,1.0,-190.0,140.0,0.02971239258590741,over,0.6946319262143816,0.11308426518098613,-154.0,,True,0.02971239258590741,0.14569161856138269,0.6493506493506493,0.03246753246753247,2026-03
2026-03-30,592836.0,3.5,0.5816616735111975,0.0,2,0.0,0.4934862662423842,3,-108.0,-115.0,0.42499498430209465,7.0,143.0,-150.0,-0.06849128194028953,over,0.5816616735111975,0.08817540726881329,-108.0,,False,-0.06849128194028953,0.12023729713267661,-1.0,-0.032464070225822685,2026-03
2026-03-30,680573.0,3.5,0.7156310566150248,0.0,2,0.0,0.504668679741475,5,-110.0,-103.0,0.4994052377310851,6.0,-109.0,-105.0,-0.005263442010389918,over,0.7156310566150248,0.2109623768735498,-110.0,,False,-0.005263442010389918,0.36620474444686546,-1.0,-0.05,2026-03
2026-03-31,650644.0,3.5,0.7000304367475436,0.0,3,0.0,0.5406355616038423,8,-130.0,110.0,0.5455793057978424,8.0,-135.0,110.0,0.0049437441940001214,over,0.7000304367475436,0.15939487514370132,-130.0,,False,0.0049437441940001214,0.23851538809180794,-1.0,-0.05,2026-03
2026-03-31,667755.0,4.5,0.6100947857925013,0.0,4,0.0,0.4937928812827079,6,-107.0,-110.0,0.509410830006504,7.0,-107.0,-104.0,0.015617948723796127,over,0.6100947857925013,0.11630190450979344,-107.0,,False,0.015617948723796127,0.18027682858923155,-1.0,-0.04822405164761944,2026-03
2026-03-31,691725.0,4.5,0.5794859613396838,1.0,8,0.0,0.4707861418308386,7,100.0,-122.0,0.4815131273457029,8.0,100.0,-115.0,0.010726985514864285,over,0.5794859613396838,0.10869981950884516,100.0,,True,0.010726985514864285,0.15897192267936755,1.0,0.03974298066984189,2026-03
2026-03-31,696149.0,4.5,0.6981798797161093,1.0,6,0.0,0.5751633986928104,1,-160.0,120.0,0.5914104553577225,2.0,-155.0,143.0,0.016247056664912107,over,0.6981798797161093,0.12301648102329887,-160.0,,True,0.016247056664912107,0.1345423045386776,0.625,0.03125,2026-03
2026-03-31,669467.0,3.5,0.5623308098061935,0.0,3,0.0,0.4296461085777356,7,126.0,-139.0,0.4394097971434066,8.0,130.0,-125.0,0.009763688565671003,over,0.5623308098061935,0.13268470122845794,126.0,,False,0.009763688565671003,0.27086763016199744,-1.0,-0.05,2026-03
2026-03-31,453286.0,5.5,0.4006749828755238,0.0,4,0.0,0.49524354526416253,7,100.0,100.0,0.5050732225630244,7.0,-107.0,102.0,0.009829677298861916,under,0.5993250171244762,0.09456856238863875,100.0,,True,-0.009829677298861916,0.19865003424895233,1.0,0.049662508562238084,2026-03
2026-04-01,702070.0,4.5,0.5835878597967739,1.0,5,0.0,0.46660849297908297,7,116.0,-115.0,0.4723037019122092,8.0,105.0,-118.0,0.00569520893312625,over,0.5835878597967739,0.11697936681769089,116.0,,True,0.00569520893312625,0.26054977716103145,1.16,0.057999999999999996,2026-04
2026-04-01,592332.0,7.5,0.3064058457457878,1.0,10,0.0,0.4335989213256781,2,116.0,-150.0,0.44120185855449623,7.0,118.0,-136.0,0.007602937228818107,under,0.6935941542542122,0.12719307557989035,-150.0,,False,-0.007602937228818107,0.1559902570903537,-1.0,-0.05,2026-04
2026-04-01,668678.0,5.5,0.4435891753284108,0.0,2,0.0,0.5651722755956949,2,-150.0,116.0,0.5381021755702998,7.0,-120.0,112.0,-0.027070100025395116,under,0.5564108246715892,0.12158310026728414,116.0,,True,0.027070100025395116,0.20184738129063262,1.16,0.05046184532265818,2026-04
2026-04-01,681347.0,5.5,0.4233375244112173,1.0,6,0.0,0.5053968002281901,3,-115.0,-110.0,0.4880567612418121,8.0,100.0,-110.0,-0.017340038986378037,under,0.5766624755887827,0.08205927581697281,-110.0,,False,0.017340038986378037,0.10090108976040335,-1.0,-0.027747799684110952,2026-04
2026-04-01,669373.0,6.5,0.44251367566137584,0.0,3,0.0,0.5670257738988136,1,-154.0,116.0,0.5453906048186868,8.0,-125.0,119.0,-0.021635169080126748,under,0.5574863243386241,0.12451209823743775,116.0,,True,0.021635169080126748,0.20417046057142807,1.16,0.05104261514285702,2026-04
2026-04-01,694973.0,6.5,0.43383931405339105,0.0,5,0.0,0.5569436374201047,1,-144.0,113.0,0.5940959409594095,1.0,-175.0,130.0,0.037152303539304876,under,0.566160685946609,0.12310432336671362,113.0,,True,-0.037152303539304876,0.20592226106627698,1.13,0.051480565266569245,2026-04
2026-04-01,605288.0,3.5,0.5987265046798467,1.0,4,0.0,0.5167549138439915,3,-120.0,-101.0,0.5352098078357689,7.0,-125.0,113.0,0.018454893991777355,over,0.5987265046798467,0.08197159083585515,-120.0,,True,0.018454893991777355,0.09766525857971892,0.8333333333333334,0.02441631464492977,2026-04
2026-04-01,607536.0,3.5,0.6041885370879031,1.0,6,0.0,0.4708877546072229,4,100.0,-124.0,0.49125491866288906,8.0,102.0,-106.0,0.020367164055666187,over,0.6041885370879031,0.13330078248068022,100.0,,True,0.020367164055666187,0.2083770741758062,1.0,0.05,2026-04
2026-04-01,694819.0,6.5,0.5558514699031137,1.0,7,0.0,0.4500644549236013,3,110.0,-140.0,0.4737792755482935,7.0,100.0,-120.0,0.023714820624692212,over,0.5558514699031137,0.10578701497951243,110.0,,True,0.023714820624692212,0.16728808679653895,1.1,0.04182202169913474,2026-04
2026-04-01,519242.0,8.5,0.2297927782113236,0.0,3,0.0,0.4762316193864273,3,100.0,-120.0,0.4591713713858729,4.0,115.0,-121.0,-0.01706024800055439,under,0.7702072217886764,0.24643884117510367,-120.0,,True,0.01706024800055439,0.4120465732792401,0.8333333333333334,0.04166666666666667,2026-04
2026-04-01,543135.0,5.5,0.48905228411341445,0.0,5,0.0,0.5695417561615224,4,-145.0,128.0,0.5836873337716751,3.0,-165.0,125.0,0.014145577610152782,under,0.5109477158865856,0.08048947204810791,128.0,,True,-0.014145577610152782,0.16496079222141524,1.28,0.04124019805535384,2026-04
2026-04-01,650911.0,6.5,0.4282562158362081,1.0,7,0.0,0.5606784186653182,4,-145.0,118.0,0.5783288181084397,3.0,-160.0,125.0,0.017650399443121523,under,0.5717437841637919,0.1324222028291101,118.0,,False,-0.017650399443121523,0.24640144947706633,-1.0,-0.05,2026-04
2026-04-01,669923.0,6.5,0.3799615055716351,0.0,6,0.0,0.5445920303605313,1,-140.0,105.0,0.5144330038861815,6.0,-110.0,101.0,-0.03015902647434976,under,0.6200384944283649,0.16463052478889617,105.0,,True,0.03015902647434976,0.27107891357814806,1.05,0.052500000000000005,2026-04
2026-04-02,671737.0,4.5,0.6429469510281551,0.0,3,0.0,0.4256537313829248,4,126.0,-152.0,0.45283894747045533,8.0,116.0,-135.0,0.02718521608753055,over,0.6429469510281551,0.21729321964523035,126.0,,False,0.02718521608753055,0.4530601093236306,-1.0,-0.05,2026-04
2026-04-02,666142.0,6.5,0.45931092546884705,1.0,8,0.0,0.5464908604122892,6,-135.0,111.0,0.5901775896924106,2.0,-162.0,135.0,0.043686729280121406,under,0.540689074531153,0.08717993494344217,111.0,,False,-0.043686729280121406,0.14085394726073286,-1.0,-0.0317238619956606,2026-04
2026-04-03,605400.0,6.5,0.29742019763834765,1.0,9,0.0,0.44421788523157596,1,112.0,-144.0,0.3924905308228578,1.0,138.0,-186.0,-0.051727354408718174,under,0.7025798023616523,0.1467976875932283,-144.0,,False,0.051727354408718174,0.19048244289057747,-1.0,-0.05,2026-04
2026-04-03,650633.0,5.5,0.36395594486707583,0.0,5,0.0,0.553373700565386,5,-138.0,112.0,0.5474317138894692,7.0,-134.0,114.0,-0.005941986675916833,under,0.6360440551329242,0.1894177556983102,112.0,,True,0.005941986675916833,0.3484133968817993,1.12,0.05600000000000001,2026-04
2026-04-03,669022.0,6.5,0.3028408589193024,1.0,9,0.0,0.49411586793674694,6,-108.0,-114.0,0.5680104886023484,7.0,-144.0,125.0,0.07389462066560143,under,0.6971591410806977,0.19127500901744454,-114.0,,False,-0.07389462066560143,0.30870224729183593,-1.0,-0.05,2026-04
2026-04-03,663903.0,5.5,0.34857952015116583,0.0,5,0.0,0.433147541898563,5,125.0,-145.0,0.416376487373344,3.0,132.0,-160.0,-0.016771054525219042,under,0.6514204798488341,0.08456802174739719,-145.0,,True,0.016771054525219042,0.10067598319285764,0.6896551724137931,0.02516899579821441,2026-04
2026-04-03,691587.0,6.5,0.3577740575704737,0.0,4,0.0,0.44810940466025817,5,121.0,-135.0,0.4555425809847363,8.0,114.0,-130.0,0.007433176324478152,under,0.6422259424295262,0.09033534708978447,-135.0,,True,-0.007433176324478152,0.11794886274769378,0.7407407407407407,0.029487215686923474,2026-04
2026-04-03,656302.0,7.5,0.3494458686647117,0.0,6,0.0,0.4458598726114649,1,110.0,-145.0,0.48027099477932644,8.0,100.0,-115.0,0.03441112216786152,under,0.6505541313352883,0.0964140039467532,-145.0,,True,-0.03441112216786152,0.09921215294583197,0.6896551724137931,0.02480303823645796,2026-04
2026-04-03,641927.0,3.5,0.661238922445554,1.0,4,0.0,0.5621165572103268,3,-147.0,121.0,0.5864320653814397,4.0,-157.0,135.0,0.024315508171112832,over,0.661238922445554,0.09912236523522722,-147.0,,True,0.024315508171112832,0.11106131866701935,0.6802721088435374,0.027765329666754823,2026-04
2026-04-03,686218.0,6.5,0.28069608858289985,0.0,2,0.0,0.449438202247191,1,110.0,-140.0,0.3666469544648137,1.0,155.0,-210.0,-0.08279124778237729,under,0.7193039114171002,0.16874211366429115,-140.0,,True,0.08279124778237729,0.23309241957217175,0.7142857142857143,0.03571428571428572,2026-04
2026-04-04,656427.0,5.5,0.4398785789242005,1.0,6,0.0,0.5328685763952707,4,-130.0,104.0,0.5947492609534201,4.0,-165.0,150.0,0.061880684558149324,under,0.5601214210757994,0.09298999747107023,104.0,,False,-0.061880684558149324,0.1426476989946308,-1.0,-0.03429031225832471,2026-04
2026-04-04,693821.0,3.5,0.7009045290543809,1.0,8,0.0,0.5373238330364682,6,-125.0,110.0,0.5398795515153622,8.0,-130.0,110.0,0.002555718478893909,over,0.7009045290543809,0.1635806960179127,-125.0,,True,0.002555718478893909,0.2616281522978857,0.8,0.04000000000000001,2026-04
2026-04-04,607192.0,6.5,0.3273058264607139,1.0,9,0.0,0.43118083042227634,5,120.0,-147.0,0.43608777754646955,7.0,120.0,-135.0,0.004906947124193206,under,0.6726941735392862,0.10387500396156246,-147.0,,False,-0.004906947124193206,0.13030925757961692,-1.0,-0.04788865216050916,2026-04
2026-04-04,663623.0,3.5,0.6568973567354884,1.0,4,0.0,0.5530299627658545,5,-135.0,122.0,0.5352334041319653,8.0,-120.0,106.0,-0.01779655863388918,over,0.6568973567354884,0.10386739396963396,-135.0,,True,-0.01779655863388918,0.14348799135436874,0.7407407407407407,0.035871997838592184,2026-04
2026-04-04,813349.0,4.5,0.6953158998052796,0.0,4,0.0,0.564560028463288,3,-150.0,117.0,0.5881526570193112,4.0,-165.0,135.0,0.023592628556023176,over,0.6953158998052796,0.13075587134199163,-150.0,,False,0.023592628556023176,0.15885983300879936,-1.0,-0.05,2026-04
2026-04-04,676974.0,5.5,0.34595904259875815,1.0,6,0.0,0.47543186374976826,6,100.0,-125.0,0.48228441078560824,8.0,102.0,-110.0,0.006852547035839984,under,0.6540409574012418,0.1294728211510101,-125.0,,False,-0.006852547035839984,0.17727372332223523,-1.0,-0.05,2026-04
2026-04-05,592836.0,3.5,0.555443168034375,1.0,4,0.0,0.47418348479886463,3,104.0,-125.0,0.4715808444515085,7.0,106.0,-125.0,-0.0026026403473561333,over,0.555443168034375,0.08125968323551036,104.0,,True,-0.0026026403473561333,0.133104062790125,1.04,0.03327601569753125,2026-04
2026-04-05,663460.0,5.5,0.3443249659418622,1.0,8,0.0,0.4335043535421396,3,119.0,-150.0,0.4351539817484163,7.0,118.0,-146.0,0.0016496282062766765,under,0.6556750340581379,0.08917938760027744,-150.0,,False,-0.0016496282062766765,0.09279172343022979,-1.0,-0.03479689628633617,2026-04
2026-04-05,663436.0,3.5,0.6592614251331808,1.0,6,0.0,0.5181702681459454,3,-120.0,-104.0,0.5212929818495485,8.0,-113.0,101.0,0.003122713703603175,over,0.6592614251331808,0.1410911569872354,-120.0,,True,0.003122713703603175,0.2086459460774981,0.8333333333333334,0.04166666666666667,2026-04
2026-04-05,656492.0,3.5,0.7400787421420183,1.0,6,0.0,0.592560196855712,2,-170.0,130.0,0.5856613974212291,7.0,-161.0,138.0,-0.006898799434482905,over,0.7400787421420183,0.14751854528630626,-170.0,,True,-0.006898799434482905,0.1754191786961467,0.5882352941176471,0.029411764705882356,2026-04
2026-04-05,665795.0,5.5,0.5723876787248321,0.0,4,0.0,0.45870810918521654,2,105.0,-133.0,0.4480055879060489,8.0,120.0,-130.0,-0.010702521279167654,over,0.5723876787248321,0.11367956953961555,105.0,,False,-0.010702521279167654,0.17339474138590583,-1.0,-0.04128446223473943,2026-04
2026-04-05,657277.0,6.5,0.33542604738166865,0.0,3,0.0,0.4233170265684967,1,123.0,-157.0,0.4059226847662676,2.0,138.0,-160.0,-0.017394341802229096,under,0.6645739526183314,0.08789097918682803,-157.0,,True,0.017394341802229096,0.0878694638401985,0.6369426751592356,0.021967365960049615,2026-04
2026-04-05,680573.0,4.5,0.5852173418220239,0.0,4,0.0,0.4342682694420561,3,127.0,-145.0,0.4115852329571522,5.0,145.0,-158.0,-0.022683036484903885,over,0.5852173418220239,0.1509490723799678,127.0,,False,-0.022683036484903885,0.3284433659359942,-1.0,-0.05,2026-04
2026-04-05,621121.0,5.5,0.3908341827570455,0.0,4,0.0,0.5604878361705424,4,-145.0,115.0,0.5670860683447079,4.0,-146.0,120.0,0.0065982321741654415,under,0.6091658172429545,0.16965365341349692,115.0,,True,-0.0065982321741654415,0.30970650707235214,1.15,0.057499999999999996,2026-04
2026-04-05,608372.0,3.5,0.6387127560469995,1.0,5,0.0,0.4382371853689739,4,115.0,-144.0,0.4336670187325748,8.0,125.0,-149.0,-0.004570166636399087,over,0.6387127560469995,0.20047557067802563,115.0,,True,-0.004570166636399087,0.37323242550104885,1.15,0.057499999999999996,2026-04
2026-04-05,694297.0,4.5,0.5940753018704854,0.0,2,0.0,0.4441134600799253,2,116.0,-137.0,0.4427469824093326,7.0,119.0,-130.0,-0.001366477670592725,over,0.5940753018704854,0.1499618417905601,116.0,,False,-0.001366477670592725,0.2832026520402484,-1.0,-0.05,2026-04
2026-04-05,672456.0,3.5,0.6740548338653445,0.0,3,0.0,0.44362106539269347,4,115.0,-144.0,0.4200807856041876,7.0,130.0,-150.0,-0.02354027978850587,over,0.6740548338653445,0.230433768472651,115.0,,False,-0.02354027978850587,0.4492178928104906,-1.0,-0.05,2026-04
2026-04-06,592791.0,3.5,0.6619399675492561,1.0,4,0.0,0.5561431906419747,6,-138.0,116.0,0.5370019489746937,8.0,-125.0,110.0,-0.01914124166728104,over,0.6619399675492561,0.1057967769072814,-138.0,,True,-0.01914124166728104,0.14160661070089098,0.7246376811594203,0.03540165267522277,2026-04
2026-04-06,676083.0,4.5,0.36584728659911603,0.0,3,0.0,0.44722055037795705,5,116.0,-137.0,0.48872766126056943,8.0,-105.0,-115.0,0.041507110882612386,under,0.634152713400884,0.08137326377884102,-137.0,,True,-0.041507110882612386,0.09703790566430293,0.7299270072992701,0.02425947641607573,2026-04
2026-04-06,669467.0,3.5,0.6010160560347255,0.0,2,0.0,0.5029324820327408,6,-110.0,-102.0,0.5312915421820702,7.0,-120.0,112.0,0.02835906014932943,over,0.6010160560347255,0.09808357400198475,-110.0,,False,0.02835906014932943,0.14739428879356686,-1.0,-0.04053342941823089,2026-04
2026-04-06,657746.0,6.5,0.3658873970320658,1.0,7,0.0,0.46243466945439193,7,106.0,-125.0,0.4736491276015681,8.0,105.0,-118.0,0.011214458147176143,under,0.6341126029679343,0.09654727242232614,-125.0,,False,-0.011214458147176143,0.14140268534228173,-1.0,-0.044188339169463006,2026-04
2026-04-06,605540.0,6.5,0.3339466186242587,0.0,4,0.0,0.45225670073324087,5,110.0,-136.0,0.4164504725660682,3.0,128.0,-160.0,-0.03580622816717266,under,0.6660533813757413,0.1183100821089822,-136.0,,True,0.03580622816717266,0.15579851474025702,0.7352941176470589,0.03676470588235294,2026-04
2026-04-06,687064.0,3.5,0.6880072672650381,0.0,2,0.0,0.537276867727517,5,-130.0,107.0,0.5417171650047153,7.0,-130.0,124.0,0.004440297277198302,over,0.6880072672650381,0.1507303995375211,-130.0,,False,0.004440297277198302,0.2172436266996829,-1.0,-0.05,2026-04
2026-04-06,696149.0,5.5,0.590509329600114,0.0,4,0.0,0.4344114730009469,6,122.0,-140.0,0.42766090948119284,1.0,118.0,-159.0,-0.00675056351975406,over,0.590509329600114,0.15609785659916714,122.0,,False,-0.00675056351975406,0.31093071171225317,-1.0,-0.05,2026-04
2026-04-07,668909.0,5.5,0.6075648736281021,1.0,8,0.0,0.48526160044749295,6,100.0,-111.0,0.493714236497093,8.0,102.0,100.0,0.00845263604960006,over,0.6075648736281021,0.12230327318060913,100.0,,True,0.00845263604960006,0.21512974725620415,1.0,0.05,2026-04
2026-04-07,601713.0,6.5,0.37313211235317834,1.0,8,0.0,0.4845292549856279,8,100.0,-115.0,0.47118944314552635,8.0,104.0,-122.0,-0.013339811840101523,under,0.6268678876468217,0.11139714263244954,-115.0,,False,0.013339811840101523,0.17197039864405783,-1.0,-0.049441489610166596,2026-04
2026-04-07,669373.0,7.5,0.31838304937197615,0.0,7,0.0,0.5711553269166212,7,-152.0,122.0,0.5506075641018299,8.0,-130.0,115.0,-0.020547762814791315,under,0.6816169506280239,0.25277227754464504,122.0,,True,0.020547762814791315,0.513189630394213,1.22,0.061,2026-04
2026-04-07,676979.0,7.5,0.38532833515624587,0.0,7,0.0,0.5113906988475779,6,-110.0,105.0,0.4669859551938836,7.0,110.0,-125.0,-0.044404743653694345,under,0.6146716648437541,0.12606236369133206,105.0,,True,0.044404743653694345,0.26007691292969604,1.05,0.052500000000000005,2026-04
2026-04-07,665871.0,3.5,0.5473186212505209,0.0,3,0.0,0.451708200781945,5,115.0,-133.0,0.45293589612740714,8.0,125.0,-122.0,0.001227695345462132,over,0.5473186212505209,0.09561042046857587,115.0,,False,0.001227695345462132,0.1767350356886198,-1.0,-0.038420659932308684,2026-04
2026-04-07,671096.0,5.5,0.3035883272388724,0.0,2,0.0,0.4167677157952293,2,125.0,-165.0,0.4022080388685831,3.0,150.0,-165.0,-0.014559676926646226,under,0.6964116727611276,0.1131793885563569,-165.0,,True,0.014559676926646226,0.11847935322241704,0.6060606060606061,0.029619838305604218,2026-04
2026-04-07,694973.0,6.5,0.4290812368483551,0.0,6,0.0,0.521201751913644,7,-118.0,102.0,0.5010811400834764,7.0,-105.0,-105.0,-0.020120611830167667,under,0.5709187631516449,0.09212051506528895,102.0,,True,0.020120611830167667,0.15325590156632274,1.02,0.03831397539158066,2026-04
2026-04-08,680732.0,5.5,0.4212679595806108,0.0,3,0.0,0.5422183984878722,3,-135.0,107.0,0.5728721847062854,5.0,-150.0,124.0,0.030653786218413193,under,0.5787320404193892,0.12095043890726143,107.0,,True,-0.030653786218413193,0.19797532366813564,1.07,0.049493830917033965,2026-04
2026-04-08,650633.0,5.5,0.3755621361941086,0.0,4,0.0,0.5278654360949502,3,-125.0,105.0,0.5119788469109966,7.0,-110.0,100.0,-0.01588658918395358,under,0.6244378638058914,0.15230329990084157,105.0,,True,0.01588658918395358,0.28009762080207734,1.05,0.052500000000000005,2026-04
2026-04-08,672282.0,5.5,0.5910835390358583,0.0,4,0.0,0.4719589438937918,4,102.0,-125.0,0.557581719986122,7.0,-135.0,122.0,0.08562277609233027,over,0.5910835390358583,0.11912459514206652,102.0,,False,0.08562277609233027,0.19398874885243378,-1.0,-0.047546261973635755,2026-04
2026-04-08,671212.0,5.5,0.5501273439585697,0.0,3,0.0,0.4584883253704333,4,110.0,-119.0,0.4558472141428996,6.0,115.0,-126.0,-0.0026411112275337434,over,0.5501273439585697,0.09163901858813633,110.0,,False,-0.0026411112275337434,0.15526742231299628,-1.0,-0.03528805052568099,2026-04
2026-04-08,701542.0,5.5,0.4079351939645516,0.0,5,0.0,0.4929511929221252,7,-102.0,-110.0,0.5121017760366657,7.0,-110.0,107.0,0.019150583114540543,under,0.5920648060354484,0.08501599895757361,-110.0,,True,-0.019150583114540543,0.130305538794947,0.9090909090909091,0.03257638469873675,2026-04
2026-04-08,641816.0,4.5,0.6151666254622166,1.0,6,0.0,0.47819424798700916,3,-101.0,-125.0,0.4710995222773329,6.0,106.0,-124.0,-0.007094725709676231,over,0.6151666254622166,0.1369723774752074,-101.0,,True,-0.007094725709676231,0.2242424922564904,0.9900990099009901,0.04950495049504951,2026-04
2026-04-08,607067.0,3.5,0.6941312153077449,0.0,2,0.0,0.4407807397033805,5,120.0,-134.0,0.44805529757202095,6.0,114.0,-137.0,0.007274557868640452,over,0.6941312153077449,0.2533504756043644,120.0,,False,0.007274557868640452,0.5270886736770388,-1.0,-0.05,2026-04
2026-04-08,669022.0,6.5,0.3553386222692758,1.0,9,0.0,0.45390641379125046,4,111.0,-135.0,0.4570124680159768,8.0,114.0,-130.0,0.003106054224726318,under,0.6446613777307242,0.09856779152197465,-135.0,,False,-0.003106054224726318,0.12218832419792724,-1.0,-0.041238559416800484,2026-04
2026-04-08,547179.0,3.5,0.7477880788751466,1.0,4,0.0,0.5648077897605529,3,-145.0,121.0,0.5072753607529267,6.0,-112.0,-105.0,-0.05753242900762623,over,0.7477880788751466,0.18298028911459374,-145.0,,True,-0.05753242900762623,0.2635039953407651,0.6896551724137931,0.03448275862068966,2026-04
2026-04-08,656849.0,4.5,0.5143860128493177,1.0,6,0.0,0.42038171458428647,3,126.0,-152.0,0.41134726136849326,6.0,139.0,-157.0,-0.009034453215793214,over,0.5143860128493177,0.09400429826503126,126.0,,True,-0.009034453215793214,0.16251238903945808,1.26,0.04062809725986449,2026-04
2026-04-09,676974.0,5.5,0.39784902422056667,0.0,4,0.0,0.5204688469082073,5,-120.0,102.0,0.5318081864320361,8.0,-110.0,112.0,0.011339339523828817,under,0.6021509757794333,0.1226198226876406,102.0,,True,-0.011339339523828817,0.21634497107445538,1.02,0.051000000000000004,2026-04
2026-04-09,656427.0,5.5,0.4526137112219333,1.0,6,0.0,0.5462994784295938,5,-135.0,115.0,0.5651473306518998,6.0,-145.0,119.0,0.018847852222306005,under,0.5473862887780667,0.09368576720766053,115.0,,False,-0.018847852222306005,0.17688052087284345,-1.0,-0.03845228714627032,2026-04
2026-04-09,641743.0,3.5,0.6733714033759585,1.0,6,0.0,0.4103816494772188,6,135.0,-159.0,0.4441054092007006,7.0,118.0,-139.0,0.033723759723481794,over,0.6733714033759585,0.2629897538987397,135.0,,True,0.033723759723481794,0.5824227979335025,1.35,0.0675,2026-04
2026-04-10,680573.0,4.5,0.5005833453420552,0.0,2,0.0,0.3220114689016321,1,190.0,-265.0,0.37584262334002505,2.0,160.0,-185.0,0.053831154438392925,over,0.5005833453420552,0.17857187644042305,190.0,,False,0.053831154438392925,0.4516917014919599,-1.0,-0.05,2026-04
2026-04-10,693821.0,4.5,0.6385468676721869,0.0,3,0.0,0.4618126287117211,7,110.0,-122.0,0.4532131734866653,7.0,112.0,-135.0,-0.008599455225055785,over,0.6385468676721869,0.17673423896046586,110.0,,False,-0.008599455225055785,0.3409484221115926,-1.0,-0.05,2026-04
2026-04-10,663436.0,3.5,0.6385926177439863,0.0,3,0.0,0.5078206507873756,7,-115.0,-105.0,0.49869143258191956,7.0,-105.0,-106.0,-0.009129218205456036,over,0.6385926177439863,0.13077196695661075,-115.0,,False,-0.009129218205456036,0.19389054621701796,-1.0,-0.05,2026-04
2026-04-10,666200.0,7.5,0.38667438335614224,1.0,8,0.0,0.239749047725745,1,290.0,-435.0,0.2222222222222222,1.0,320.0,-500.0,-0.017526825503522803,over,0.38667438335614224,0.14692533563039722,290.0,,True,-0.017526825503522803,0.5080300950889546,2.9,0.12700752377223867,2026-04
2026-04-10,684007.0,5.5,0.41877189364499634,1.0,9,0.0,0.5371848068943506,1,-132.0,104.0,0.5635436924229803,4.0,-149.0,118.0,0.02635888552862975,under,0.5812281063550037,0.11841291324935421,104.0,,False,-0.02635888552862975,0.18570533696420743,-1.0,-0.0446407060010114,2026-04
2026-04-10,661563.0,4.5,0.5974856526863703,0.0,2,0.0,0.4292521136377153,7,132.0,-136.0,0.4140952053285825,6.0,139.0,-143.0,-0.0151569083091328,over,0.5974856526863703,0.168233539048655,132.0,,False,-0.0151569083091328,0.38616671423237925,-1.0,-0.05,2026-04
2026-04-10,672456.0,3.5,0.5927362825385509,1.0,7,0.0,0.4601025018111915,8,112.0,-115.0,0.4425689012656665,8.0,121.0,-143.0,-0.017533600545524997,over,0.5927362825385509,0.13263378072735943,112.0,,True,-0.017533600545524997,0.256600918981728,1.12,0.05600000000000001,2026-04
2026-04-10,669372.0,4.5,0.5167826033289089,0.0,4,0.0,0.34553893759669935,1,170.0,-235.0,0.3649000868809731,1.0,155.0,-215.0,0.019361149284273738,over,0.5167826033289089,0.17124366573220956,170.0,,False,0.019361149284273738,0.395313028988054,-1.0,-0.05,2026-04
2026-04-10,605280.0,4.5,0.4463348921017448,0.0,3,0.0,0.5652395880737228,6,-139.0,125.0,0.5428243189970151,7.0,-133.0,110.0,-0.022415269076707656,under,0.5536651078982552,0.11890469597197795,125.0,,True,0.022415269076707656,0.2457464927710742,1.25,0.06143662319276855,2026-04
2026-04-11,607200.0,3.5,0.5276048150930852,1.0,4,0.0,0.4456293468513639,3,110.0,-145.0,0.41264999005516706,7.0,136.0,-160.0,-0.032979356796196846,over,0.5276048150930852,0.0819754682417213,110.0,,True,-0.032979356796196846,0.10797011169547899,1.1,0.026992527923869747,2026-04
2026-04-11,663554.0,4.5,0.5562862199324299,1.0,5,0.0,0.45602102334209305,1,107.0,-136.0,0.4576051560391809,8.0,109.0,-125.0,0.0015841326970878478,over,0.5562862199324299,0.10026519659033684,107.0,,True,0.0015841326970878478,0.1515124752601299,1.07,0.0378781188150325,2026-04
2026-04-11,624133.0,4.5,0.5523315352661644,1.0,6,0.0,0.44901999911612417,6,112.0,-131.0,0.5312821624064964,7.0,-115.0,117.0,0.08226216329037223,over,0.5523315352661644,0.10331153615004024,112.0,,True,0.08226216329037223,0.17094285476426863,1.12,0.042735713691067156,2026-04
2026-04-11,608331.0,5.5,0.5829929529272667,1.0,6,0.0,0.48073348005202937,7,105.0,-114.0,0.45660558252297706,8.0,110.0,-127.0,-0.02412789752905231,over,0.5829929529272667,0.10225947287523734,105.0,,True,-0.02412789752905231,0.19513555350089684,1.05,0.04878388837522418,2026-04
2026-04-11,527048.0,3.5,0.6699335710862149,0.0,2,0.0,0.439938793839072,6,117.0,-140.0,0.4360273332554147,7.0,119.0,-149.0,-0.003911460583657267,over,0.6699335710862149,0.2299947772471429,117.0,,False,-0.003911460583657267,0.45375584925708623,-1.0,-0.05,2026-04
2026-04-11,800048.0,4.5,0.5855450080550797,1.0,5,0.0,0.4840827138661571,7,100.0,-110.0,0.4879072315114261,8.0,100.0,-110.0,0.003824517645269032,over,0.5855450080550797,0.10146229418892261,100.0,,True,0.003824517645269032,0.1710900161101594,1.0,0.04277250402753985,2026-04
2026-04-11,665795.0,6.5,0.34519338082631035,0.0,4,0.0,0.47896553349576204,2,-103.0,-124.0,0.4490248560257169,7.0,112.0,-134.0,-0.02994067747004514,under,0.6548066191736897,0.1337721526694517,-124.0,,True,0.02994067747004514,0.18287647334601997,0.8064516129032258,0.04032258064516129,2026-04
2026-04-12,671737.0,4.5,0.6762685465288618,1.0,7,0.0,0.5420447693863737,2,-125.0,117.0,0.5510026565136538,7.0,-127.0,114.0,0.008957887127280073,over,0.6762685465288618,0.13422377714248812,-125.0,,True,0.008957887127280073,0.21728338375195133,0.8,0.04000000000000001,2026-04
2026-04-12,669373.0,7.5,0.3633085929993765,0.0,7,0.0,0.5101075753551565,6,-114.0,-101.0,0.5342802040920314,8.0,-115.0,107.0,0.024172628736874868,under,0.6366914070006235,0.14679898235577998,-101.0,,True,-0.024172628736874868,0.26707893868440924,0.9900990099009901,0.04950495049504951,2026-04
2026-04-12,645261.0,4.5,0.7183349123002334,0.0,4,0.0,0.581062321296562,3,-161.0,126.0,0.625,1.0,-200.0,150.0,0.04393767870343801,over,0.7183349123002334,0.1372725910036714,-161.0,,False,0.04393767870343801,0.16450566528174476,-1.0,-0.05,2026-04
2026-04-12,667755.0,5.5,0.5557493133037952,1.0,10,0.0,0.4634752667160439,2,105.0,-132.0,0.4941007451256765,6.0,-104.0,-110.0,0.03062547840963259,over,0.5557493133037952,0.09227404658775129,105.0,,True,0.03062547840963259,0.1392860922727801,1.05,0.034821523068195026,2026-04
2026-04-12,700249.0,5.5,0.32709757176673826,0.0,5,0.0,0.4515938211803357,3,110.0,-134.0,0.4500404327331876,8.0,120.0,-124.0,-0.0015533884471480852,under,0.6729024282332617,0.12449624941359744,-134.0,,True,0.0015533884471480852,0.17506841945211382,0.746268656716418,0.0373134328358209,2026-04
2026-04-12,669467.0,3.5,0.6399062588621319,0.0,2,0.0,0.5431258075078406,3,-135.0,108.0,0.5429992101082259,8.0,-135.0,110.0,-0.00012659739961462524,over,0.6399062588621319,0.09678045135429136,-135.0,,False,-0.00012659739961462524,0.1139108950563037,-1.0,-0.0384449270815025,2026-04
2026-04-12,669302.0,5.5,0.6465819628945548,1.0,7,0.0,0.5575221238938053,1,-150.0,110.0,0.6112600536193029,1.0,-190.0,140.0,0.053737929725497624,over,0.6465819628945548,0.08905983900074954,-150.0,,True,0.053737929725497624,0.07763660482425805,0.6666666666666666,0.019409151206064512,2026-04
2026-04-12,693645.0,5.5,0.6426819954876825,1.0,8,0.0,0.5035282383629325,4,-112.0,-110.0,0.5161525413949786,8.0,-110.0,106.0,0.012624303032046091,over,0.6426819954876825,0.13915375712474998,-112.0,,True,0.012624303032046091,0.2165052057445418,0.8928571428571429,0.04464285714285715,2026-04
2026-04-12,605288.0,4.5,0.5121260285007219,0.0,3,0.0,0.4268436048107293,3,120.0,-152.0,0.4467770792169806,7.0,125.0,-125.0,0.019933474406251317,over,0.5121260285007219,0.08528242368999256,120.0,,False,0.019933474406251317,0.12667726270158808,-1.0,-0.02639109639616421,2026-04
2026-04-13,691587.0,5.5,0.55916481872827,0.0,2,0.0,0.4698302362212486,7,105.0,-121.0,0.49771997225626025,8.0,-105.0,-108.0,0.02788973603501166,over,0.55916481872827,0.08933458250702137,105.0,,False,0.02788973603501166,0.14628787839295343,-1.0,-0.034830447236417456,2026-04
2026-04-13,669461.0,3.5,0.6895586020411365,0.0,2,0.0,0.5344981618110438,6,-130.0,110.0,0.5371137310038006,7.0,-125.0,115.0,0.0026155691927567393,over,0.6895586020411365,0.1550604402300927,-130.0,,False,0.0026155691927567393,0.21998829591893387,-1.0,-0.05,2026-04
2026-04-13,669923.0,5.5,0.5884393279782263,1.0,6,0.0,0.4711464063398482,6,105.0,-125.0,0.4813313528928623,8.0,100.0,-112.0,0.010184946553014051,over,0.5884393279782263,0.11729292163837807,105.0,,True,0.010184946553014051,0.20630062235536395,1.05,0.05157515558884096,2026-04
2026-04-13,641927.0,3.5,0.6917296173977316,1.0,7,0.0,0.5971729393287185,1,-177.0,132.0,0.6182465221611129,1.0,-195.0,145.0,0.021073582832394355,over,0.6917296173977316,0.09455667806901313,-177.0,,True,0.021073582832394355,0.08253731084277777,0.5649717514124294,0.020634327710694456,2026-04
2026-04-13,681347.0,4.5,0.6458712040368789,0.0,3,0.0,0.5617954237161966,5,-145.0,116.0,0.5547287851882997,7.0,-137.0,120.0,-0.007066638527896907,over,0.6458712040368789,0.0840757803206823,-145.0,,False,-0.007066638527896907,0.09129962061403685,-1.0,-0.033096112472588354,2026-04
2026-04-14,676974.0,4.5,0.5738715728796034,1.0,5,0.0,0.4910202624441824,6,110.0,-110.0,0.46865856487749274,7.0,110.0,-125.0,-0.022361697566689653,over,0.5738715728796034,0.08285131043542104,110.0,,True,-0.022361697566689653,0.20513030304716728,1.1,0.05128257576179179,2026-04
2026-04-14,676282.0,4.5,0.7107126135450885,0.0,4,0.0,0.5665108372290693,1,-155.0,115.0,0.5783945670055257,2.0,-145.0,135.0,0.011883729776456464,over,0.7107126135450885,0.14420177631601927,-155.0,,False,0.011883729776456464,0.16923688034837142,-1.0,-0.05,2026-04
2026-04-14,694819.0,6.5,0.6447012751374637,0.0,5,0.0,0.5236579074170551,7,-118.0,103.0,0.5466428493328384,8.0,-130.0,120.0,0.022984941915783264,over,0.6447012751374637,0.12104336772040858,-118.0,,False,0.022984941915783264,0.1910582879658227,-1.0,-0.05,2026-04
2026-04-14,669432.0,4.5,0.5892688663681029,1.0,6,0.0,0.487470874252036,5,-105.0,-119.0,0.48827774375697947,8.0,-103.0,-104.0,0.0008068695049434638,over,0.5892688663681029,0.10179799211606694,-105.0,,True,0.0008068695049434638,0.1504773105282009,0.9523809523809523,0.037619327632050226,2026-04
2026-04-14,666142.0,6.5,0.4435523800899707,0.0,1,0.0,0.5621565510149354,3,-145.0,117.0,0.5326673493930659,7.0,-126.0,105.0,-0.02948920162186952,under,0.5564476199100292,0.11860417092496472,117.0,,True,0.02948920162186952,0.20749133520476337,1.17,0.05187283380119084,2026-04
2026-04-14,700241.0,3.5,0.6142220893820529,0.0,2,0.0,0.40529891451907724,5,135.0,-167.0,0.4043370187264237,3.0,135.0,-167.0,-0.0009618957926535443,over,0.6142220893820529,0.20892317486297568,135.0,,False,-0.0009618957926535443,0.4434219100478244,-1.0,-0.05,2026-04
2026-04-14,592662.0,6.5,0.34181139490379964,0.0,6,0.0,0.493454649608161,4,-108.0,-115.0,0.46972398625764705,7.0,110.0,-120.0,-0.023730663350513936,under,0.6581886050962004,0.15164325470436135,-115.0,,True,0.023730663350513936,0.23052652257115713,0.8695652173913043,0.043478260869565216,2026-04
2026-04-14,656605.0,3.5,0.7501942783076696,0.0,3,0.0,0.5751633986928104,1,-160.0,120.0,0.5991394882911288,2.0,-160.0,148.0,0.02397608959831843,over,0.7501942783076696,0.1750308796148592,-160.0,,False,0.02397608959831843,0.21906570224996313,-1.0,-0.05,2026-04
2026-04-14,625643.0,4.5,0.5771894150788338,1.0,6,0.0,0.48843443922334456,7,-103.0,-110.0,0.47248398296537186,8.0,113.0,-115.0,-0.0159504562579727,over,0.5771894150788338,0.08875497585548925,-103.0,,True,-0.0159504562579727,0.13756748797090546,0.970873786407767,0.034391871992726364,2026-04
2026-04-15,677944.0,4.5,0.5659988674872004,0.0,4,0.0,0.44408470120111115,3,112.0,-143.0,0.4263966722154179,7.0,130.0,-148.0,-0.01768802898569327,over,0.5659988674872004,0.12191416628608925,112.0,,False,-0.01768802898569327,0.19991759907286488,-1.0,-0.044624464078764504,2026-04
2026-04-15,669160.0,3.5,0.7774602218814384,1.0,4,0.0,0.5840108920460448,2,-163.0,127.0,0.5594252437820126,8.0,-137.0,120.0,-0.0245856482640322,over,0.7774602218814384,0.19344932983539354,-163.0,,True,-0.0245856482640322,0.2544296831583944,0.6134969325153374,0.030674846625766874,2026-04
2026-04-15,666200.0,7.5,0.43153440382726826,0.0,4,0.0,0.29654036243822074,1,215.0,-305.0,0.3346265761396702,1.0,180.0,-245.0,0.038086213701449434,over,0.43153440382726826,0.13499404138904753,215.0,,False,0.038086213701449434,0.359333372055895,-1.0,-0.04178295023905757,2026-04
2026-04-15,680694.0,4.5,0.7395711864347969,0.0,4,0.0,0.563226468691384,2,-148.0,116.0,0.6328965844227983,2.0,-210.0,155.0,0.06967011573141424,over,0.7395711864347969,0.17634471774341287,-148.0,,False,0.06967011573141424,0.2392814475393894,-1.0,-0.05,2026-04
2026-04-15,663978.0,3.5,0.6034375700385506,1.0,4,0.0,0.47395908622899335,6,100.0,-122.0,0.47241117431749585,8.0,104.0,-115.0,-0.0015479119114975015,over,0.6034375700385506,0.12947848380955723,100.0,,True,-0.0015479119114975015,0.20687514007710117,1.0,0.05,2026-04
2026-04-15,694477.0,4.5,0.5287623135136859,0.0,2,0.0,0.44629906716931406,7,115.0,-135.0,0.42904613207777165,8.0,125.0,-150.0,-0.01725293509154241,over,0.5287623135136859,0.0824632463443718,115.0,,False,-0.01725293509154241,0.13683897405442458,-1.0,-0.029747603055309668,2026-04
2026-04-15,607625.0,5.5,0.4571715514284578,1.0,7,0.0,0.29654036243822074,1,215.0,-305.0,0.29654036243822074,1.0,215.0,-305.0,0.0,over,0.4571715514284578,0.16063118899023704,215.0,,True,0.0,0.440090386999642,2.15,0.1075,2026-04
2026-04-15,813349.0,5.5,0.5926007098492786,0.0,5,0.0,0.4348125785922134,5,120.0,-150.0,0.42450184116753537,7.0,129.0,-150.0,-0.01031073742467803,over,0.5926007098492786,0.1577881312570652,120.0,,False,-0.01031073742467803,0.3037215616684129,-1.0,-0.05,2026-04
2026-04-15,686799.0,3.5,0.5518421030585237,1.0,6,0.0,0.4354374515948698,4,120.0,-146.0,0.42922550773552526,7.0,130.0,-149.0,-0.0062119438593445375,over,0.5518421030585237,0.11640465146365386,120.0,,True,-0.0062119438593445375,0.21405262672875203,1.2,0.053513156682188034,2026-04
2026-04-15,680732.0,4.5,0.5967346243109495,0.0,2,0.0,0.4452637796382909,7,115.0,-140.0,0.4545844165201242,8.0,115.0,-118.0,0.009320636881833322,over,0.5967346243109495,0.1514708446726586,115.0,,False,0.009320636881833322,0.2829794422685413,-1.0,-0.05,2026-04
2026-04-15,695076.0,3.5,0.6527469528475518,1.0,4,0.0,0.5066890477693483,7,100.0,105.0,0.4756392713748707,8.0,105.0,-115.0,-0.03104977639447759,over,0.6527469528475518,0.1460579050782035,100.0,,True,-0.03104977639447759,0.3054939056951036,1.0,0.05,2026-04
2026-04-15,680573.0,4.5,0.5268884094651941,0.0,3,0.0,0.4280655420419077,6,125.0,-148.0,0.4243975951812936,7.0,125.0,-152.0,-0.003667946860614113,over,0.5268884094651941,0.09882286742328639,125.0,,False,-0.003667946860614113,0.18549892129668677,-1.0,-0.03709978425933733,2026-04
2026-04-16,672456.0,3.5,0.6505069546407904,1.0,5,0.0,0.5417017630791154,6,-135.0,109.0,0.5076450878508038,8.0,-105.0,-104.0,-0.034056675228311684,over,0.6505069546407904,0.10880519156167501,-135.0,,True,-0.034056675228311684,0.13236395807841295,0.7407407407407407,0.033090989519603264,2026-04
2026-04-16,695505.0,5.5,0.7595081597715337,0.0,4,0.0,0.5848562340324748,2,-165.0,126.0,0.6269113149847094,1.0,-205.0,150.0,0.04205508095223465,over,0.7595081597715337,0.17465192573905897,-165.0,,False,0.04205508095223465,0.2198161353906451,-1.0,-0.05,2026-04
2026-04-16,669358.0,5.5,0.5468651486782077,1.0,6,0.0,0.41599959497583827,5,128.0,-164.0,0.3844572791265138,3.0,170.0,-172.0,-0.03154231584932449,over,0.5468651486782077,0.1308655537023694,128.0,,True,-0.03154231584932449,0.24685253898631354,1.28,0.06171313474657842,2026-04
2026-04-16,694738.0,5.5,0.4028670519287451,1.0,6,0.0,0.4856016484428946,3,100.0,-104.0,0.5144762556912009,7.0,-112.0,105.0,0.028874607248306317,under,0.5971329480712548,0.0827345965141495,-104.0,,False,-0.028874607248306317,0.17129924429361532,-1.0,-0.04453780351634001,2026-04
2026-04-16,687075.0,3.5,0.661422332170463,1.0,6,0.0,0.42810665909917245,6,127.0,-150.0,0.49144248209433933,7.0,100.0,-110.0,0.06333582299516688,over,0.661422332170463,0.23331567307129053,127.0,,True,0.06333582299516688,0.501428694026951,1.27,0.0635,2026-04
2026-04-16,677952.0,4.5,0.7875945097478875,1.0,7,0.0,0.5200968752135106,3,-118.0,102.0,0.5752732240294837,7.0,-154.0,128.0,0.05517634881597311,over,0.7875945097478875,0.2674976345343769,-118.0,,True,0.05517634881597311,0.455047484110504,0.847457627118644,0.0423728813559322,2026-04
2026-04-16,683004.0,5.5,0.59231664664157,0.0,3,0.0,0.48341150976519637,3,100.0,-115.0,0.5142929324951392,8.0,100.0,101.0,0.03088142272994282,over,0.59231664664157,0.10890513687637365,100.0,,False,0.03088142272994282,0.18463329328314004,-1.0,-0.04615832332078501,2026-04
2026-04-17,696149.0,4.5,0.785931595681555,0.0,3,0.0,0.5099870820707092,5,-115.0,-104.0,0.5119031065426525,8.0,-105.0,-103.0,0.0019160244719432784,over,0.785931595681555,0.2759445136108458,-115.0,,False,0.0019160244719432784,0.4693503745350811,-1.0,-0.05,2026-04
2026-04-17,641793.0,3.5,0.6235656667855951,1.0,4,0.0,0.40927230572390655,6,135.0,-154.0,0.40800755671749883,7.0,141.0,-150.0,-0.0012647490064077171,over,0.6235656667855951,0.21429336106168856,135.0,,True,-0.0012647490064077171,0.46537931694614854,1.35,0.0675,2026-04
2026-04-17,527048.0,3.5,0.5815020705832465,1.0,4,0.0,0.42059255680061586,3,127.0,-160.0,0.4442060755192481,7.0,120.0,-132.0,0.023613518718632265,over,0.5815020705832465,0.1609095137826307,127.0,,True,0.023613518718632265,0.3200097002239697,1.27,0.0635,2026-04
2026-04-17,605135.0,3.5,0.7124659528592897,0.0,2,0.0,0.5319326799603128,5,-130.0,106.0,0.5556063545009181,6.0,-141.0,113.0,0.023673674540605316,over,0.7124659528592897,0.18053327289897692,-130.0,,False,0.023673674540605316,0.26051668582797416,-1.0,-0.05,2026-04
2026-04-17,693645.0,5.5,0.6787410811490566,1.0,6,0.0,0.5396791891857156,6,-133.0,111.0,0.5850942407588113,3.0,-165.0,128.0,0.04541505157309578,over,0.6787410811490566,0.13906189196334107,-133.0,,True,0.04541505157309578,0.18907272111075335,0.7518796992481203,0.03759398496240601,2026-04
2026-04-17,592836.0,3.5,0.5723990329836367,1.0,4,0.0,0.41824108822464784,6,128.0,-159.0,0.4177821770471788,8.0,130.0,-155.0,-0.00045891117746904575,over,0.5723990329836367,0.15415794475898886,128.0,,True,-0.00045891117746904575,0.30506979520269173,1.28,0.064,2026-04
2026-04-18,665152.0,4.5,0.5608785406137132,1.0,7,0.0,0.4717011720144047,6,105.0,-117.0,0.4494564466260482,7.0,128.0,-120.0,-0.02224472538835648,over,0.5608785406137132,0.08917736859930853,105.0,,True,-0.02224472538835648,0.14980100825811216,1.05,0.03745025206452801,2026-04
2026-04-18,669923.0,5.5,0.652935068487537,0.0,5,0.0,0.5588796281393712,6,-130.0,120.0,0.5511035393874246,8.0,-125.0,119.0,-0.007776088751946575,over,0.652935068487537,0.09405544034816582,-130.0,,False,-0.007776088751946575,0.1551928134779501,-1.0,-0.05,2026-04
2026-04-18,605288.0,3.5,0.699893308143983,0.0,1,0.0,0.4689158842117983,4,105.0,-113.0,0.4691705660037316,7.0,105.0,-114.0,0.00025468179193327556,over,0.699893308143983,0.23097742393218468,105.0,,False,0.00025468179193327556,0.43478128169516517,-1.0,-0.05,2026-04
2026-04-18,669373.0,7.5,0.4071567087873954,1.0,10,0.0,0.525783659373283,5,-120.0,109.0,0.5036919633638816,7.0,-105.0,-107.0,-0.022091696009401418,under,0.5928432912126046,0.11862695058588757,109.0,,False,0.022091696009401418,0.2390424786343437,-1.0,-0.05,2026-04
2026-04-18,676917.0,3.5,0.7062454970803591,1.0,5,0.0,0.5329867237037608,5,-129.0,105.0,0.5363563656089936,8.0,-125.0,105.0,0.003369641905232812,over,0.7062454970803591,0.17325877337659834,-129.0,,True,0.003369641905232812,0.2537226266000173,0.7751937984496124,0.03875968992248063,2026-04
2026-04-18,694973.0,6.5,0.6181988456263718,0.0,5,0.0,0.477604980265868,4,106.0,-118.0,,,,,,over,0.6181988456263718,0.14059386536050383,106.0,,False,,0.273489621990326,-1.0,-0.05,2026-04
2026-04-18,621121.0,4.5,0.6798062778772946,0.0,4,0.0,0.5722641891378257,5,-156.0,122.0,0.5566997647443775,7.0,-135.0,128.0,-0.015564424393448184,over,0.6798062778772946,0.10754208873946891,-156.0,,False,-0.015564424393448184,0.11557953292684253,-1.0,-0.045076017841468585,2026-04
2026-04-18,669467.0,3.5,0.6502366237739573,1.0,5,0.0,0.43175321670898664,7,121.0,-150.0,0.40860823651284867,8.0,141.0,-157.0,-0.023144980196137976,over,0.6502366237739573,0.21848340706497066,121.0,,True,-0.023144980196137976,0.4370229385404456,1.21,0.0605,2026-04
2026-04-18,645261.0,4.5,0.6802268904976119,0.0,1,0.0,0.538116839577341,6,-130.0,115.0,0.5448100648183147,8.0,-130.0,116.0,0.00669322524097371,over,0.6802268904976119,0.14211005092027085,-130.0,,False,0.00669322524097371,0.20347834472654414,-1.0,-0.05,2026-04
2026-04-18,671096.0,4.5,0.604227501803827,0.0,3,0.0,0.468983595813963,1,101.0,-129.0,0.4466037077527509,7.0,115.0,-135.0,-0.022379888061212105,over,0.604227501803827,0.13524390598986402,101.0,,False,-0.022379888061212105,0.21449727862569223,-1.0,-0.05,2026-04
2026-04-19,666142.0,6.5,0.3789847055576388,0.0,6,0.0,0.5157939204054494,6,-120.0,-101.0,0.44181546787115866,8.0,120.0,-137.0,-0.0739784525342907,under,0.6210152944423613,0.13680921484781056,-101.0,,True,0.0739784525342907,0.2358819226031149,0.9900990099009901,0.04950495049504951,2026-04
2026-04-19,691587.0,5.5,0.5994814463654146,1.0,7,0.0,0.47226224701889574,6,100.0,-123.0,0.5251332023818728,8.0,-113.0,105.0,0.052870955362977035,over,0.5994814463654146,0.12721919934651882,100.0,,True,0.052870955362977035,0.19896289273082912,1.0,0.04974072318270728,2026-04
2026-04-19,681347.0,4.5,0.6768164795055567,1.0,7,0.0,0.5429584204154745,4,-120.0,112.0,0.551344326184166,7.0,-137.0,112.0,0.00838590576869147,over,0.6768164795055567,0.1338580590900822,-120.0,,True,0.00838590576869147,0.24083021242685398,0.8333333333333334,0.04166666666666667,2026-04
2026-04-19,547179.0,3.5,0.7103718409184051,0.0,3,0.0,0.50609958185111,4,-115.0,-110.0,0.49790723334043574,8.0,101.0,-105.0,-0.008192348510674297,over,0.7103718409184051,0.20427225906729507,-115.0,,False,-0.008192348510674297,0.32808648519527905,-1.0,-0.05,2026-04
2026-04-19,669461.0,3.5,0.6776128083609393,1.0,4,0.0,0.5779181158797367,3,-159.0,125.0,0.5840472429753355,2.0,-165.0,125.0,0.006129127095598763,over,0.6776128083609393,0.09969469248120255,-159.0,,True,0.006129127095598763,0.10378438594643569,0.6289308176100629,0.025946096486608894,2026-04
2026-04-19,669022.0,6.5,0.3786962028923796,0.0,5,0.0,0.4989178347006859,4,-108.0,-110.0,0.4925571311169551,8.0,-105.0,-105.0,-0.006360703583730809,under,0.6213037971076204,0.1202216318083063,-110.0,,True,0.006360703583730809,0.18612543084182076,0.9090909090909091,0.045454545454545456,2026-04
2026-04-19,656605.0,3.5,0.7811967039749581,1.0,5,0.0,0.5915279878971256,1,-170.0,130.0,0.5867891406220066,3.0,-160.0,135.0,-0.004738847275118974,over,0.7811967039749581,0.18966871607783253,-170.0,,True,-0.004738847275118974,0.24072417690140407,0.5882352941176471,0.029411764705882356,2026-04
2026-04-19,592332.0,5.5,0.5792034867027234,0.0,4,0.0,0.4676707853867856,3,106.0,-118.0,0.4582455701898563,7.0,107.0,-132.0,-0.009425215196929293,over,0.5792034867027234,0.11153270131593779,106.0,,False,-0.009425215196929293,0.19315918260761022,-1.0,-0.0455564109923609,2026-04
2026-04-19,656550.0,4.5,0.6909869223944438,0.0,4,0.0,0.5641045320759623,2,-147.0,117.0,0.5739232387652063,4.0,-155.0,125.0,0.009818706689244006,over,0.6909869223944438,0.12688239031848147,-147.0,,False,0.009818706689244006,0.1610460532750178,-1.0,-0.05,2026-04
2026-04-20,677944.0,3.5,0.6945833954307614,0.0,2,0.0,0.5766809111497101,6,-158.0,127.0,0.5993306827671344,3.0,-178.0,135.0,0.02264977161742432,over,0.6945833954307614,0.11790248428105132,-158.0,,False,0.02264977161742432,0.13419313937428134,-1.0,-0.05,2026-04
2026-04-20,607625.0,5.5,0.42751750566285385,1.0,7,0.0,0.5226544664081801,7,-110.0,105.0,0.4644142661911471,8.0,105.0,-127.0,-0.05824020021703302,under,0.5724824943371462,0.0951369607453263,105.0,,False,0.05824020021703302,0.17358911339114969,-1.0,-0.04133074128360704,2026-04
2026-04-20,680694.0,4.5,0.6621974183076701,1.0,7,0.0,0.570611184745518,5,-145.0,125.0,0.5893841062167838,4.0,-155.0,138.0,0.018772921471265858,over,0.6621974183076701,0.09158623356215212,-145.0,,True,0.018772921471265858,0.11888529300261502,0.6896551724137931,0.02972132325065374,2026-04
2026-04-20,695076.0,3.5,0.6203830030072426,0.0,3,0.0,0.48798094433624856,4,-103.0,-118.0,0.472210551254479,7.0,105.0,-124.0,-0.01577039308176953,over,0.6203830030072426,0.13240205867099403,-103.0,,False,-0.01577039308176953,0.22269659815990528,-1.0,-0.05,2026-04
2026-04-20,693821.0,4.5,0.5275263095258969,1.0,6,0.0,0.43561490274601516,6,130.0,-135.0,0.4091362430542676,6.0,143.0,-160.0,-0.026478659691747564,over,0.5275263095258969,0.09191140677988169,130.0,,True,-0.026478659691747564,0.21331051190956274,1.3,0.053327627977390664,2026-04
2026-04-20,681293.0,4.5,0.6620464995142236,0.0,3,0.0,0.5633944219057117,2,-150.0,115.0,0.5366461875334972,7.0,-125.0,112.0,-0.026748234372214408,over,0.6620464995142236,0.09865207760851191,-150.0,,False,-0.026748234372214408,0.10341083252370592,-1.0,-0.03877906219638966,2026-04
2026-04-21,669358.0,4.5,0.5672944632148343,0.0,4,0.0,0.4740531201463012,6,100.0,-120.0,0.5043172813447795,7.0,-110.0,-103.0,0.0302641611984783,over,0.5672944632148343,0.09324134306853316,100.0,,False,0.0302641611984783,0.1345889264296687,-1.0,-0.03364723160741717,2026-04
2026-04-21,690997.0,6.5,0.6269669908768438,1.0,10,0.0,0.5012580882249225,5,-105.0,-106.0,0.47175202220324086,7.0,110.0,-120.0,-0.0295060660216816,over,0.6269669908768438,0.12570890265192136,-105.0,,True,-0.0295060660216816,0.22407841075955215,0.9523809523809523,0.047619047619047616,2026-04
2026-04-21,800048.0,5.5,0.5358620903029981,0.0,4,0.0,0.4371018712991148,6,117.0,-145.0,0.41049816995089383,5.0,145.0,-160.0,-0.026603701348220987,over,0.5358620903029981,0.09876021900388332,117.0,,False,-0.026603701348220987,0.1628207359575059,-1.0,-0.03479075554647565,2026-04
2026-04-21,663460.0,6.5,0.28270343976222967,0.0,3,0.0,0.45445194452195,6,110.0,-135.0,0.4547016284695886,8.0,115.0,-125.0,0.0002496839476386348,under,0.7172965602377703,0.1717485047597203,-135.0,,True,-0.0002496839476386348,0.24862734559908162,0.7407407407407407,0.037037037037037035,2026-04
2026-04-21,684007.0,6.5,0.34164590583252463,0.0,1,0.0,0.4617044039480001,6,112.0,-125.0,0.4521463794919046,8.0,116.0,-130.0,-0.009558024456095493,under,0.6583540941674754,0.12005849811547548,-125.0,,True,0.009558024456095493,0.18503736950145566,0.8,0.04000000000000001,2026-04
2026-04-21,695505.0,5.5,0.7026692518333831,1.0,8,0.0,0.48925903941056464,6,100.0,-110.0,0.4899537667716706,7.0,-104.0,-110.0,0.000694727361105929,over,0.7026692518333831,0.2134102124228185,100.0,,True,0.000694727361105929,0.40533850366676627,1.0,0.05,2026-04
2026-04-22,681517.0,3.5,0.42130700489265466,0.0,2,0.0,0.5660535180564575,2,-144.0,120.0,0.48455157300003227,8.0,-103.0,-114.0,-0.08150194505642527,under,0.5786929951073454,0.14474651316380288,120.0,,True,0.08150194505642527,0.2731245892361599,1.2,0.06,2026-04
2026-04-22,682227.0,3.5,0.6279660486656125,0.0,3,0.0,0.489746136213664,3,-106.0,-118.0,0.454651960081018,7.0,110.0,-135.0,-0.03509417613264598,over,0.6279660486656125,0.13821991245194848,-106.0,,False,-0.03509417613264598,0.2203868492935488,-1.0,-0.05,2026-04
2026-04-22,667755.0,5.5,0.5935125408951255,0.0,4,0.0,0.5033738191632929,3,-114.0,-110.0,0.4988537507282275,8.0,-108.0,-110.0,-0.004520068435065416,over,0.5935125408951255,0.09013872173183257,-114.0,,False,-0.004520068435065416,0.11413757676804259,-1.0,-0.03252920937889214,2026-04
2026-04-22,641793.0,3.5,0.5660110265550093,0.0,1,0.0,0.47706715401328736,7,100.0,-118.0,0.4408784914789553,8.0,124.0,-135.0,-0.03618866253433206,over,0.5660110265550093,0.08894387254172198,100.0,,False,-0.03618866253433206,0.1320220531100187,-1.0,-0.03300551327750467,2026-04
2026-04-22,605135.0,3.5,0.6093651708214765,0.0,3,0.0,0.4858859127885684,6,100.0,-114.0,0.5117946332260074,8.0,-110.0,101.0,0.02590872043743897,over,0.6093651708214765,0.12347925803290805,100.0,,False,0.02590872043743897,0.2187303416429529,-1.0,-0.05,2026-04
2026-04-23,663436.0,3.5,0.6439749709562745,1.0,7,0.0,0.5081017599424574,3,-115.0,-108.0,0.5156870366940058,8.0,-106.0,105.0,0.007585276751548409,over,0.6439749709562745,0.1358732110138171,-115.0,,True,0.007585276751548409,0.20395320657042626,0.8695652173913043,0.043478260869565216,2026-04
2026-04-23,663362.0,3.5,0.7173431195736706,0.0,3,0.0,0.5742507972280592,6,-156.0,126.0,0.5689929656234085,6.0,-147.0,124.0,-0.0052578316046506535,over,0.7173431195736706,0.14309232234561142,-156.0,,False,-0.0052578316046506535,0.17717845263371584,-1.0,-0.05,2026-04
2026-04-23,676917.0,3.5,0.6912493410362905,1.0,10,0.0,0.5293849639614494,2,-130.0,100.0,0.5347148626098622,7.0,-128.0,107.0,0.005329898648412823,over,0.6912493410362905,0.16186437707484114,-130.0,,True,0.005329898648412823,0.2229796033718987,0.7692307692307693,0.038461538461538464,2026-04
2026-04-23,687075.0,4.5,0.5414735334717748,0.0,4,0.0,0.4218163535916999,6,128.0,-158.0,0.4153428358547246,4.0,130.0,-157.0,-0.006473517736975298,over,0.5414735334717748,0.11965717988007496,128.0,,False,-0.006473517736975298,0.23455965631564668,-1.0,-0.04581243287414974,2026-04
2026-04-23,665795.0,5.5,0.5549127897058316,0.0,5,0.0,0.4277086948934343,5,125.0,-150.0,0.4027730566049681,7.0,146.0,-155.0,-0.024935638288466233,over,0.5549127897058316,0.12720409481239725,125.0,,False,-0.024935638288466233,0.24855377683812108,-1.0,-0.04971075536762419,2026-04
2026-04-23,657746.0,6.5,0.3150568891837221,0.0,5,0.0,0.4349342257078604,6,130.0,-136.0,0.4068690270539995,4.0,136.0,-160.0,-0.028065198653860868,under,0.6849431108162779,0.11987733652413829,-136.0,,True,0.028065198653860868,0.18857775112236463,0.7352941176470589,0.03676470588235294,2026-04
2026-04-24,656550.0,4.5,0.675561023328165,0.0,4,0.0,0.5755947181171835,7,-158.0,128.0,0.5609630980714487,7.0,-140.0,120.0,-0.014631620045734817,over,0.675561023328165,0.09996630521098149,-158.0,,False,-0.014631620045734817,0.10313129125738346,-1.0,-0.04073686004666644,2026-04
2026-04-24,671096.0,3.5,0.7558366422629726,1.0,4,0.0,0.6666666666666667,1,-250.0,180.0,0.66,1.0,-240.0,175.0,-0.00666666666666671,over,0.7558366422629726,0.0891699755963059,-250.0,,True,-0.00666666666666671,0.058171299168161716,0.4,0.014542824792040387,2026-04
2026-04-24,694973.0,6.5,0.41637710780405335,1.0,7,0.0,0.5302665458316486,6,-126.0,100.0,0.4567614218246173,7.0,115.0,-132.0,-0.07350512400703124,under,0.5836228921959467,0.11388943802759521,100.0,,False,0.07350512400703124,0.1672457843918933,-1.0,-0.041811446097973326,2026-04
2026-04-24,668909.0,6.5,0.46387988379601225,0.0,4,0.0,0.34553893759669935,1,170.0,-235.0,0.30507820042479245,1.0,205.0,-295.0,-0.0404607371719069,over,0.46387988379601225,0.1183409461993129,170.0,,False,-0.0404607371719069,0.2524756862492331,-1.0,-0.03712877738959312,2026-04
2026-04-24,664285.0,5.5,0.4198069850901017,0.0,4,0.0,0.5283177927379851,7,-125.0,105.0,0.4966913096053039,7.0,-105.0,-106.0,-0.03162648313268118,under,0.5801930149098983,0.10851080764788334,105.0,,True,0.03162648313268118,0.18939568056529144,1.05,0.04734892014132285,2026-04
2026-04-24,671737.0,5.5,0.56365165576052,0.0,3,0.0,0.42915970350756666,7,120.0,-150.0,0.40921284177084466,3.0,135.0,-165.0,-0.019946861736722,over,0.56365165576052,0.13449195225295335,120.0,,False,-0.019946861736722,0.24003364267314398,-1.0,-0.05,2026-04
2026-04-24,691725.0,3.5,0.7135173445933269,0.0,1,0.0,0.5767304797946976,6,-160.0,125.0,0.5826072287653604,7.0,-158.0,135.0,0.005876748970662815,over,0.7135173445933269,0.13678686479862934,-160.0,,False,0.005876748970662815,0.15946568496415625,-1.0,-0.05,2026-04
2026-04-25,669022.0,6.5,0.38405982437010927,1.0,7,0.0,0.558161422558019,5,-139.0,116.0,0.5474730193550726,7.0,-130.0,116.0,-0.010688403202946395,under,0.6159401756298908,0.17410159818790977,116.0,,False,0.010688403202946395,0.3304307793605641,-1.0,-0.05,2026-04
2026-04-25,666142.0,6.5,0.41273865254742403,1.0,11,0.0,0.5173239529349061,5,-115.0,100.0,0.4888984645219764,5.0,100.0,-107.0,-0.02842548841292969,under,0.587261347452576,0.10458530038748204,100.0,,False,0.02842548841292969,0.17452269490515193,-1.0,-0.04363067372628798,2026-04
2026-04-25,702273.0,4.5,0.6390060230020728,1.0,8,0.0,0.5262120610813436,6,-125.0,100.0,0.5482822660973883,8.0,-134.0,118.0,0.02207020501604473,over,0.6390060230020728,0.11279396192072921,-125.0,,True,0.02207020501604473,0.15021084140373098,0.8,0.03755271035093277,2026-04
2026-04-25,676979.0,7.5,0.3994273587208175,0.0,7,0.0,0.5081017599424574,3,-113.0,-108.0,0.4886997882177867,7.0,104.0,-106.0,-0.01940197172467073,under,0.6005726412791825,0.1086744012216399,-108.0,,True,0.01940197172467073,0.15665842024138854,0.9259259259259259,0.039164605060347135,2026-04
2026-04-25,676282.0,4.5,0.6105858885158254,0.0,4,0.0,0.5172441954327064,2,-122.0,-105.0,0.46476615605270827,8.0,118.0,-122.0,-0.05247803937999812,over,0.6105858885158254,0.09334169308311902,-122.0,,False,-0.05247803937999812,0.11106612500420687,-1.0,-0.03387516812628309,2026-04
2026-04-25,677960.0,5.5,0.5475596313865888,0.0,4,0.0,0.4468834639392524,5,110.0,-138.0,0.43693281981629334,6.0,122.0,-145.0,-0.00995064412295904,over,0.5475596313865888,0.10067616744733643,110.0,,False,-0.00995064412295904,0.14987522591183655,-1.0,-0.034062551343599215,2026-04
2026-04-25,592332.0,5.5,0.6480891066146699,0.0,3,0.0,0.4137845849802372,1,126.0,-168.0,0.5241910190750401,7.0,-120.0,105.0,0.11040643409480289,over,0.6480891066146699,0.23430452163443272,126.0,,False,0.11040643409480289,0.464681380949154,-1.0,-0.05,2026-04
2026-04-25,691587.0,4.5,0.6832629390871539,1.0,6,0.0,0.5829383886255923,1,-164.0,125.0,0.5527461255958038,6.0,-135.0,123.0,-0.030192263029788502,over,0.6832629390871539,0.10032455046156152,-164.0,,True,-0.030192263029788502,0.09988668243297938,0.6097560975609756,0.024971670608244845,2026-04
2026-04-25,554430.0,5.5,0.5910934006225836,1.0,6,0.0,0.4681445462706401,5,106.0,-120.0,0.4451710915625431,7.0,121.0,-136.0,-0.02297345470809703,over,0.5910934006225836,0.12294885435194353,106.0,,True,-0.02297345470809703,0.2176524052825224,1.06,0.053000000000000005,2026-04
2026-04-25,592662.0,5.5,0.4683253787552843,0.0,4,0.0,0.5650841912504918,5,-143.0,120.0,0.5633457410697765,7.0,-145.0,118.0,-0.0017384501807152786,under,0.5316746212447157,0.09675881249520751,120.0,,True,0.0017384501807152786,0.1696841667383744,1.2,0.04242104168459366,2026-04
2026-04-26,661563.0,4.5,0.5495249830185664,0.0,0,0.0,0.43175514754989985,5,122.0,-143.0,0.4152997733922324,4.0,132.0,-160.0,-0.016455374157667457,over,0.5495249830185664,0.1177698354686666,122.0,,False,-0.016455374157667457,0.21994546230121748,-1.0,-0.04507079145516749,2026-04
2026-04-26,694738.0,5.5,0.3527850894820394,1.0,6,0.0,0.4534329834768,5,116.0,-122.0,0.43460736623700075,7.0,123.0,-145.0,-0.018825617239799253,under,0.6472149105179605,0.1006478939947606,-122.0,,False,0.018825617239799253,0.17771893553268225,-1.0,-0.05,2026-04
2026-04-26,500779.0,3.5,0.4970449857350049,1.0,5,0.0,0.40654829911054874,4,136.0,-170.0,0.4039773503646246,7.0,141.0,-165.0,-0.0025709487459241176,over,0.4970449857350049,0.09049668662445615,136.0,,True,-0.0025709487459241176,0.17302616633461154,1.36,0.04325654158365294,2026-04
2026-04-26,680694.0,5.5,0.6464162111640263,0.0,3,0.0,0.5448853650637205,5,-135.0,110.0,0.5673729395252372,4.0,-140.0,120.0,0.022487574461516613,over,0.6464162111640263,0.10153084610030572,-135.0,,False,0.022487574461516613,0.12524303424849015,-1.0,-0.04226952405886539,2026-04
2026-04-26,656492.0,4.5,0.47692494027872445,1.0,8,0.0,0.563226468691384,2,-148.0,116.0,0.5645319337906226,8.0,-141.0,120.0,0.0013054650992385675,under,0.5230750597212755,0.08630152841265959,116.0,,False,-0.0013054650992385675,0.1298421289979551,-1.0,-0.027983217456455867,2026-04
2026-04-26,650633.0,3.5,0.7213074735923439,1.0,8,0.0,0.532258064516129,1,-132.0,100.0,0.4994063696536167,7.0,-111.0,-114.0,-0.032851694862512326,over,0.7213074735923439,0.18904940907621492,-132.0,,True,-0.032851694862512326,0.26775252934411964,0.7575757575757576,0.03787878787878788,2026-04
2026-04-26,677944.0,3.5,0.6153116914491847,1.0,5,0.0,0.5325192569039137,4,-125.0,112.0,0.5279846016845573,7.0,-120.0,107.0,-0.004534655219356365,over,0.6153116914491847,0.08279243454527108,-125.0,,True,-0.004534655219356365,0.10756104460853255,0.8,0.026890261152133166,2026-04
2026-04-26,669194.0,3.5,0.6491919736020361,1.0,4,0.0,0.4145942694940694,3,130.0,-162.0,0.4098658475299297,8.0,135.0,-161.0,-0.004728421964139695,over,0.6491919736020361,0.23459770410796665,130.0,,True,-0.004728421964139695,0.49314153928468296,1.3,0.065,2026-04
2026-04-26,676106.0,4.5,0.5661374745760844,0.0,4,0.0,0.4250664229944198,5,132.0,-148.0,0.4226706148923995,6.0,125.0,-157.0,-0.002395808102020336,over,0.5661374745760844,0.1410710515816646,132.0,,False,-0.002395808102020336,0.3134389410165159,-1.0,-0.05,2026-04
2026-04-26,695076.0,4.5,0.5070672210353487,1.0,7,0.0,0.4040120063618583,4,135.0,-167.0,0.396457250430101,3.0,140.0,-178.0,-0.0075547559317573065,over,0.5070672210353487,0.10305521467349044,135.0,,True,-0.0075547559317573065,0.19160796943306957,1.35,0.04790199235826742,2026-04
2026-04-26,690986.0,5.5,0.40533492727254955,1.0,12,0.0,0.4960591854243299,3,-108.0,-107.0,0.5422399901507787,7.0,-120.0,110.0,0.04618080472644881,under,0.5946650727274505,0.09072425815178037,-107.0,,False,-0.04618080472644881,0.15042682294002108,-1.0,-0.04023917513645567,2026-04
2026-04-26,680573.0,3.5,0.7163086493926907,0.0,2,0.0,0.48496806917315044,6,102.0,-118.0,0.4945355232895755,8.0,-105.0,-110.0,0.009567454116425067,over,0.7163086493926907,0.23134058021954024,102.0,,False,0.009567454116425067,0.44694347177323523,-1.0,-0.05,2026-04
2026-04-27,622491.0,4.5,0.6557438632424565,0.0,3,0.0,0.5721424854972398,7,-154.0,123.0,0.5306667331391867,7.0,-125.0,105.0,-0.04147575235805312,over,0.6557438632424565,0.0836013777452167,-154.0,,False,-0.04147575235805312,0.08155156664664898,-1.0,-0.0313973531589599,2026-04
2026-04-27,800048.0,4.5,0.7203516292095423,1.0,9,0.0,0.5322993618292742,6,-118.0,106.0,0.5075466540948149,7.0,-110.0,102.0,-0.024752707734459256,over,0.7203516292095423,0.18805226738026815,-118.0,,True,-0.024752707734459256,0.33081911159051036,0.847457627118644,0.0423728813559322,2026-04
2026-04-28,695505.0,6.5,0.6506199056395465,1.0,9,0.0,0.5436461717012614,4,-135.0,110.0,0.5714963993772776,5.0,-150.0,125.0,0.027850227676016193,over,0.6506199056395465,0.10697373393828513,-135.0,,True,0.027850227676016193,0.13256057648365505,0.7407407407407407,0.03314014412091376,2026-04
2026-04-28,676440.0,4.5,0.5963275496604679,1.0,6,0.0,0.4691183289272191,7,105.0,-125.0,0.5003375197486108,8.0,-109.0,-109.0,0.03121919082139174,over,0.5963275496604679,0.12720922073324875,105.0,,True,0.03121919082139174,0.22247147680395918,1.05,0.052500000000000005,2026-04
2026-04-28,527048.0,3.5,0.5535131549227801,1.0,5,0.0,0.4713889918118516,5,101.0,-128.0,0.5129495696504026,7.0,-118.0,-101.0,0.041560577838550994,over,0.5535131549227801,0.08212416311092846,101.0,,True,0.041560577838550994,0.11256144139478796,1.01,0.028140360348696936,2026-04
2026-04-28,518876.0,4.5,0.430036375066785,0.0,1,0.0,0.5360688038414365,2,-134.0,105.0,0.5152363589776621,8.0,-112.0,102.0,-0.020832444863774446,under,0.569963624933215,0.10603242877465152,105.0,,True,0.020832444863774446,0.16842543111309072,1.05,0.04210635777827265,2026-04
2026-04-28,681517.0,3.5,0.4568712632934541,1.0,7,0.0,0.5743070985213009,3,-150.0,128.0,0.5693702790626687,8.0,-140.0,127.0,-0.0049368194586322245,under,0.5431287367065458,0.11743583522784679,128.0,,False,0.0049368194586322245,0.23833351969092453,-1.0,-0.04654951556463372,2026-04
2026-04-28,607259.0,3.5,0.651952029020055,1.0,4,0.0,0.5426971818684491,6,-135.0,108.0,0.48461444709013446,7.0,103.0,-109.0,-0.058082734778314604,over,0.651952029020055,0.10925484715160594,-135.0,,True,-0.058082734778314604,0.1348794579237994,0.7407407407407407,0.03371986448094988,2026-04
2026-04-28,669358.0,4.5,0.708394025434695,1.0,6,0.0,0.5392861110835213,6,-129.0,106.0,0.5417302113444507,8.0,-126.0,110.0,0.0024441002609293383,over,0.708394025434695,0.16910791435117367,-129.0,,True,0.0024441002609293383,0.2575366808104276,0.7751937984496124,0.03875968992248063,2026-04
2026-04-29,645261.0,4.5,0.6314888602640997,0.0,4,0.0,0.544856906661338,4,-130.0,111.0,0.4994258655305155,8.0,-102.0,-108.0,-0.045431041130822525,over,0.6314888602640997,0.08663195360276166,-130.0,,False,-0.045431041130822525,0.11724952200571481,-1.0,-0.03810609465185731,2026-04
2026-04-29,696149.0,4.5,0.6588625897884154,1.0,6,0.0,0.5219423265710071,7,-112.0,100.0,0.5466702505879499,7.0,-135.0,118.0,0.024727924016942793,over,0.6588625897884154,0.13692026321740824,-112.0,,True,0.024727924016942793,0.24713275924235778,0.8928571428571429,0.04464285714285715,2026-04
2026-04-29,669923.0,4.5,0.7270220424437761,1.0,5,0.0,0.5751633986928104,1,-160.0,120.0,0.5999035632657812,2.0,-165.0,143.0,0.02474016457297079,over,0.7270220424437761,0.1518586437509657,-160.0,,True,0.02474016457297079,0.1814108189711362,0.625,0.03125,2026-04
2026-04-29,668909.0,5.5,0.7133763467141372,1.0,9,0.0,0.5282467419944629,6,-127.0,100.0,0.5202939803662322,8.0,-110.0,106.0,-0.007952761628230665,over,0.7133763467141372,0.18512960471967432,-127.0,,True,-0.007952761628230665,0.2750900055441665,0.7874015748031497,0.03937007874015749,2026-04
2026-04-29,663362.0,3.5,0.5996965337304858,0.0,1,0.0,0.49654274448147834,4,-110.0,-107.0,0.5093814188004349,8.0,-117.0,-107.0,0.012838674318956522,over,0.5996965337304858,0.10315378924900748,-110.0,,False,0.012838674318956522,0.14487520075820015,-1.0,-0.03984068020850504,2026-04
2026-04-30,641927.0,3.5,0.6629185965268739,0.0,2,0.0,0.5686846954193214,5,-149.0,123.0,0.5782042554531474,6.0,-158.0,133.0,0.009519560033825925,over,0.6629185965268739,0.09423390110755248,-149.0,,False,0.009519560033825925,0.10783040627645374,-1.0,-0.040166826337978995,2026-04
2026-04-30,605135.0,4.5,0.5150427094641429,1.0,7,0.0,0.429116337388934,3,126.0,-150.0,0.42254652281431376,7.0,134.0,-152.0,-0.006569814574620247,over,0.5150427094641429,0.08592637207520887,126.0,,True,-0.006569814574620247,0.16399652338896287,1.26,0.04099913084724072,2026-04
2026-04-30,642547.0,5.5,0.6579371436195398,1.0,6,0.0,0.5435643701678725,4,-130.0,120.0,0.5410306642699361,8.0,-130.0,108.0,-0.0025337058979364446,over,0.6579371436195398,0.1143727734516673,-130.0,,True,-0.0025337058979364446,0.1640426387114935,0.7692307692307693,0.038461538461538464,2026-04
2026-04-30,687064.0,3.5,0.6517011470782411,0.0,2,0.0,0.5574302031166499,3,-145.0,115.0,0.5436580741973515,6.0,-127.0,110.0,-0.013772128919298465,over,0.6517011470782411,0.09427094396159119,-145.0,,False,-0.013772128919298465,0.10115021402875224,-1.0,-0.03666695258542273,2026-04
2026-05-01,554430.0,6.5,0.27671980348181696,1.0,8,0.0,0.46878072104870255,5,102.0,-125.0,0.4302369495499834,3.0,120.0,-154.0,-0.038543771498719126,under,0.723280196518183,0.1920609175668856,-125.0,,False,0.038543771498719126,0.3019043537327294,-1.0,-0.05,2026-05
2026-05-01,691587.0,5.5,0.5681478395610244,1.0,6,0.0,0.47221922201108424,7,105.0,-120.0,0.4848444531740675,8.0,100.0,-115.0,0.012625231162983253,over,0.5681478395610244,0.0959286175499402,105.0,,True,0.012625231162983253,0.16470307110010007,1.05,0.04117576777502502,2026-05
2026-05-01,700249.0,4.5,0.44420425193747093,0.0,4,0.0,0.5726051548550708,3,-156.0,124.0,0.5234130929111089,7.0,-123.0,100.0,-0.04919206194396186,under,0.5557957480625291,0.12840090291759987,124.0,,True,0.04919206194396186,0.24498247566006515,1.24,0.06124561891501628,2026-05
2026-05-02,687570.0,3.5,0.7266058671931489,1.0,4,0.0,0.5889049265355011,4,-159.0,130.0,0.6075094691771422,1.0,-186.0,138.0,0.01860454264164113,over,0.7266058671931489,0.13770094065764782,-159.0,,True,0.01860454264164113,0.1835906893272048,0.6289308176100629,0.031446540880503145,2026-05
2026-05-02,813349.0,4.5,0.6139494222946985,0.0,3,0.0,0.4904945995698482,4,-104.0,-106.0,0.49058868605173833,7.0,-104.0,-113.0,9.408648189013213e-05,over,0.6139494222946985,0.12345482272485031,-104.0,,False,9.408648189013213e-05,0.2042854052703702,-1.0,-0.05,2026-05
2026-05-02,656302.0,6.5,0.560990491059141,1.0,7,0.0,0.44098474836359935,3,116.0,-138.0,0.5405007208493597,8.0,-125.0,118.0,0.09951597248576038,over,0.560990491059141,0.12000574269554165,116.0,,True,0.09951597248576038,0.21173946068774452,1.16,0.05293486517193618,2026-05
2026-05-02,691725.0,4.5,0.2824486759882177,1.0,7,0.0,0.4177715367495171,4,126.0,-161.0,0.4111425800148373,7.0,135.0,-158.0,-0.006628956734679836,under,0.7175513240117823,0.1353228607612994,-161.0,,False,0.006628956734679836,0.1632353761930136,-1.0,-0.05,2026-05
2026-05-03,702056.0,5.5,0.30226121356468916,1.0,6,0.0,0.41151816883161185,5,135.0,-154.0,0.3817534778388871,1.0,145.0,-195.0,-0.029764690992724774,under,0.6977387864353108,0.1092569552669227,-154.0,,False,0.029764690992724774,0.150815920484214,-1.0,-0.05,2026-05
2026-05-03,666200.0,6.5,0.3685608604523408,1.0,10,0.0,0.4899245428013268,5,-108.0,-118.0,0.48518842674096513,8.0,100.0,-114.0,-0.0047361160603616725,under,0.6314391395476592,0.12136368234898598,-118.0,,False,0.0047361160603616725,0.16655705441855673,-1.0,-0.04913433105347427,2026-05
2026-05-03,663460.0,5.5,0.3765460447092385,1.0,7,0.0,0.47989368612633465,5,101.0,-120.0,0.485776759250827,7.0,100.0,-109.0,0.005883073124492322,under,0.6234539552907614,0.10334764141709613,-120.0,,False,-0.005883073124492322,0.14299891803306264,-1.0,-0.04289967540991879,2026-05
2026-05-03,694346.0,4.5,0.33281003897483796,0.0,2,0.0,0.45344188655154305,3,115.0,-121.0,0.4247651360403518,4.0,123.0,-154.0,-0.02867675051119123,under,0.667189961025162,0.12063184757670509,-121.0,,True,0.02867675051119123,0.21858662302942822,0.8264462809917356,0.04132231404958678,2026-05
2026-05-04,605400.0,5.5,0.3255705106633385,0.0,5,0.0,0.44784731252606147,7,118.0,-135.0,0.4424884873170042,8.0,116.0,-140.0,-0.005358825209057283,under,0.6744294893366616,0.122276801862723,-135.0,,True,0.005358825209057283,0.17400688884529975,0.7407407407407407,0.037037037037037035,2026-05
2026-05-04,608372.0,3.5,0.5481088204421714,0.0,1,0.0,0.46617257199379847,7,105.0,-126.0,0.4638333550488136,8.0,108.0,-127.0,-0.0023392169449848454,over,0.5481088204421714,0.08193624844837288,105.0,,False,-0.0023392169449848454,0.12362308190645133,-1.0,-0.02943406712058362,2026-05
2026-05-05,663568.0,3.5,0.5950169045689992,0.0,3,0.0,0.4059040590405904,1,130.0,-175.0,0.38873994638069703,1.0,140.0,-190.0,-0.01716411265989337,over,0.5950169045689992,0.18911284552840885,130.0,,False,-0.01716411265989337,0.3685388805086983,-1.0,-0.05,2026-05
2026-05-05,695684.0,3.5,0.6431858631808154,0.0,2,0.0,0.5251352503779981,3,-125.0,101.0,0.5940959409594095,1.0,-175.0,130.0,0.06896069058141141,over,0.6431858631808154,0.11805061280281726,-125.0,,False,0.06896069058141141,0.15773455372546774,-1.0,-0.04929204803920867,2026-05
2026-05-05,605135.0,4.5,0.37944534629972265,0.0,3,0.0,0.4707791038615016,4,102.0,-123.0,0.47736089770044154,6.0,104.0,-122.0,0.00658179383893992,under,0.6205546537002773,0.09133375756177897,-123.0,,True,-0.00658179383893992,0.12507063231838889,0.8130081300813008,0.03126765807959725,2026-05
2026-05-05,592791.0,5.5,0.3175950112442905,0.0,5,0.0,0.4248366013071895,1,120.0,-160.0,0.41849248199274575,3.0,140.0,-144.0,-0.00634411931444373,under,0.6824049887557095,0.10724159006289896,-160.0,,True,0.00634411931444373,0.10890810672802798,0.625,0.027227026682006994,2026-05
2026-05-06,607067.0,4.5,0.45750889970521097,1.0,5,0.0,0.5474834565547352,6,-130.0,125.0,0.550530200443108,6.0,-135.0,114.0,0.0030467438883727826,under,0.542491100294789,0.08997455684952421,125.0,,False,-0.0030467438883727826,0.2206049756632752,-1.0,-0.044120995132655064,2026-05
2026-05-06,700712.0,4.5,0.5910646706996473,1.0,5,0.0,0.42304657798343764,3,127.0,-158.0,0.43026083529266795,7.0,120.0,-151.0,0.00721425730923031,over,0.5910646706996473,0.16801809271620965,127.0,,True,0.00721425730923031,0.34171680248819936,1.27,0.0635,2026-05
2026-05-06,571945.0,3.5,0.5188454018271803,0.0,3,0.0,0.4192271491806223,5,128.0,-160.0,0.4467529300539478,7.0,118.0,-134.0,0.027525780873325467,over,0.5188454018271803,0.09961825264655799,128.0,,False,0.027525780873325467,0.18296751616597107,-1.0,-0.035735843001166244,2026-05
2026-05-07,684007.0,6.5,0.30524284581067435,1.0,10,0.0,0.45588073831143555,3,107.0,-137.0,0.4261732161676643,6.0,128.0,-150.0,-0.02970752214377126,under,0.6947571541893256,0.1506378925007612,-137.0,,False,0.02970752214377126,0.20187916454649757,-1.0,-0.05,2026-05
2026-05-07,687562.0,3.5,0.5664922410677056,0.0,1,0.0,0.4267678508572413,6,125.0,-145.0,0.41914218278688103,6.0,130.0,-142.0,-0.0076256680703602475,over,0.5664922410677056,0.1397243902104643,125.0,,False,-0.0076256680703602475,0.27460754240233753,-1.0,-0.05,2026-05
2026-05-07,680573.0,3.5,0.6115053512347256,0.0,2,0.0,0.47649589633753686,5,-102.0,-125.0,0.5207384137229398,7.0,-114.0,110.0,0.04424251738540297,over,0.6115053512347256,0.13500945489718874,-102.0,,False,0.04424251738540297,0.21102040146484868,-1.0,-0.05,2026-05
2026-05-07,669022.0,6.5,0.3004405293028223,0.0,3,0.0,0.4329742261011864,1,116.0,-154.0,0.39138706879599566,3.0,165.0,-165.0,-0.04158715730519075,under,0.6995594706971777,0.13253369679836413,-154.0,,True,0.04158715730519075,0.15381886725378663,0.6493506493506493,0.03246753246753247,2026-05
2026-05-08,608331.0,5.5,0.47233546611234034,0.0,5,0.0,0.556190037398412,6,-139.0,115.0,0.4746287777413136,7.0,110.0,-120.0,-0.08156125965709837,under,0.5276645338876597,0.08385457128607166,115.0,,True,0.08156125965709837,0.13447874785846825,1.15,0.033619686964617035,2026-05
2026-05-08,813349.0,4.5,0.6088507756652666,1.0,8,0.0,0.4727258339517481,7,107.0,-120.0,0.43123208251562917,8.0,139.0,-130.0,-0.04149375143611894,over,0.6088507756652666,0.13612494171351847,107.0,,True,-0.04149375143611894,0.26032110562710187,1.07,0.053500000000000006,2026-05
2026-05-08,656302.0,8.5,0.3257841785621522,1.0,10,0.0,0.43348916277093075,1,115.0,-155.0,0.4016275262090369,2.0,135.0,-175.0,-0.031861636561893836,under,0.6742158214378478,0.10770498420877855,-155.0,,False,0.031861636561893836,0.10919377075258824,-1.0,-0.04231258616662788,2026-05
2026-05-09,686799.0,3.5,0.5257757374227756,0.0,0,0.0,0.4167677157952293,2,125.0,-165.0,0.4362187241072476,7.0,133.0,-138.0,0.019451008312018292,over,0.5257757374227756,0.1090080216275463,125.0,,False,0.019451008312018292,0.18299540920124513,-1.0,-0.03659908184024903,2026-05
2026-05-09,650644.0,4.5,0.4962467328729219,1.0,6,0.0,0.4090059410068696,2,130.0,-170.0,0.4177825096240431,4.0,128.0,-162.0,0.008776568617173519,over,0.4962467328729219,0.08724079186605233,130.0,,True,0.008776568617173519,0.1413674856077204,1.3,0.03534187140193007,2026-05
2026-05-09,607536.0,4.5,0.4058223067110098,0.0,4,0.0,0.4893448070450842,4,100.0,-105.0,0.5193680777443229,8.0,-111.0,100.0,0.030023270699238713,under,0.5941776932889902,0.08352250033407443,-105.0,,True,-0.030023270699238713,0.16006121070707602,0.9523809523809523,0.040015302676769005,2026-05
2026-05-09,693645.0,5.5,0.5907478890060007,1.0,6,0.0,0.46645395708895415,5,104.0,-130.0,0.5634869737405774,5.0,-127.0,128.0,0.09703301665162328,over,0.5907478890060007,0.12429393191704657,104.0,,True,0.09703301665162328,0.20512569357224153,1.04,0.051281423393060355,2026-05
2026-05-09,695505.0,6.5,0.6245919241603274,0.0,2,0.0,0.532510336790799,6,-125.0,111.0,0.5615369148782714,8.0,-140.0,123.0,0.029026578087472443,over,0.6245919241603274,0.09208158736952843,-125.0,,False,0.029026578087472443,0.1242654634885893,-1.0,-0.038832957340184174,2026-05
2026-05-09,605400.0,6.5,0.3274722932388096,0.0,4,0.0,0.4554079696394686,1,105.0,-140.0,0.4270008508155339,5.0,130.0,-140.0,-0.028407118823934707,under,0.6725277067611903,0.127935676400659,-140.0,,True,0.028407118823934707,0.15290464016204058,0.7142857142857143,0.03571428571428572,2026-05
2026-05-09,683004.0,5.5,0.5583917620538364,1.0,6,0.0,0.4353208525666355,7,125.0,-145.0,0.4367163559159565,8.0,123.0,-147.0,0.0013955033493209812,over,0.5583917620538364,0.12307090948720095,125.0,,True,0.0013955033493209812,0.256381464621132,1.25,0.0625,2026-05
2026-05-10,681517.0,3.5,0.46843977812512255,1.0,5,0.0,0.5625569229499675,4,-134.0,120.0,0.5525405406655074,6.0,-134.0,114.0,-0.010016382284460112,under,0.5315602218748774,0.09411714482484496,120.0,,False,0.010016382284460112,0.16943248812473022,-1.0,-0.03529843502598551,2026-05
2026-05-10,669302.0,6.5,0.3136589992027673,1.0,9,0.0,0.45800038978756574,1,106.0,-135.0,0.4329797721070028,3.0,118.0,-146.0,-0.025020617680562962,under,0.6863410007972327,0.14434139058479845,-135.0,,False,0.025020617680562962,0.19474174212851614,-1.0,-0.05,2026-05
2026-05-10,650911.0,7.5,0.3750807109802493,0.0,7,0.0,0.45905687758583347,2,107.0,-136.0,0.4961983466912745,6.0,-105.0,-103.0,0.03714146910544103,under,0.6249192890197507,0.08397616660558416,-136.0,,True,-0.03714146910544103,0.08441876624015565,0.7352941176470589,0.021104691560038913,2026-05
2026-05-10,701656.0,5.5,0.4237313711962227,0.0,5,0.0,0.5770866388921053,4,-160.0,126.0,0.5726997159952002,6.0,-150.0,125.0,-0.004386922896905121,under,0.5762686288037773,0.15335526769588265,126.0,,True,0.004386922896905121,0.30236710109653664,1.26,0.063,2026-05
2026-05-10,645261.0,4.5,0.6093912363405967,0.0,3,0.0,0.5251997553498925,3,-120.0,110.0,0.5405241163294064,7.0,-130.0,113.0,0.015324360979513951,over,0.6093912363405967,0.08419148099070417,-120.0,,False,0.015324360979513951,0.11721726662442722,-1.0,-0.035165179987328196,2026-05
2026-05-10,608372.0,3.5,0.5257587300638062,0.0,2,0.0,0.4320504598876433,3,120.0,-144.0,0.4353890294307405,7.0,120.0,-140.0,0.0033385695430971918,over,0.5257587300638062,0.09370827017616296,120.0,,False,0.0033385695430971918,0.15666920614037372,-1.0,-0.032639417945911214,2026-05
2026-05-12,656550.0,4.5,0.5326209790794817,1.0,5,0.0,0.4465845758616938,6,118.0,-135.0,0.45529899732745277,8.0,112.0,-131.0,0.00871442146575896,over,0.5326209790794817,0.08603640321778788,118.0,,True,0.00871442146575896,0.16111373439327004,1.18,0.04027843359831751,2026-05
2026-05-12,571578.0,3.5,0.5780841360302911,0.0,1,0.0,0.49691601614871234,6,-105.0,-105.0,0.43778032726762134,8.0,120.0,-140.0,-0.059135688881091,over,0.5780841360302911,0.08116811988157874,-105.0,,False,-0.059135688881091,0.12864045605913965,-1.0,-0.03376811971552416,2026-05
2026-05-13,664285.0,5.5,0.3608675467285271,1.0,7,0.0,0.44366974624194244,5,118.0,-144.0,0.41891775341504767,4.0,138.0,-151.0,-0.024751992826894775,under,0.6391324532714728,0.08280219951341533,-144.0,,False,0.024751992826894775,0.0829744347099956,-1.0,-0.02987079649559844,2026-05
2026-05-13,684007.0,5.5,0.39579121222655206,1.0,6,0.0,0.49929676977039994,8,-110.0,-107.0,0.45537485926764576,7.0,119.0,-120.0,-0.04392191050275418,under,0.6042087877734479,0.10350555754384788,-107.0,,False,0.04392191050275418,0.16888989784209074,-1.0,-0.04517804767275927,2026-05
2026-05-13,656302.0,7.5,0.47744261556045386,1.0,9,0.0,0.3386503067484662,1,175.0,-245.0,0.3118811881188118,1.0,200.0,-278.0,-0.026769118629654365,over,0.47744261556045386,0.13879230881198767,175.0,,True,-0.026769118629654365,0.31296719279124807,1.75,0.07824179819781202,2026-05
2026-05-13,607625.0,5.5,0.38097614046901396,0.0,4,0.0,0.47552417815809406,8,104.0,-110.0,0.46416318172098314,8.0,110.0,-126.0,-0.011360996437110915,under,0.619023859530986,0.0945480376890801,-110.0,,True,0.011360996437110915,0.18177282274097328,0.9090909090909091,0.04544320568524335,2026-05
2026-05-14,641743.0,3.5,0.6020351479067588,1.0,4,0.0,0.4491971952673747,5,118.0,-132.0,0.4743698312699065,6.0,104.0,-110.0,0.02517263600253178,over,0.6020351479067588,0.1528379526393841,118.0,,True,0.02517263600253178,0.3124366224367342,1.18,0.059,2026-05
2026-05-14,690986.0,5.5,0.44645603698294656,1.0,7,0.0,0.5419996102124343,1,-135.0,106.0,0.5540664038360393,6.0,-136.0,115.0,0.012066793623605077,under,0.5535439630170534,0.0955435732294877,106.0,,False,-0.012066793623605077,0.14030056381513012,-1.0,-0.033089755616776,2026-05
2026-05-14,676962.0,3.5,0.7028852700384371,1.0,7,0.0,0.5494046557275702,5,-120.0,118.0,0.500664136248179,7.0,-105.0,-109.0,-0.04874051947939129,over,0.7028852700384371,0.1534806143108669,-120.0,,True,-0.04874051947939129,0.2886229950704682,0.8333333333333334,0.04166666666666667,2026-05
2026-05-14,690997.0,6.5,0.5664900916027921,1.0,7,0.0,0.4817665624407591,4,104.0,-112.0,0.5619588453252103,7.0,-138.0,132.0,0.08019228288445124,over,0.5664900916027921,0.08472352916203296,104.0,,True,0.08019228288445124,0.15563978686969582,1.04,0.03890994671742398,2026-05
2026-05-14,672456.0,3.5,0.6002501583180611,0.0,2,0.0,0.5187975182809578,3,-119.0,100.0,0.5659184398382171,6.0,-146.0,121.0,0.04712092155725933,over,0.6002501583180611,0.08145264003710329,-119.0,,False,0.04712092155725933,0.10466205606433088,-1.0,-0.03113696167913847,2026-05
2026-05-14,663460.0,5.5,0.3902190835194182,0.0,4,0.0,0.48442329966239434,6,100.0,-110.0,0.51211076691035,7.0,-110.0,104.0,0.02768746724795562,under,0.6097809164805819,0.09420421614297614,-110.0,,True,-0.02768746724795562,0.16412720419020166,0.9090909090909091,0.04103180104755044,2026-05
2026-05-15,702056.0,5.5,0.35737438769515883,1.0,6,0.0,0.488282391831133,6,104.0,-105.0,0.49172591415938893,7.0,100.0,-104.0,0.0034435223282559546,under,0.6426256123048412,0.13090800413597414,-105.0,,False,-0.0034435223282559546,0.25465000497611845,-1.0,-0.05,2026-05
2026-05-15,676440.0,6.5,0.315144146562643,0.0,2,0.0,0.4312277957927348,5,124.0,-146.0,0.41926580645365263,2.0,124.0,-161.0,-0.011961989339082157,under,0.684855853437357,0.11608364923009179,-146.0,,True,0.011961989339082157,0.15393520510677955,0.684931506849315,0.03424657534246575,2026-05
2026-05-15,641793.0,3.5,0.5565818846372486,0.0,3,0.0,0.45251124787133534,7,117.0,-120.0,0.4186799972880251,7.0,139.0,-150.0,-0.03383125058331027,over,0.5565818846372486,0.10407063676591322,117.0,,False,-0.03383125058331027,0.2077826896628293,-1.0,-0.044398010611715694,2026-05
2026-05-16,593958.0,5.5,0.2933418882076068,1.0,6,0.0,0.4324698192416342,2,118.0,-150.0,0.33333333333333337,1.0,180.0,-250.0,-0.09913648590830082,under,0.7066581117923931,0.13912793103402737,-150.0,,False,0.09913648590830082,0.1777635196539885,-1.0,-0.05,2026-05
2026-05-16,669302.0,6.5,0.3046457635376148,0.0,5,0.0,0.4588195755383094,6,115.0,-124.0,0.46903931834656165,7.0,110.0,-124.0,0.010219742808252275,under,0.6953542364623853,0.15417381200069458,-124.0,,True,-0.010219742808252275,0.2561237819965668,0.8064516129032258,0.04032258064516129,2026-05
2026-05-16,645261.0,4.5,0.5400648561279623,1.0,6,0.0,0.43250443322710647,3,120.0,-148.0,0.42447465894544795,7.0,124.0,-156.0,-0.00802977428165852,over,0.5400648561279623,0.10756042290085582,120.0,,True,-0.00802977428165852,0.18814268348151697,1.2,0.0470356708703793,2026-05
2026-05-16,650911.0,7.5,0.3121013781007397,1.0,13,0.0,0.42336773922910464,2,126.0,-154.0,0.43867443825347624,7.0,120.0,-144.0,0.015306699024371595,under,0.6878986218992603,0.11126636112836497,-154.0,,False,-0.015306699024371595,0.13458603871696184,-1.0,-0.05,2026-05
2026-05-16,592791.0,5.5,0.3170284699877336,0.0,2,0.0,0.40961666577801437,2,132.0,-162.0,0.3768844221105528,1.0,148.0,-200.0,-0.03273224366746158,under,0.6829715300122664,0.09258819579028077,-162.0,,True,0.03273224366746158,0.10455889421736908,0.6172839506172839,0.026139723554342298,2026-05
2026-05-17,647336.0,5.5,0.4335910895352834,1.0,8,0.0,0.5197923870917229,2,-120.0,-102.0,0.4631275678675775,6.0,107.0,-125.0,-0.0566648192241454,under,0.5664089104647165,0.08620129755643952,-102.0,,False,0.0566648192241454,0.1217117638614974,-1.0,-0.031036499784681867,2026-05
2026-05-17,547179.0,3.5,0.6361663238438648,1.0,5,0.0,0.4862465792652846,3,-105.0,-115.0,0.4405523762436258,7.0,127.0,-134.0,-0.045694203021658775,over,0.6361663238438648,0.14991974457858026,-105.0,,True,-0.045694203021658775,0.24203901321897414,0.9523809523809523,0.047619047619047616,2026-05
2026-05-17,669923.0,5.5,0.379605070529655,1.0,6,0.0,0.4823978008886525,6,105.0,-110.0,0.46009666108057395,6.0,110.0,-117.0,-0.02230113980807852,under,0.620394929470345,0.1027927303589975,-110.0,,False,0.02230113980807852,0.18439031989793142,-1.0,-0.05,2026-05
2026-05-17,691587.0,5.5,0.5508881056151,0.0,5,0.0,0.4460823177527847,3,116.0,-139.0,0.42984636125627124,6.0,122.0,-150.0,-0.016235956496513437,over,0.5508881056151,0.10480578786231537,116.0,,False,-0.016235956496513437,0.1899183081286161,-1.0,-0.04093066985530522,2026-05
2026-05-17,663903.0,3.5,0.6072156897134725,1.0,6,0.0,0.5249941276198931,5,-122.0,103.0,0.529871972819195,7.0,-118.0,110.0,0.0048778451993019,over,0.6072156897134725,0.08222156209357945,-122.0,,True,0.0048778451993019,0.1049334681671385,0.819672131147541,0.026233367041784635,2026-05
2026-05-18,837227.0,3.5,0.7176595500169968,1.0,5,0.0,0.5834970530451867,1,-165.0,125.0,0.6269113149847094,1.0,-205.0,150.0,0.04341426193952269,over,0.7176595500169968,0.13416249697181004,-165.0,,True,0.04341426193952269,0.15260473184547968,0.6060606060606061,0.030303030303030304,2026-05
2026-05-18,681035.0,3.5,0.7103698432720312,1.0,5,0.0,0.6202531645569621,1,-200.0,145.0,0.6470210717723821,1.0,-230.0,163.0,0.026767907215419995,over,0.7103698432720312,0.09011667871506912,-200.0,,True,0.026767907215419995,0.06555476490804685,0.5,0.016388691227011698,2026-05
2026-05-18,664285.0,4.5,0.631061039220627,0.0,3,0.0,0.5189454627974583,7,-115.0,103.0,0.5027293086307928,7.0,100.0,-105.0,-0.016216154166665553,over,0.631061039220627,0.1121155764231686,-115.0,,False,-0.016216154166665553,0.17980976897769385,-1.0,-0.05,2026-05
2026-05-18,666157.0,5.5,0.42202095978749754,0.0,3,0.0,0.5045589398844588,5,-105.0,105.0,0.4474478001717115,5.0,117.0,-135.0,-0.05711113971274728,under,0.5779790402125025,0.08253798009696123,105.0,,True,0.05711113971274728,0.18485703243563012,1.05,0.0462142581089075,2026-05
2026-05-18,663623.0,3.5,0.6295613800298869,1.0,6,0.0,0.5445920303605313,1,-140.0,105.0,0.5727194980689057,4.0,-152.0,123.0,0.028127467708374376,over,0.6295613800298869,0.08496934966935565,-140.0,,True,0.028127467708374376,0.07924808005123474,0.7142857142857143,0.019812020012808684,2026-05
2026-05-19,672456.0,4.5,0.40245415913936083,0.0,1,0.0,0.3016418480336006,1,210.0,-295.0,0.29163738580463805,1.0,220.0,-315.0,-0.010004462228962563,over,0.40245415913936083,0.10081231110576022,210.0,,False,-0.010004462228962563,0.2476078933320187,-1.0,-0.029477130158573655,2026-05
2026-05-19,690997.0,6.5,0.49413815941099243,0.0,5,0.0,0.38873994638069703,1,140.0,-190.0,0.4218488521582572,2.0,123.0,-156.0,0.03310890577756015,over,0.49413815941099243,0.1053982130302954,140.0,,False,0.03310890577756015,0.18593158258638176,-1.0,-0.03320206831899677,2026-05
2026-05-19,695505.0,7.5,0.4571166763078412,1.0,9,0.0,0.28237585199610515,1,230.0,-335.0,0.2525252525252525,1.0,270.0,-400.0,-0.029850599470852668,over,0.4571166763078412,0.17474082431173604,230.0,,True,-0.029850599470852668,0.5084850318158758,2.3,0.11499999999999999,2026-05
2026-05-19,680694.0,6.5,0.4183392252083316,0.0,6,0.0,0.29654036243822074,1,215.0,-305.0,0.2949014034464381,1.0,215.0,-315.0,-0.0016389589917826242,over,0.4183392252083316,0.12179886277011087,215.0,,False,-0.0016389589917826242,0.3177685594062445,-1.0,-0.036949832489098194,2026-05
2026-05-19,669461.0,4.5,0.4296394053455445,1.0,9,0.0,0.5253026734587932,7,-120.0,105.0,0.5233491293300342,7.0,-120.0,104.0,-0.0019535441287590327,under,0.5703605946544554,0.09566326811324871,105.0,,False,0.0019535441287590327,0.16923921904163364,-1.0,-0.04029505215276991,2026-05
2026-05-19,527048.0,3.5,0.4680377606389322,1.0,10,0.0,0.5579941194945756,5,-136.0,122.0,0.5038460272037665,7.0,-107.0,-105.0,-0.05414809229080908,under,0.5319622393610678,0.08995635885564335,122.0,,False,0.05414809229080908,0.1809561713815705,-1.0,-0.03708118266015787,2026-05
2026-05-20,693645.0,5.5,0.6427012038014192,1.0,7,0.0,0.5550794955121806,6,-136.0,115.0,0.5658251452517975,6.0,-142.0,122.0,0.010745649739616892,over,0.6427012038014192,0.08762170828923854,-136.0,,True,0.010745649739616892,0.11527561836128619,0.7352941176470589,0.02881890459032155,2026-05
2026-05-20,657746.0,6.5,0.32425747508473063,1.0,9,0.0,0.4481777769700491,7,113.0,-135.0,0.45745093733804143,7.0,112.0,-131.0,0.009273160367992306,under,0.6757425249152693,0.1239203018853185,-135.0,,False,-0.009273160367992306,0.1762925433710243,-1.0,-0.05,2026-05
2026-05-20,702056.0,5.5,0.400934419614093,1.0,8,0.0,0.5367343780483664,5,-125.0,110.0,0.5653035197389964,6.0,-135.0,130.0,0.028569141690629962,under,0.5990655803859071,0.13579995843427345,110.0,,False,-0.028569141690629962,0.25803771881040494,-1.0,-0.05,2026-05
2026-05-20,641816.0,3.5,0.6697854567127772,1.0,6,0.0,0.5855918315895626,1,-163.0,128.0,0.6333530455351862,1.0,-210.0,155.0,0.047761213945623604,over,0.6697854567127772,0.0841936251232146,-163.0,,True,0.047761213945623604,0.0806967798494504,0.6134969325153374,0.020174194962362613,2026-05
2026-05-20,607536.0,3.5,0.6518539383204381,1.0,4,0.0,0.558797046641455,1,-145.0,114.0,0.6333530455351862,1.0,-210.0,155.0,0.07455599889373121,over,0.6518539383204381,0.09305689167898312,-145.0,,True,0.07455599889373121,0.10140837854142998,0.6896551724137931,0.02535209463535748,2026-05
2026-05-20,676106.0,5.5,0.4187337407200188,0.0,4,0.0,0.5392638360722884,3,-129.0,110.0,0.5309599786509855,6.0,-120.0,110.0,-0.008303857421302907,under,0.5812662592799812,0.12053009535226966,110.0,,True,0.008303857421302907,0.22065914448796065,1.1,0.05500000000000001,2026-05
2026-05-20,518876.0,4.5,0.5177031485071765,0.0,4,0.0,0.42470009549351784,3,126.0,-154.0,0.44040491366938683,6.0,121.0,-140.0,0.015704818175868995,over,0.5177031485071765,0.09300305301365863,126.0,,False,0.015704818175868995,0.1700091156262188,-1.0,-0.0337319673861545,2026-05
2026-05-20,669358.0,4.5,0.5861983451628608,1.0,6,0.0,0.5029142381348877,5,-110.0,-106.0,0.5042282771507801,7.0,-110.0,-109.0,0.001314039015892443,over,0.5861983451628608,0.08328410702797318,-110.0,,True,0.001314039015892443,0.11910593167455252,0.9090909090909091,0.02977648291863816,2026-05
2026-05-20,519242.0,7.5,0.359181806803889,1.0,8,0.0,0.4629708211513288,4,108.0,-125.0,0.4522155581310878,5.0,121.0,-130.0,-0.01075526302024099,under,0.640818193196111,0.10378901434743981,-125.0,,False,0.01075526302024099,0.1534727477529998,-1.0,-0.047960233672812436,2026-05
2026-05-21,607074.0,5.5,0.32899678759110174,1.0,7,0.0,0.44822268248959946,7,116.0,-135.0,0.43256857472529614,7.0,120.0,-148.0,-0.015654107764303316,under,0.6710032124088983,0.11922589489849772,-135.0,,False,0.015654107764303316,0.16804262900808214,-1.0,-0.05,2026-05
2026-05-21,677952.0,5.5,0.562858604131902,1.0,9,0.0,0.42389888380264223,4,126.0,-154.0,0.44664914283769397,5.0,116.0,-135.0,0.022750259035051734,over,0.562858604131902,0.1389597203292598,126.0,,True,0.022750259035051734,0.2720604453380986,1.26,0.063,2026-05
2026-05-21,675911.0,5.5,0.4240702887592255,1.0,9,0.0,0.5329653913704587,6,-124.0,105.0,0.5405715492776081,6.0,-127.0,115.0,0.007606157907149358,under,0.5759297112407745,0.10889510261123325,105.0,,False,-0.007606157907149358,0.18065590804358778,-1.0,-0.043013311438949445,2026-05
2026-05-21,663554.0,4.5,0.5864251165436883,0.0,4,0.0,0.4748610881719773,5,104.0,-120.0,0.4915668556883989,7.0,-102.0,-109.0,0.01670576751642161,over,0.5864251165436883,0.11156402837171103,104.0,,False,0.01670576751642161,0.19630723774912429,-1.0,-0.04718923984353946,2026-05
2026-05-22,592332.0,6.5,0.32535730909523186,1.0,8,0.0,0.4439082233828182,4,120.0,-140.0,0.42153777823495303,2.0,128.0,-149.0,-0.02237044514786518,under,0.6746426909047681,0.11855091428758635,-140.0,,False,0.02237044514786518,0.1565303272653168,-1.0,-0.05,2026-05
2026-05-22,693821.0,5.5,0.4167621444260581,0.0,4,0.0,0.33333333333333337,1,180.0,-250.0,0.33333333333333337,1.0,180.0,-250.0,0.0,over,0.4167621444260581,0.08342881109272471,180.0,,False,0.0,0.1669340043929627,-1.0,-0.023185278387911467,2026-05
2026-05-22,543037.0,5.5,0.5148575040218836,0.0,2,0.0,0.3649000868809731,1,155.0,-215.0,0.3973509933774834,1.0,135.0,-182.0,0.032450906496510334,over,0.5148575040218836,0.1499574171409105,155.0,,False,0.032450906496510334,0.3128866352558032,-1.0,-0.05,2026-05
2026-05-23,808963.0,5.5,0.3048120066747082,0.0,4,0.0,0.4262676496917666,3,125.0,-149.0,0.41540256709451573,1.0,125.0,-167.0,-0.010865082597250886,under,0.6951879933252918,0.12145564301705841,-149.0,,True,0.010865082597250886,0.16175711636240042,0.6711409395973155,0.03355704697986577,2026-05
2026-05-23,554430.0,5.5,0.6824216445804775,1.0,6,0.0,0.5370841275578433,4,-126.0,108.0,0.5623664831125403,4.0,-140.0,120.0,0.025282355554697045,over,0.6824216445804775,0.1453375170226342,-126.0,,True,0.025282355554697045,0.22402612440625325,0.7936507936507936,0.03968253968253968,2026-05
2026-05-23,671737.0,4.5,0.6747916523508675,1.0,7,0.0,0.41736000710654714,3,133.0,-154.0,0.4828740121257589,6.0,100.0,-113.0,0.06551400501921179,over,0.6747916523508675,0.25743164524432033,133.0,,True,0.06551400501921179,0.5722645499775213,1.33,0.0665,2026-05
2026-05-23,571578.0,4.5,0.3501132222297824,1.0,7,0.0,0.5119268900598795,4,-114.0,-106.0,0.4524618062163057,6.0,115.0,-130.0,-0.05946508384357374,under,0.6498867777702175,0.16181366783009704,-106.0,,False,0.05946508384357374,0.26298751151570576,-1.0,-0.05,2026-05
2026-05-23,656550.0,4.5,0.6099641791980521,1.0,10,0.0,0.47123800736624744,3,108.0,-120.0,0.49103643026177646,6.0,100.0,-104.0,0.019798422895529022,over,0.6099641791980521,0.1387261718318047,108.0,,True,0.019798422895529022,0.26872549273194846,1.08,0.054000000000000006,2026-05
2026-05-24,800048.0,5.5,0.4565357562158571,1.0,6,0.0,0.5698263557605446,3,-150.0,122.0,0.5360000835043756,6.0,-124.0,110.0,-0.033826272256169077,under,0.5434642437841428,0.11329059954468751,122.0,,False,0.033826272256169077,0.2064906212007971,-1.0,-0.04231365188540919,2026-05
2026-05-24,808967.0,6.5,0.36398720751389957,0.0,3,0.0,0.49336335629794625,3,-105.0,-112.0,0.4758462883995427,4.0,101.0,-125.0,-0.01751706789840357,under,0.6360127924861004,0.12937614878404669,-112.0,,True,0.01751706789840357,0.203881357205833,0.8928571428571429,0.04464285714285715,2026-05
2026-05-24,672282.0,6.5,0.4006623170802077,1.0,14,0.0,0.5225479072074639,3,-120.0,102.0,0.5172693142615746,6.0,-112.0,104.0,-0.005278592945889282,under,0.5993376829197923,0.1218855901272562,102.0,,False,0.005278592945889282,0.21066211949798042,-1.0,-0.05,2026-05
2026-05-24,656302.0,8.5,0.32960420132263674,0.0,8,0.0,0.4326243579578751,1,118.0,-151.0,0.43875997047168425,2.0,117.0,-141.0,0.006135612513809119,under,0.6703957986773632,0.10302015663523839,-151.0,,True,-0.006135612513809119,0.11436652627826605,0.6622516556291391,0.02859163156956651,2026-05
2026-05-24,656492.0,4.5,0.5839693768793742,1.0,6,0.0,0.4678738106751161,3,111.0,-122.0,0.47926514452571795,6.0,100.0,-115.0,0.01139133385060187,over,0.5839693768793742,0.11609556620425815,111.0,,True,0.01139133385060187,0.23217538521547965,1.11,0.05550000000000001,2026-05
2026-05-24,687075.0,4.5,0.5896955409960529,1.0,7,0.0,0.48242826322417187,4,-102.0,-118.0,0.4783553806381901,6.0,100.0,-118.0,-0.004072882585981763,over,0.5896955409960529,0.10726727777188105,-102.0,,True,-0.004072882585981763,0.1678284243255166,0.9803921568627451,0.04195710608137915,2026-05
2026-05-24,592662.0,5.5,0.42919739389246403,0.0,3,0.0,0.5529526884518559,4,-134.0,120.0,0.5698349905508326,5.0,-149.0,122.0,0.016882302098976787,under,0.570802606107536,0.12375529455939183,120.0,,True,-0.016882302098976787,0.25576573343657916,1.2,0.06,2026-05
2026-05-24,663567.0,4.5,0.45088096498058367,1.0,5,0.0,0.5321901383314377,4,-120.0,105.0,0.4912356572823525,5.0,-103.0,-114.0,-0.04095448104908517,under,0.5491190350194164,0.08130917335085402,105.0,,False,0.04095448104908517,0.1256940217898036,-1.0,-0.029927148045191306,2026-05
2026-05-24,684007.0,5.5,0.4573311587008611,1.0,6,0.0,0.5837817583309913,3,-151.0,134.0,0.5641095487607768,5.0,-142.0,125.0,-0.01967220957021454,under,0.542668841299139,0.12645059963013022,134.0,,False,0.01967220957021454,0.26984508863998513,-1.0,-0.05,2026-05
2026-05-25,680694.0,5.5,0.6421341275295196,0.0,3,0.0,0.5269175126817467,4,-110.0,110.0,0.48432121401672107,6.0,-102.0,-117.0,-0.04259629866502562,over,0.6421341275295196,0.1152166148477729,-110.0,,False,-0.04259629866502562,0.2258924252836283,-1.0,-0.05,2026-05
2026-05-26,677952.0,5.5,0.5870240183434299,0.0,5,0.0,0.5069544740549075,5,-105.0,100.0,0.4975473642503126,6.0,-109.0,-108.0,-0.00940710980459486,over,0.5870240183434299,0.08006954428852242,-105.0,,False,-0.00940710980459486,0.14609451200383927,-1.0,-0.03834980940100781,2026-05
2026-05-26,669358.0,5.5,0.512607203976837,1.0,9,0.0,0.3666469544648137,1,155.0,-210.0,0.33333333333333337,1.0,180.0,-250.0,-0.03331362113148034,over,0.512607203976837,0.1459602495120233,155.0,,True,-0.03331362113148034,0.30714837014093443,1.55,0.07678709253523358,2026-05
2026-05-26,676917.0,5.5,0.4813415555460536,1.0,7,0.0,0.3768844221105528,1,148.0,-200.0,0.3587443946188341,1.0,160.0,-220.0,-0.01814002749171867,over,0.4813415555460536,0.10445713343550084,148.0,,True,-0.01814002749171867,0.19372705775421295,1.48,0.04843176443855324,2026-05
2026-05-26,686799.0,3.5,0.6548282796360513,1.0,4,0.0,0.5518167342301943,5,-135.0,118.0,0.5017992186522066,6.0,-106.0,-106.0,-0.050017515577987726,over,0.6548282796360513,0.103011545405857,-135.0,,True,-0.050017515577987726,0.13988626455164477,0.7407407407407407,0.03497156613791119,2026-05
2026-05-27,668909.0,6.5,0.6248304679457655,0.0,4,0.0,0.5009963042588766,4,-108.0,-109.0,0.5065952029061398,6.0,-108.0,100.0,0.005598898647263151,over,0.6248304679457655,0.12383416368688882,-108.0,,False,0.005598898647263151,0.2033771975251779,-1.0,-0.05,2026-05
2026-05-27,650911.0,6.5,0.382475666104736,1.0,9,0.0,0.48247339002311873,4,101.0,-114.0,0.5605040685616675,6.0,-136.0,119.0,0.07803067853854873,under,0.6175243338952641,0.09999772391838274,-114.0,,False,-0.07803067853854873,0.15921234608409218,-1.0,-0.04537551863396627,2026-05
2026-05-28,656427.0,6.5,0.28688741959853914,1.0,9,0.0,0.44388883419561753,4,118.0,-131.0,0.4436963829674072,6.0,118.0,-128.0,-0.0001924512282103219,under,0.7131125804014609,0.1570014145970784,-131.0,,False,0.0001924512282103219,0.25747332879952267,-1.0,-0.05,2026-05
2026-05-28,519242.0,7.5,0.4510232668405765,1.0,8,0.0,0.5411115344404165,4,-130.0,112.0,0.47049102923267755,6.0,105.0,-124.0,-0.07062050520773894,under,0.5489767331594235,0.09008826759984001,112.0,,False,0.07062050520773894,0.16383067429797793,-1.0,-0.036569346941512954,2026-05
2026-05-28,680570.0,5.5,0.5482717788140214,0.0,5,0.0,0.43169732613063133,3,124.0,-143.0,0.41353109400155075,4.0,130.0,-160.0,-0.018166232129080584,over,0.5482717788140214,0.11657445268339012,124.0,,False,-0.018166232129080584,0.22812878454340801,-1.0,-0.045993706561170994,2026-05
2026-05-29,700712.0,3.5,0.7457306363366437,1.0,5,0.0,0.5786002546214302,5,-150.0,136.0,0.5174396552906583,6.0,-110.0,105.0,-0.06116059933077189,over,0.7457306363366437,0.16713038171521355,-150.0,,True,-0.06116059933077189,0.2428843938944062,0.6666666666666666,0.03333333333333333,2026-05
2026-05-29,683003.0,5.5,0.5578845847149462,1.0,6,0.0,0.43668122270742354,1,115.0,-150.0,,,,,,over,0.5578845847149462,0.12120336200752263,115.0,,True,,0.1994518571371342,1.15,0.049862964284283544,2026-05
2026-05-29,675512.0,4.5,0.5078973328601281,0.0,1,0.0,0.42097645280736645,5,130.0,-153.0,0.4146851792177915,5.0,132.0,-160.0,-0.0062912735895749305,over,0.5078973328601281,0.0869208800527616,130.0,,False,-0.0062912735895749305,0.16816386557829455,-1.0,-0.03233920491890278,2026-05
2026-05-30,681517.0,3.5,0.6408774384341089,1.0,4,0.0,0.5476332743432203,5,-134.0,114.0,0.5582441971407098,6.0,-135.0,124.0,0.010610922797489541,over,0.6408774384341089,0.09324416409088865,-134.0,,True,0.010610922797489541,0.11914418353419026,0.746268656716418,0.02978604588354755,2026-05
2026-05-30,800048.0,6.5,0.3440746331081141,0.0,4,0.0,0.44125070040255693,3,116.0,-142.0,,,,,,under,0.6559253668918859,0.09717606729444284,-142.0,,True,,0.11784463935096035,0.704225352112676,0.029461159837740114,2026-05
2026-05-30,681035.0,5.5,0.3453326303189099,1.0,8,0.0,0.44802750259566015,3,119.0,-134.0,0.43993402357617145,5.0,118.0,-144.0,-0.008093479019488703,under,0.6546673696810901,0.10269487227675028,-134.0,,False,0.008093479019488703,0.14322510824906776,-1.0,-0.04798041126343766,2026-05
2026-05-30,676962.0,4.5,0.6333692143620341,1.0,6,0.0,0.5304933991105197,4,-125.0,106.0,0.5837216400425169,5.0,-162.0,130.0,0.053228240931997184,over,0.6333692143620341,0.10287581525151435,-125.0,,True,0.053228240931997184,0.14006458585166137,0.8,0.03501614646291534,2026-05
2026-05-30,641743.0,4.5,0.5476030623131237,0.0,3,0.0,0.45888317084849994,3,106.0,-130.0,0.4510175622148879,6.0,118.0,-135.0,-0.00786560863361202,over,0.5476030623131237,0.08871989146462378,106.0,,False,-0.00786560863361202,0.12806230836503485,-1.0,-0.030203374614395036,2026-05
2026-05-30,663567.0,5.5,0.2940517594056214,0.0,3,0.0,0.4684558963108971,4,106.0,-120.0,0.4167245073000633,5.0,136.0,-157.0,-0.05173138901083385,under,0.7059482405943787,0.17440413690527573,-120.0,,True,0.05173138901083385,0.2942384410896942,0.8333333333333334,0.04166666666666667,2026-05
2026-05-31,680732.0,5.5,0.5612771406979598,1.0,6,0.0,0.46691401995626985,3,110.0,-119.0,0.44148743183138645,5.0,120.0,-140.0,-0.02542658812488341,over,0.5612771406979598,0.0943631207416899,110.0,,True,-0.02542658812488341,0.1786819954657155,1.1,0.044670498866428876,2026-05
2026-05-31,677952.0,5.5,0.6448080615219854,1.0,11,0.0,0.4745872239592159,4,108.0,-118.0,0.43567006978223,2.0,118.0,-150.0,-0.03891715417698588,over,0.6448080615219854,0.17022083756276957,108.0,,True,-0.03891715417698588,0.34120076796572973,1.08,0.054000000000000006,2026-05
2026-05-31,808967.0,6.5,0.5267742293764163,1.0,10,0.0,0.44344313064893115,2,116.0,-142.0,0.454313212836097,5.0,112.0,-125.0,0.010870082187165842,over,0.5267742293764163,0.08333109872748512,116.0,,True,0.010870082187165842,0.13783233545305906,1.16,0.03445808386326482,2026-05
2026-06-01,675660.0,3.5,0.5952944910984348,1.0,5,0.0,0.4168497461435864,2,136.0,-155.0,0.434279527121195,3.0,124.0,-145.0,0.01742978097760861,over,0.5952944910984348,0.1784447449548484,136.0,,True,0.01742978097760861,0.4048949989923062,1.36,0.068,2026-06
2026-06-01,700241.0,3.5,0.5735695917666951,0.0,1,0.0,0.4927187456342537,5,100.0,-110.0,0.4949227722142151,5.0,-102.0,-108.0,0.0022040265799613823,over,0.5735695917666951,0.08085084613244137,100.0,,False,0.0022040265799613823,0.14713918353339017,-1.0,-0.03678479588334754,2026-06
2026-06-01,645261.0,3.5,0.7352725418367088,1.0,5,0.0,0.5750431476126994,5,-150.0,126.0,0.5866549644102266,6.0,-160.0,130.0,0.011611816797527208,over,0.7352725418367088,0.1602293942240094,-150.0,,True,0.011611816797527208,0.22545423639451456,0.6666666666666666,0.03333333333333333,2026-06
2026-06-01,643377.0,4.5,0.4533708466703341,1.0,5,0.0,0.5386107997929681,6,-115.0,114.0,0.5523395624590594,6.0,-130.0,118.0,0.013728762666091243,under,0.5466291533296659,0.085239953122634,114.0,,False,-0.013728762666091243,0.16978638812548497,-1.0,-0.03723385704506247,2026-06
2026-06-02,702070.0,5.5,0.3214206575707427,1.0,8,0.0,0.4397074448307013,4,124.0,-131.0,0.429108386096677,5.0,120.0,-147.0,-0.01059905873402428,under,0.6785793424292573,0.11828678725995861,-131.0,,False,0.01059905873402428,0.19657884046685836,-1.0,-0.05,2026-06
2026-06-02,669160.0,4.5,0.6147808399461414,1.0,9,0.0,0.5243260038111113,4,-122.0,102.0,0.5652033671877584,6.0,-135.0,129.0,0.04087736337664716,over,0.6147808399461414,0.09045483613503014,-122.0,,True,0.04087736337664716,0.11869956121347047,0.819672131147541,0.029674890303367615,2026-06
2026-06-02,669358.0,4.5,0.6481039527459749,1.0,6,0.0,0.5575221238938053,1,-150.0,110.0,0.5607931364994035,2.0,-143.0,115.0,0.003271012605598256,over,0.6481039527459749,0.09058182885216959,-150.0,,True,0.003271012605598256,0.08017325457662478,0.6666666666666666,0.02004331364415618,2026-06
2026-06-02,693645.0,6.5,0.5680553135305886,0.0,3,0.0,0.46777903845645613,4,106.0,-120.0,0.47058905511561744,4.0,112.0,-115.0,0.0028100166591613074,over,0.5680553135305886,0.10027627507413245,106.0,,False,0.0028100166591613074,0.1701939458730125,-1.0,-0.04014008157382368,2026-06
2026-06-03,656550.0,4.5,0.6008903290344644,0.0,4,0.0,0.5133886025227353,4,-112.0,100.0,0.49600638977635786,2.0,-110.0,-110.0,-0.017382212746377468,over,0.6008903290344644,0.08750172651172905,-112.0,,False,-0.017382212746377468,0.1373995513866647,-1.0,-0.03847187438826608,2026-06
2026-06-03,675512.0,3.5,0.5719391073612141,1.0,5,0.0,0.4881837792129191,3,-105.0,-114.0,0.47146975301156113,2.0,102.0,-125.0,-0.01671402620135798,over,0.5719391073612141,0.083755328148295,-105.0,,True,-0.01671402620135798,0.11664301913379893,0.9523809523809523,0.02916075478344976,2026-06
2026-06-03,676974.0,5.5,0.5321420910331448,1.0,7,0.0,0.44900521517677644,4,118.0,-125.0,0.4926419783887946,3.0,-108.0,-115.0,0.04363676321201815,over,0.5321420910331448,0.08313687585636836,118.0,,True,0.04363676321201815,0.16006975845225568,1.18,0.040017439613063865,2026-06
2026-06-03,669467.0,3.5,0.6861059879335806,1.0,5,0.0,0.5625356964173052,4,-135.0,122.0,0.5869180567261649,2.0,-162.0,132.0,0.024382360308859763,over,0.6861059879335806,0.12357029151627541,-135.0,,True,0.024382360308859763,0.1943326456621588,0.7407407407407407,0.037037037037037035,2026-06
2026-06-03,657277.0,5.5,0.3216241474501667,0.0,4,0.0,0.43769510468161277,4,120.0,-138.0,0.44971518138197614,3.0,112.0,-140.0,0.012020076700363369,under,0.6783758525498333,0.11607095723144606,-138.0,,True,-0.012020076700363369,0.16995255729608938,0.7246376811594203,0.036231884057971016,2026-06
2026-06-05,527048.0,4.5,0.38079270720373254,1.0,5,0.0,0.4708292158743574,4,111.0,-122.0,0.5259314773253891,4.0,-120.0,105.0,0.05510226145103175,under,0.6192072927962675,0.09003650867062485,-122.0,,False,-0.05510226145103175,0.12675425410468355,-1.0,-0.03866004750192848,2026-06
2026-06-05,543243.0,5.5,0.3938957251321289,0.0,3,0.0,0.48311196095877423,5,-101.0,-118.0,0.46703624794664733,5.0,105.0,-120.0,-0.016075713012126902,under,0.6061042748678711,0.08921623582664534,-118.0,,True,0.016075713012126902,0.11975196543386357,0.847457627118644,0.029937991358465862,2026-06
2026-06-06,683004.0,5.5,0.6362541916322625,0.0,2,0.0,0.4328592106965891,3,122.0,-143.0,0.4436416869928273,5.0,124.0,-135.0,0.010782476296238186,over,0.6362541916322625,0.20339498093567338,122.0,,False,0.010782476296238186,0.4124843054236227,-1.0,-0.05,2026-06
2026-06-06,679883.0,3.5,0.7361501503271479,0.0,3,0.0,0.574916292919184,2,-152.0,124.0,0.5361295840578084,5.0,-130.0,106.0,-0.038786708861375585,over,0.7361501503271479,0.16123385740796392,-152.0,,False,-0.038786708861375585,0.22045945975290315,-1.0,-0.05,2026-06
2026-06-06,676962.0,5.5,0.54526578407869,0.0,5,0.0,0.4176935633581922,1,126.0,-161.0,0.44339848140005733,5.0,122.0,-135.0,0.025704918041865144,over,0.54526578407869,0.1275722207204978,126.0,,False,0.025704918041865144,0.23230067201783933,-1.0,-0.046091403178142726,2026-06
2026-06-06,677952.0,5.5,0.6089749195207105,0.0,5,0.0,0.47804146199655473,4,106.0,-112.0,0.503193776097566,6.0,-110.0,-105.0,0.025152314101011264,over,0.6089749195207105,0.13093345752415575,106.0,,False,0.025152314101011264,0.2544883342126636,-1.0,-0.05,2026-06
2026-06-07,624133.0,5.5,0.3494343937437228,1.0,6,0.0,0.44680772497322846,1,111.0,-142.0,0.428414760314317,5.0,122.0,-150.0,-0.018392964658911437,under,0.6505656062562772,0.09737333122950564,-142.0,,False,0.018392964658911437,0.10871039939450061,-1.0,-0.03859219178504774,2026-06
2026-06-07,622491.0,4.5,0.556482354980829,1.0,5,0.0,0.4588202406147215,4,110.0,-130.0,0.4686354332463755,6.0,109.0,-125.0,0.009815192631654035,over,0.556482354980829,0.0976621143661075,110.0,,True,0.009815192631654035,0.16861294545974093,1.1,0.04215323636493523,2026-06
2026-06-07,594798.0,5.5,0.6973916606369176,1.0,6,0.0,0.573836776944435,3,-150.0,122.0,0.5795773853772498,3.0,-159.0,125.0,0.005740608432814764,over,0.6973916606369176,0.12355488369248258,-150.0,,True,0.005740608432814764,0.16231943439486263,0.6666666666666666,0.03333333333333333,2026-06
2026-06-07,667755.0,5.5,0.5675426928981322,0.0,2,0.0,0.43885380569691046,2,116.0,-142.0,0.4580449381321485,5.0,106.0,-135.0,0.019191132435238067,over,0.5675426928981322,0.12868888720122174,116.0,,False,0.019191132435238067,0.2258922166599655,-1.0,-0.04868366738361331,2026-06
2026-06-07,693645.0,6.5,0.5312138294067179,0.0,5,0.0,0.4301543498140018,4,121.0,-148.0,0.4228270299360057,5.0,132.0,-145.0,-0.007327319877996119,over,0.5312138294067179,0.1010594795927161,121.0,,False,-0.007327319877996119,0.1739825629888465,-1.0,-0.035946810534885645,2026-06
2026-06-07,675660.0,3.5,0.6898462421206439,1.0,4,0.0,0.570060665833077,3,-148.0,120.0,0.5682953477519453,4.0,-150.0,120.0,-0.0017653180811316727,over,0.6898462421206439,0.11978557628756692,-148.0,,True,-0.0017653180811316727,0.1559585678778358,0.6756756756756757,0.033783783783783786,2026-06
2026-06-08,701542.0,4.5,0.578935865107729,1.0,5,0.0,0.4688770896602056,5,109.0,-120.0,0.45503542332955654,5.0,113.0,-129.0,-0.013841666330649038,over,0.578935865107729,0.1100587754475234,109.0,,True,-0.013841666330649038,0.20997595807515368,1.09,0.052493989518788364,2026-06
2026-06-09,694973.0,6.5,0.574501882699565,1.0,7,0.0,0.4930456951911968,3,-106.0,-114.0,0.5052676020462502,6.0,-110.0,-108.0,0.012221906855053422,over,0.574501882699565,0.08145618750836825,-106.0,,True,0.012221906855053422,0.11648479090670183,0.9433962264150944,0.029121197726675485,2026-06
2026-06-09,642547.0,5.5,0.6340301488590384,0.0,5,0.0,0.545138137356779,3,-134.0,110.0,0.5602640337913221,5.0,-141.0,120.0,0.015125896434543096,over,0.6340301488590384,0.08889201150225945,-134.0,,False,0.015125896434543096,0.1071869763657835,-1.0,-0.03590763708253749,2026-06
2026-06-10,669467.0,3.5,0.6627352937887936,1.0,5,0.0,0.5626088032598386,6,-134.0,125.0,0.5677851775619616,6.0,-135.0,130.0,0.005176374302122921,over,0.6627352937887936,0.10012649052895495,-134.0,,True,0.005176374302122921,0.1573138712431172,0.746268656716418,0.0373134328358209,2026-06
2026-06-10,650633.0,6.5,0.2971625180582264,0.0,3,0.0,0.42162374166557726,1,124.0,-158.0,0.4413369918530698,5.0,116.0,-142.0,0.019713250187492537,under,0.7028374819417735,0.12446122360735085,-158.0,,True,-0.019713250187492537,0.14767133127201,0.6329113924050633,0.03164556962025317,2026-06
2026-06-10,683003.0,4.5,0.7049463729342729,0.0,4,0.0,0.5146693673511901,6,-112.0,105.0,0.5668217647438704,6.0,-140.0,130.0,0.052152397392680294,over,0.7049463729342729,0.1902770055830828,-112.0,,False,0.052152397392680294,0.33436277733987363,-1.0,-0.05,2026-06
2026-06-11,690928.0,3.5,0.5763772125852907,1.0,5,0.0,0.46446231862268805,4,105.0,-128.0,0.4910009393793933,6.0,-104.0,-108.0,0.026538620756705267,over,0.5763772125852907,0.11191489396260268,105.0,,True,0.026538620756705267,0.181573285799846,1.05,0.0453933214499615,2026-06
2026-06-11,656605.0,3.5,0.6951971724353183,0.0,3,0.0,0.5834970530451867,1,-165.0,125.0,0.5834970530451867,1.0,-165.0,125.0,0.0,over,0.6951971724353183,0.11170011939013158,-165.0,,False,0.0,0.11652879209308697,-1.0,-0.04806812673839833,2026-06
2026-06-11,663372.0,3.5,0.618406601176593,0.0,3,0.0,0.5074875919904158,2,-115.0,-104.0,0.49068068181166713,6.0,-103.0,-110.0,-0.01680691017874869,over,0.618406601176593,0.11091900918617714,-115.0,,False,-0.01680691017874869,0.1561514717649346,-1.0,-0.0448935481324187,2026-06
2026-06-11,805673.0,4.5,0.6599201872442435,0.0,4,0.0,0.539848134314813,3,-128.0,112.0,0.5520904511227932,5.0,-130.0,115.0,0.012242316807980158,over,0.6599201872442435,0.12007205292943046,-128.0,,False,0.012242316807980158,0.17548283352880878,-1.0,-0.05,2026-06
2026-06-12,641743.0,3.5,0.6648754205135274,1.0,7,0.0,0.5700835074211339,2,-145.0,128.0,0.4531961599193253,5.0,116.0,-129.0,-0.11688734750180857,over,0.6648754205135274,0.09479191309239354,-145.0,,True,-0.11688734750180857,0.1234101932814774,0.6896551724137931,0.030852548320369374,2026-06
2026-06-12,645261.0,4.5,0.5944991147260897,1.0,7,0.0,0.47430185594782787,6,110.0,-120.0,0.4599982297730237,6.0,110.0,-120.0,-0.014303626174804185,over,0.5944991147260897,0.12019725877826187,110.0,,True,-0.014303626174804185,0.2484481409247885,1.1,0.05500000000000001,2026-06
2026-06-12,677952.0,5.5,0.6129571871699746,0.0,4,0.0,0.5314785365126218,5,-125.0,110.0,0.5452027360239727,5.0,-134.0,112.0,0.013724199511350954,over,0.6129571871699746,0.08147865065735282,-125.0,,False,0.013724199511350954,0.10332293690595429,-1.0,-0.032288417783110715,2026-06
2026-06-12,683004.0,4.5,0.6751848451775029,0.0,3,0.0,0.5346534653465347,1,-135.0,100.0,0.5445920303605313,1.0,-140.0,105.0,0.009938565013996592,over,0.6751848451775029,0.1405313798309682,-135.0,,False,0.009938565013996592,0.17532176753120865,-1.0,-0.05,2026-06
2026-06-13,669373.0,5.5,0.5979905826670379,0.0,4,0.0,0.49405986343237046,3,-102.0,-103.0,0.48619079553011807,5.0,-103.0,-113.0,-0.007869067902252391,over,0.5979905826670379,0.1039307192346674,-102.0,,False,-0.007869067902252391,0.18425585979158476,-1.0,-0.046985244246854144,2026-06
2026-06-13,687570.0,4.5,0.7024118388452798,0.0,2,0.0,0.5431841791282758,3,-134.0,110.0,0.5403554660518446,5.0,-115.0,115.0,-0.0028287130764311774,over,0.7024118388452798,0.15922765971700403,-134.0,,False,-0.0028287130764311774,0.2265997782820558,-1.0,-0.05,2026-06
2026-06-13,680732.0,4.5,0.6595479610967899,1.0,6,0.0,0.536803728323056,3,-128.0,108.0,0.5382975095608421,5.0,-124.0,110.0,0.001493781237786096,over,0.6595479610967899,0.12274423277373392,-128.0,,True,0.001493781237786096,0.17481980570365707,0.78125,0.0390625,2026-06
2026-06-13,696149.0,4.5,0.5986632366054293,1.0,6,0.0,0.4861893278486307,3,100.0,-111.0,0.4766905456158799,6.0,105.0,-118.0,-0.009498782232750802,over,0.5986632366054293,0.11247390875679858,100.0,,True,-0.009498782232750802,0.1973264732108586,1.0,0.04933161830271465,2026-06
2026-06-13,647336.0,5.5,0.436412002914033,1.0,7,0.0,0.5677635231868665,3,-144.0,122.0,0.5618119659496148,4.0,-144.0,120.0,-0.0059515572372517145,under,0.563587997085967,0.13135152027283353,122.0,,False,0.0059515572372517145,0.2511653535308467,-1.0,-0.05,2026-06
2026-06-13,622491.0,4.5,0.5783871129975804,0.0,4,0.0,0.4722153888079818,4,105.0,-114.0,0.48347804033894265,6.0,102.0,-113.0,0.011262651530960843,over,0.5783871129975804,0.10617172418959858,105.0,,False,0.011262651530960843,0.1856935816450398,-1.0,-0.044212757534533284,2026-06
2026-06-13,676917.0,4.5,0.7065075529539523,1.0,5,0.0,0.5903833342219856,2,-162.0,132.0,,,,,,over,0.7065075529539523,0.11612421873196666,-162.0,,True,,0.1426233263823179,0.6172839506172839,0.030864197530864196,2026-06
2026-06-13,702070.0,4.5,0.5958430647248262,0.0,1,0.0,0.5038778127068166,4,-110.0,-106.0,0.5081839249933028,6.0,-110.0,-105.0,0.004306112286486141,over,0.5958430647248262,0.09196525201800954,-110.0,,False,0.004306112286486141,0.13751857811103174,-1.0,-0.03781760898053373,2026-06
2026-06-14,650911.0,7.5,0.30854828758176084,0.0,3,0.0,0.43451913297156397,2,120.0,-148.0,0.42823269135672853,5.0,124.0,-150.0,-0.006286441614835436,under,0.6914517124182391,0.12597084538980313,-148.0,,True,0.006286441614835436,0.15864881540353581,0.6756756756756757,0.033783783783783786,2026-06
2026-06-14,543135.0,4.5,0.6487179343176719,1.0,6,0.0,0.5666281540432112,4,-135.0,134.0,0.5728426324541359,5.0,-139.0,130.0,0.006214478410924706,over,0.6487179343176719,0.08208978027446068,-135.0,,True,0.006214478410924706,0.12924973751594732,0.7407407407407407,0.03231243437898684,2026-06
2026-06-14,690986.0,7.5,0.28109127556252345,0.0,3,0.0,0.4250837070808159,2,124.0,-152.0,0.42642396392452403,3.0,124.0,-152.0,0.001340256843708143,under,0.7189087244374766,0.14399243151829244,-152.0,,True,-0.001340256843708143,0.1918749905147638,0.6578947368421053,0.03289473684210527,2026-06
2026-06-14,671737.0,5.5,0.5670644246485588,1.0,7,0.0,0.42533081285444235,1,124.0,-152.0,0.4307640745518594,4.0,124.0,-150.0,0.005433261697417036,over,0.5670644246485588,0.14173361179411642,124.0,,True,0.005433261697417036,0.2702243112127717,1.24,0.062,2026-06
2026-06-14,608372.0,3.5,0.518864327913941,0.0,2,0.0,0.43451913297156397,2,120.0,-148.0,0.4067413830500028,3.0,133.0,-170.0,-0.02777774992156118,over,0.518864327913941,0.08434519494237702,120.0,,False,-0.02777774992156118,0.14150152141067018,-1.0,-0.02947948362722298,2026-06
2026-06-14,671096.0,4.5,0.5183859619225235,1.0,5,0.0,0.40589745560597607,2,136.0,-168.0,,,,,,over,0.5183859619225235,0.11248850631654744,136.0,,True,,0.22339087013715553,1.36,0.05584771753428892,2026-06
2026-06-14,663568.0,3.5,0.6388999355350622,1.0,4,0.0,0.5245786498367395,3,-118.0,109.0,0.5656298065496512,4.0,-145.0,122.0,0.04105115671291171,over,0.6388999355350622,0.11432128569832267,-118.0,,True,0.04105115671291171,0.18034055886986067,0.847457627118644,0.0423728813559322,2026-06
2026-06-14,668678.0,4.5,0.49434286506634834,0.0,4,0.0,0.5762177895941009,3,-150.0,126.0,0.5346420888792488,5.0,-118.0,117.0,-0.04157570071485206,under,0.5056571349336516,0.08187492452775252,126.0,,True,0.04157570071485206,0.1427851249500527,1.26,0.03569628123751312,2026-06
2026-06-15,687765.0,3.5,0.5202103726699093,0.0,1,0.0,0.4073436146342038,4,136.0,-166.0,0.4317603699488298,5.0,123.0,-145.0,0.024416755314626004,over,0.5202103726699093,0.1128667580357055,136.0,,False,0.024416755314626004,0.22769647950098604,-1.0,-0.0418559704965048,2026-06
2026-06-15,669160.0,4.5,0.6377978987715003,1.0,9,0.0,0.5465476631601281,4,-132.0,117.0,0.6040291767974991,1.0,-185.0,135.0,0.05748151363737097,over,0.6377978987715003,0.09125023561137213,-132.0,,True,0.05748151363737097,0.12097812511354594,0.7575757575757576,0.030244531278386496,2026-06
2026-06-16,669467.0,3.5,0.6490730056824024,1.0,6,0.0,0.5359995764452302,6,-125.0,114.0,0.5507344940798439,6.0,-137.0,114.0,0.014734917634613653,over,0.6490730056824024,0.11307342923717223,-125.0,,True,0.014734917634613653,0.16833141022832443,0.8,0.04000000000000001,2026-06
2026-06-16,650633.0,4.5,0.5807851704734082,0.0,1,0.0,0.453335508003122,5,111.0,-130.0,0.460872194727484,5.0,105.0,-132.0,0.007536686724361974,over,0.5807851704734082,0.12744966247028616,111.0,,False,0.007536686724361974,0.2254567096988913,-1.0,-0.05,2026-06
2026-06-16,673540.0,5.5,0.33249645715484805,0.0,5,0.0,0.42018638118559215,3,128.0,-155.0,0.40692788844305544,3.0,130.0,-170.0,-0.01325849274253671,under,0.6675035428451519,0.0876899240307441,-155.0,,True,0.01325849274253671,0.09815098984202408,0.6451612903225806,0.02453774746050602,2026-06
2026-06-16,688107.0,5.5,0.26784022563815113,0.0,5,0.0,0.4117270507741909,4,134.0,-163.0,0.42235797955611276,4.0,130.0,-155.0,0.010630928781921845,under,0.7321597743618489,0.1438868251360398,-163.0,,True,-0.010630928781921845,0.18133755004396473,0.6134969325153374,0.030674846625766874,2026-06
2026-06-17,663554.0,4.5,0.5496734748017562,0.0,3,0.0,0.4491784609124559,4,115.0,-134.0,0.4356698287367335,5.0,117.0,-149.0,-0.013508632175722401,over,0.5496734748017562,0.10049501388930032,115.0,,False,-0.013508632175722401,0.1817979708237758,-1.0,-0.039521298005168654,2026-06
2026-06-17,645261.0,4.5,0.6075779453895171,1.0,6,0.0,0.5236664376665567,3,-119.0,102.0,0.5112126886204581,5.0,-118.0,-103.0,-0.012453749046098639,over,0.6075779453895171,0.08391150772296041,-119.0,,True,-0.012453749046098639,0.11814764739751471,0.8403361344537815,0.02953691184937873,2026-06
2026-06-17,663567.0,5.5,0.3426729096999284,0.0,5,0.0,0.42726638849730453,3,126.0,-149.0,0.42352226972912616,5.0,126.0,-154.0,-0.0037441187681783727,under,0.6573270903000716,0.08459347879737611,-149.0,,True,0.0037441187681783727,0.09848621130683116,0.6711409395973155,0.02462155282670775,2026-06
2026-06-17,660271.0,5.5,0.774011024289173,0.0,5,0.0,0.5634829589372297,3,-146.0,120.0,0.6040291767974991,1.0,-185.0,135.0,0.04054621786026946,over,0.774011024289173,0.21052806535194335,-146.0,,False,0.04054621786026946,0.30415556147353806,-1.0,-0.05,2026-06
2026-06-18,702070.0,4.5,0.5939587166247057,1.0,6,0.0,0.46837662490698045,4,105.0,-122.0,0.44045318935083344,5.0,118.0,-140.0,-0.027923435556147014,over,0.5939587166247057,0.12558209171772522,105.0,,True,-0.027923435556147014,0.2176153690806466,1.05,0.052500000000000005,2026-06
2026-06-18,640455.0,5.5,0.33355368840152605,0.0,5,0.0,0.42682653392975256,2,122.0,-150.0,0.42306030990704535,5.0,126.0,-160.0,-0.0037662240227072097,under,0.666446311598474,0.09327284552822651,-150.0,,True,0.0037662240227072097,0.11074385266412334,0.6666666666666666,0.027685963166030836,2026-06
2026-06-18,800048.0,5.5,0.384570828856863,1.0,9,0.0,0.4912420182525411,4,-105.0,-112.0,0.424000187336863,6.0,130.0,-146.0,-0.06724183091567809,under,0.615429171143137,0.1066711893956781,-112.0,,False,0.06724183091567809,0.1649195025209379,-1.0,-0.04617746070586258,2026-06
2026-06-18,543243.0,4.5,0.5924789378860321,0.0,4,0.0,0.47589697374253104,4,102.0,-122.0,0.4503562312734681,6.0,115.0,-132.0,-0.02554074246906296,over,0.5924789378860321,0.11658196414350108,102.0,,False,-0.02554074246906296,0.19680745452978488,-1.0,-0.04823712120828061,2026-06
2026-06-19,676962.0,4.5,0.6594533851377536,0.0,4,0.0,0.526529568591258,3,-120.0,105.0,0.5151992042022105,6.0,-114.0,100.0,-0.011330364389047443,over,0.6594533851377536,0.13292381654649565,-120.0,,False,-0.011330364389047443,0.20899787275254833,-1.0,-0.05,2026-06
2026-06-20,693855.0,4.5,0.5874582799868214,0.0,4,0.0,0.4492348456105483,2,112.0,-138.0,0.5052849543810175,6.0,-107.0,-104.0,0.05605010877046923,over,0.5874582799868214,0.13822343437627316,112.0,,False,0.05605010877046923,0.24541155357206146,-1.0,-0.05,2026-06
2026-06-20,701542.0,6.5,0.3089552968780652,1.0,8,0.0,0.43110661801674977,2,120.0,-152.0,,,,,,under,0.6910447031219348,0.12215132113868454,-152.0,,False,,0.14567937622847082,-1.0,-0.05,2026-06
2026-06-21,657277.0,5.5,0.35290382513965607,0.0,5,0.0,0.5391291163095959,3,-130.0,110.0,0.5047522146622467,7.0,-110.0,105.0,-0.03437690164734919,under,0.6470961748603439,0.18622529116993985,110.0,,True,0.03437690164734919,0.3589019672067222,1.1,0.05500000000000001,2026-06
2026-06-21,677944.0,3.5,0.6747388387661211,0.0,1,0.0,0.5863696729785215,4,-155.0,136.0,0.5992050302115289,3.0,-175.0,135.0,0.012835357233007438,over,0.6747388387661211,0.08836916578759957,-155.0,,False,0.012835357233007438,0.1100542186152314,-1.0,-0.04264600971340215,2026-06
2026-06-21,687473.0,3.5,0.6551232479202728,1.0,6,0.0,0.5731734660702474,2,-150.0,122.0,0.5501629463229377,6.0,-134.0,116.0,-0.02301051974730972,over,0.6551232479202728,0.08194978185002533,-150.0,,True,-0.02301051974730972,0.09187207986712126,0.6666666666666666,0.022968019966780273,2026-06
2026-06-22,518876.0,3.5,0.5898111875710849,0.0,2,0.0,0.5085989803859763,5,-105.0,-102.0,0.4847548890490452,5.0,-103.0,-118.0,-0.023844091336931106,over,0.5898111875710849,0.08121220718510858,-105.0,,False,-0.023844091336931106,0.1515361281149752,-1.0,-0.03977823363018099,2026-06
2026-06-22,805673.0,4.5,0.5908409707643643,1.0,5,0.0,0.4760865119110343,5,104.0,-120.0,0.46875301554886084,7.0,111.0,-122.0,-0.007333496362173453,over,0.5908409707643643,0.11475445885332997,104.0,,True,-0.007333496362173453,0.20531558035930308,1.04,0.0513288950898258,2026-06
2026-06-22,608379.0,3.5,0.6728636169886327,1.0,5,0.0,0.5870773652997964,3,-165.0,130.0,0.5411353494389305,6.0,-125.0,109.0,-0.04594201586086588,over,0.6728636169886327,0.08578625168883636,-165.0,,True,-0.04594201586086588,0.080659748496895,0.6060606060606061,0.020164937124223736,2026-06
2026-06-22,641743.0,5.5,0.3186234354694995,1.0,8,0.0,0.4248366013071895,1,120.0,-160.0,0.4059040590405904,1.0,130.0,-175.0,-0.018932542266599073,under,0.6813765645305006,0.10621316583768997,-160.0,,False,0.018932542266599073,0.10723691736206342,-1.0,-0.04289476694482532,2026-06
2026-06-23,663567.0,3.5,0.5842486162801523,1.0,6,0.0,0.5036575136922216,4,-111.0,-106.0,0.5703885890658048,6.0,-148.0,130.0,0.06673107537358325,over,0.5842486162801523,0.08059110258793079,-111.0,,True,0.06673107537358325,0.11059872103704638,0.9009009009009009,0.027649680259261622,2026-06
2026-06-23,679883.0,3.5,0.6552774398739186,1.0,6,0.0,0.418391942040522,4,138.0,-145.0,0.43462525458425,6.0,130.0,-134.0,0.016233312543728007,over,0.6552774398739186,0.23688549783339663,138.0,,True,0.016233312543728007,0.5595603068999262,1.38,0.06899999999999999,2026-06
2026-06-23,607074.0,6.5,0.339162025642589,0.0,5,0.0,0.4424778761061947,1,110.0,-150.0,,,,,,under,0.660837974357411,0.1033158504636057,-150.0,,True,,0.10139662392901827,0.6666666666666666,0.025349155982254568,2026-06
2026-06-23,687075.0,4.5,0.6005495623866405,1.0,10,0.0,0.5105730205220175,5,-114.0,-103.0,0.5169314477205184,7.0,-118.0,100.0,0.006358427198500882,over,0.6005495623866405,0.089976541864623,-114.0,,True,0.006358427198500882,0.12734742412930755,0.8771929824561403,0.03183685603232689,2026-06
2026-06-24,681347.0,3.5,0.6604373159560833,0.0,3,0.0,0.5169357983301375,4,-110.0,102.0,0.5814892313739747,6.0,-160.0,130.0,0.0645534330438372,over,0.6604373159560833,0.14350151762594587,-110.0,,False,0.0645534330438372,0.26083487591615906,-1.0,-0.05,2026-06
2026-06-24,693433.0,5.5,0.5765549006593605,0.0,4,0.0,0.4786029195037804,6,110.0,-110.0,0.4694809320264685,6.0,105.0,-124.0,-0.00912198747731191,over,0.5765549006593605,0.09795198115558013,110.0,,False,-0.00912198747731191,0.21076529138465716,-1.0,-0.04790120258742208,2026-06
2026-06-24,691587.0,4.5,0.7339277151353951,0.0,1,0.0,0.5029968197815601,5,100.0,100.0,0.5436786048582071,6.0,-122.0,115.0,0.04068178507664699,over,0.7339277151353951,0.23093089535383504,100.0,,False,0.04068178507664699,0.46785543027079024,-1.0,-0.05,2026-06
2026-06-24,669461.0,3.5,0.6486908463362522,0.0,3,0.0,0.4516090768005169,5,116.0,-133.0,0.4254374947616237,7.0,128.0,-142.0,-0.026171582038893193,over,0.6486908463362522,0.1970817695357353,116.0,,False,-0.026171582038893193,0.4011722280863047,-1.0,-0.05,2026-06
2026-06-24,702070.0,4.5,0.5449032784963264,1.0,5,0.0,0.4275261013971784,5,130.0,-142.0,0.45294260303656286,6.0,114.0,-124.0,0.02541650163938447,over,0.5449032784963264,0.11737717709914797,130.0,,True,0.02541650163938447,0.2532775405415506,1.3,0.06331938513538765,2026-06
2026-06-24,643377.0,4.5,0.421128014185782,1.0,7,0.0,0.5240291743963775,6,-120.0,101.0,0.5721832521977962,3.0,-143.0,128.0,0.04815407780141867,under,0.578871985814218,0.10290116021059553,101.0,,False,-0.04815407780141867,0.16353269148657812,-1.0,-0.04047838898182624,2026-06
2026-06-25,592332.0,6.5,0.32014094737541676,0.0,4,0.0,0.43734431446287697,3,115.0,-145.0,,,,,,under,0.6798590526245832,0.11720336708746021,-145.0,,True,,0.14872736477946824,0.6896551724137931,0.03448275862068966,2026-06
2026-06-26,804267.0,4.5,0.2969746468317715,1.0,7,0.0,0.4552990546536609,3,111.0,-135.0,0.41634080135015794,3.0,128.0,-164.0,-0.03895825330350294,under,0.7030253531682285,0.1583244078218894,-135.0,,False,0.03895825330350294,0.22378487403358283,-1.0,-0.05,2026-06
2026-06-26,671096.0,5.5,0.3190198847778594,1.0,6,0.0,0.4267425320056899,1,121.0,-155.0,0.412226802520028,1.0,129.0,-165.0,-0.014515729485661877,under,0.6809801152221406,0.10772264722783048,-155.0,,False,0.014515729485661877,0.12032212504287654,-1.0,-0.04662482345411466,2026-06
2026-06-26,668678.0,3.5,0.6144107628646185,0.0,0,0.0,0.5023452687219543,5,-104.0,-105.0,0.5096903104752588,6.0,-115.0,-106.0,0.0073450417533045265,over,0.6144107628646185,0.1120654941426642,-104.0,,False,0.0073450417533045265,0.2051903425421363,-1.0,-0.05,2026-06
2026-06-26,622491.0,4.5,0.6156636209552384,0.0,4,0.0,0.5031680828782789,6,-108.0,-110.0,0.5714811714958473,6.0,-144.0,125.0,0.06831308861756846,over,0.6156636209552384,0.11249553807695956,-108.0,,False,0.06831308861756846,0.18572252924712584,-1.0,-0.05,2026-06
2026-06-28,686613.0,6.5,0.3718748575708625,0.0,4,0.0,0.5105912244804247,4,-110.0,-104.0,0.5547532189439863,6.0,-135.0,124.0,0.044161994463561616,under,0.6281251424291374,0.13871636690956218,-104.0,,True,-0.044161994463561616,0.23209162553407725,0.9615384615384616,0.04807692307692308,2026-06
2026-06-28,656427.0,5.5,0.4174519795317488,1.0,9,0.0,0.5160387709504122,4,-114.0,-104.0,0.4865133100432675,7.0,-104.0,-116.0,-0.029525460907144696,under,0.5825480204682512,0.09858679141866339,-104.0,,False,0.029525460907144696,0.14269034784156964,-1.0,-0.037099490438808135,2026-06
2026-06-28,669456.0,5.5,0.3317008894235459,0.0,4,0.0,0.42489829481848285,4,128.0,-149.0,,,,,,under,0.6682991105764541,0.09319740539493693,-149.0,,True,,0.1168220035807857,0.6711409395973155,0.029205500895196412,2026-06
2026-06-28,681517.0,4.5,0.39525388216731683,1.0,5,0.0,0.5018092982401426,4,-110.0,-110.0,0.4708298825132433,6.0,104.0,-125.0,-0.03097941572689933,under,0.6047461178326832,0.10655541607282581,-110.0,,False,0.03097941572689933,0.1545153158623951,-1.0,-0.04249171186215865,2026-06
2026-06-28,605540.0,5.5,0.432912788308216,1.0,6,0.0,0.5527787488571143,2,-138.0,112.0,0.5638823798832563,7.0,-134.0,122.0,0.01110363102614198,under,0.567087211691784,0.11986596054889831,112.0,,False,-0.01110363102614198,0.20222488878658218,-1.0,-0.04513948410414778,2026-06
2026-06-28,687570.0,5.5,0.4044981696670451,1.0,10,0.0,0.49112509330597054,4,-102.0,-112.0,0.47577052462800157,7.0,104.0,-118.0,-0.015354568677968972,under,0.5955018303329549,0.08662692363892543,-112.0,,False,0.015354568677968972,0.12719989313023605,-1.0,-0.035615970076466094,2026-06
2026-06-28,679883.0,3.5,0.6623510433769589,1.0,4,0.0,0.5307080586749656,4,-117.0,108.0,0.5702426440341117,6.0,-145.0,126.0,0.03953458535914611,over,0.6623510433769589,0.13164298470199332,-117.0,,True,0.03953458535914611,0.22846304626324865,0.8547008547008547,0.042735042735042736,2026-06
2026-06-28,680694.0,6.5,0.5498262434675077,0.0,2,0.0,0.42162374166557726,1,124.0,-158.0,,,,,,over,0.5498262434675077,0.1282025018019305,124.0,,False,,0.23161078536721735,-1.0,-0.046695722856293864,2026-06
2026-06-28,519242.0,7.5,0.4345821054177504,1.0,10,0.0,0.5695230740330033,4,-148.0,121.0,0.5742771247330368,3.0,-154.0,124.0,0.004754050700033541,under,0.5654178945822497,0.1349409686152529,121.0,,False,-0.004754050700033541,0.2495735470267717,-1.0,-0.05,2026-06
2026-06-29,640455.0,4.5,0.4922819363571106,0.0,4,0.0,0.4109631995325738,3,138.0,-155.0,0.42334389312404114,6.0,125.0,-149.0,0.012380693591467318,over,0.4922819363571106,0.08131873682453677,138.0,,False,0.012380693591467318,0.1716310085299232,-1.0,-0.031092574009044038,2026-06
2026-06-29,702056.0,5.5,0.4554255553215074,0.0,3,0.0,0.5971597007093304,3,-164.0,138.0,0.5401316168828598,7.0,-125.0,110.0,-0.05702808382647062,under,0.5445744446784926,0.14173414538782303,138.0,,True,0.05702808382647062,0.29608717833481235,1.38,0.06899999999999999,2026-06
2026-07-03,663903.0,4.5,0.6833865105791181,1.0,6,0.0,0.5679810320180873,3,-145.0,120.0,0.5694238315179587,2.0,-150.0,123.0,0.0014427994998714722,over,0.6833865105791181,0.1154054785610309,-145.0,,True,0.0014427994998714722,0.15468755235782033,0.6896551724137931,0.03448275862068966,2026-07
2026-07-03,641743.0,5.5,0.3382995967517915,0.0,2,0.0,0.4186744608578877,1,123.0,-165.0,,,,,,under,0.6617004032482086,0.08037486410609618,-165.0,,True,,0.06273095067136525,0.6060606060606061,0.015682737667841284,2026-07
2026-07-03,668909.0,6.5,0.5780652828598323,0.0,6,0.0,0.42209572000843343,2,125.0,-160.0,0.45163352204915036,6.0,120.0,-128.0,0.02953780204071693,over,0.5780652828598323,0.15596956285139885,125.0,,False,0.02953780204071693,0.30064688643462256,-1.0,-0.05,2026-07
2026-07-04,800048.0,6.5,0.5895301915179827,0.0,3,0.0,0.4677548037880071,3,105.0,-122.0,,,,,,over,0.5895301915179827,0.12177538772997559,105.0,,False,,0.2085368926118646,-1.0,-0.04965164109806297,2026-07
2026-07-04,656427.0,5.5,0.4242625301004967,0.0,5,0.0,0.5047192348646169,5,-113.0,-109.0,0.4959794169487908,7.0,100.0,-111.0,-0.00873981791582612,under,0.5757374698995033,0.0804567047641202,-109.0,,True,0.00873981791582612,0.10393698356877235,0.9174311926605505,0.02598424589219306,2026-07
2026-07-04,680732.0,5.5,0.5841019582771744,1.0,11,0.0,0.4987944602773286,5,-105.0,-110.0,,,,,,over,0.5841019582771744,0.08530749799984577,-105.0,,True,,0.14038953758876893,0.9523809523809523,0.03509738439719223,2026-07
2026-07-04,669302.0,5.5,0.6246760222805926,1.0,7,0.0,0.4725278380026552,4,100.0,-126.0,0.5664674805341124,4.0,-140.0,122.0,0.09393964253145726,over,0.6246760222805926,0.15214818427793741,100.0,,True,0.09393964253145726,0.2493520445611852,1.0,0.05,2026-07
2026-07-05,527048.0,4.5,0.3320201195307379,0.0,1,0.0,0.4400306535476526,4,116.0,-144.0,0.43326426310403354,4.0,122.0,-144.0,-0.006766390443619041,under,0.667979880469262,0.10801053401691468,-144.0,,True,0.006766390443619041,0.13185479746180512,0.6944444444444444,0.03296369936545129,2026-07
2026-07-05,690997.0,6.5,0.5041608001765241,0.0,5,0.0,0.39018584427145686,2,142.0,-184.0,0.4176935633581922,1.0,126.0,-161.0,0.027507719086735327,over,0.5041608001765241,0.11397495590506723,142.0,,False,0.027507719086735327,0.22006913642718828,-1.0,-0.038744566272392304,2026-07
2026-07-05,605400.0,5.5,0.3307568192912251,1.0,7,0.0,0.433619868664287,3,120.0,-147.0,,,,,,under,0.6692431807087749,0.1028630493730619,-147.0,,False,,0.12451065057868971,-1.0,-0.045757664087668466,2026-07
2026-07-05,691587.0,5.5,0.46741441210119034,1.0,8,0.0,0.5508930797454081,5,-139.0,112.0,0.5477834402966704,7.0,-130.0,117.0,-0.0031096394487377665,under,0.5325855878988097,0.0834786676442178,112.0,,False,0.0031096394487377665,0.1290814463454767,-1.0,-0.028812822844972448,2026-07
2026-07-05,593958.0,4.5,0.5103293384667805,0.0,3,0.0,0.4222201601836578,5,134.0,-150.0,0.4353328570375311,7.0,120.0,-146.0,0.013112696853873285,over,0.5103293384667805,0.0881091782831227,134.0,,False,0.013112696853873285,0.19417065201226646,-1.0,-0.036225867912736257,2026-07
2026-07-06,642547.0,4.5,0.46651015349711605,1.0,6,0.0,0.5662785744276436,6,-145.0,122.0,0.5636236975826829,7.0,-143.0,124.0,-0.002654876844960685,under,0.5334898465028839,0.09976842093052757,122.0,,False,0.002654876844960685,0.18434745923640228,-1.0,-0.03777611869598403,2026-07
2026-07-06,643377.0,5.5,0.37363404850354887,1.0,10,0.0,0.45942346649034016,5,120.0,-125.0,0.4749510993348983,7.0,105.0,-114.0,0.015527632844558159,under,0.6263659514964511,0.0857894179867913,-125.0,,False,-0.015527632844558159,0.1274587126936121,-1.0,-0.03983084771675374,2026-07
2026-07-06,669160.0,3.5,0.7151057353678375,1.0,7,0.0,0.5776569446999967,3,-150.0,128.0,0.5481788842784694,1.0,-145.0,105.0,-0.02947806042152734,over,0.7151057353678375,0.13744879066784077,-150.0,,True,-0.02947806042152734,0.19184289227972917,0.6666666666666666,0.03333333333333333,2026-07
2026-07-07,669373.0,8.5,0.29319917095044246,1.0,9,0.0,0.44648939656712266,5,115.0,-137.0,0.43589422229850905,4.0,122.0,-143.0,-0.010595174268613616,under,0.7068008290495575,0.1532902256166802,-137.0,,False,0.010595174268613616,0.22271384295434404,-1.0,-0.05,2026-07
2026-07-07,676974.0,6.5,0.5243914479786549,0.0,4,0.0,0.4178259490684039,3,126.0,-161.0,0.444600661829269,6.0,116.0,-130.0,0.02677471276086507,over,0.5243914479786549,0.10656549891025097,126.0,,False,0.02677471276086507,0.18512467243176,-1.0,-0.03673108579995236,2026-07
2026-07-07,607625.0,4.5,0.37994191639020436,0.0,4,0.0,0.5508041920127115,5,-140.0,112.0,0.4730974759457216,6.0,105.0,-121.0,-0.07770671606698987,under,0.6200580836097956,0.1708622756225071,112.0,,True,0.07770671606698987,0.3145231372527668,1.12,0.05600000000000001,2026-07
2026-07-07,801139.0,5.5,0.4506644828468491,1.0,6,0.0,0.5425902146381982,6,-130.0,110.0,0.5097538195665465,7.0,-108.0,-103.0,-0.0328363950716517,under,0.5493355171531509,0.09192573179134911,110.0,,False,0.0328363950716517,0.15360458602161686,-1.0,-0.034910133186731106,2026-07
2026-07-07,671737.0,5.5,0.7232690598606979,1.0,10,0.0,0.5665108372290693,1,-155.0,115.0,0.5940959409594095,1.0,-175.0,130.0,0.027585103730340288,over,0.7232690598606979,0.15675822263162864,-155.0,,True,0.027585103730340288,0.18989425977082558,0.6451612903225806,0.03225806451612903,2026-07
2026-07-07,676282.0,5.5,0.5136328189923102,1.0,7,0.0,0.4193548387096774,1,125.0,-160.0,0.43970944723341776,2.0,118.0,-141.0,0.02035460852374038,over,0.5136328189923102,0.09427798028263279,125.0,,True,0.02035460852374038,0.1556738427326979,1.25,0.03891846068317445,2026-07
2026-07-07,669372.0,5.5,0.32882138270361755,0.0,4,0.0,0.42432981316480567,6,126.0,-151.0,,,,,,under,0.6711786172963825,0.09550843046118812,-151.0,,True,,0.11566776782378818,0.6622516556291391,0.028916941955947018,2026-07
2026-07-08,695505.0,6.5,0.660445110247053,0.0,2,0.0,0.5575221238938053,1,-150.0,110.0,0.5829383886255923,1.0,-164.0,125.0,0.02541626473178704,over,0.660445110247053,0.1029229863532477,-150.0,,False,0.02541626473178704,0.10074185041175499,-1.0,-0.03777819390440812,2026-07
2026-07-08,657277.0,4.5,0.49119380456814105,0.0,2,0.0,0.5881770081504163,4,-164.0,130.0,0.5167595239723409,7.0,-119.0,-104.0,-0.07141748417807536,under,0.508806195431859,0.09698320358227525,130.0,,True,0.07141748417807536,0.17025424949327572,1.3,0.04256356237331893,2026-07
2026-07-08,656550.0,4.5,0.4267274964576531,1.0,5,0.0,0.5192480436010696,6,-120.0,-102.0,0.5359296213705848,6.0,-128.0,111.0,0.016681577769515177,under,0.5732725035423469,0.09252054714341645,-102.0,,False,-0.016681577769515177,0.1353043697603341,-1.0,-0.03450261428888523,2026-07
2026-07-09,664285.0,5.5,0.35446214383348357,1.0,9,0.0,0.4491157961737355,4,115.0,-132.0,0.4210298719228289,5.0,126.0,-154.0,-0.028085924250906558,under,0.6455378561665164,0.09465365234025191,-132.0,,False,0.028085924250906558,0.13458168659569547,-1.0,-0.04441195657657951,2026-07
2026-07-09,682243.0,5.5,0.36568767814812597,0.0,3,0.0,0.5763520388628479,5,-140.0,130.0,0.5615263308939753,7.0,-132.0,125.0,-0.014825707968872615,under,0.634312321851874,0.21066436071472194,130.0,,True,0.014825707968872615,0.45891834025931033,1.3,0.065,2026-07
2026-07-10,668881.0,6.5,0.6104958878462857,1.0,12,0.0,0.4827972725542236,7,100.0,-110.0,0.48625610363242167,7.0,100.0,-107.0,0.0034588310781980547,over,0.6104958878462857,0.1276986152920621,100.0,,True,0.0034588310781980547,0.22099177569257145,1.0,0.05,2026-07
2026-07-10,543243.0,5.5,0.4290354520643921,0.0,3,0.0,0.5243321937762141,6,-120.0,105.0,0.5278002607254099,7.0,-120.0,105.0,0.0034680669491957694,under,0.5709645479356079,0.09529674171182201,105.0,,True,-0.0034680669491957694,0.17047732326799625,1.05,0.042619330816999035,2026-07
2026-07-10,622491.0,4.5,0.5729418832919623,0.0,4,0.0,0.4786645013146351,6,100.0,-116.0,0.4248391347890985,4.0,130.0,-150.0,-0.0538253665255366,over,0.5729418832919623,0.09427738197732716,100.0,,False,-0.0538253665255366,0.14588376658392455,-1.0,-0.036470941645981136,2026-07
