game_date,pitcher_id,line,p_mean_count,outcome_over,actual_ks,outcome_push,p_over_open,n_books_open,best_over_odds_open,best_under_odds_open,p_over_close,n_books_close,best_over_odds_close,best_under_odds_close,clv_over,bet_side,p_bet,edge,odds,book,won,clv,ev,pnl,pnl_kelly,month
2025-03-27,666142.0,6.5,0.4702986885815891,0.0,3,0.0,0.3346265761396702,1,180.0,-245.0,0.35451322607035723,1.0,163.0,-225.0,0.01988664993068706,over,0.4702986885815891,0.1356721124419189,180.0,,False,0.01988664993068706,0.3168363280284494,-1.0,-0.044005045559506864,2025-03
2025-03-27,645261.0,4.5,0.7376020657141155,1.0,7,0.0,0.5749827945884206,8,-154.0,125.0,0.5831937508536598,8.0,-155.0,134.0,0.008210956265239155,over,0.7376020657141155,0.16261927112569485,-154.0,,True,0.008210956265239155,0.21656444604795666,0.6493506493506493,0.03246753246753247,2025-03
2025-03-27,621107.0,4.5,0.42731094917877926,0.0,2,0.0,0.2222222222222222,1,320.0,-500.0,0.24574669187145556,1.0,280.0,-420.0,0.023524469649233354,over,0.42731094917877926,0.20508872695655705,320.0,,False,0.023524469649233354,0.794705986550873,-1.0,-0.05,2025-03
2025-03-27,676979.0,6.5,0.41517402180125895,0.0,4,0.0,0.5657305211884325,8,-143.0,130.0,0.5765591917831607,7.0,-143.0,135.0,0.010828670594728251,under,0.584825978198741,0.15055649938717353,130.0,,True,-0.010828670594728251,0.34509974985710445,1.3,0.065,2025-03
2025-03-27,621244.0,5.5,0.4252597265814118,0.0,5,0.0,0.33999999999999997,1,175.0,-240.0,0.3666469544648137,1.0,155.0,-210.0,0.026646954464813744,over,0.4252597265814118,0.08525972658141184,175.0,,False,0.026646954464813744,0.1694642480988824,-1.0,-0.02420917829984034,2025-03
2025-03-27,607074.0,7.5,0.40417906892988303,0.0,7,0.0,0.23368421052631577,1,300.0,-455.0,0.21269412559081702,1.0,340.0,-530.0,-0.020990084935498754,over,0.40417906892988303,0.17049485840356726,300.0,,False,-0.020990084935498754,0.6167162757195321,-1.0,-0.05,2025-03
2025-03-27,642547.0,6.5,0.5080185583483379,1.0,8,0.0,0.4164242353716956,2,128.0,-160.0,0.42367399741267786,1.0,120.0,-162.0,0.007249762040982266,over,0.5080185583483379,0.09159432297664227,128.0,,True,0.007249762040982266,0.15828231303421036,1.28,0.03957057825855259,2025-03
2025-03-27,669373.0,6.5,0.35955764530199735,0.0,2,0.0,0.441402837999782,8,118.0,-145.0,0.4327429026593722,4.0,120.0,-149.0,-0.008659935340409819,under,0.6404423546980027,0.08184519269778467,-145.0,,True,0.008659935340409819,0.0821267372483494,0.6896551724137931,0.02053168431208735,2025-03
2025-03-28,656605.0,6.5,0.37234729139071965,0.0,4,0.0,0.28237585199610515,1,230.0,-335.0,0.2629757785467128,1.0,255.0,-375.0,-0.019400073449392374,over,0.37234729139071965,0.0899714393946145,230.0,,False,-0.019400073449392374,0.22874606158937483,-1.0,-0.02486370234667118,2025-03
2025-03-28,687362.0,3.5,0.6667742642447396,1.0,4,0.0,0.5750492608571496,6,-150.0,128.0,0.5458316181243328,7.0,-132.0,110.0,-0.029217642732816795,over,0.6667742642447396,0.09172500338759004,-150.0,,True,-0.029217642732816795,0.11129044040789937,0.6666666666666666,0.027822610101974843,2025-03
2025-03-29,607200.0,4.5,0.5823623610104478,0.0,2,0.0,0.5006470009497366,4,-105.0,-106.0,0.5240050958726682,7.0,-118.0,110.0,0.023358094922931616,over,0.5823623610104478,0.08171536006071123,-105.0,,False,0.023358094922931616,0.13699318102039804,-1.0,-0.035960710017854516,2025-03
2025-03-29,663559.0,3.5,0.5684376022882727,1.0,4,0.0,0.4359916490063178,4,120.0,-138.0,0.42274100094819195,7.0,125.0,-156.0,-0.013250648058125869,over,0.5684376022882727,0.13244595328195485,120.0,,True,-0.013250648058125869,0.25056272503419985,1.2,0.06,2025-03
2025-03-29,622608.0,3.5,0.6590223935219013,0.0,0,0.0,0.46213838575437693,4,108.0,-125.0,0.4410522309243158,8.0,120.0,-138.0,-0.021086154830061155,over,0.6590223935219013,0.19688400776752435,108.0,,False,-0.021086154830061155,0.3707665785255547,-1.0,-0.05,2025-03
2025-03-29,678368.0,3.5,0.6192339711575267,1.0,4,0.0,0.5113818941056669,5,-118.0,-105.0,0.5071449440057688,7.0,-106.0,-105.0,-0.004236950099898107,over,0.6192339711575267,0.10785207705185973,-118.0,,True,-0.004236950099898107,0.14400852298593902,0.847457627118644,0.036002130746484784,2025-03
2025-03-29,608331.0,5.5,0.6016041716226861,0.0,4,0.0,0.4551168741197651,2,108.0,-136.0,0.4432311462187719,8.0,120.0,-136.0,-0.011885727900993182,over,0.6016041716226861,0.146487297502921,108.0,,False,-0.011885727900993182,0.25133667697518713,-1.0,-0.05,2025-03
2025-03-29,665152.0,3.5,0.6190736777265089,1.0,6,0.0,0.5238742553124928,5,-120.0,100.0,0.4830991055093647,6.0,106.0,-115.0,-0.040775149803128075,over,0.6190736777265089,0.09519942241401613,-120.0,,True,-0.040775149803128075,0.1349684091652663,0.8333333333333334,0.03374210229131658,2025-03
2025-03-29,434378.0,4.5,0.5946330399116541,1.0,5,0.0,0.5144577598682006,5,-120.0,-102.0,0.48652120304737084,7.0,-105.0,-115.0,-0.027936556820829794,over,0.5946330399116541,0.08017528004345342,-120.0,,True,-0.027936556820829794,0.09016057317136578,0.8333333333333334,0.022540143292841486,2025-03
2025-03-29,641793.0,5.5,0.5360711379660575,1.0,7,0.0,0.4494046448051045,5,115.0,-136.0,0.4727682734898993,8.0,106.0,-116.0,0.0233636286847948,over,0.5360711379660575,0.08666649316095304,115.0,,True,0.0233636286847948,0.15255294662702368,1.15,0.03813823665675592,2025-03
2025-03-29,681190.0,3.5,0.5988807685479293,0.0,3,0.0,0.45041963059502066,5,115.0,-135.0,0.4376297810099734,6.0,134.0,-135.0,-0.012789849585047253,over,0.5988807685479293,0.1484611379529086,115.0,,False,-0.012789849585047253,0.2875936523780479,-1.0,-0.05,2025-03
2025-03-30,573186.0,3.5,0.6909412322549575,0.0,3,0.0,0.546721561366547,5,-124.0,110.0,0.5459734331730886,8.0,-125.0,115.0,-0.000748128193458486,over,0.6909412322549575,0.14421967088841048,-124.0,,False,-0.000748128193458486,0.24815190342831028,-1.0,-0.05,2025-03
2025-03-30,669467.0,3.5,0.7137183337259296,0.0,3,0.0,0.5392944079415821,6,-130.0,116.0,0.5421785221952585,8.0,-130.0,115.0,0.0028841142536764064,over,0.7137183337259296,0.1744239257843475,-130.0,,False,0.0028841142536764064,0.2627324365920294,-1.0,-0.05,2025-03
2025-03-30,608372.0,3.5,0.5748779286549517,0.0,1,0.0,0.36157840602300007,2,165.0,-205.0,0.3386503067484662,1.0,175.0,-245.0,-0.022928099274533875,over,0.5748779286549517,0.21329952263195162,165.0,,False,-0.022928099274533875,0.5234265109356219,-1.0,-0.05,2025-03
2025-03-30,693433.0,5.5,0.4793699042518534,0.0,5,0.0,0.5694653853699136,4,-145.0,125.0,0.4745926248626179,8.0,106.0,-105.0,-0.09487276050729576,under,0.5206300957481467,0.09009548111806026,125.0,,True,0.09487276050729576,0.17141771543333006,1.25,0.042854428858332516,2025-03
2025-03-30,676974.0,4.5,0.5881562201966342,1.0,7,0.0,0.41801449928895335,5,130.0,-158.0,0.41228620339959837,8.0,135.0,-157.0,-0.005728295889354973,over,0.5881562201966342,0.17014172090768082,130.0,,True,-0.005728295889354973,0.3527593064522586,1.3,0.065,2025-03
2025-03-30,663372.0,4.5,0.6344758216954777,1.0,5,0.0,0.4317347703743569,4,120.0,-150.0,0.4353106405051814,8.0,125.0,-138.0,0.003575870130824499,over,0.6344758216954777,0.20274105132112075,120.0,,True,0.003575870130824499,0.3958468077300509,1.2,0.06,2025-03
2025-04-01,701542.0,4.5,0.5414722375413904,0.0,4,0.0,0.4272571241067953,4,126.0,-150.0,0.4214234172802794,8.0,139.0,-150.0,-0.005833706826515905,over,0.5414722375413904,0.11421511343459512,126.0,,False,-0.005833706826515905,0.22372725684354233,-1.0,-0.04439032873879806,2025-04
2025-04-01,547179.0,3.5,0.6752917081717923,1.0,7,0.0,0.5731005145457979,2,-150.0,126.0,0.5759843610096878,8.0,-150.0,143.0,0.0028838464638898387,over,0.6752917081717923,0.10219119362599438,-150.0,,True,0.0028838464638898387,0.12548618028632047,0.6666666666666666,0.031371545071580076,2025-04
2025-04-01,686730.0,3.5,0.6442516859167139,1.0,5,0.0,0.5628749344015254,2,-150.0,115.0,0.545977983208076,8.0,-130.0,110.0,-0.01689695119344936,over,0.6442516859167139,0.08137675151518853,-150.0,,True,-0.01689695119344936,0.07375280986118982,0.6666666666666666,0.018438202465297426,2025-04
2025-04-01,621244.0,5.5,0.3622676354825848,1.0,8,0.0,0.4464884390644973,2,112.0,-140.0,0.4087012256935176,6.0,145.0,-162.0,-0.03778721337097973,under,0.6377323645174152,0.08422080358191253,-140.0,,False,0.03778721337097973,0.09325548202985467,-1.0,-0.032639418710449175,2025-04
2025-04-01,673540.0,5.5,0.6068188784279759,1.0,8,0.0,0.44162601975405963,4,125.0,-125.0,0.4415104343537753,6.0,116.0,-141.0,-0.00011558540028433484,over,0.6068188784279759,0.16519285867391625,125.0,,True,-0.00011558540028433484,0.3653424764629457,1.25,0.0625,2025-04
2025-04-01,669358.0,4.5,0.7486315647920143,1.0,10,0.0,0.5587294523405557,2,-145.0,115.0,0.5707631853445092,8.0,-137.0,128.0,0.012033733003953495,over,0.7486315647920143,0.1899021124514586,-145.0,,True,0.012033733003953495,0.2649291956830587,0.6896551724137931,0.03448275862068966,2025-04
2025-04-01,681343.0,4.5,0.5456209027729193,0.0,3,0.0,0.44840666635166243,5,120.0,-128.0,0.4539689722504495,8.0,118.0,-130.0,0.00556230589878709,over,0.5456209027729193,0.09721423642125687,120.0,,False,0.00556230589878709,0.20036598610042244,-1.0,-0.04174291377092137,2025-04
2025-04-01,645261.0,5.5,0.45183209707425914,0.0,4,0.0,0.5497091621464856,4,-136.0,115.0,0.4781409806415626,7.0,110.0,-115.0,-0.071568181504923,under,0.5481679029257409,0.09787706507222643,115.0,,True,0.071568181504923,0.17856099129034286,1.15,0.044640247822585744,2025-04
2025-04-02,607536.0,4.5,0.39960066379804315,0.0,3,0.0,0.5357062040187752,5,-125.0,106.0,0.5193345317446453,8.0,-115.0,103.0,-0.016371672274129945,under,0.6003993362019568,0.13610554022073207,106.0,,True,0.016371672274129945,0.2368226325760311,1.06,0.053000000000000005,2025-04
2025-04-02,554430.0,8.5,0.2954336891654695,1.0,10,0.0,0.5043781791372342,5,-110.0,-110.0,0.48076479520661747,8.0,100.0,-116.0,-0.023613383930616683,under,0.7045663108345305,0.20894448997176462,-110.0,,False,0.023613383930616683,0.34508113886592184,-1.0,-0.05,2025-04
2025-04-02,680732.0,4.5,0.6912643358437858,0.0,1,0.0,0.5540362315386242,3,-145.0,110.0,0.5971729393287185,1.0,-177.0,132.0,0.043136707790094264,over,0.6912643358437858,0.13722810430516152,-145.0,,False,0.043136707790094264,0.16799836056363804,-1.0,-0.05,2025-04
2025-04-02,683004.0,4.5,0.4313679938020306,1.0,6,0.0,0.514373046156788,4,-115.0,-105.0,0.517033162702171,8.0,-113.0,104.0,0.0026601165453830067,under,0.5686320061979694,0.08300505235475741,-105.0,,False,-0.0026601165453830067,0.11018629781508305,-1.0,-0.02892390317645933,2025-04
2025-04-02,694738.0,4.5,0.35421217173674735,1.0,8,0.0,0.4455028629405685,4,115.0,-138.0,0.4411362018891256,7.0,125.0,-135.0,-0.004366661051442899,under,0.6457878282632527,0.09129069120382116,-138.0,,False,0.004366661051442899,0.11375002265691397,-1.0,-0.03924375781663538,2025-04
2025-04-02,694973.0,7.5,0.2830598818302498,0.0,6,0.0,0.49353881801746746,4,-105.0,-113.0,0.5046870147754763,8.0,100.0,-101.0,0.011148196758008821,under,0.7169401181697501,0.21047893618721764,-113.0,,True,-0.011148196758008821,0.35140039973590065,0.8849557522123894,0.044247787610619475,2025-04
2025-04-02,666142.0,6.5,0.585973142089515,1.0,10,0.0,0.4596813684028711,3,110.0,-130.0,0.5083503023596402,8.0,-108.0,-105.0,0.04866893395676908,over,0.585973142089515,0.1262917736866439,110.0,,True,0.04866893395676908,0.23054359838798155,1.1,0.05500000000000001,2025-04
2025-04-02,664285.0,5.5,0.612350742484663,1.0,9,0.0,0.5230377955788359,4,-125.0,100.0,0.5643861151444173,8.0,-139.0,132.0,0.04134831956558138,over,0.612350742484663,0.08931294690582714,-125.0,,True,0.04134831956558138,0.10223133647239346,0.8,0.025557834118098366,2025-04
2025-04-02,592791.0,4.5,0.5766149784650484,1.0,7,0.0,0.39960102563033106,2,135.0,-175.0,0.4426156572560603,8.0,128.0,-130.0,0.043014631625729216,over,0.5766149784650484,0.17701395283471733,135.0,,True,0.043014631625729216,0.3550451993928637,1.35,0.0675,2025-04
2025-04-03,592836.0,4.5,0.5784808609056044,0.0,4,0.0,0.4940985837220618,4,-105.0,-112.0,0.41267861042871046,7.0,143.0,-146.0,-0.08141997329335132,over,0.5784808609056044,0.08438227718354258,-105.0,,False,-0.08141997329335132,0.129415014149037,-1.0,-0.033971441214122246,2025-04
2025-04-03,657746.0,5.5,0.45381122842763333,1.0,6,0.0,0.5601502769737059,4,-140.0,120.0,0.6002059540282031,6.0,-160.0,152.0,0.040055677054497196,under,0.5461887715723667,0.10633904854607257,120.0,,False,-0.040055677054497196,0.2016152974592067,-1.0,-0.042003186970668065,2025-04
2025-04-03,686613.0,5.5,0.6876296091430985,1.0,8,0.0,0.5699609355538504,4,-145.0,126.0,0.5877452050753521,7.0,-155.0,140.0,0.017784269521501694,over,0.6876296091430985,0.11766867358924804,-145.0,,True,0.017784269521501694,0.16185692579351119,0.6896551724137931,0.03448275862068966,2025-04
2025-04-04,608331.0,5.5,0.6090339106773874,1.0,6,0.0,0.5175637457961884,4,-115.0,100.0,0.5274722256013613,7.0,-115.0,105.0,0.009908479805172954,over,0.6090339106773874,0.09147016488119908,-115.0,,True,0.009908479805172954,0.1386286156142461,0.8695652173913043,0.0346571539035615,2025-04
2025-04-04,665152.0,4.5,0.510751383609432,0.0,1,0.0,0.43063202388113125,4,120.0,-146.0,0.4464470104296793,7.0,114.0,-135.0,0.01581498654854807,over,0.510751383609432,0.0801193597283007,120.0,,False,0.01581498654854807,0.12365304394075027,-1.0,-0.025761050820989666,2025-04
2025-04-04,676974.0,4.5,0.5999579919251943,1.0,8,0.0,0.5095849239662618,4,-113.0,-105.0,0.5270015188675952,7.0,-120.0,105.0,0.017416594901333404,over,0.5999579919251943,0.09037306795893252,-113.0,,True,0.017416594901333404,0.13089426796518921,0.8849557522123894,0.032723566991297304,2025-04
2025-04-04,808967.0,6.5,0.2889578147352853,0.0,5,0.0,0.43713740177719024,2,120.0,-140.0,0.40491156263704137,1.0,130.0,-177.0,-0.03222583914014887,under,0.7110421852647146,0.14817958704190493,-140.0,,True,0.03222583914014887,0.21892946045379658,0.7142857142857143,0.03571428571428572,2025-04
2025-04-05,608379.0,4.5,0.6338273117112738,1.0,5,0.0,0.5309317839808967,4,-130.0,102.0,0.5707187594607617,8.0,-134.0,126.0,0.03978697547986498,over,0.6338273117112738,0.10289552773037713,-130.0,,True,0.03978697547986498,0.12138678225840754,0.7692307692307693,0.03034669556460184,2025-04
2025-04-05,571510.0,4.5,0.4508805278276067,1.0,5,0.0,0.5448831258802348,2,-136.0,108.0,0.5505497082769435,8.0,-135.0,115.0,0.005666582396708697,under,0.5491194721723933,0.09400259805262812,108.0,,False,-0.005666582396708697,0.14216850211857812,-1.0,-0.0329093754904116,2025-04
2025-04-05,680730.0,3.5,0.6218469538926594,0.0,2,0.0,0.5365817956318252,4,-126.0,105.0,0.5747259282234911,7.0,-146.0,130.0,0.038144132591665936,over,0.6218469538926594,0.08526515826083425,-126.0,,False,0.038144132591665936,0.11537628237889702,-1.0,-0.03634352894935258,2025-04
2025-04-05,671737.0,5.5,0.5661229316919762,1.0,7,0.0,0.44964743728964374,3,110.0,-136.0,0.4592148452999892,7.0,110.0,-130.0,0.009567408010345446,over,0.5661229316919762,0.11647549440233251,110.0,,True,0.009567408010345446,0.1888581565531502,1.1,0.04721453913828755,2025-04
2025-04-05,573186.0,3.5,0.6112782097939311,0.0,3,0.0,0.5230731546351296,4,-122.0,100.0,0.5299675138843936,8.0,-120.0,105.0,0.006894359249263959,over,0.6112782097939311,0.0882050551588015,-122.0,,False,0.006894359249263959,0.11232592273977626,-1.0,-0.034259406435631794,2025-04
2025-04-05,605400.0,6.5,0.3385280801089747,0.0,2,0.0,0.45722256664600125,1,106.0,-136.0,0.37974683544303806,1.0,145.0,-200.0,-0.0774757312029632,under,0.6614719198910253,0.11869448653702652,-136.0,,True,0.0774757312029632,0.14784833157560273,0.7352941176470589,0.03676470588235294,2025-04
2025-04-05,663559.0,3.5,0.711179308115383,1.0,5,0.0,0.543010905032431,3,-130.0,108.0,0.5820667043591445,8.0,-152.0,130.0,0.03905579932671355,over,0.711179308115383,0.168168403082952,-130.0,,True,0.03905579932671355,0.25824031435798533,0.7692307692307693,0.038461538461538464,2025-04
2025-04-05,663436.0,4.5,0.6236137764929063,0.0,2,0.0,0.5060012840537933,3,-115.0,-110.0,0.5359550367269205,6.0,-122.0,110.0,0.029953752673127165,over,0.6236137764929063,0.11761249243911298,-115.0,,False,0.029953752673127165,0.1658866256171726,-1.0,-0.047692404864937095,2025-04
2025-04-06,656876.0,4.5,0.4202940937489418,0.0,4,0.0,0.5648660952143246,4,-145.0,120.0,0.511678564428685,8.0,-111.0,105.0,-0.05318753078563965,under,0.5797059062510582,0.14457200146538285,120.0,,True,0.05318753078563965,0.275352993752328,1.2,0.06,2025-04
2025-04-06,650911.0,4.5,0.6281183383241377,1.0,9,0.0,0.524740227610094,1,-126.0,-102.0,0.5594404352035399,3.0,-140.0,120.0,0.03470020759344594,over,0.6281183383241377,0.10337811071404368,-126.0,,True,0.03470020759344594,0.1266249560417072,0.7936507936507936,0.0316562390104268,2025-04
2025-04-06,663855.0,4.5,0.7025651284327622,1.0,5,0.0,0.557095781506638,3,-145.0,115.0,0.5748167390887323,6.0,-145.0,128.0,0.017720957582094354,over,0.7025651284327622,0.14546934692612423,-145.0,,True,0.017720957582094354,0.18709280321397753,0.6896551724137931,0.03448275862068966,2025-04
2025-04-06,670102.0,4.5,0.6896983866843606,1.0,6,0.0,0.4979222937876584,2,-111.0,-115.0,0.5616310227660374,8.0,-140.0,128.0,0.06370872897837898,over,0.6896983866843606,0.19177609289670217,-111.0,,True,0.06370872897837898,0.3110482845981989,0.9009009009009009,0.04504504504504505,2025-04
2025-04-06,527048.0,4.5,0.5541703765983872,0.0,4,0.0,0.43697711796812433,3,115.0,-150.0,0.41878543749258224,8.0,132.0,-154.0,-0.018191680475542094,over,0.5541703765983872,0.11719325863026286,115.0,,False,-0.018191680475542094,0.19146630968653244,-1.0,-0.041623110801420074,2025-04
2025-04-06,571760.0,4.5,0.6662949341488403,1.0,10,0.0,0.5108411298535888,3,-108.0,-105.0,0.5058141413275705,8.0,-105.0,104.0,-0.005026988526018239,over,0.6662949341488403,0.15545380429525157,-108.0,,True,-0.005026988526018239,0.2832346879903591,0.9259259259259259,0.0462962962962963,2025-04
2025-04-07,669461.0,3.5,0.7072317829442281,1.0,7,0.0,0.5752972678887517,3,-159.0,125.0,0.5845974329054843,1.0,-167.0,125.0,0.009300165016732587,over,0.7072317829442281,0.13193451505547638,-159.0,,True,0.009300165016732587,0.1520316464311639,0.6289308176100629,0.031446540880503145,2025-04
2025-04-07,657006.0,5.5,0.42620035246879284,1.0,8,0.0,0.529858215981743,6,-116.0,105.0,0.4879567500479941,7.0,100.0,-110.0,-0.04190146593374888,under,0.5737996475312072,0.10365786351295014,105.0,,False,0.04190146593374888,0.1762892774389747,-1.0,-0.041973637485470144,2025-04
2025-04-07,607074.0,6.5,0.5352932220273023,1.0,8,0.0,0.44335220002265063,4,115.0,-138.0,0.453431106516188,8.0,115.0,-130.0,0.010078906493537376,over,0.5352932220273023,0.0919410220046517,115.0,,True,0.010078906493537376,0.1508804273587,1.15,0.03772010683967497,2025-04
2025-04-07,669160.0,5.5,0.2696948989965701,0.0,1,0.0,0.4165029469548134,1,125.0,-165.0,0.3924905308228578,1.0,138.0,-186.0,-0.024012416131955594,under,0.7303051010034298,0.14680804795824326,-165.0,,True,0.024012416131955594,0.17291425312672065,0.6060606060606061,0.030303030303030304,2025-04
2025-04-08,519242.0,7.5,0.3373281338006011,0.0,5,0.0,0.46210676685105123,2,108.0,-130.0,0.442764239132641,4.0,115.0,-142.0,-0.01934252771841022,under,0.6626718661993989,0.12477863305045012,-130.0,,True,0.01934252771841022,0.17241945558355187,0.7692307692307693,0.038461538461538464,2025-04
2025-04-08,554430.0,7.5,0.33533125574640793,0.0,7,0.0,0.43712506559847475,2,115.0,-150.0,0.441939399030262,8.0,118.0,-140.0,0.004814333431787277,under,0.6646687442535921,0.10179380985206682,-150.0,,True,-0.004814333431787277,0.10778124042265352,0.6666666666666666,0.026945310105663367,2025-04
2025-04-08,471911.0,4.5,0.5868186809592955,0.0,3,0.0,0.4907030959751916,4,-106.0,-115.0,0.40523560196609226,6.0,150.0,-160.0,-0.08546749400909937,over,0.5868186809592955,0.09611558498410383,-106.0,,False,-0.08546749400909937,0.14042121016617792,-1.0,-0.03721162069403715,2025-04
2025-04-08,543243.0,6.5,0.40817402030802546,0.0,4,0.0,0.5010388531061708,4,-115.0,-111.0,0.48656550843537916,7.0,-103.0,-118.0,-0.014473344670791644,under,0.5918259796919745,0.09286483279814534,-111.0,,True,0.014473344670791644,0.12500253797303262,0.9009009009009009,0.031250634493258156,2025-04
2025-04-08,694973.0,7.5,0.31078268529308056,0.0,7,0.0,0.43668122270742354,1,115.0,-150.0,0.4255411037568185,7.0,139.0,-150.0,-0.011140118950605071,under,0.6892173147069194,0.12589853741434298,-150.0,,True,0.011140118950605071,0.14869552451153228,0.6666666666666666,0.03333333333333333,2025-04
2025-04-08,543294.0,3.5,0.6055129144009795,1.0,4,0.0,0.4567897027215078,4,110.0,-125.0,0.47316265183046713,8.0,105.0,-120.0,0.01637294910895931,over,0.6055129144009795,0.14872321167947172,110.0,,True,0.01637294910895931,0.27157712024205705,1.1,0.05500000000000001,2025-04
2025-04-09,607200.0,4.5,0.5071115342131474,0.0,2,0.0,0.4235552787469556,3,125.0,-160.0,0.4630514187516019,7.0,110.0,-130.0,0.039496140004646296,over,0.5071115342131474,0.08355625546619178,125.0,,False,0.039496140004646296,0.14100095197958162,-1.0,-0.028200190395916324,2025-04
2025-04-09,656557.0,4.5,0.3367190908351614,0.0,2,0.0,0.428923470336791,4,120.0,-150.0,0.38471320627018785,3.0,155.0,-180.0,-0.04421026406660317,under,0.6632809091648386,0.09220437950162963,-150.0,,True,0.04421026406660317,0.10546818194139768,0.6666666666666666,0.026367045485349405,2025-04
2025-04-09,657746.0,5.5,0.33506293275320875,0.0,4,0.0,0.4346495741005561,4,130.0,-138.0,0.4328614728546077,4.0,120.0,-146.0,-0.0017881012459484147,under,0.6649370672467912,0.09958664134734735,-138.0,,True,0.0017881012459484147,0.14677552177345154,0.7246376811594203,0.036231884057971016,2025-04
2025-04-09,676974.0,5.5,0.3336668075840429,0.0,4,0.0,0.4246762068463981,4,125.0,-155.0,0.4177673285585373,6.0,130.0,-156.0,-0.006908878287860798,under,0.6663331924159571,0.09100939926235524,-155.0,,True,0.006908878287860798,0.09622557461980041,0.6451612903225806,0.024056393654950103,2025-04
2025-04-09,622491.0,3.5,0.854947265242908,1.0,6,0.0,0.5165448639870077,2,-115.0,102.0,0.5406195773668525,6.0,-127.0,110.0,0.024074713379844792,over,0.854947265242908,0.33840240125590026,-115.0,,True,0.024074713379844792,0.5983796698019583,0.8695652173913043,0.043478260869565216,2025-04
2025-04-09,607259.0,3.5,0.7248691556078668,1.0,8,0.0,0.5822582774892024,2,-160.0,126.0,0.5889509807469986,5.0,-160.0,135.0,0.00669270325779614,over,0.7248691556078668,0.14261087811866435,-160.0,,True,0.00669270325779614,0.17791237786278358,0.625,0.03125,2025-04
2025-04-09,663623.0,4.5,0.42970915509649393,1.0,7,0.0,0.5107077664827017,4,-108.0,100.0,0.42894067866886704,8.0,130.0,-140.0,-0.08176708781383463,under,0.570290844903506,0.08099861138620773,100.0,,False,0.08176708781383463,0.14058168980701202,-1.0,-0.035145422451753006,2025-04
2025-04-09,592836.0,3.5,0.6597971973130228,1.0,5,0.0,0.527679511436256,4,-125.0,104.0,0.4953368645937283,7.0,100.0,-110.0,-0.032342646842527745,over,0.6597971973130228,0.13211768587676676,-125.0,,True,-0.032342646842527745,0.18763495516344098,0.8,0.04000000000000001,2025-04
2025-04-09,656550.0,4.5,0.6584954051635047,1.0,6,0.0,0.5697186293355077,3,-150.0,120.0,0.5812496321648639,7.0,-150.0,139.0,0.011531002829356263,over,0.6584954051635047,0.08877677582799703,-150.0,,True,0.011531002829356263,0.09749234193917444,0.6666666666666666,0.02437308548479361,2025-04
2025-04-09,434378.0,4.5,0.7219019055751261,1.0,9,0.0,0.5666894239813987,3,-145.0,125.0,0.593847287960285,7.0,-160.0,137.0,0.02715786397888631,over,0.7219019055751261,0.15521248159372747,-145.0,,True,0.02715786397888631,0.21976528873038553,0.6896551724137931,0.03448275862068966,2025-04
2025-04-10,667755.0,4.5,0.6798059523611246,0.0,4,0.0,0.5733156065676892,2,-148.0,125.0,0.5791404079247845,6.0,-145.0,139.0,0.005824801357095288,over,0.6798059523611246,0.10649034579343541,-148.0,,False,0.005824801357095288,0.13913429855107368,-1.0,-0.05,2025-04
2025-04-10,663372.0,4.5,0.5377253384245022,1.0,7,0.0,0.44990156164333267,4,120.0,-130.0,0.535973790000308,8.0,-126.0,105.0,0.08607222835697531,over,0.5377253384245022,0.08782377678116954,120.0,,True,0.08607222835697531,0.18299574453390488,1.2,0.04574893613347625,2025-04
2025-04-10,621111.0,3.5,0.5696952416381301,1.0,7,0.0,0.4173505293046199,5,130.0,-154.0,0.4275926811462503,8.0,125.0,-145.0,0.01024215184163041,over,0.5696952416381301,0.1523447123335102,130.0,,True,0.01024215184163041,0.31029905576769934,1.3,0.065,2025-04
2025-04-10,680885.0,5.5,0.662691392527335,0.0,5,0.0,0.5628432282767821,5,-140.0,120.0,0.5652818464912448,8.0,-145.0,120.0,0.0024386182144626734,over,0.662691392527335,0.09984816425055287,-140.0,,False,0.0024386182144626734,0.13604238718971717,-1.0,-0.047614835516401006,2025-04
2025-04-11,592662.0,6.5,0.33198923618277487,1.0,7,0.0,0.45647549838165613,6,110.0,-125.0,0.41996744494733795,7.0,130.0,-148.0,-0.03650805343431818,under,0.6680107638172251,0.12448626219888126,-125.0,,False,0.03650805343431818,0.20241937487100525,-1.0,-0.05,2025-04
2025-04-11,680730.0,4.5,0.5782582807945175,0.0,3,0.0,0.43226678585035605,2,120.0,-150.0,0.4304206744706212,8.0,135.0,-135.0,-0.0018461113797348383,over,0.5782582807945175,0.14599149494416142,120.0,,False,-0.0018461113797348383,0.2721682177479384,-1.0,-0.05,2025-04
2025-04-11,663460.0,5.5,0.3220438950865654,0.0,5,0.0,0.46118830857181586,6,110.0,-130.0,0.45420276880451027,8.0,114.0,-125.0,-0.006985539767305593,under,0.6779561049134346,0.13914441348525047,-130.0,,True,0.006985539767305593,0.19946080100069208,0.7692307692307693,0.038461538461538464,2025-04
2025-04-11,663436.0,4.5,0.5927314776597228,1.0,6,0.0,0.4840997262920994,6,100.0,-115.0,0.4400799227133099,8.0,118.0,-135.0,-0.044019803578789485,over,0.5927314776597228,0.10863175136762337,100.0,,True,-0.044019803578789485,0.18546295531944557,1.0,0.04636573882986139,2025-04
2025-04-12,663978.0,4.5,0.6344841788620995,1.0,5,0.0,0.5,1,-112.0,-112.0,0.5139233603371447,8.0,-115.0,-101.0,0.013923360337144697,over,0.6344841788620995,0.1344841788620995,-112.0,,True,0.013923360337144697,0.2009879099889741,0.8928571428571429,0.04464285714285715,2025-04
2025-04-12,663855.0,4.5,0.6923739636926508,0.0,3,0.0,0.5498144182744834,4,-135.0,114.0,0.5422572184479171,8.0,-128.0,115.0,-0.00755719982656633,over,0.6923739636926508,0.1425595454181674,-135.0,,False,-0.00755719982656633,0.20524356642794772,-1.0,-0.05,2025-04
2025-04-12,670102.0,3.5,0.7986228389219576,1.0,5,0.0,0.5874157112757761,4,-160.0,132.0,0.6163100734863758,1.0,-195.0,143.0,0.02889436221059971,over,0.7986228389219576,0.21120712764618155,-160.0,,True,0.02889436221059971,0.29776211324818114,0.625,0.03125,2025-04
2025-04-12,690916.0,4.5,0.3354785036047082,1.0,5,0.0,0.46438574548837785,4,108.0,-125.0,0.41379458956594123,7.0,132.0,-155.0,-0.050591155922436626,under,0.6645214963952918,0.12890724188366964,-125.0,,False,0.050591155922436626,0.19613869351152524,-1.0,-0.05,2025-04
2025-04-12,671096.0,4.5,0.6873618340345591,1.0,5,0.0,0.5582856094495046,2,-145.0,112.0,0.5507017325421273,8.0,-137.0,112.0,-0.007583876907377274,over,0.6873618340345591,0.12907622458505452,-145.0,,True,-0.007583876907377274,0.16140447819632397,0.6896551724137931,0.03448275862068966,2025-04
2025-04-12,547179.0,4.5,0.3220548637217564,0.0,4,0.0,0.448269691498731,4,112.0,-140.0,0.4109387848332748,8.0,135.0,-158.0,-0.03733090666545624,under,0.6779451362782436,0.12621482777697463,-140.0,,True,0.03733090666545624,0.16219166219127473,0.7142857142857143,0.03571428571428572,2025-04
2025-04-13,676979.0,7.5,0.33787827460483283,1.0,11,0.0,0.5083785013623707,5,-111.0,100.0,0.4962145174964589,8.0,100.0,-105.0,-0.012163983865911832,under,0.6621217253951672,0.1705002267575379,100.0,,False,0.012163983865911832,0.32424345079033445,-1.0,-0.05,2025-04
2025-04-13,554430.0,6.5,0.30931147006505644,0.0,3,0.0,0.4859473530240801,4,-105.0,-120.0,0.44750171095782215,7.0,120.0,-130.0,-0.038445642066257946,under,0.6906885299349436,0.17663588295902366,-120.0,,True,0.038445642066257946,0.2662623048807299,0.8333333333333334,0.04166666666666667,2025-04
2025-04-13,543135.0,5.5,0.6766115318196981,0.0,3,0.0,0.5749767565413734,1,-156.0,122.0,0.6017069701280228,1.0,-180.0,135.0,0.0267302135866494,over,0.6766115318196981,0.10163477527832476,-156.0,,False,0.0267302135866494,0.11033687272976106,-1.0,-0.04303138036460674,2025-04
2025-04-13,650633.0,7.5,0.4061429153983334,1.0,8,0.0,0.502719513857857,3,-110.0,-108.0,0.5278133037716366,8.0,-115.0,110.0,0.02509378991377964,under,0.5938570846016666,0.09657659845952354,-108.0,,False,-0.02509378991377964,0.14372475552913577,-1.0,-0.038805683992866685,2025-04
2025-04-13,668678.0,5.5,0.6181468887620737,0.0,5,0.0,0.5,1,-112.0,-112.0,0.5055791484083867,8.0,102.0,100.0,0.005579148408386692,over,0.6181468887620737,0.11814688876207369,-112.0,,False,0.005579148408386692,0.17006375372821092,-1.0,-0.047617851043899026,2025-04
2025-04-13,700249.0,4.5,0.483387467414333,0.0,2,0.0,0.4029115027401789,2,135.0,-170.0,0.40842304911366634,2.0,133.0,-165.0,0.0055115463734874415,over,0.483387467414333,0.08047596467415413,135.0,,False,0.0055115463734874415,0.13596054842368266,-1.0,-0.02517787933771899,2025-04
2025-04-13,622663.0,4.5,0.6970959430726567,1.0,6,0.0,0.5447909013508071,4,-128.0,115.0,0.5658840112143977,8.0,-145.0,125.0,0.021093109863590587,over,0.6970959430726567,0.15230504172184955,-128.0,,True,0.021093109863590587,0.24170214859816963,0.78125,0.0390625,2025-04
2025-04-14,471911.0,3.5,0.669900286183684,1.0,4,0.0,0.49828022864667876,6,-110.0,-102.0,0.49180291942192866,8.0,105.0,-112.0,-0.006477309224750094,over,0.669900286183684,0.17162005753700527,-110.0,,True,-0.006477309224750094,0.2789005463506695,0.9090909090909091,0.045454545454545456,2025-04
2025-04-14,657746.0,6.5,0.34395365772156294,1.0,8,0.0,0.43051923886088445,4,122.0,-148.0,0.40801186943620177,1.0,128.0,-175.0,-0.022507369424682677,under,0.6560463422784371,0.0865655811393215,-148.0,,False,0.022507369424682677,0.09932089787197562,-1.0,-0.03674873221263094,2025-04
2025-04-14,687922.0,4.5,0.5564922559994505,0.0,3,0.0,0.41701278357639837,6,135.0,-148.0,0.42426783155255915,7.0,125.0,-149.0,0.007255047976160778,over,0.5564922559994505,0.13947947242305214,135.0,,False,0.007255047976160778,0.3077568015987088,-1.0,-0.05,2025-04
2025-04-14,695418.0,3.5,0.6694333680553706,0.0,1,0.0,0.4015060784685029,3,136.0,-170.0,0.40336452267904993,7.0,140.0,-164.0,0.001858444210547039,over,0.6694333680553706,0.2679272895868677,136.0,,False,0.001858444210547039,0.5798627486106747,-1.0,-0.05,2025-04
2025-04-14,592836.0,3.5,0.670970264670059,1.0,5,0.0,0.5505030700445878,6,-135.0,115.0,0.5487379980443732,7.0,-135.0,115.0,-0.0017650720002145848,over,0.670970264670059,0.12046719462547129,-135.0,,True,-0.0017650720002145848,0.16798527553676945,0.7407407407407407,0.037037037037037035,2025-04
2025-04-15,671106.0,3.5,0.6789916287256454,1.0,6,0.0,0.5229232629674477,3,-125.0,-102.0,0.5323294134912131,8.0,-120.0,105.0,0.009406150523765366,over,0.6789916287256454,0.1560683657581977,-125.0,,True,0.009406150523765366,0.22218493170616183,0.8,0.04000000000000001,2025-04
2025-04-15,666157.0,5.5,0.6028830119855473,1.0,6,0.0,0.477811604704502,5,100.0,-112.0,0.4631310916500074,7.0,115.0,-114.0,-0.014680513054494637,over,0.6028830119855473,0.12507140728104527,100.0,,True,-0.014680513054494637,0.20576602397109456,1.0,0.05,2025-04
2025-04-15,450203.0,5.5,0.4611907137320892,0.0,2,0.0,0.550469414203074,5,-132.0,115.0,0.527360958562046,8.0,-115.0,110.0,-0.023108455641028036,under,0.5388092862679108,0.08927870047098485,115.0,,True,0.023108455641028036,0.15843996547600814,1.15,0.03960999136900206,2025-04
2025-04-15,622491.0,4.5,0.6998321065866046,0.0,3,0.0,0.5842630553496113,5,-150.0,132.0,0.6333530455351862,1.0,-210.0,155.0,0.04908999018557492,over,0.6998321065866046,0.11556905123699324,-150.0,,False,0.04908999018557492,0.1663868443110076,-1.0,-0.05,2025-04
2025-04-15,663623.0,4.5,0.5785396726140154,1.0,6,0.0,0.4598685222080081,5,115.0,-130.0,0.43330635492407016,8.0,135.0,-145.0,-0.026562167283937954,over,0.5785396726140154,0.11867115040600729,115.0,,True,-0.026562167283937954,0.24386029612013305,1.15,0.057499999999999996,2025-04
2025-04-16,669854.0,4.5,0.39894354275550925,0.0,1,0.0,0.5484587803712668,2,-136.0,110.0,0.5210967690066011,8.0,-115.0,112.0,-0.02736201136466576,under,0.6010564572444907,0.14951523761575758,110.0,,True,0.02736201136466576,0.2622185602134306,1.1,0.05500000000000001,2025-04
2025-04-16,680730.0,4.5,0.6024540233238279,1.0,6,0.0,0.5036427976686095,4,-115.0,-106.0,0.48925105909112004,8.0,100.0,-106.0,-0.014391738577489488,over,0.6024540233238279,0.09881122565521838,-115.0,,True,-0.014391738577489488,0.12632708708367824,0.8695652173913043,0.03158177177091953,2025-04
2025-04-16,675911.0,6.5,0.3269611876488531,0.0,5,0.0,0.47614107883817425,1,-102.0,-125.0,0.40034315127251924,1.0,133.0,-180.0,-0.07579792756565501,under,0.6730388123511468,0.14917989118932112,-125.0,,True,0.07579792756565501,0.21146986223206432,0.8,0.04000000000000001,2025-04
2025-04-16,592662.0,6.5,0.26396177821716904,1.0,8,0.0,0.44015571526339936,4,115.0,-145.0,0.42917681603950497,7.0,135.0,-139.0,-0.01097889922389439,under,0.736038221782831,0.17619393704623032,-145.0,,False,0.01097889922389439,0.24365078852961097,-1.0,-0.05,2025-04
2025-04-16,663559.0,4.5,0.3332900504113182,0.0,2,0.0,0.4529040754897329,4,112.0,-140.0,0.37136490973779246,2.0,170.0,-176.0,-0.08153916575194042,under,0.6667099495886818,0.11961402507841468,-140.0,,True,0.08153916575194042,0.14293134215202596,0.7142857142857143,0.03571428571428572,2025-04
2025-04-16,657376.0,4.5,0.6748912021418632,0.0,2,0.0,0.527077634249342,5,-116.0,105.0,0.4766338174796106,8.0,105.0,-120.0,-0.050443816769731364,over,0.6748912021418632,0.1478135678925212,-116.0,,False,-0.050443816769731364,0.2566939626089866,-1.0,-0.05,2025-04
2025-04-16,668909.0,5.5,0.4222291446890063,0.0,4,0.0,0.5076065065044494,4,-113.0,-105.0,0.45649252626064474,7.0,120.0,-120.0,-0.051113980243804646,under,0.5777708553109937,0.08537736181544309,-105.0,,True,0.051113980243804646,0.1280288127500353,0.9523809523809523,0.032007203187508826,2025-04
2025-04-16,571510.0,4.5,0.43712558216954234,0.0,3,0.0,0.5451107593865508,4,-130.0,114.0,0.535883286127126,8.0,-120.0,105.0,-0.009227473259424857,under,0.5628744178304577,0.10798517721700851,114.0,,True,0.009227473259424857,0.20455125415717934,1.14,0.05113781353929481,2025-04
2025-04-17,665795.0,4.5,0.619543225204213,1.0,6,0.0,0.5245110796168911,3,-125.0,100.0,0.541783802390038,8.0,-132.0,110.0,0.017272722773146842,over,0.619543225204213,0.09503214558732187,-125.0,,True,0.017272722773146842,0.11517780536758343,0.8,0.028794451341895844,2025-04
2025-04-17,650911.0,5.5,0.6555625016974452,1.0,12,0.0,0.5292053436923772,4,-116.0,110.0,0.5647164305394845,8.0,-135.0,135.0,0.035511086847107354,over,0.6555625016974452,0.12635715800506808,-116.0,,True,0.035511086847107354,0.22070258936765663,0.8620689655172413,0.04310344827586207,2025-04
2025-04-17,571760.0,4.5,0.6253598739117606,0.0,4,0.0,0.5043708400648379,3,-115.0,-110.0,0.5203734598257765,8.0,-112.0,104.0,0.01600261976093864,over,0.6253598739117606,0.12098903384692272,-115.0,,False,0.01600261976093864,0.1691510686176394,-1.0,-0.04863093222757133,2025-04
2025-04-17,663436.0,4.5,0.5700216962839353,0.0,3,0.0,0.4489057318765176,4,115.0,-130.0,0.4256519718777641,8.0,139.0,-135.0,-0.02325375999875351,over,0.5700216962839353,0.12111596440741768,115.0,,False,-0.02325375999875351,0.2255466470104608,-1.0,-0.049031879784882784,2025-04
2025-04-17,608372.0,3.5,0.5618732330080197,0.0,3,0.0,0.4208101114104708,5,130.0,-150.0,0.44244915307353283,8.0,120.0,-135.0,0.02163904166306202,over,0.5618732330080197,0.1410631215975489,130.0,,False,0.02163904166306202,0.29230843591844535,-1.0,-0.05,2025-04
2025-04-18,670102.0,5.5,0.5629942445899915,0.0,5,0.0,0.40327363302099395,1,134.0,-172.0,0.3909819036775646,2.0,145.0,-174.0,-0.01229172934342937,over,0.5629942445899915,0.15972061156899753,134.0,,False,-0.01229172934342937,0.31740653234058014,-1.0,-0.05,2025-04
2025-04-18,607067.0,3.5,0.6274681043095197,1.0,5,0.0,0.47950376445738047,4,-104.0,-122.0,0.4696450054000919,8.0,105.0,-121.0,-0.009858759057288558,over,0.6274681043095197,0.14796433985213925,-104.0,,True,-0.009858759057288558,0.23080281999175023,0.9615384615384616,0.04807692307692308,2025-04
2025-04-18,682847.0,4.5,0.6354570822710921,1.0,8,0.0,0.5258735082480811,5,-115.0,105.0,0.5107844659447026,7.0,-113.0,100.0,-0.015089042303378486,over,0.6354570822710921,0.109583574023011,-115.0,,True,-0.015089042303378486,0.18802845815899827,0.8695652173913043,0.043478260869565216,2025-04
2025-04-18,690928.0,4.5,0.6044431391675731,1.0,6,0.0,0.5127694735630995,3,-120.0,-105.0,0.43424043719277206,5.0,133.0,-135.0,-0.07852903637032749,over,0.6044431391675731,0.09167366560447354,-120.0,,True,-0.07852903637032749,0.10814575514055069,0.8333333333333334,0.027036438785137673,2025-04
2025-04-18,669387.0,3.5,0.6238889823698553,0.0,0,0.0,0.535127268161834,5,-126.0,105.0,0.5669466899931862,8.0,-137.0,125.0,0.031819421831352224,over,0.6238889823698553,0.08876171420802137,-126.0,,False,0.031819421831352224,0.11903896837767702,-1.0,-0.03749727503896823,2025-04
2025-04-18,693821.0,4.5,0.6483730896443461,0.0,3,0.0,0.48965825761963827,5,102.0,-110.0,0.49193342181082234,8.0,-102.0,-110.0,0.0022751641911840648,over,0.6483730896443461,0.15871483202470787,102.0,,False,0.0022751641911840648,0.30971364108157917,-1.0,-0.05,2025-04
2025-04-18,554430.0,7.5,0.45528712430597984,1.0,13,0.0,0.5401291790606173,5,-115.0,115.0,0.504686758408875,7.0,-103.0,-105.0,-0.0354424206517423,under,0.5447128756940202,0.08484205475463746,115.0,,False,0.0354424206517423,0.17113268274214333,-1.0,-0.03720275711785725,2025-04
2025-04-19,607625.0,4.5,0.7184961290957802,1.0,5,0.0,0.5672238953722428,3,-142.0,120.0,0.5915240507120563,7.0,-160.0,146.0,0.024300155339813445,over,0.7184961290957802,0.15127223372353737,-142.0,,True,0.024300155339813445,0.2244793185998507,0.704225352112676,0.035211267605633804,2025-04
2025-04-19,621244.0,5.5,0.5484230356156717,0.0,3,0.0,0.4579769473841035,4,110.0,-130.0,0.4288817906162843,8.0,125.0,-148.0,-0.029095156767819208,over,0.5484230356156717,0.09044608823156824,110.0,,False,-0.029095156767819208,0.15168837479291075,-1.0,-0.034474630634752444,2025-04
2025-04-19,681343.0,4.5,0.42744127240906815,0.0,3,0.0,0.5326399664589256,4,-122.0,105.0,0.4589805070460277,8.0,120.0,-125.0,-0.07365945941289792,under,0.5725587275909318,0.10519869404985749,105.0,,True,0.07365945941289792,0.17374539156141033,1.05,0.043436347890352556,2025-04
2025-04-19,471911.0,3.5,0.6304668837374487,0.0,1,0.0,0.5499551148494202,4,-138.0,110.0,0.5331091437400206,8.0,-122.0,106.0,-0.01684597110939956,over,0.6304668837374487,0.08051176888802858,-138.0,,False,-0.01684597110939956,0.08732694441675942,-1.0,-0.03012779582378202,2025-04
2025-04-19,594902.0,3.5,0.6845489958131029,0.0,3,0.0,0.5890908527742944,2,-165.0,130.0,0.5915186293018307,8.0,-150.0,135.0,0.0024277765275363405,over,0.6845489958131029,0.09545814303880851,-165.0,,False,0.0024277765275363405,0.09942717509377136,-1.0,-0.04101370972618062,2025-04
2025-04-19,663554.0,3.5,0.6065645960977409,0.0,3,0.0,0.5033738191632929,3,-112.0,-110.0,0.5256876510692182,8.0,-112.0,105.0,0.022313831905925285,over,0.6065645960977409,0.103190776934448,-112.0,,False,0.022313831905925285,0.14814012832786683,-1.0,-0.04147923593180268,2025-04
2025-04-19,622663.0,4.5,0.6652940008652776,0.0,1,0.0,0.5702421056555548,5,-150.0,120.0,0.555691589742531,8.0,-130.0,115.0,-0.01455051591302381,over,0.6652940008652776,0.09505189520972279,-150.0,,False,-0.01455051591302381,0.10882333477546258,-1.0,-0.040808750540798466,2025-04
2025-04-19,519242.0,7.5,0.34078957276621674,1.0,8,0.0,0.44176182671842934,5,125.0,-130.0,0.46314965153884596,8.0,120.0,-120.0,0.021387824820416623,under,0.6592104272337833,0.1009722539522126,-130.0,,False,-0.021387824820416623,0.16629537125977045,-1.0,-0.05,2025-04
2025-04-19,676979.0,7.5,0.3936313514226323,0.0,7,0.0,0.5508775898772731,4,-134.0,115.0,0.5142766596241375,8.0,-110.0,100.0,-0.0366009302531356,under,0.6063686485773677,0.1572462384546408,115.0,,True,0.0366009302531356,0.30369259444134056,1.15,0.057499999999999996,2025-04
2025-04-19,669713.0,5.5,0.3253028110626507,0.0,4,0.0,0.4131629014020209,2,133.0,-155.0,0.3587443946188341,1.0,160.0,-220.0,-0.05441850678318677,under,0.6746971889373493,0.0878600903393702,-155.0,,True,0.05441850678318677,0.10998569792918755,0.6451612903225806,0.02749642448229689,2025-04
2025-04-19,801403.0,4.5,0.6167084662177998,1.0,5,0.0,0.44343663675250566,4,115.0,-132.0,0.46443262682959213,8.0,110.0,-122.0,0.020995990077086468,over,0.6167084662177998,0.17327182946529418,115.0,,True,0.020995990077086468,0.32592320236826966,1.15,0.057499999999999996,2025-04
2025-04-19,669302.0,5.5,0.43857054882623137,1.0,9,0.0,0.5408883646566451,4,-120.0,110.0,0.4649261151138565,8.0,110.0,-122.0,-0.07596224954278863,under,0.5614294511737686,0.10231781583041377,110.0,,False,0.07596224954278863,0.1790018474649142,-1.0,-0.04068223806020777,2025-04
2025-04-20,543243.0,6.5,0.2590213967760945,0.0,6,0.0,0.4248366013071895,2,120.0,-160.0,0.42673017964545046,7.0,128.0,-145.0,0.0018935783382609817,under,0.7409786032239055,0.165815204531095,-160.0,,True,-0.0018935783382609817,0.20409023023884648,0.625,0.03125,2025-04
2025-04-20,663623.0,5.5,0.5253546942915598,1.0,9,0.0,0.4157400695240362,2,128.0,-162.0,0.35610950367237926,1.0,163.0,-220.0,-0.059630565851656936,over,0.5253546942915598,0.1096146247675236,128.0,,True,-0.059630565851656936,0.19780870298475628,1.28,0.0494521757461891,2025-04
2025-04-20,656550.0,4.5,0.7745072000652812,1.0,7,0.0,0.554140127388535,2,-145.0,110.0,0.625,1.0,-200.0,150.0,0.07085987261146498,over,0.7745072000652812,0.22036707267674616,-145.0,,True,0.07085987261146498,0.3086500966620268,0.6896551724137931,0.03448275862068966,2025-04
2025-04-20,656557.0,4.5,0.5967963819413074,1.0,7,0.0,0.5017433751743375,3,-112.0,-110.0,0.5802919566320878,7.0,-150.0,132.0,0.07854858145775023,over,0.5967963819413074,0.09505300676696982,-112.0,,True,0.07854858145775023,0.1296502943889032,0.8928571428571429,0.03241257359722577,2025-04
2025-04-20,605280.0,5.5,0.579215732546549,1.0,6,0.0,0.42634447515023904,2,120.0,-155.0,0.5169469691949947,7.0,-115.0,105.0,0.09060249404475568,over,0.579215732546549,0.15287125739630997,120.0,,True,0.09060249404475568,0.27427461160240785,1.2,0.06,2025-04
2025-04-21,605400.0,5.5,0.44223080473903165,1.0,6,0.0,0.559268468944455,4,-145.0,116.0,0.5128247528761989,7.0,-110.0,100.0,-0.04644371606825615,under,0.5577691952609684,0.11703766420542339,116.0,,False,0.04644371606825615,0.2047814617636916,-1.0,-0.044133935724933585,2025-04
2025-04-22,663372.0,3.5,0.6210947847780333,1.0,4,0.0,0.5034744412548893,5,-115.0,-110.0,0.5133351315049065,8.0,-113.0,105.0,0.009860690250017234,over,0.6210947847780333,0.11762034352314399,-115.0,,True,0.009860690250017234,0.1611772063241491,0.8695652173913043,0.04029430158103725,2025-04
2025-04-22,663460.0,7.5,0.30903537511571305,0.0,6,0.0,0.43365023446257894,5,120.0,-150.0,0.4362702767542972,8.0,120.0,-145.0,0.0026200422917182498,under,0.6909646248842869,0.12461485934686589,-150.0,,True,-0.0026200422917182498,0.15160770814047814,0.6666666666666666,0.03333333333333333,2025-04
2025-04-22,678394.0,4.5,0.6537068254815661,0.0,3,0.0,0.5060012840537933,3,-112.0,-110.0,0.49233540119342944,8.0,103.0,-106.0,-0.013665882860363854,over,0.6537068254815661,0.1477055414277728,-112.0,,False,-0.013665882860363854,0.2373736339472502,-1.0,-0.05,2025-04
2025-04-22,607259.0,5.5,0.31421452516406084,0.0,4,0.0,0.41901228848822436,4,125.0,-158.0,0.4059040590405904,1.0,130.0,-175.0,-0.013108229447633957,under,0.6857854748359391,0.10479776332416352,-158.0,,True,0.013108229447633957,0.11982691460552086,0.6329113924050633,0.029956728651380216,2025-04
2025-04-22,663436.0,4.5,0.5431147989194963,0.0,3,0.0,0.41592124848962975,5,126.0,-160.0,0.42139597079726854,8.0,128.0,-150.0,0.005474722307638791,over,0.5431147989194963,0.12719355042986658,126.0,,False,0.005474722307638791,0.22743944555806173,-1.0,-0.045126874118662993,2025-04
2025-04-23,554430.0,7.5,0.32281336319969955,1.0,9,0.0,0.4278523489932886,1,120.0,-155.0,0.33999999999999997,1.0,175.0,-240.0,-0.08785234899328864,under,0.6771866368003004,0.10503898579358906,-155.0,,False,0.08785234899328864,0.11408124118759105,-1.0,-0.04420648096019147,2025-04
2025-04-23,656794.0,4.5,0.5566517330020581,1.0,8,0.0,0.4734616453198438,4,104.0,-118.0,0.46579017192935235,7.0,115.0,-121.0,-0.007671473390491457,over,0.5566517330020581,0.08319008768221425,104.0,,True,-0.007671473390491457,0.13556953532419846,1.04,0.03389238383104959,2025-04
2025-04-23,687473.0,3.5,0.6169750538941895,1.0,6,0.0,0.4549292016488128,5,112.0,-125.0,0.4624494163866723,8.0,112.0,-125.0,0.007520214737859521,over,0.6169750538941895,0.1620458522453767,112.0,,True,0.007520214737859521,0.3079871142556818,1.12,0.05600000000000001,2025-04
2025-04-23,645261.0,4.5,0.6470753618522821,0.0,4,0.0,0.5306122448979592,2,-130.0,100.0,0.5579322701604587,8.0,-135.0,128.0,0.027320025262499437,over,0.6470753618522821,0.11646311695432288,-130.0,,False,0.027320025262499437,0.1448256402001914,-1.0,-0.04706833306506217,2025-04
2025-04-23,606996.0,3.5,0.6230661655931311,1.0,6,0.0,0.5101214574898786,2,-120.0,-110.0,0.543122852132202,8.0,-125.0,118.0,0.033001394642323434,over,0.6230661655931311,0.11294470810325252,-120.0,,True,0.033001394642323434,0.1422879702540737,0.8333333333333334,0.03557199256351845,2025-04
2025-04-23,676106.0,3.5,0.612259917581335,1.0,7,0.0,0.5050536601265028,4,-108.0,100.0,0.5025412481367636,7.0,-113.0,-105.0,-0.0025124119897391717,over,0.612259917581335,0.10720625745483225,-108.0,,True,-0.0025124119897391717,0.17916724867516376,0.9259259259259259,0.04479181216879097,2025-04
2025-04-23,663903.0,5.5,0.3758825291235889,1.0,8,0.0,0.4710743801652893,1,100.0,-128.0,0.4796808749960474,8.0,100.0,-116.0,0.008606494830758094,under,0.6241174708764111,0.09519185104170041,-128.0,,False,-0.008606494830758094,0.1117092449986073,-1.0,-0.035746958399554316,2025-04
2025-04-24,668964.0,3.5,0.7353615092777709,0.0,2,0.0,0.5904405720913599,2,-170.0,130.0,0.5797352947847341,8.0,-160.0,126.0,-0.010705277306625849,over,0.7353615092777709,0.14492093718641097,-170.0,,False,-0.010705277306625849,0.16792710297057728,-1.0,-0.05,2025-04
2025-04-24,669022.0,7.5,0.3575647659847314,1.0,8,0.0,0.45520067924405005,4,108.0,-136.0,0.40852912137775055,7.0,140.0,-152.0,-0.04667155786629951,under,0.6424352340152686,0.09763591325931864,-136.0,,False,0.04667155786629951,0.1148140825559073,-1.0,-0.03903678806900844,2025-04
2025-04-25,607625.0,3.5,0.7551372945862784,1.0,8,0.0,0.5917482045651178,5,-160.0,155.0,0.6897106109324759,1.0,-286.0,200.0,0.09796240636735809,over,0.7551372945862784,0.16338909002116064,-160.0,,True,0.09796240636735809,0.22709810370270245,0.625,0.03125,2025-04
2025-04-25,471911.0,3.5,0.5668731656283604,0.0,2,0.0,0.4456187610317003,5,113.0,-140.0,0.41310746877602994,7.0,140.0,-154.0,-0.03251129225567034,over,0.5668731656283604,0.12125440459666015,113.0,,False,-0.03251129225567034,0.20743984278840766,-1.0,-0.045893770528408775,2025-04
2025-04-26,663554.0,4.5,0.5569745881108554,1.0,5,0.0,0.4548257786000616,1,108.0,-136.0,0.4202216614306723,8.0,126.0,-152.0,-0.034604117169389326,over,0.5569745881108554,0.1021488095107938,108.0,,True,-0.034604117169389326,0.15850714327057935,1.08,0.03962678581764484,2025-04
2025-04-26,656557.0,3.5,0.7049818052736158,1.0,6,0.0,0.5915279878971256,1,-170.0,130.0,0.6666666666666667,1.0,-250.0,180.0,0.07513867876954117,over,0.7049818052736158,0.11345381737649018,-170.0,,True,0.07513867876954117,0.11967698484633094,0.5882352941176471,0.029411764705882356,2025-04
2025-04-26,594902.0,4.5,0.5647114881495178,0.0,4,0.0,0.4753141877060979,2,100.0,-122.0,0.4894728499272956,7.0,-102.0,-115.0,0.014158662221197715,over,0.5647114881495178,0.08939730044341987,100.0,,False,0.014158662221197715,0.12942297629903554,-1.0,-0.032355744074758885,2025-04
2025-04-26,695418.0,3.5,0.5315511341385213,0.0,3,0.0,0.4292894901221381,4,125.0,-136.0,0.3965478102853498,8.0,150.0,-165.0,-0.03274167983678827,over,0.5315511341385213,0.10226164401638321,125.0,,False,-0.03274167983678827,0.19599005181167284,-1.0,-0.03919801036233457,2025-04
2025-04-26,592662.0,5.5,0.5809341313379,1.0,8,0.0,0.4844674538406694,4,100.0,-112.0,0.4862795205556114,8.0,104.0,-106.0,0.0018120667149419956,over,0.5809341313379,0.09646667749723054,100.0,,True,0.0018120667149419956,0.1618682626757999,1.0,0.040467065668949975,2025-04
2025-04-26,664285.0,4.5,0.5713382026660369,1.0,5,0.0,0.4643106164291556,5,110.0,-120.0,0.4901248460062228,8.0,100.0,-105.0,0.025814229577067194,over,0.5713382026660369,0.10702758623688124,110.0,,True,0.025814229577067194,0.19981022559867745,1.1,0.04995255639966933,2025-04
2025-04-26,687064.0,3.5,0.6805777584331818,1.0,6,0.0,0.5543606364172068,1,-142.0,112.0,0.5819335392079663,2.0,-159.0,130.0,0.027572902790759524,over,0.6805777584331818,0.12621712201597501,-142.0,,True,0.027572902790759524,0.159857870005845,0.704225352112676,0.035211267605633804,2025-04
2025-04-26,621111.0,3.5,0.7559772511397942,0.0,3,0.0,0.5893794380981784,1,-166.0,130.0,0.7034596375617792,1.0,-305.0,215.0,0.11408019946360082,over,0.7559772511397942,0.1665978130416158,-166.0,,False,0.11408019946360082,0.2113852337541281,-1.0,-0.05,2025-04
2025-04-27,641793.0,4.5,0.376103305221238,0.0,1,0.0,0.4669102720259846,1,102.0,-130.0,0.38368992651362427,1.0,143.0,-195.0,-0.08322034551236035,under,0.623896694778762,0.09080696680474659,-130.0,,True,0.08322034551236035,0.10381722922396353,0.7692307692307693,0.02595430730599085,2025-04
2025-04-27,663559.0,3.5,0.5063245470399556,0.0,2,0.0,0.42517421332161276,4,126.0,-148.0,0.453311867690862,8.0,112.0,-135.0,0.028137654369249254,over,0.5063245470399556,0.0811503337183428,126.0,,False,0.028137654369249254,0.14429347631029954,-1.0,-0.028629657998075285,2025-04
2025-04-27,666157.0,5.5,0.6153136504657801,1.0,9,0.0,0.4749933279362241,4,116.0,-113.0,0.4354749200259647,8.0,124.0,-135.0,-0.0395184079102594,over,0.6153136504657801,0.140320322529556,116.0,,True,-0.0395184079102594,0.329077485006085,1.16,0.057999999999999996,2025-04
2025-04-27,674370.0,5.5,0.3198705194234459,0.0,1,0.0,0.4248366013071895,1,120.0,-160.0,0.3587443946188341,1.0,160.0,-220.0,-0.06609220668835536,under,0.6801294805765541,0.10496608188374357,-160.0,,True,0.06609220668835536,0.1052104059369004,0.625,0.026302601484225085,2025-04
2025-04-27,665152.0,4.5,0.6549886783164849,0.0,3,0.0,0.5318436143283848,4,-125.0,110.0,0.5316529207189284,8.0,-125.0,108.0,-0.0001906936094563383,over,0.6549886783164849,0.1231450639881001,-125.0,,False,-0.0001906936094563383,0.1789796209696728,-1.0,-0.05,2025-04
2025-04-27,681190.0,3.5,0.5630334062681583,0.0,1,0.0,0.4123970611339869,4,135.0,-152.0,0.42890709584278663,7.0,128.0,-142.0,0.016510034708799748,over,0.5630334062681583,0.15063634513417146,135.0,,False,0.016510034708799748,0.3231285047301722,-1.0,-0.05,2025-04
2025-04-27,663855.0,4.5,0.6756876255357267,0.0,3,0.0,0.5334553849121456,4,-125.0,108.0,0.5454894828987887,7.0,-134.0,110.0,0.012034097986643122,over,0.6756876255357267,0.14223224062358109,-125.0,,False,0.012034097986643122,0.21623772596430813,-1.0,-0.05,2025-04
2025-04-27,667755.0,4.5,0.6192775908817171,0.0,4,0.0,0.5187593796898449,1,-122.0,-104.0,0.46794931078771984,8.0,110.0,-115.0,-0.05081006890212503,over,0.6192775908817171,0.10051821119187221,-122.0,,False,-0.05081006890212503,0.1268821735716491,-1.0,-0.03869906293935301,2025-04
2025-04-27,686613.0,4.5,0.651933637549951,1.0,9,0.0,0.5261908030040785,3,-120.0,105.0,0.5942657754631304,7.0,-145.0,153.0,0.06807497245905192,over,0.651933637549951,0.12574283454587254,-120.0,,True,0.06807497245905192,0.19521166884157692,0.8333333333333334,0.04166666666666667,2025-04
2025-04-27,669373.0,6.5,0.7110404457749826,1.0,11,0.0,0.5436350180973845,4,-130.0,114.0,0.5984313127313683,2.0,-174.0,138.0,0.05479629463398383,over,0.7110404457749826,0.16740542767759814,-130.0,,True,0.05479629463398383,0.2579946348326616,0.7692307692307693,0.038461538461538464,2025-04
2025-04-28,656288.0,4.5,0.4021283286934999,1.0,5,0.0,0.5209333791779381,5,-118.0,101.0,0.4555492178986741,8.0,120.0,-125.0,-0.06538416127926405,under,0.5978716713065001,0.11880505048443823,101.0,,False,0.06538416127926405,0.20172205932606524,-1.0,-0.04993120280348147,2025-04
2025-04-28,608372.0,3.5,0.5567380875358399,1.0,8,0.0,0.4546177623709555,6,120.0,-130.0,0.43491872435093615,8.0,130.0,-130.0,-0.019699038020019377,over,0.5567380875358399,0.10212032516488434,120.0,,True,-0.019699038020019377,0.22482379257884766,1.2,0.05620594814471197,2025-04
2025-04-28,669467.0,3.5,0.6801811522005463,1.0,4,0.0,0.5654802579571804,6,-142.0,125.0,0.5225864504108133,8.0,-114.0,100.0,-0.04289380754636707,over,0.6801811522005463,0.11470089424336594,-142.0,,True,-0.04289380754636707,0.1591819636093817,0.704225352112676,0.035211267605633804,2025-04
2025-04-29,663978.0,3.5,0.6893928203480494,0.0,2,0.0,0.5688700207710388,4,-150.0,122.0,0.5698223899399493,2.0,-150.0,120.0,0.0009523691689105052,over,0.6893928203480494,0.12052279957701062,-150.0,,False,0.0009523691689105052,0.14898803391341564,-1.0,-0.05,2025-04
2025-04-29,571760.0,4.5,0.6410082887385558,0.0,0,0.0,0.5205328773844191,5,-120.0,104.0,0.514343520489535,8.0,-110.0,100.0,-0.0061893568948840905,over,0.6410082887385558,0.12047541135413664,-120.0,,False,-0.0061893568948840905,0.17518186268735225,-1.0,-0.05,2025-04
2025-04-29,656849.0,4.5,0.6435232506929272,0.0,2,0.0,0.5167256984815392,5,-119.0,100.0,0.5299782199838833,8.0,-122.0,105.0,0.013252521502344128,over,0.6435232506929272,0.126797552211388,-119.0,,False,0.013252521502344128,0.18429909161135338,-1.0,-0.05,2025-04
2025-04-29,642547.0,6.5,0.37739496029509983,0.0,5,0.0,0.5,5,-113.0,-113.0,0.4898183391274856,8.0,100.0,-115.0,-0.010181660872514375,under,0.6226050397049001,0.12260503970490017,-113.0,,True,0.010181660872514375,0.17358295094817455,0.8849557522123894,0.04339573773704364,2025-04
2025-04-29,554430.0,7.5,0.31774230850673024,0.0,7,0.0,0.4106205619018215,1,130.0,-166.0,0.34700315457413244,1.0,170.0,-230.0,-0.06361740732768906,under,0.6822576914932698,0.09287825339509126,-166.0,,True,0.06361740732768906,0.09325630082656483,0.6024096385542169,0.023314075206641197,2025-04
2025-04-30,695549.0,3.5,0.5533984185551224,1.0,4,0.0,0.47095988802307653,3,100.0,-125.0,0.5124759798121388,8.0,-115.0,100.0,0.04151609178906224,over,0.5533984185551224,0.08243853053204586,100.0,,True,0.04151609178906224,0.10679683711024479,1.0,0.026699209277561198,2025-04
2025-04-30,519242.0,6.5,0.6597730259828161,1.0,10,0.0,0.5753640663145091,2,-155.0,120.0,0.635099913119027,1.0,-215.0,155.0,0.059735846804517934,over,0.6597730259828161,0.08440895966830697,-155.0,,True,0.059735846804517934,0.08543304274592317,0.6451612903225806,0.02135826068648078,2025-04
2025-04-30,542881.0,5.5,0.30515074008253407,0.0,5,0.0,0.4171177482009807,1,126.0,-162.0,0.3768844221105528,1.0,148.0,-200.0,-0.0402333260904279,under,0.6948492599174659,0.11196700811844662,-162.0,,True,0.0402333260904279,0.12376855616281524,0.6172839506172839,0.030864197530864196,2025-04
2025-04-30,571945.0,3.5,0.6391345452410089,1.0,4,0.0,0.4890873723617753,3,-106.0,-115.0,0.47238005484794354,8.0,100.0,-125.0,-0.016707317513831754,over,0.6391345452410089,0.15004717287923358,-106.0,,True,-0.016707317513831754,0.242091663392904,0.9433962264150944,0.04716981132075472,2025-04
2025-04-30,608337.0,3.5,0.7322911095809299,1.0,7,0.0,0.5875125204711562,2,-165.0,130.0,0.5878499100383359,7.0,-145.0,149.0,0.00033738956717965785,over,0.7322911095809299,0.1447785891097737,-165.0,,True,0.00033738956717965785,0.176103903266342,0.6060606060606061,0.030303030303030304,2025-04
2025-04-30,801403.0,4.5,0.6628135334824469,0.0,4,0.0,0.4369354609432578,4,120.0,-142.0,0.4766090164490176,8.0,104.0,-120.0,0.039673555505759794,over,0.6628135334824469,0.22587807253918907,120.0,,False,0.039673555505759794,0.45818977366138314,-1.0,-0.05,2025-04
2025-04-30,571510.0,5.5,0.6174703753730302,1.0,6,0.0,0.518641698718689,5,-113.0,100.0,0.4892250042104868,7.0,100.0,-108.0,-0.029416694508202224,over,0.6174703753730302,0.09882867665434114,-113.0,,True,-0.029416694508202224,0.16390433588013653,0.8849557522123894,0.04097608397003416,2025-04
2025-05-01,694477.0,4.5,0.38215769026926116,0.0,4,0.0,0.48987854251012153,1,-110.0,-120.0,0.4310126430748061,7.0,125.0,-148.0,-0.05886589943531545,under,0.6178423097307388,0.10772085224086037,-120.0,,True,0.05886589943531545,0.1327109011730212,0.8333333333333334,0.0331777252932553,2025-05
2025-05-01,607625.0,4.5,0.6541665937059195,1.0,5,0.0,0.5721476510067114,1,-155.0,120.0,0.5720876017411606,5.0,-150.0,125.0,-6.004926555081003e-05,over,0.6541665937059195,0.08201894269920806,-155.0,,True,-6.004926555081003e-05,0.07620955738715779,0.6451612903225806,0.019052389346789433,2025-05
2025-05-01,594902.0,3.5,0.6804270449732907,0.0,2,0.0,0.584826028403707,2,-164.0,128.0,0.5973986243424563,2.0,-175.0,138.0,0.012572595938749265,over,0.6804270449732907,0.09560101656958364,-164.0,,False,0.012572595938749265,0.09532158459115081,-1.0,-0.039081849682371834,2025-05
2025-05-01,641816.0,5.5,0.5275047303879256,1.0,6,0.0,0.4399631649265809,3,115.0,-142.0,0.4170700305016373,6.0,140.0,-146.0,-0.022893134424943562,over,0.5275047303879256,0.08754156546134467,115.0,,True,-0.022893134424943562,0.13413517033403988,1.15,0.03353379258350997,2025-05
2025-05-01,607067.0,4.5,0.5795082921600747,0.0,2,0.0,0.4610004757248196,2,110.0,-125.0,0.49649655833316636,7.0,100.0,-105.0,0.035496082608346746,over,0.5795082921600747,0.1185078164352551,110.0,,False,0.035496082608346746,0.2169674135361569,-1.0,-0.04931077580367204,2025-05
2025-05-02,608331.0,5.5,0.6140769647829042,1.0,6,0.0,0.4988259704727578,4,100.0,-109.0,0.5088606840593514,7.0,-110.0,-105.0,0.01003471358659358,over,0.6140769647829042,0.1152509943101464,100.0,,True,0.01003471358659358,0.22815392956580838,1.0,0.05,2025-05
2025-05-02,608379.0,4.5,0.5879364933726807,0.0,3,0.0,0.48777890068171825,4,102.0,-105.0,0.5069052569265395,7.0,-110.0,-105.0,0.019126356244821285,over,0.5879364933726807,0.10015759269096247,102.0,,False,0.019126356244821285,0.18763171661281508,-1.0,-0.045988165836474255,2025-05
2025-05-02,686752.0,5.5,0.5711955028338447,0.0,1,0.0,0.49076126277812027,4,-105.0,-110.0,0.45343387925770745,7.0,120.0,-120.0,-0.037327383520412816,over,0.5711955028338447,0.08043424005572442,-105.0,,False,-0.037327383520412816,0.11519121981845859,-1.0,-0.030237695202345382,2025-05
2025-05-02,666200.0,5.5,0.5885001718692113,1.0,6,0.0,0.4938938787483428,4,100.0,-105.0,0.45950444896159365,7.0,110.0,-130.0,-0.03438942978674914,over,0.5885001718692113,0.09460629312086855,100.0,,True,-0.03438942978674914,0.17700034373842266,1.0,0.044250085934605665,2025-05
2025-05-02,671106.0,3.5,0.5118072083740681,1.0,4,0.0,0.4020289107586152,4,135.0,-166.0,0.4219569364425248,6.0,126.0,-160.0,0.01992802568390961,over,0.5118072083740681,0.10977829761545294,135.0,,True,0.01992802568390961,0.2027469396790601,1.35,0.05068673491976505,2025-05
2025-05-02,678394.0,4.5,0.637769381693361,1.0,5,0.0,0.49591103213625853,4,-110.0,-115.0,0.5207265837809886,7.0,-105.0,105.0,0.02481555164473004,over,0.637769381693361,0.14185834955710241,-110.0,,True,0.02481555164473004,0.21755972868732543,0.9090909090909091,0.045454545454545456,2025-05
2025-05-02,680730.0,4.5,0.55402627129128,0.0,1,0.0,0.4272567415875662,4,130.0,-145.0,0.41805131196475687,2.0,132.0,-150.0,-0.009205429622809347,over,0.55402627129128,0.1267695297037138,130.0,,False,-0.009205429622809347,0.2742604239699441,-1.0,-0.05,2025-05
2025-05-02,665152.0,3.5,0.6215504324537725,0.0,2,0.0,0.5336725919991845,4,-125.0,112.0,0.5429453676761499,7.0,-125.0,115.0,0.009272775676965384,over,0.6215504324537725,0.08787784045458802,-125.0,,False,0.009272775676965384,0.11879077841679053,-1.0,-0.03712211825524704,2025-05
2025-05-02,657746.0,6.5,0.5600534447200187,1.0,8,0.0,0.4385779742927706,4,122.0,-145.0,0.4666780140478677,7.0,114.0,-120.0,0.02810003975509706,over,0.5600534447200187,0.1214754704272481,122.0,,True,0.02810003975509706,0.24331864727844155,1.22,0.06082966181961036,2025-05
2025-05-03,663460.0,4.5,0.6367925550585907,0.0,3,0.0,0.523068936911836,4,-120.0,100.0,0.5944705074401959,6.0,-150.0,150.0,0.07140157052835994,over,0.6367925550585907,0.11372361814675469,-120.0,,False,0.07140157052835994,0.16745301760741627,-1.0,-0.05,2025-05
2025-05-03,500779.0,3.5,0.6825865161686057,1.0,6,0.0,0.5556612535571609,3,-145.0,113.0,0.5181215615260036,7.0,-110.0,108.0,-0.03753969203115726,over,0.6825865161686057,0.12692526261144477,-145.0,,True,-0.03753969203115726,0.15333583766419578,0.6896551724137931,0.03448275862068966,2025-05
2025-05-03,681190.0,3.5,0.5787774447538798,0.0,3,0.0,0.4460157163863312,2,110.0,-145.0,0.4236325352298083,6.0,139.0,-140.0,-0.02238318115652288,over,0.5787774447538798,0.13276172836754863,110.0,,False,-0.02238318115652288,0.21543263398314771,-1.0,-0.04896196226889718,2025-05
2025-05-03,690928.0,4.5,0.6887709371224853,0.0,2,0.0,0.45439094920144324,3,116.0,-130.0,0.38873994638069703,1.0,140.0,-190.0,-0.06565100282074621,over,0.6887709371224853,0.23437998792104203,116.0,,False,-0.06565100282074621,0.4877452241845681,-1.0,-0.05,2025-05
2025-05-03,687134.0,3.5,0.6683160114186267,1.0,4,0.0,0.4204398447606727,1,124.0,-160.0,0.40491156263704137,1.0,130.0,-177.0,-0.015528282123631332,over,0.6683160114186267,0.24787616665795403,124.0,,True,-0.015528282123631332,0.4970278655777238,1.24,0.062,2025-05
2025-05-03,676974.0,5.5,0.6501128996311804,0.0,0,0.0,0.5553049878944718,2,-145.0,112.0,0.5845974329054843,1.0,-167.0,125.0,0.02929244501101247,over,0.6501128996311804,0.09480791173670855,-145.0,,False,0.02929244501101247,0.09846662351475305,-1.0,-0.035694151024097995,2025-05
2025-05-03,641927.0,4.5,0.7626222728057253,1.0,6,0.0,0.5893794380981784,1,-166.0,130.0,0.5837402714521698,2.0,-164.0,128.0,-0.005639166646008609,over,0.7626222728057253,0.17324283470754687,-166.0,,True,-0.005639166646008609,0.22203328052001764,0.6024096385542169,0.030120481927710847,2025-05
2025-05-03,622491.0,4.5,0.6644824677228097,0.0,2,0.0,0.5698881509523741,4,-142.0,125.0,0.5369303986899449,7.0,-125.0,115.0,-0.03295775226242925,over,0.6644824677228097,0.09459431677043562,-142.0,,False,-0.03295775226242925,0.13242786752760527,-1.0,-0.04701189297229984,2025-05
2025-05-03,592332.0,4.5,0.7144875668242868,1.0,9,0.0,0.5541071461771058,3,-136.0,115.0,0.630982792380409,2.0,-200.0,155.0,0.07687564620330323,over,0.7144875668242868,0.16038042064718105,-136.0,,True,0.07687564620330323,0.2398460718421448,0.7352941176470589,0.03676470588235294,2025-05
2025-05-03,674370.0,4.5,0.5798115050027238,0.0,4,0.0,0.44872416528827314,3,124.0,-130.0,0.43400578400955675,7.0,125.0,-140.0,-0.014718381278716386,over,0.5798115050027238,0.1310873397144507,124.0,,False,-0.014718381278716386,0.2987777712061014,-1.0,-0.05,2025-05
2025-05-03,641793.0,3.5,0.7989217741282506,0.0,3,0.0,0.5810387673337467,2,-165.0,125.0,0.5517936942695417,7.0,-120.0,126.0,-0.029245073064204985,over,0.7989217741282506,0.2178830067945039,-165.0,,False,-0.029245073064204985,0.2831167887514328,-1.0,-0.05,2025-05
2025-05-03,608372.0,3.5,0.515525530485172,1.0,4,0.0,0.4068342415867534,4,135.0,-166.0,0.40672381128655144,2.0,132.0,-166.0,-0.00011043030020196909,over,0.515525530485172,0.10869128889841861,135.0,,True,-0.00011043030020196909,0.2114849966401543,1.35,0.0528712491600386,2025-05
2025-05-03,663855.0,5.5,0.5824320112997481,1.0,7,0.0,0.49990795103264346,3,-108.0,-110.0,0.4804755966465991,7.0,100.0,-120.0,-0.019432354386044348,over,0.5824320112997481,0.08252406026710463,-108.0,,True,-0.019432354386044348,0.1217209106513667,0.9259259259259259,0.0304302276628417,2025-05
2025-05-04,547179.0,3.5,0.7726030047292193,1.0,5,0.0,0.5543606364172068,1,-142.0,112.0,0.5864387158692763,7.0,-161.0,130.0,0.03207807945206953,over,0.7726030047292193,0.2182423683120125,-142.0,,True,0.03207807945206953,0.31668962777796517,0.704225352112676,0.035211267605633804,2025-05
2025-05-04,693821.0,3.5,0.7051008306532146,1.0,6,0.0,0.5716849221704113,4,-150.0,120.0,0.5890983263883703,3.0,-166.0,134.0,0.017413404217959005,over,0.7051008306532146,0.13341590848280327,-150.0,,True,0.017413404217959005,0.175168051088691,0.6666666666666666,0.03333333333333333,2025-05
2025-05-04,663978.0,4.5,0.5862876526255828,0.0,2,0.0,0.46281519310564956,1,104.0,-132.0,0.4268557976418011,7.0,128.0,-142.0,-0.035959395463848465,over,0.5862876526255828,0.12347245951993324,104.0,,False,-0.035959395463848465,0.19602681135618893,-1.0,-0.04712182965293003,2025-05
2025-05-04,669160.0,3.5,0.6873654361300827,1.0,6,0.0,0.572683628387832,4,-140.0,130.0,0.5895139658531463,4.0,-160.0,134.0,0.01683033746531426,over,0.6873654361300827,0.11468180774225067,-140.0,,True,0.01683033746531426,0.17834074765157037,0.7142857142857143,0.03571428571428572,2025-05
2025-05-04,593958.0,5.5,0.3542097268286838,1.0,10,0.0,0.48124062031015497,1,-104.0,-122.0,0.43915023285272814,2.0,118.0,-140.0,-0.042090387457426826,under,0.6457902731713162,0.12703089348147117,-122.0,,False,0.042090387457426826,0.17512656265600168,-1.0,-0.05,2025-05
2025-05-04,665795.0,5.5,0.6216721345275321,0.0,4,0.0,0.4243405633442706,2,125.0,-160.0,0.44665480122594897,7.0,115.0,-135.0,0.022314237881678356,over,0.6216721345275321,0.1973315711832615,125.0,,False,0.022314237881678356,0.39876230268694723,-1.0,-0.05,2025-05
2025-05-04,670102.0,4.5,0.6088636536389578,0.0,2,0.0,0.45722256664600125,1,106.0,-136.0,0.4303213431721028,7.0,130.0,-149.0,-0.02690122347389845,over,0.6088636536389578,0.15164108699295653,106.0,,False,-0.02690122347389845,0.25425912649625304,-1.0,-0.05,2025-05
2025-05-04,688138.0,3.5,0.5845738691849331,1.0,5,0.0,0.47329806638431177,3,104.0,-125.0,0.4388800628876413,7.0,122.0,-140.0,-0.03441800349667046,over,0.5845738691849331,0.11127580280062138,104.0,,True,-0.03441800349667046,0.19253069313726368,1.04,0.04813267328431592,2025-05
2025-05-04,671737.0,5.5,0.6261915139619687,0.0,1,0.0,0.4653510947248525,3,102.0,-130.0,0.4487213055386671,6.0,115.0,-130.0,-0.01662978918618535,over,0.6261915139619687,0.16084041923711623,102.0,,False,-0.01662978918618535,0.26490685820317683,-1.0,-0.05,2025-05
2025-05-04,686799.0,3.5,0.605205464459707,0.0,1,0.0,0.474511860000934,3,100.0,-122.0,0.46449619928086905,7.0,106.0,-120.0,-0.010015660720064934,over,0.605205464459707,0.13069360445877304,100.0,,False,-0.010015660720064934,0.21041092891941404,-1.0,-0.05,2025-05
2025-05-05,669387.0,3.5,0.5563677609976606,0.0,2,0.0,0.4703012272563723,4,100.0,-130.0,0.4679620926276326,7.0,102.0,-125.0,-0.002339134628739692,over,0.5563677609976606,0.08606653374128831,100.0,,False,-0.002339134628739692,0.11273552199532122,-1.0,-0.028183880498830305,2025-05
2025-05-05,607074.0,5.5,0.6335855960642073,0.0,5,0.0,0.510397604391948,1,-118.0,-108.0,0.5029982631348237,7.0,-110.0,-105.0,-0.007399341257124381,over,0.6335855960642073,0.12318799167225924,-118.0,,False,-0.007399341257124381,0.1705225418813321,-1.0,-0.05,2025-05
2025-05-05,571945.0,3.5,0.5995592516922225,0.0,1,0.0,0.5188762305079194,4,-122.0,-102.0,0.5139442854066731,7.0,-118.0,-104.0,-0.004931945101246282,over,0.5995592516922225,0.08068302118430304,-122.0,,False,-0.004931945101246282,0.09100126127601138,-1.0,-0.02775538468918347,2025-05
2025-05-05,669854.0,5.5,0.5101810518653317,1.0,6,0.0,0.41884303258558486,4,126.0,-162.0,0.4339534387899328,7.0,120.0,-140.0,0.015110406204347948,over,0.5101810518653317,0.09133801927974683,126.0,,True,0.015110406204347948,0.15300917721564966,1.26,0.03825229430391236,2025-05
2025-05-05,668964.0,4.5,0.41384485921786957,0.0,2,0.0,0.5355411954765752,1,-130.0,104.0,0.4359866285700379,2.0,123.0,-138.0,-0.0995545669065373,under,0.5861551407821304,0.12169633625870563,104.0,,True,0.0995545669065373,0.19575648719554595,1.04,0.04893912179888649,2025-05
2025-05-05,681343.0,3.5,0.5749083153467367,1.0,5,0.0,0.4350832789299238,4,117.0,-150.0,0.484665879969659,7.0,104.0,-115.0,0.049582601039735164,over,0.5749083153467367,0.13982503641681288,117.0,,True,0.049582601039735164,0.2475510443024186,1.17,0.058499999999999996,2025-05
2025-05-06,615698.0,3.5,0.5414115720534138,1.0,6,0.0,0.44344604785449343,4,116.0,-135.0,0.4513077719572103,6.0,125.0,-126.0,0.00786172410271685,over,0.5414115720534138,0.0979655241989204,116.0,,True,0.00786172410271685,0.16944899563537386,1.16,0.04236224890884349,2025-05
2025-05-06,607625.0,4.5,0.6716766508286995,0.0,3,0.0,0.5494765338166726,4,-135.0,112.0,0.5708964595031963,6.0,-139.0,130.0,0.021419925686523733,over,0.6716766508286995,0.12220011701202693,-135.0,,False,0.021419925686523733,0.16921491070181027,-1.0,-0.05,2025-05
2025-05-06,434378.0,4.5,0.6428701012885396,0.0,3,0.0,0.5466688937380523,4,-135.0,108.0,0.5336882591160473,6.0,-120.0,110.0,-0.012980634622004938,over,0.6428701012885396,0.09620120755048733,-135.0,,False,-0.012980634622004938,0.11907017631708744,-1.0,-0.040186184507017,2025-05
2025-05-06,519242.0,6.5,0.6547499776560948,1.0,10,0.0,0.5532345956385022,3,-140.0,111.0,0.5723229405129233,4.0,-130.0,130.0,0.019088344874421126,over,0.6547499776560948,0.10151538201759258,-140.0,,True,0.019088344874421126,0.1224285331247339,0.7142857142857143,0.03060713328118347,2025-05
2025-05-06,694973.0,6.5,0.3110766314437165,0.0,6,0.0,0.4261916495584023,4,120.0,-155.0,0.36041189931350115,1.0,160.0,-215.0,-0.06577975024490113,under,0.6889233685562834,0.11511501811468577,-155.0,,True,0.06577975024490113,0.13339005794743403,0.6451612903225806,0.03225806451612903,2025-05
2025-05-06,680732.0,3.5,0.6006458705091534,0.0,2,0.0,0.4978196969142049,4,-112.0,-110.0,0.4933681724212571,6.0,100.0,-110.0,-0.004451524492947834,over,0.6006458705091534,0.1028261735949485,-112.0,,False,-0.004451524492947834,0.13693682632089754,-1.0,-0.03834231136985128,2025-05
2025-05-06,671096.0,4.5,0.5398948611560782,1.0,8,0.0,0.4499382027511094,4,115.0,-128.0,0.47756684933016685,6.0,110.0,-120.0,0.027628646579057448,over,0.5398948611560782,0.0899566584049688,115.0,,True,0.027628646579057448,0.16077395148556806,1.15,0.04019348787139204,2025-05
2025-05-06,650633.0,6.5,0.514068318284425,0.0,2,0.0,0.4323301511184713,4,122.0,-144.0,0.42717599090154645,6.0,130.0,-143.0,-0.00515416021692483,over,0.514068318284425,0.08173816716595372,122.0,,False,-0.00515416021692483,0.1412316665914235,-1.0,-0.028940915285127766,2025-05
2025-05-06,664062.0,5.5,0.43739444485742646,1.0,8,0.0,0.35278154681139756,1,165.0,-225.0,0.3666469544648137,1.0,155.0,-210.0,0.01386540765341615,over,0.43739444485742646,0.0846128980460289,165.0,,True,0.01386540765341615,0.1590952788721801,1.65,0.039773819718045,2025-05
2025-05-06,669713.0,4.5,0.5988807685479293,0.0,3,0.0,0.4827555620704494,4,-105.0,-122.0,0.533243504125133,6.0,-128.0,105.0,0.0504879420546836,over,0.5988807685479293,0.11612520647747987,-105.0,,False,0.0504879420546836,0.16924340526024284,-1.0,-0.04442639388081372,2025-05
2025-05-07,647336.0,4.5,0.3228987576358159,1.0,8,0.0,0.4193548387096774,1,125.0,-160.0,0.3934381117581684,3.0,146.0,-168.0,-0.025916726951508984,under,0.6771012423641841,0.0964560810738615,-160.0,,False,0.025916726951508984,0.10028951884179921,-1.0,-0.04011580753671966,2025-05
2025-05-07,656302.0,5.5,0.6674466722328998,1.0,9,0.0,0.554714934241622,3,-140.0,114.0,0.5423340164815625,6.0,-127.0,114.0,-0.012380917760059451,over,0.6674466722328998,0.11273173799127778,-140.0,,True,-0.012380917760059451,0.1441942952563996,0.7142857142857143,0.03571428571428572,2025-05
2025-05-07,686563.0,3.5,0.6094495946671759,0.0,1,0.0,0.477242478303136,3,100.0,-123.0,0.5169729317513375,6.0,-110.0,100.0,0.03973045344820153,over,0.6094495946671759,0.13220711636403987,100.0,,False,0.03973045344820153,0.2188991893343517,-1.0,-0.05,2025-05
2025-05-07,518876.0,3.5,0.7263832972161002,1.0,6,0.0,0.5925565555825834,1,-168.0,132.0,0.5924455369017005,4.0,-165.0,140.0,-0.00011101868088281286,over,0.7263832972161002,0.13382674163351682,-168.0,,True,-0.00011101868088281286,0.15875430746377883,0.5952380952380952,0.029761904761904764,2025-05
2025-05-07,608379.0,4.5,0.6263820972621421,1.0,5,0.0,0.508559602536519,3,-116.0,-108.0,0.5197689797101913,6.0,-110.0,110.0,0.011209377173672319,over,0.6263820972621421,0.11782249472562312,-116.0,,True,0.011209377173672319,0.16636666386743704,0.8620689655172413,0.04159166596685926,2025-05
2025-05-07,450203.0,4.5,0.6039270294765431,0.0,2,0.0,0.42136269580177876,2,126.0,-155.0,0.41030607578809564,5.0,141.0,-159.0,-0.011056620013683127,over,0.6039270294765431,0.18256433367476432,126.0,,False,-0.011056620013683127,0.3648750866169874,-1.0,-0.05,2025-05
2025-05-07,673540.0,4.5,0.7186839246789305,0.0,4,0.0,0.5581668072923431,2,-140.0,118.0,0.5714967828269163,6.0,-145.0,128.0,0.013329975534573157,over,0.7186839246789305,0.16051711738658736,-140.0,,False,0.013329975534573157,0.23202958516388084,-1.0,-0.05,2025-05
2025-05-07,656605.0,3.5,0.7613576506835641,1.0,6,0.0,0.5260031371219027,2,-120.0,104.0,0.6124650558307587,2.0,-182.0,145.0,0.086461918708856,over,0.7613576506835641,0.23535451356166137,-120.0,,True,0.086461918708856,0.3958223595865342,0.8333333333333334,0.04166666666666667,2025-05
2025-05-07,656550.0,5.5,0.6651285372116141,0.0,5,0.0,0.5035186447475857,3,-110.0,-104.0,0.5234196945956908,6.0,-120.0,110.0,0.019901049848105146,over,0.6651285372116141,0.16160989246402846,-110.0,,False,0.019901049848105146,0.26979084376762696,-1.0,-0.05,2025-05
2025-05-07,641816.0,4.5,0.6741257774748679,0.0,0,0.0,0.5203933805829146,3,-112.0,105.0,0.5455595467864847,5.0,-128.0,118.0,0.02516616620357004,over,0.6741257774748679,0.15373239689195328,-112.0,,False,0.02516616620357004,0.2760237930774285,-1.0,-0.05,2025-05
2025-05-08,666157.0,4.5,0.6675963695353712,1.0,7,0.0,0.536248530825943,2,-130.0,104.0,0.5515594980703222,5.0,-132.0,115.0,0.015310967244379192,over,0.6675963695353712,0.13134783870942812,-130.0,,True,0.015310967244379192,0.1811320384087336,0.7692307692307693,0.038461538461538464,2025-05
2025-05-08,680885.0,5.5,0.7164107338004071,1.0,6,0.0,0.542486440657583,2,-130.0,112.0,0.5740682030777151,5.0,-150.0,128.0,0.03158176242013211,over,0.7164107338004071,0.1739242931428241,-130.0,,True,0.03158176242013211,0.2674959136468741,0.7692307692307693,0.038461538461538464,2025-05
2025-05-08,663436.0,3.5,0.5553168433029008,0.0,2,0.0,0.4165697118449573,2,126.0,-160.0,0.42684181028260676,6.0,130.0,-145.0,0.01027209843764948,over,0.5553168433029008,0.13874713145794348,126.0,,False,0.01027209843764948,0.2550160658645557,-1.0,-0.05,2025-05
2025-05-08,678394.0,4.5,0.6521343112691844,0.0,1,0.0,0.4986690706344288,2,-102.0,-105.0,0.43965393453986623,5.0,120.0,-134.0,-0.05901513609456255,over,0.6521343112691844,0.15346524063475564,-102.0,,False,-0.05901513609456255,0.29148167525858093,-1.0,-0.05,2025-05
2025-05-08,663460.0,5.5,0.4199254879326724,1.0,7,0.0,0.5254132221628093,2,-116.0,105.0,0.49779657509899655,6.0,105.0,-103.0,-0.027616647063812727,under,0.5800745120673276,0.10548773423013685,105.0,,False,0.027616647063812727,0.18915274973802165,-1.0,-0.04503636898524319,2025-05
2025-05-08,666200.0,5.5,0.711767174222935,0.0,4,0.0,0.5675301807583657,2,-150.0,118.0,0.5949664415444875,3.0,-167.0,139.0,0.027436260786121824,over,0.711767174222935,0.1442369934645693,-150.0,,False,0.027436260786121824,0.18627862370489168,-1.0,-0.05,2025-05
2025-05-08,663554.0,4.5,0.6737137464010414,1.0,8,0.0,0.5342597565341927,2,-130.0,102.0,0.5219522688736585,6.0,-116.0,100.0,-0.012307487660534133,over,0.6737137464010414,0.13945398986684876,-130.0,,True,-0.012307487660534133,0.19195508978645792,0.7692307692307693,0.038461538461538464,2025-05
2025-05-09,693821.0,4.5,0.6195849598075044,1.0,8,0.0,0.45074968091667245,3,116.0,-130.0,0.46263242752923245,6.0,116.0,-124.0,0.011882746612560002,over,0.6195849598075044,0.16883527889083194,116.0,,True,0.011882746612560002,0.3383035131842095,1.16,0.057999999999999996,2025-05
2025-05-09,500779.0,4.5,0.5488472777349501,0.0,3,0.0,0.4326468748818945,3,125.0,-140.0,0.43949041528455896,6.0,116.0,-145.0,0.006843540402664439,over,0.5488472777349501,0.1162004028530556,125.0,,False,0.006843540402664439,0.23490637490363775,-1.0,-0.04698127498072755,2025-05
2025-05-09,641793.0,3.5,0.6848917470276131,1.0,5,0.0,0.5386361734767763,3,-130.0,110.0,0.5580700950823382,6.0,-142.0,120.0,0.0194339216055619,over,0.6848917470276131,0.14625557355083685,-130.0,,True,0.0194339216055619,0.21173155243346942,0.7692307692307693,0.038461538461538464,2025-05
2025-05-09,680730.0,3.5,0.619275705760818,1.0,5,0.0,0.5369316091487314,3,-118.0,110.0,0.5608677562097065,6.0,-130.0,121.0,0.023936147060975133,over,0.619275705760818,0.08234409661208664,-118.0,,True,0.023936147060975133,0.1440856258971045,0.847457627118644,0.036021406474276096,2025-05
2025-05-09,669373.0,6.5,0.7153219754840282,1.0,12,0.0,0.5670731530296552,3,-138.0,125.0,0.5878383784475236,5.0,-160.0,135.0,0.020765225417868405,over,0.7153219754840282,0.14824882245437299,-138.0,,True,0.020765225417868405,0.23367123308115012,0.7246376811594203,0.036231884057971016,2025-05
2025-05-10,668964.0,3.5,0.689360655801949,0.0,3,0.0,0.4923242084935545,2,-110.0,-115.0,0.47513241251851396,6.0,100.0,-121.0,-0.017191795975040558,over,0.689360655801949,0.19703644730839454,-110.0,,False,-0.017191795975040558,0.3160521610764482,-1.0,-0.05,2025-05
2025-05-10,571760.0,4.5,0.5791597121635677,0.0,2,0.0,0.42518645519661247,2,130.0,-144.0,0.44285556959578526,6.0,120.0,-130.0,0.01766911439917279,over,0.5791597121635677,0.15397325696695519,130.0,,False,0.01766911439917279,0.3320673379762056,-1.0,-0.05,2025-05
2025-05-10,676979.0,6.5,0.29474565572652806,1.0,9,0.0,0.4726949471167476,3,108.0,-115.0,0.4272002354100685,6.0,125.0,-150.0,-0.04549471170667907,under,0.705254344273472,0.17794929139021953,-115.0,,False,0.04549471170667907,0.3185189914677955,-1.0,-0.05,2025-05
2025-05-10,676440.0,4.5,0.6798940093296812,0.0,3,0.0,0.5749767565413734,1,-156.0,122.0,0.6075094691771422,1.0,-186.0,138.0,0.032532712635768846,over,0.6798940093296812,0.10491725278830788,-156.0,,False,0.032532712635768846,0.11572350248973334,-1.0,-0.04513216597099602,2025-05
2025-05-10,700363.0,4.5,0.6117550162905344,1.0,7,0.0,0.5253304867776114,2,-118.0,105.0,0.5630407069476816,6.0,-132.0,128.0,0.0377102201700702,over,0.6117550162905344,0.08642452951292301,-118.0,,True,0.0377102201700702,0.13019147077403814,0.847457627118644,0.032547867693509536,2025-05
2025-05-10,671737.0,4.5,0.6638560982503849,1.0,5,0.0,0.5368581908422623,2,-118.0,115.0,0.5099770724767322,6.0,-115.0,-108.0,-0.026881118365530088,over,0.6638560982503849,0.12699790740812267,-118.0,,True,-0.026881118365530088,0.22644601202189762,0.847457627118644,0.0423728813559322,2025-05
2025-05-10,594798.0,6.5,0.5653680691173829,1.0,10,0.0,0.46371963324151966,2,102.0,-135.0,0.46222313761789174,6.0,115.0,-130.0,-0.0014964956236279137,over,0.5653680691173829,0.10164843587586325,102.0,,True,-0.0014964956236279137,0.1420434996171135,1.02,0.035510874904278344,2025-05
2025-05-11,554430.0,7.5,0.327790708978335,1.0,8,0.0,0.41404308124451256,3,135.0,-155.0,0.375,1.0,150.0,-200.0,-0.039043081244512556,under,0.672209291021665,0.08625237226617755,-155.0,,False,0.039043081244512556,0.10589270458402955,-1.0,-0.04103342302631141,2025-05
2025-05-11,621107.0,4.5,0.5648382015303691,1.0,5,0.0,0.4171299715894951,2,130.0,-155.0,0.4254321957243566,6.0,128.0,-145.0,0.00830222413486148,over,0.5648382015303691,0.14770822994087401,130.0,,True,0.00830222413486148,0.299127863519849,1.3,0.065,2025-05
2025-05-11,656288.0,5.5,0.34441892347552094,0.0,5,0.0,0.43075891200730654,2,120.0,-150.0,0.4137466858353836,5.0,130.0,-160.0,-0.01701222617192294,under,0.6555810765244791,0.0863399885317856,-150.0,,True,0.01701222617192294,0.09263512754079839,0.6666666666666666,0.023158781885199597,2025-05
2025-05-11,681857.0,4.5,0.7442608014408945,1.0,5,0.0,0.5783762583344229,1,-158.0,124.0,0.5869410473623478,2.0,-165.0,132.0,0.008564789027924902,over,0.7442608014408945,0.1658845431064716,-158.0,,True,0.008564789027924902,0.2153119415933593,0.6329113924050633,0.03164556962025317,2025-05
2025-05-11,607625.0,5.5,0.5078611165045067,0.0,5,0.0,0.42634447515023904,2,120.0,-155.0,0.40491156263704137,1.0,130.0,-177.0,-0.021432912513197677,over,0.5078611165045067,0.08151664135426767,120.0,,False,-0.021432912513197677,0.11729445630991475,-1.0,-0.024436345064565622,2025-05
2025-05-11,622663.0,5.5,0.5766868038957623,0.0,2,0.0,0.4548257786000616,1,108.0,-136.0,0.40391272943393175,6.0,148.0,-155.0,-0.050913049166129876,over,0.5766868038957623,0.1218610252957007,108.0,,False,-0.050913049166129876,0.19950855210318563,-1.0,-0.046182535209070744,2025-05
2025-05-11,669022.0,6.5,0.42007318245077274,1.0,7,0.0,0.5144031140796061,3,-120.0,-102.0,0.5019755978399326,6.0,-108.0,-105.0,-0.01242751623967353,under,0.5799268175492273,0.09432993162883341,-102.0,,False,0.01242751623967353,0.14848252102886184,-1.0,-0.037863042862359766,2025-05
2025-05-11,543135.0,5.5,0.6980028889029503,1.0,7,0.0,0.5785341998584389,1,-162.0,122.0,0.5777607459820607,6.0,-154.0,125.0,-0.0007734538763781718,over,0.6980028889029503,0.11946868904451136,-162.0,,True,-0.0007734538763781718,0.12886886970724054,0.6172839506172839,0.030864197530864196,2025-05
2025-05-11,542881.0,4.5,0.6382328468061527,1.0,5,0.0,0.5064224848845914,2,-110.0,-102.0,0.5726831344837101,5.0,-148.0,128.0,0.0662606495991187,over,0.6382328468061527,0.13181036192156126,-110.0,,True,0.0662606495991187,0.21844452572083684,0.9090909090909091,0.045454545454545456,2025-05
2025-05-11,608337.0,3.5,0.7381299871785145,1.0,5,0.0,0.5629038859712837,3,-144.0,125.0,0.6231155778894473,1.0,-200.0,148.0,0.06021169191816356,over,0.7381299871785145,0.1752261012072308,-144.0,,True,0.06021169191816356,0.25072025605248294,0.6944444444444444,0.034722222222222224,2025-05
2025-05-12,615698.0,3.5,0.5308776197524219,0.0,1,0.0,0.4399200905257817,3,124.0,-135.0,0.43660920269991943,5.0,120.0,-139.0,-0.003310887825862252,over,0.5308776197524219,0.09095752922664019,124.0,,False,-0.003310887825862252,0.18916586824542503,-1.0,-0.03813827988819055,2025-05
2025-05-12,656849.0,5.5,0.6420954083833526,1.0,7,0.0,0.5025837394344678,2,-110.0,-108.0,0.4843247791979897,6.0,-104.0,-112.0,-0.01825896023647805,over,0.6420954083833526,0.13951166894888478,-110.0,,True,-0.01825896023647805,0.225818506913673,0.9090909090909091,0.045454545454545456,2025-05
2025-05-12,656550.0,4.5,0.6891545708178529,0.0,4,0.0,0.5724556679599645,2,-155.0,120.0,0.5894429019401719,4.0,-155.0,135.0,0.016987233980207406,over,0.6891545708178529,0.11669890285788842,-155.0,,False,0.016987233980207406,0.1337704229584032,-1.0,-0.05,2025-05
2025-05-13,680885.0,5.5,0.6062154158024697,0.0,3,0.0,0.5086604546920435,3,-112.0,-105.0,0.5166065082683281,6.0,-115.0,102.0,0.00794605357628464,over,0.6062154158024697,0.09755496111042627,-112.0,,False,0.00794605357628464,0.1474791799118177,-1.0,-0.04129417037530892,2025-05
2025-05-13,647336.0,4.5,0.33197718601333526,0.0,4,0.0,0.46695608067788524,3,102.0,-130.0,0.4627329529225834,6.0,107.0,-125.0,-0.00422312775530187,under,0.6680228139866647,0.13497889466455,-130.0,,True,0.00422312775530187,0.18188651705332992,0.7692307692307693,0.038461538461538464,2025-05
2025-05-13,682990.0,3.5,0.5471434047752022,0.0,3,0.0,0.4563348287866338,2,116.0,-125.0,0.40803446919816655,6.0,140.0,-160.0,-0.048300359588467234,over,0.5471434047752022,0.0908085759885684,116.0,,False,-0.048300359588467234,0.1818297543144367,-1.0,-0.039187447050525154,2025-05
2025-05-13,678394.0,4.5,0.6558651957967256,0.0,4,0.0,0.5234688742940228,3,-122.0,100.0,0.5109545766929382,6.0,-110.0,-103.0,-0.012514297601084579,over,0.6558651957967256,0.13239632150270286,-122.0,,False,-0.012514297601084579,0.19345961858092697,-1.0,-0.05,2025-05
2025-05-13,621244.0,5.5,0.5473446713850282,0.0,4,0.0,0.4106205619018215,1,130.0,-166.0,0.43966276417892985,6.0,122.0,-130.0,0.029042202277108353,over,0.5473446713850282,0.13672410948320668,130.0,,False,0.029042202277108353,0.25889274418556485,-1.0,-0.04978706618953166,2025-05
2025-05-13,656605.0,4.5,0.6066791430043967,1.0,8,0.0,0.5141720527173359,3,-115.0,100.0,0.506744883296178,5.0,-110.0,-106.0,-0.007427169421157953,over,0.6066791430043967,0.09250709028706083,-115.0,,True,-0.007427169421157953,0.13422622387778516,0.8695652173913043,0.03355655596944629,2025-05
2025-05-14,669373.0,7.5,0.6377383322034726,1.0,11,0.0,0.4984819453752033,2,-104.0,-105.0,0.5596731488421972,2.0,-146.0,114.0,0.061191203466993915,over,0.6377383322034726,0.13925638682826935,-104.0,,True,0.061191203466993915,0.250948267014504,0.9615384615384616,0.04807692307692308,2025-05
2025-05-14,701542.0,5.5,0.6454825742269532,1.0,9,0.0,0.47002768607088263,2,105.0,-125.0,0.4706836388673426,6.0,108.0,-125.0,0.0006559527964599687,over,0.6454825742269532,0.17545488815607058,105.0,,True,0.0006559527964599687,0.32323927716525414,1.05,0.052500000000000005,2025-05
2025-05-14,622491.0,5.5,0.6190873808309411,1.0,6,0.0,0.4363268174959327,2,125.0,-138.0,0.42048152328088867,6.0,145.0,-148.0,-0.015845294215044048,over,0.6190873808309411,0.18276056333500834,125.0,,True,-0.015845294215044048,0.39294660686961735,1.25,0.0625,2025-05
2025-05-14,663436.0,4.5,0.6065645960977409,1.0,5,0.0,0.4224692949995763,3,125.0,-159.0,0.40467350386099143,6.0,138.0,-158.0,-0.01779579113858487,over,0.6065645960977409,0.18409530109816463,125.0,,True,-0.01779579113858487,0.36477034121991714,1.25,0.0625,2025-05
2025-05-14,641927.0,5.5,0.5831032655098198,0.0,3,0.0,0.47791825515512776,2,-102.0,-125.0,0.4482016880729543,6.0,115.0,-130.0,-0.029716567082173462,over,0.5831032655098198,0.10518501035469208,-102.0,,False,-0.029716567082173462,0.15477313365670198,-1.0,-0.039467149082459005,2025-05
2025-05-14,665152.0,4.5,0.58258778496989,0.0,4,0.0,0.4623489873185485,2,110.0,-126.0,0.44289101771670825,6.0,125.0,-134.0,-0.019457969601840264,over,0.58258778496989,0.12023879765134154,110.0,,False,-0.019457969601840264,0.22343434843676913,-1.0,-0.05,2025-05
2025-05-14,677960.0,3.5,0.6841725939342167,1.0,5,0.0,0.4783105500063381,3,-102.0,-125.0,0.4903850057730901,6.0,-105.0,-110.0,0.01207445576675198,over,0.6841725939342167,0.2058620439278786,-102.0,,True,0.01207445576675198,0.35493003896776243,0.9803921568627451,0.049019607843137254,2025-05
2025-05-14,693821.0,4.5,0.5611024927819586,0.0,3,0.0,0.42256234149909555,3,125.0,-154.0,0.46483512732285454,6.0,112.0,-125.0,0.042272785823758985,over,0.5611024927819586,0.138540151282863,125.0,,False,0.042272785823758985,0.2624806087594067,-1.0,-0.05,2025-05
2025-05-14,686752.0,3.5,0.6974359201056949,1.0,7,0.0,0.600684540787222,1,-180.0,134.0,0.635099913119027,1.0,-215.0,155.0,0.03441537233180503,over,0.6974359201056949,0.09675137931847289,-180.0,,True,0.03441537233180503,0.08490032016441429,0.5555555555555556,0.021225080041103572,2025-05
2025-05-14,680730.0,3.5,0.7520167560384822,1.0,6,0.0,0.5548317046688382,1,-146.0,110.0,0.6142077956631634,1.0,-190.0,143.0,0.05937609099432517,over,0.7520167560384822,0.19718505136964393,-146.0,,True,0.05937609099432517,0.2670967259278535,0.684931506849315,0.03424657534246575,2025-05
2025-05-14,666157.0,5.5,0.6373949024985319,0.0,4,0.0,0.5441400346571638,3,-124.0,111.0,0.5426012821870684,6.0,-125.0,120.0,-0.0015387524700953836,over,0.6373949024985319,0.09325486784136816,-124.0,,False,-0.0015387524700953836,0.15142304967476727,-1.0,-0.04694114539917786,2025-05
2025-05-14,668909.0,5.5,0.5832972108802083,1.0,6,0.0,0.48987854251012153,1,-110.0,-120.0,0.4801410248939497,6.0,110.0,-109.0,-0.009737517616171809,over,0.5832972108802083,0.09341866837008672,-110.0,,True,-0.009737517616171809,0.1135674025894885,0.9090909090909091,0.028391850647372152,2025-05
2025-05-15,608372.0,3.5,0.6386761959133068,0.0,3,0.0,0.46533941127867295,2,110.0,-122.0,0.4705725582476414,6.0,105.0,-116.0,0.005233146968968427,over,0.6386761959133068,0.17333678463463387,110.0,,False,0.005233146968968427,0.34122001141794434,-1.0,-0.05,2025-05
2025-05-15,641793.0,3.5,0.5837983404148701,0.0,2,0.0,0.47823774432537697,4,-103.0,-125.0,0.4436198078319223,6.0,115.0,-136.0,-0.03461793649345468,over,0.5837983404148701,0.10556059608949314,-103.0,,False,-0.03461793649345468,0.15059284567202558,-1.0,-0.038777657760546584,2025-05
2025-05-15,607259.0,4.5,0.6570399956816618,0.0,3,0.0,0.524740227610094,1,-126.0,-102.0,0.5441917717474576,6.0,-130.0,115.0,0.019451544137363608,over,0.6570399956816618,0.13229976807156785,-126.0,,False,0.019451544137363608,0.17850030971472675,-1.0,-0.05,2025-05
2025-05-15,700363.0,5.5,0.35883386921573107,1.0,6,0.0,0.4411602931451083,2,115.0,-142.0,0.4290165902918878,3.0,123.0,-149.0,-0.012143702853220473,under,0.6411661307842689,0.08232642392937722,-142.0,,False,0.012143702853220473,0.09269157499854269,-1.0,-0.03290550912448264,2025-05
2025-05-15,592332.0,6.5,0.41846284873717454,0.0,6,0.0,0.32352419783726294,1,188.0,-265.0,0.35451322607035723,1.0,163.0,-225.0,0.030989028233094296,over,0.41846284873717454,0.0949386508999116,188.0,,False,0.030989028233094296,0.20517300436306263,-1.0,-0.027283644197215778,2025-05
2025-05-15,663978.0,3.5,0.7513500864566316,0.0,3,0.0,0.5904601300891351,1,-172.0,128.0,0.5512154298506858,6.0,-134.0,118.0,-0.03924470023844928,over,0.7513500864566316,0.16088995636749648,-172.0,,False,-0.03924470023844928,0.18818153207095234,-1.0,-0.05,2025-05
2025-05-15,669060.0,3.5,0.6239840741700162,0.0,3,0.0,0.4248366013071895,1,120.0,-160.0,0.45061163834382895,6.0,110.0,-138.0,0.02577503703663947,over,0.6239840741700162,0.19914747286282675,120.0,,False,0.02577503703663947,0.3727649631740356,-1.0,-0.05,2025-05
2025-05-16,666142.0,6.5,0.3928657845933829,1.0,7,0.0,0.5682487000943854,4,-144.0,120.0,0.5570338613032019,6.0,-135.0,120.0,-0.011214838791183568,under,0.607134215406617,0.17538291550100255,120.0,,False,0.011214838791183568,0.33569527389455744,-1.0,-0.05,2025-05
2025-05-16,671737.0,5.5,0.6166151181871881,1.0,6,0.0,0.48987854251012153,2,-110.0,-120.0,0.5283343146934644,6.0,-124.0,106.0,0.03845577218334284,over,0.6166151181871881,0.12673657567706653,-110.0,,True,0.03845577218334284,0.17717431653917715,0.9090909090909091,0.044293579134794314,2025-05
2025-05-16,670102.0,5.5,0.458905851709943,1.0,6,0.0,0.26744186046511625,1,250.0,-360.0,0.28237585199610515,1.0,230.0,-335.0,0.0149339915309889,over,0.458905851709943,0.19146399124482677,250.0,,True,0.0149339915309889,0.6061704809848006,2.5,0.125,2025-05
2025-05-16,676440.0,5.5,0.5478448759337634,0.0,4,0.0,0.41540256709451573,1,125.0,-167.0,,,,,,over,0.5478448759337634,0.13244230883924768,125.0,,False,,0.23265097085096764,-1.0,-0.04653019417019353,2025-05
2025-05-16,669467.0,3.5,0.5386009035118022,1.0,4,0.0,0.3587443946188341,1,160.0,-220.0,0.3730886850152905,1.0,150.0,-205.0,0.014344290396456405,over,0.5386009035118022,0.17985650889296811,160.0,,True,0.014344290396456405,0.4003623491306858,1.6,0.08000000000000002,2025-05
2025-05-17,645261.0,5.5,0.5559941477279542,0.0,3,0.0,0.424547814989218,2,125.0,-152.0,0.42879138863401806,6.0,125.0,-150.0,0.004243573644800047,over,0.5559941477279542,0.13144633273873618,125.0,,False,0.004243573644800047,0.250986832387897,-1.0,-0.05,2025-05
2025-05-17,657376.0,4.5,0.63214140128517,1.0,5,0.0,0.5467012037178121,1,-138.0,108.0,0.5515681107135587,6.0,-135.0,120.0,0.004866906995746656,over,0.63214140128517,0.08544019756735799,-138.0,,True,0.004866906995746656,0.09021488047732223,0.7246376811594203,0.0225537201193306,2025-05
2025-05-17,663623.0,3.5,0.7074011373610908,1.0,6,0.0,0.5548317046688382,1,-146.0,110.0,0.579356283652783,2.0,-150.0,128.0,0.024524578983944778,over,0.7074011373610908,0.15256943269225254,-146.0,,True,0.024524578983944778,0.19192246432074195,0.684931506849315,0.03424657534246575,2025-05
2025-05-17,656288.0,4.5,0.650570001536972,0.0,4,0.0,0.5545587073442444,2,-140.0,115.0,0.5142113996994264,6.0,-109.0,115.0,-0.040347307644817976,over,0.650570001536972,0.09601129419272758,-140.0,,False,-0.040347307644817976,0.11526285977766626,-1.0,-0.04034200092218323,2025-05
2025-05-17,641816.0,4.5,0.5970718933071186,0.0,3,0.0,0.44954913893098525,4,115.0,-134.0,0.43359143652728055,6.0,125.0,-138.0,-0.0159577024037047,over,0.5970718933071186,0.14752275437613338,115.0,,False,-0.0159577024037047,0.28370457061030496,-1.0,-0.05,2025-05
2025-05-18,605488.0,4.5,0.6004463389547203,1.0,5,0.0,0.4326864066705466,2,130.0,-140.0,0.4341527579403226,6.0,135.0,-135.0,0.0014663512697760117,over,0.6004463389547203,0.16775993228417374,130.0,,True,0.0014663512697760117,0.38102657959585673,1.3,0.065,2025-05
2025-05-18,669461.0,4.5,0.3831369246669354,1.0,5,0.0,0.46320423799563726,2,114.0,-120.0,0.4054757151658422,6.0,150.0,-160.0,-0.05772852282979507,under,0.6168630753330646,0.08006731332870187,-120.0,,False,0.05772852282979507,0.13091563811061846,-1.0,-0.039274691433185537,2025-05
2025-05-18,656849.0,5.5,0.5512100877662128,0.0,4,0.0,0.4100862575260213,2,130.0,-165.0,0.4288622634582652,1.0,118.0,-157.0,0.018776005932243933,over,0.5512100877662128,0.14112383024019154,130.0,,False,0.018776005932243933,0.26778320186228954,-1.0,-0.05,2025-05
2025-05-18,518876.0,5.5,0.6832798291761282,1.0,11,0.0,0.5412124539251824,1,-134.0,106.0,0.5260776174741282,6.0,-115.0,106.0,-0.015134836451054179,over,0.6832798291761282,0.14206737525094582,-134.0,,True,-0.015134836451054179,0.1931901494568209,0.746268656716418,0.0373134328358209,2025-05
2025-05-18,434378.0,4.5,0.6700720848400946,0.0,1,0.0,0.5267893360785103,2,-124.0,100.0,0.5659304955815797,6.0,-132.0,125.0,0.0391411595030694,over,0.6700720848400946,0.1432827487615843,-124.0,,False,0.0391411595030694,0.2104527984208161,-1.0,-0.05,2025-05
2025-05-18,664285.0,5.5,0.5731105397600064,1.0,8,0.0,0.4329742261011864,1,116.0,-154.0,0.4535312420545992,6.0,115.0,-123.0,0.020557015953412805,over,0.5731105397600064,0.14013631365881996,116.0,,True,0.020557015953412805,0.23791876588161376,1.16,0.057999999999999996,2025-05
2025-05-18,621244.0,5.5,0.5296032719725516,0.0,4,0.0,0.445355864708466,2,115.0,-136.0,0.46802421384981985,6.0,104.0,-130.0,0.02266834914135385,over,0.5296032719725516,0.08424740726408564,115.0,,False,0.02266834914135385,0.13864703474098594,-1.0,-0.030140659726301318,2025-05
2025-05-18,671096.0,4.5,0.6530332304506985,1.0,5,0.0,0.5580991017096494,1,-144.0,114.0,0.5547273046512783,6.0,-135.0,120.0,-0.0033717970583710954,over,0.6530332304506985,0.09493412874104912,-144.0,,True,-0.0033717970583710954,0.10652852937479468,0.6944444444444444,0.026632132343698656,2025-05
2025-05-18,695549.0,3.5,0.5697459743706256,1.0,5,0.0,0.4828968820450415,2,-104.0,-120.0,0.52061960036853,6.0,-108.0,105.0,0.03772271832348845,over,0.5697459743706256,0.08684909232558408,-104.0,,True,0.03772271832348845,0.1175786420346886,0.9615384615384616,0.029394660508672177,2025-05
2025-05-18,647336.0,4.5,0.39610360220302476,1.0,8,0.0,0.5,2,-110.0,-110.0,0.5133207349738496,5.0,-115.0,100.0,0.013320734973849557,under,0.6038963977969752,0.10389639779697524,-110.0,,False,-0.013320734973849557,0.15289312306695269,-1.0,-0.04204560884341202,2025-05
2025-05-18,615698.0,3.5,0.6749505582277193,1.0,6,0.0,0.48987854251012153,1,-110.0,-120.0,0.5345880381286877,6.0,-130.0,108.0,0.044709495618566186,over,0.6749505582277193,0.1850720157175978,-110.0,,True,0.044709495618566186,0.2885419747983732,0.9090909090909091,0.045454545454545456,2025-05
2025-05-19,676962.0,6.5,0.30932574982432914,1.0,8,0.0,0.4137845849802372,1,126.0,-168.0,0.3768844221105528,1.0,148.0,-200.0,-0.036900162869684394,under,0.6906742501756709,0.10445883515590804,-168.0,,False,0.036900162869684394,0.10178987528023686,-1.0,-0.04275174761769948,2025-05
2025-05-19,666157.0,5.5,0.6136349858715016,1.0,7,0.0,0.48580270906459333,3,-104.0,-115.0,0.4493480199954328,7.0,125.0,-130.0,-0.03645468906916055,over,0.6136349858715016,0.12783227680690823,-104.0,,True,-0.03645468906916055,0.20366862613256076,0.9615384615384616,0.04807692307692308,2025-05
2025-05-19,690928.0,4.5,0.5889885188987374,0.0,2,0.0,0.39016598322152346,2,146.0,-180.0,0.3630102529456294,4.0,190.0,-195.0,-0.027155730275894074,over,0.5889885188987374,0.19882253567721392,146.0,,False,-0.027155730275894074,0.4489117564908939,-1.0,-0.05,2025-05
2025-05-19,673540.0,5.5,0.6240883057249003,0.0,5,0.0,0.47418187648929194,3,100.0,-125.0,0.5274064563077192,6.0,-117.0,105.0,0.053224579818427264,over,0.6240883057249003,0.14990642923560832,100.0,,False,0.053224579818427264,0.24817661144980052,-1.0,-0.05,2025-05
2025-05-19,665152.0,4.5,0.5903090471100219,1.0,6,0.0,0.4397301150992468,3,115.0,-146.0,0.4467967570027989,6.0,113.0,-140.0,0.007066641903552107,over,0.5903090471100219,0.15057893201077505,115.0,,True,0.007066641903552107,0.269164451286547,1.15,0.057499999999999996,2025-05
2025-05-19,663436.0,4.5,0.622436388346944,0.0,3,0.0,0.4191947527597895,3,128.0,-156.0,0.4147065870823693,7.0,133.0,-150.0,-0.0044881656774202194,over,0.622436388346944,0.20324163558715452,128.0,,False,-0.0044881656774202194,0.41915496543103237,-1.0,-0.05,2025-05
2025-05-20,607259.0,5.5,0.4516864385264401,0.0,3,0.0,0.3161222339304531,1,195.0,-275.0,0.33333333333333337,1.0,180.0,-250.0,0.017211099402880292,over,0.4516864385264401,0.135564204595987,195.0,,False,0.017211099402880292,0.33247499365299826,-1.0,-0.04262499918628183,2025-05
2025-05-20,641793.0,4.5,0.48429196863290935,1.0,6,0.0,0.3220114689016321,1,190.0,-265.0,0.3730886850152905,1.0,150.0,-205.0,0.0510772161136584,over,0.48429196863290935,0.16228049973127723,190.0,,True,0.0510772161136584,0.4044467090354371,1.9,0.095,2025-05
2025-05-20,687888.0,3.5,0.6143645284809013,1.0,5,0.0,0.4796954314720812,1,-105.0,-125.0,0.39380312051582533,4.0,155.0,-170.0,-0.08589231095625588,over,0.6143645284809013,0.13466909700882007,-105.0,,True,-0.08589231095625588,0.1994736032246167,0.9523809523809523,0.047619047619047616,2025-05
2025-05-20,669373.0,7.5,0.29234616882777986,1.0,8,0.0,0.3925778775830322,3,144.0,-180.0,0.41375705649341504,6.0,130.0,-160.0,0.021179178910382845,under,0.7076538311722201,0.10023170875525234,-180.0,,False,-0.021179178910382845,0.10079484849012021,-1.0,-0.045357681820554094,2025-05
2025-05-20,680730.0,4.5,0.43532241701503427,0.0,4,0.0,0.5448406614325552,2,-130.0,110.0,0.44984438039154273,7.0,118.0,-127.0,-0.09499628104101243,under,0.5646775829849657,0.1095182444175209,110.0,,True,0.09499628104101243,0.18582292426842806,1.1,0.04645573106710704,2025-05
2025-05-21,608372.0,3.5,0.5868839360907935,0.0,3,0.0,0.4816594059536746,2,100.0,-118.0,0.5330984082725999,7.0,-122.0,110.0,0.051439002318925287,over,0.5868839360907935,0.10522453013711885,100.0,,False,0.051439002318925287,0.17376787218158696,-1.0,-0.04344196804539674,2025-05
2025-05-21,571760.0,4.5,0.6388242284314652,0.0,4,0.0,0.5183719127367525,2,-122.0,-105.0,0.5212256301162972,7.0,-115.0,103.0,0.0028537173795446513,over,0.6388242284314652,0.12045231569471271,-122.0,,False,0.0028537173795446513,0.1624506451785679,-1.0,-0.049547446779463204,2025-05
2025-05-21,690990.0,4.5,0.3035869904528331,0.0,3,0.0,0.5203612042706132,2,-118.0,100.0,0.5389231543311671,7.0,-115.0,120.0,0.018561950060553944,under,0.6964130095471669,0.21677421381778006,100.0,,True,-0.018561950060553944,0.3928260190943338,1.0,0.05,2025-05
2025-05-21,669467.0,3.5,0.7189473547643428,0.0,3,0.0,0.5721476510067114,1,-155.0,120.0,0.6163100734863758,1.0,-195.0,143.0,0.0441624224796644,over,0.7189473547643428,0.1467997037576314,-155.0,,False,0.0441624224796644,0.1827843578381123,-1.0,-0.05,2025-05
2025-05-21,642232.0,3.5,0.6437230033212511,1.0,8,0.0,0.4056745796758652,2,135.0,-166.0,0.4068901333108859,7.0,155.0,-160.0,0.0012155536350207385,over,0.6437230033212511,0.23804842364538592,135.0,,True,0.0012155536350207385,0.5127490578049402,1.35,0.0675,2025-05
2025-05-21,594798.0,6.5,0.639583740288143,1.0,9,0.0,0.507091911168747,2,-115.0,-108.0,0.5036584145024147,7.0,-105.0,-103.0,-0.003433496666332303,over,0.639583740288143,0.13249182911939605,-115.0,,True,-0.003433496666332303,0.19574351445174565,0.8695652173913043,0.043478260869565216,2025-05
2025-05-21,663978.0,4.5,0.49864259702236435,0.0,2,0.0,0.4067392190755809,2,134.0,-170.0,0.3876661666114381,6.0,155.0,-172.0,-0.019073052464142815,over,0.49864259702236435,0.09190337794678344,134.0,,False,-0.019073052464142815,0.16682367703233258,-1.0,-0.03112382034185309,2025-05
2025-05-22,608566.0,3.5,0.5106009591391479,1.0,5,0.0,0.3903438347821272,1,142.0,-182.0,0.3666469544648137,1.0,155.0,-210.0,-0.023696880317313485,over,0.5106009591391479,0.12025712435702074,142.0,,True,-0.023696880317313485,0.235654321116738,1.42,0.05891358027918448,2025-05
2025-05-22,663568.0,3.5,0.5347858175801229,1.0,6,0.0,0.43941704935632564,2,116.0,-145.0,0.4422477456794485,7.0,125.0,-135.0,0.0028306963231228832,over,0.5347858175801229,0.09536876822379725,116.0,,True,0.0028306963231228832,0.15513736597306538,1.16,0.03878434149326637,2025-05
2025-05-22,656427.0,5.5,0.5708637960488403,1.0,8,0.0,0.4304403150888509,4,125.0,-146.0,0.4626285985355308,7.0,110.0,-125.0,0.0321882834466799,over,0.5708637960488403,0.1404234809599894,125.0,,True,0.0321882834466799,0.2844435411098907,1.25,0.0625,2025-05
2025-05-22,676440.0,4.5,0.6849758956749519,1.0,8,0.0,0.5904601300891351,1,-172.0,128.0,0.6026490066225165,1.0,-182.0,135.0,0.01218887653338141,over,0.6849758956749519,0.09451576558581676,-172.0,,True,0.01218887653338141,0.08321769548597041,0.5813953488372093,0.020804423871492617,2025-05
2025-05-22,543135.0,5.5,0.6371242984983816,1.0,6,0.0,0.5418848167539267,1,-138.0,104.0,0.5559268781227511,5.0,-140.0,114.0,0.014042061368824355,over,0.6371242984983816,0.09523948174445485,-138.0,,True,0.014042061368824355,0.09880857277257116,0.7246376811594203,0.024702143193142786,2025-05
2025-05-22,542881.0,4.5,0.5130269783547481,0.0,0,0.0,0.4248366013071895,1,120.0,-160.0,0.3666469544648137,1.0,155.0,-210.0,-0.058189646842375764,over,0.5130269783547481,0.08819037704755861,120.0,,False,-0.058189646842375764,0.1286593523804458,-1.0,-0.02680403174592621,2025-05
2025-05-23,680732.0,4.5,0.5949979728298368,1.0,6,0.0,0.457513559342417,2,112.0,-130.0,0.4316858758436215,7.0,135.0,-140.0,-0.025827683498795495,over,0.5949979728298368,0.1374844134874198,112.0,,True,-0.025827683498795495,0.261395702399254,1.12,0.05600000000000001,2025-05
2025-05-23,678394.0,5.5,0.44751157279567944,1.0,7,0.0,0.239749047725745,1,290.0,-435.0,0.22762951334379902,1.0,310.0,-480.0,-0.01211953438194599,over,0.44751157279567944,0.20776252506993442,290.0,,True,-0.01211953438194599,0.7452951339031498,2.9,0.145,2025-05
2025-05-23,700249.0,5.5,0.4657107248408633,1.0,6,0.0,0.351250665247472,1,165.0,-230.0,0.3943173555567985,1.0,138.0,-182.0,0.04306669030932647,over,0.4657107248408633,0.11446005959339128,165.0,,True,0.04306669030932647,0.2341334208282877,1.65,0.058533355207071924,2025-05
2025-05-23,694738.0,4.5,0.38014138861052094,0.0,2,0.0,0.4767631665062548,4,-102.0,-120.0,0.45311301377946,7.0,110.0,-135.0,-0.02365015272679477,under,0.6198586113894791,0.09662177789573384,-120.0,,True,0.02365015272679477,0.136407454214045,0.8333333333333334,0.03410186355351125,2025-05
2025-05-23,694973.0,5.5,0.7002319167955366,1.0,8,0.0,0.5996568487274806,1,-180.0,133.0,0.6333530455351862,1.0,-210.0,155.0,0.033696196807705636,over,0.7002319167955366,0.10057506806805605,-180.0,,True,0.033696196807705636,0.0892496483486126,0.5555555555555556,0.022312412087153122,2025-05
2025-05-23,571510.0,6.5,0.3228317494445988,0.0,3,0.0,0.4059040590405904,1,130.0,-175.0,0.375,1.0,150.0,-200.0,-0.030904059040590404,under,0.6771682505554012,0.0830723095959916,-175.0,,True,0.030904059040590404,0.06412153658705899,0.5714285714285714,0.016030384146764776,2025-05
2025-05-24,664285.0,6.5,0.5725142265178056,0.0,5,0.0,0.4413390637966751,2,120.0,-136.0,0.42879372662470033,7.0,125.0,-142.0,-0.012545337171974758,over,0.5725142265178056,0.1311751627211305,120.0,,False,-0.012545337171974758,0.2595312983391723,-1.0,-0.05,2025-05
2025-05-24,656605.0,4.5,0.6551460756154895,1.0,7,0.0,0.5187593796898449,1,-122.0,-104.0,0.5081708744092539,7.0,-102.0,100.0,-0.010588505280590965,over,0.6551460756154895,0.13638669592564467,-122.0,,True,-0.010588505280590965,0.1921510556281859,0.819672131147541,0.04098360655737705,2025-05
2025-05-24,683004.0,5.5,0.2892817903213044,0.0,3,0.0,0.4165029469548134,1,125.0,-165.0,0.3161222339304531,1.0,195.0,-275.0,-0.1003807130243603,under,0.7107182096786956,0.12722115663350897,-165.0,,True,0.1003807130243603,0.14145651857487473,0.6060606060606061,0.030303030303030304,2025-05
2025-05-24,682847.0,4.5,0.6760002556798942,0.0,3,0.0,0.532258064516129,1,-132.0,100.0,0.5804030646135243,5.0,-155.0,132.0,0.04814500009739531,over,0.6760002556798942,0.1437421911637652,-132.0,,False,0.04814500009739531,0.1881216614979958,-1.0,-0.05,2025-05
2025-05-24,682990.0,3.5,0.6076407194263652,1.0,7,0.0,0.4586618905971451,2,105.0,-135.0,0.4593582878479943,7.0,107.0,-130.0,0.00069639725084919,over,0.6076407194263652,0.1489788288292201,105.0,,True,0.00069639725084919,0.2456634748240487,1.05,0.052500000000000005,2025-05
2025-05-24,656849.0,4.5,0.6279481637014667,1.0,7,0.0,0.512404497139207,5,-116.0,100.0,0.5279208127387393,7.0,-118.0,105.0,0.01551631559953226,over,0.6279481637014667,0.11554366656225967,-116.0,,True,0.01551631559953226,0.1692827875820413,0.8620689655172413,0.042320696895510324,2025-05
2025-05-24,607536.0,3.5,0.645779947312255,0.0,3,0.0,0.5205049246449536,2,-118.0,100.0,0.5322944785277707,7.0,-120.0,105.0,0.011789553882817105,over,0.645779947312255,0.1252750226673014,-118.0,,False,0.011789553882817105,0.1930510891023015,-1.0,-0.05,2025-05
2025-05-25,665152.0,4.5,0.6475594774387927,0.0,4,0.0,0.5418848167539267,1,-138.0,104.0,0.5421046050424384,7.0,-125.0,112.0,0.00021978828851165755,over,0.6475594774387927,0.10567466068486597,-138.0,,False,0.00021978828851165755,0.11680547558284543,-1.0,-0.04029788907608165,2025-05
2025-05-25,701656.0,5.5,0.5064075124972247,1.0,6,0.0,0.4051506703836453,2,140.0,-160.0,0.47402165740338453,7.0,110.0,-117.0,0.06887098701973926,over,0.5064075124972247,0.10125684211357944,140.0,,True,0.06887098701973926,0.21537802999333922,1.4,0.053844507498334804,2025-05
2025-05-25,647336.0,5.5,0.31871841939713075,0.0,2,0.0,0.4349008716185007,2,125.0,-138.0,0.4390383684705403,6.0,120.0,-140.0,0.004137496852039568,under,0.6812815806028693,0.11618245222136997,-138.0,,True,-0.004137496852039568,0.17496388538755714,0.7246376811594203,0.036231884057971016,2025-05
2025-05-25,666157.0,4.5,0.6449456003014155,1.0,6,0.0,0.5330897279740154,1,-130.0,102.0,0.5296097239614685,7.0,-123.0,115.0,-0.003480004012546889,over,0.6449456003014155,0.11185587232740002,-130.0,,True,-0.003480004012546889,0.14105760053327354,0.7692307692307693,0.035264400133318385,2025-05
2025-05-25,666200.0,5.5,0.7137519781993718,1.0,10,0.0,0.5752614134720002,2,-154.0,125.0,0.5914685038867786,4.0,-165.0,135.0,0.016207090414778413,over,0.7137519781993718,0.13849056472737153,-154.0,,True,0.016207090414778413,0.1772272887184443,0.6493506493506493,0.03246753246753247,2025-05
2025-05-25,669373.0,7.5,0.6037423430140599,1.0,13,0.0,0.4642473073956622,2,112.0,-120.0,0.5715520384893973,2.0,-146.0,123.0,0.10730473109373506,over,0.6037423430140599,0.1394950356183977,112.0,,True,0.10730473109373506,0.2799337671898071,1.12,0.05600000000000001,2025-05
2025-05-25,543243.0,5.5,0.4704792038681309,0.0,5,0.0,0.5522656156088794,2,-134.0,115.0,0.5409916006184273,7.0,-130.0,115.0,-0.011274014990452108,under,0.5295207961318691,0.08178641174074852,115.0,,True,0.011274014990452108,0.13846971168351851,1.15,0.03461742792087963,2025-05
2025-05-25,673540.0,5.5,0.6085543995922714,0.0,5,0.0,0.5111576143461896,5,-112.0,100.0,0.5280943142709095,7.0,-121.0,105.0,0.01693669992471991,over,0.6085543995922714,0.09739678524608186,-112.0,,False,0.01693669992471991,0.1519065420853709,-1.0,-0.04253383178390385,2025-05
2025-05-25,543294.0,3.5,0.5891783212455264,1.0,5,0.0,0.49738493723849375,2,-110.0,-112.0,0.502566310799326,7.0,-108.0,-106.0,0.005181373560832259,over,0.5891783212455264,0.09179338400703263,-110.0,,True,0.005181373560832259,0.12479497692327757,0.9090909090909091,0.031198744230819423,2025-05
2025-05-25,680684.0,3.5,0.6881849183811936,0.0,2,0.0,0.5348585109432469,2,-128.0,105.0,0.578807804608495,7.0,-155.0,140.0,0.043949293665248135,over,0.6881849183811936,0.15332640743794668,-128.0,,False,0.043949293665248135,0.22582938586650103,-1.0,-0.05,2025-05
2025-05-25,663436.0,3.5,0.7275404294059162,0.0,2,0.0,0.5604322820651514,2,-145.0,118.0,0.5670548370097872,7.0,-145.0,126.0,0.006622554944635817,over,0.7275404294059162,0.16710814734076485,-145.0,,False,0.006622554944635817,0.2292924496858585,-1.0,-0.05,2025-05
2025-05-25,676467.0,4.5,0.6358348237140269,0.0,4,0.0,0.5155454982176519,2,-110.0,106.0,0.5089741911608476,7.0,-114.0,-105.0,-0.00657130705680431,over,0.6358348237140269,0.12028932549637494,-110.0,,False,-0.00657130705680431,0.21386648163586952,-1.0,-0.05,2025-05
2025-05-26,605288.0,3.5,0.5963089687807621,1.0,6,0.0,0.4437335068620309,2,118.0,-135.0,0.43406806497367945,6.0,128.0,-142.0,-0.009665441888351445,over,0.5963089687807621,0.15257546191873123,118.0,,True,-0.009665441888351445,0.2999535519420614,1.18,0.059,2025-05
2025-05-26,547179.0,4.5,0.6726164640258763,0.0,2,0.0,0.5809366556898048,2,-158.0,125.0,0.5530890203289675,6.0,-128.0,128.0,-0.02784763536083734,over,0.6726164640258763,0.09167980833607148,-158.0,,False,-0.02784763536083734,0.09832308682706381,-1.0,-0.038837619296690246,2025-05
2025-05-26,806185.0,5.5,0.561439404051453,1.0,6,0.0,0.4064075941857016,1,130.0,-174.0,0.46397091232887366,7.0,110.0,-120.0,0.05756331814317206,over,0.561439404051453,0.15503180986575138,130.0,,True,0.05756331814317206,0.29131062931834184,1.3,0.065,2025-05
2025-05-26,607259.0,3.5,0.544836436233265,0.0,2,0.0,0.4634752667160439,2,105.0,-132.0,0.45916168321206086,6.0,118.0,-125.0,-0.004313583503983032,over,0.544836436233265,0.08136116951722117,105.0,,False,-0.004313583503983032,0.11691469427819334,-1.0,-0.027836831970998413,2025-05
2025-05-26,450203.0,3.5,0.6861725706698042,1.0,5,0.0,0.5497888810696693,2,-130.0,120.0,0.5856460513530407,6.0,-143.0,135.0,0.03585717028337143,over,0.6861725706698042,0.13638368960013492,-130.0,,True,0.03585717028337143,0.21399762503119202,0.7692307692307693,0.038461538461538464,2025-05
2025-05-26,607200.0,3.5,0.7188259303035807,1.0,5,0.0,0.5506130227315013,2,-136.0,115.0,0.5662058188230676,6.0,-143.0,120.0,0.015592796091566385,over,0.7188259303035807,0.1682129075720794,-136.0,,True,0.015592796091566385,0.2473744084679782,0.7352941176470589,0.03676470588235294,2025-05
2025-05-26,641793.0,4.5,0.5484509959865004,0.0,4,0.0,0.4213284342606276,4,126.0,-152.0,0.4224665596446422,6.0,125.0,-152.0,0.0011381253840145877,over,0.5484509959865004,0.12712256172587277,126.0,,False,0.0011381253840145877,0.23949925092949087,-1.0,-0.04751969264474021,2025-05
2025-05-26,672456.0,3.5,0.6341864289198701,0.0,3,0.0,0.5467012037178121,1,-138.0,108.0,0.5706498423269759,7.0,-136.0,125.0,0.023948638609163853,over,0.6341864289198701,0.08748522520205804,-138.0,,False,0.023948638609163853,0.09374181219513827,-1.0,-0.03234092520732272,2025-05
2025-05-26,663978.0,3.5,0.6932108512153219,1.0,5,0.0,0.5586697637709003,4,-145.0,116.0,0.6182465221611129,1.0,-195.0,145.0,0.05957675839021259,over,0.6932108512153219,0.13454108744442161,-145.0,,True,0.05957675839021259,0.17128730032933703,0.6896551724137931,0.03448275862068966,2025-05
2025-05-26,592332.0,5.5,0.5788394099170973,1.0,6,0.0,0.4800218474744794,2,110.0,-108.0,0.517257409449792,6.0,-110.0,115.0,0.03723556197531264,over,0.5788394099170973,0.09881756244261786,110.0,,True,0.03723556197531264,0.2155627608259043,1.1,0.05389069020647608,2025-05
2025-05-27,676440.0,5.5,0.5672095333848678,1.0,7,0.0,0.40034315127251924,1,133.0,-180.0,0.4143917946509182,4.0,140.0,-150.0,0.01404864337839895,over,0.5672095333848678,0.16686638211234855,133.0,,True,0.01404864337839895,0.32159821278674194,1.33,0.0665,2025-05
2025-05-27,671737.0,6.5,0.35487337351935555,0.0,6,0.0,0.2565798174844597,1,265.0,-385.0,0.27933857762080594,1.0,235.0,-335.0,0.022758760136346257,over,0.35487337351935555,0.09829355603489587,265.0,,False,0.022758760136346257,0.2952878133456477,-1.0,-0.027857340881664888,2025-05
2025-05-27,675911.0,6.5,0.3497118536817514,1.0,7,0.0,0.48200635507660355,4,-103.0,-115.0,0.43376758955249467,6.0,125.0,-136.0,-0.048238765524108884,under,0.6502881463182486,0.13229450139485216,-115.0,,False,0.048238765524108884,0.21575609963846476,-1.0,-0.05,2025-05
2025-05-27,657746.0,6.5,0.34432822753892534,0.0,5,0.0,0.4311066160201448,2,128.0,-140.0,0.43367722387642865,6.0,130.0,-142.0,0.0025706078562838797,under,0.6556717724610747,0.08677838848121944,-140.0,,True,-0.0025706078562838797,0.12400875279041373,0.7142857142857143,0.031002188197603472,2025-05
2025-05-27,669160.0,5.5,0.33386232919002595,1.0,9,0.0,0.4321911412372208,2,120.0,-152.0,0.39275403616549515,5.0,155.0,-167.0,-0.03943710507172565,under,0.666137670809974,0.09832881204719485,-152.0,,False,0.03943710507172565,0.10438613844811478,-1.0,-0.03966673261028364,2025-05
2025-05-27,656731.0,6.5,0.2922504620819384,0.0,6,0.0,0.41892115655102535,4,130.0,-160.0,0.43348916277093075,1.0,115.0,-155.0,0.014568006219905394,under,0.7077495379180616,0.12667069446908696,-160.0,,True,-0.014568006219905394,0.15009299911685015,0.625,0.03125,2025-05
2025-05-27,663903.0,3.5,0.649558255208272,0.0,3,0.0,0.5588104903554447,2,-135.0,124.0,0.6074614214138242,5.0,-165.0,155.0,0.048650931058379476,over,0.649558255208272,0.09074776485282732,-135.0,,False,0.048650931058379476,0.13071251832551056,-1.0,-0.04411547493485978,2025-05
2025-05-28,642547.0,6.5,0.445561856488757,0.0,6,0.0,0.5595504460305003,2,-144.0,115.0,0.5778725547080016,6.0,-157.0,130.0,0.01832210867750128,under,0.554438143511243,0.11398858954174329,115.0,,True,-0.01832210867750128,0.19204200854917242,1.15,0.048010502137293076,2025-05
2025-05-28,571945.0,3.5,0.6056938114892331,0.0,3,0.0,0.4979688175761923,2,-108.0,-110.0,0.4902228333090264,5.0,-108.0,-118.0,-0.00774598426716594,over,0.6056938114892331,0.10772499391304075,-108.0,,False,-0.00774598426716594,0.16652141472000448,-1.0,-0.04496078197440121,2025-05
2025-05-28,668881.0,6.5,0.3295493263711696,0.0,3,0.0,0.4260364581969859,2,120.0,-156.0,0.4186744608578877,1.0,123.0,-165.0,-0.007361997339098203,under,0.6704506736288304,0.09648713182581625,-156.0,,True,0.007361997339098203,0.10022674646782426,0.6410256410256411,0.02505668661695604,2025-05
2025-05-28,622663.0,4.5,0.5983628860071185,0.0,4,0.0,0.47780532652602137,2,-104.0,-125.0,0.525350883907593,4.0,-123.0,102.0,0.047545557381571624,over,0.5983628860071185,0.12055755948109714,-104.0,,False,0.047545557381571624,0.1737118148601171,-1.0,-0.045165071863630446,2025-05
2025-05-28,656876.0,4.5,0.560047395335587,1.0,5,0.0,0.4693877551020409,1,100.0,-130.0,0.4579903479885701,6.0,106.0,-134.0,-0.011397407113470814,over,0.560047395335587,0.09065964023354611,100.0,,True,-0.011397407113470814,0.12009479067117401,1.0,0.030023697667793503,2025-05
2025-05-28,621121.0,4.5,0.7675521675216599,1.0,12,0.0,0.5645584419649542,2,-145.0,122.0,0.5519550236463947,7.0,-130.0,120.0,-0.01260341831855949,over,0.7675521675216599,0.2029937255567057,-145.0,,True,-0.01260341831855949,0.2968984899503909,0.6896551724137931,0.03448275862068966,2025-05
2025-05-28,606996.0,3.5,0.6583140528697474,0.0,1,0.0,0.5694360438742396,2,-150.0,120.0,0.5683466664665793,6.0,-145.0,125.0,-0.0010893774076603524,over,0.6583140528697474,0.0888780089955078,-150.0,,False,-0.0010893774076603524,0.09719008811624569,-1.0,-0.03644628304359207,2025-05
2025-05-30,605135.0,6.5,0.4753876517473633,0.0,6,0.0,0.32582012943539385,1,185.0,-265.0,0.35451322607035723,1.0,163.0,-225.0,0.02869309663496339,over,0.4753876517473633,0.14956752231196946,185.0,,False,0.02869309663496339,0.35485480747998543,-1.0,-0.04795335236216021,2025-05
2025-05-30,671096.0,4.5,0.5282306119401043,1.0,8,0.0,0.4282584157758449,1,118.0,-158.0,0.45317361131910083,5.0,120.0,-132.0,0.02491519554325594,over,0.5282306119401043,0.09997219616425945,118.0,,True,0.02491519554325594,0.15154273402942742,1.18,0.03788568350735683,2025-05
2025-05-30,667755.0,3.5,0.7094332233951541,0.0,2,0.0,0.6075094691771422,1,-186.0,138.0,0.6075094691771422,1.0,-186.0,138.0,0.0,over,0.7094332233951541,0.10192375421801192,-186.0,,False,0.0,0.09084893489792517,-1.0,-0.04224475472753518,2025-05
2025-05-30,615698.0,3.5,0.58386939281651,1.0,7,0.0,0.4105512394733498,2,132.0,-160.0,0.40618976307176274,5.0,135.0,-166.0,-0.004361476401587072,over,0.58386939281651,0.17331815334316014,132.0,,True,-0.004361476401587072,0.3545769913343031,1.32,0.066,2025-05
2025-05-31,663436.0,3.5,0.7798257658511536,0.0,3,0.0,0.49493927125506076,2,-110.0,-114.0,0.5168998646127388,6.0,-113.0,104.0,0.021960593357678082,over,0.7798257658511536,0.28488649459609283,-110.0,,False,0.021960593357678082,0.4887582802612932,-1.0,-0.05,2025-05
2025-05-31,622608.0,3.5,0.549296194277013,0.0,2,0.0,0.4165029469548134,1,125.0,-165.0,0.41024044725031317,6.0,133.0,-165.0,-0.006262499704500213,over,0.549296194277013,0.13279324732219966,125.0,,False,-0.006262499704500213,0.23591643712327937,-1.0,-0.04718328742465587,2025-05
2025-05-31,673540.0,7.5,0.4111607941813835,0.0,7,0.0,0.5,1,-112.0,-112.0,0.47236314870651824,6.0,110.0,-116.0,-0.027636851293481757,under,0.5888392058186165,0.08883920581861648,-112.0,,True,0.027636851293481757,0.11458849672809557,0.8928571428571429,0.028647124182023864,2025-05
2025-05-31,689017.0,4.5,0.6279481637014667,1.0,6,0.0,0.48402121258525266,4,-105.0,-118.0,0.5030758657274352,7.0,102.0,-105.0,0.019054653142182576,over,0.6279481637014667,0.143926951116214,-105.0,,True,0.019054653142182576,0.2259940338933396,0.9523809523809523,0.047619047619047616,2025-05
2025-05-31,608379.0,4.5,0.6264594052746362,1.0,6,0.0,0.49741626056553223,2,-108.0,-110.0,0.495509573014429,5.0,104.0,-107.0,-0.0019066875511032366,over,0.6264594052746362,0.12904314470910394,-108.0,,True,-0.0019066875511032366,0.20651441015855854,0.9259259259259259,0.0462962962962963,2025-05
2025-05-31,665795.0,5.5,0.6434001593304861,0.0,5,0.0,0.47414564404909554,2,102.0,-125.0,0.5091368146925573,6.0,-105.0,-105.0,0.0349911706434618,over,0.6434001593304861,0.16925451528139057,102.0,,False,0.0349911706434618,0.29966832184758196,-1.0,-0.05,2025-05
2025-05-31,682243.0,4.5,0.6298661274016455,0.0,2,0.0,0.5095741691096382,3,-118.0,-108.0,0.5146404284528052,6.0,-114.0,105.0,0.005066259343167068,over,0.6298661274016455,0.12029195829200734,-118.0,,False,0.005066259343167068,0.1636509811318535,-1.0,-0.048277039433896815,2025-05
2025-05-31,665152.0,4.5,0.5866311013912793,1.0,7,0.0,0.49688279301745636,2,-110.0,-115.0,0.5021855489732759,5.0,-104.0,-105.0,0.0053027559558195825,over,0.5866311013912793,0.08974830837382292,-110.0,,True,0.0053027559558195825,0.11993210265607857,0.9090909090909091,0.02998302566401967,2025-05
2025-05-31,680885.0,6.5,0.5712540148268396,1.0,11,0.0,0.43668122270742354,1,115.0,-150.0,0.42457755210842496,6.0,126.0,-150.0,-0.012103670598998584,over,0.5712540148268396,0.13457279211941603,115.0,,True,-0.012103670598998584,0.22819613187770504,1.15,0.05704903296942626,2025-05
2025-05-31,680684.0,3.5,0.5987856767477682,0.0,1,0.0,0.49290808883125303,2,-108.0,-115.0,0.5463895615942223,6.0,-132.0,112.0,0.05348147276296922,over,0.5987856767477682,0.10587758791651514,-108.0,,False,0.05348147276296922,0.15321685892162762,-1.0,-0.04136855190883946,2025-05
2025-06-01,669203.0,5.5,0.5902319845820143,1.0,6,0.0,0.5,1,-112.0,-112.0,0.45352420495316,6.0,115.0,-132.0,-0.04647579504684002,over,0.5902319845820143,0.09023198458201431,-112.0,,True,-0.04647579504684002,0.11722482795881284,0.8928571428571429,0.029306206989703213,2025-06
2025-06-01,450203.0,4.5,0.4733076469090121,1.0,7,0.0,0.5769361163656466,2,-155.0,126.0,0.5681013041067173,7.0,-143.0,125.0,-0.008834812258929237,under,0.5266923530909879,0.10362846945663445,126.0,,False,0.008834812258929237,0.19032471798563277,-1.0,-0.03776284087016521,2025-06
2025-06-01,672456.0,3.5,0.5416172362616981,0.0,2,0.0,0.45118099060161365,2,116.0,-130.0,0.43097119283405755,6.0,135.0,-140.0,-0.020209797767556104,over,0.5416172362616981,0.09043624566008446,116.0,,False,-0.020209797767556104,0.16989323032526782,-1.0,-0.036614920328721566,2025-06
2025-06-01,693821.0,4.5,0.6021181542357325,0.0,4,0.0,0.5081779357274829,2,-116.0,-110.0,0.48604304728759484,7.0,-105.0,-110.0,-0.02213488843988809,over,0.6021181542357325,0.09394021850824952,-116.0,,False,-0.02213488843988809,0.12118552857688103,-1.0,-0.0351438032872955,2025-06
2025-06-01,642232.0,4.5,0.30590860142497034,1.0,5,0.0,0.4228394313298892,2,128.0,-155.0,0.29163738580463805,1.0,220.0,-315.0,-0.13120204552525117,under,0.6940913985750297,0.11693082990491888,-155.0,,False,0.13120204552525117,0.1418923008815004,-1.0,-0.05,2025-06
2025-06-01,677960.0,4.5,0.6867439517286364,1.0,7,0.0,0.554140127388535,1,-145.0,110.0,0.5994110651435917,3.0,-165.0,140.0,0.04527093775505664,over,0.6867439517286364,0.13260382434010143,-145.0,,True,0.04527093775505664,0.16036047016217886,0.6896551724137931,0.03448275862068966,2025-06
2025-06-01,592332.0,6.5,0.5598677163056716,1.0,7,0.0,0.4693877551020409,1,100.0,-130.0,0.4554518310358879,7.0,115.0,-125.0,-0.013935924066153016,over,0.5598677163056716,0.09047996120363067,100.0,,True,-0.013935924066153016,0.11973543261134312,1.0,0.02993385815283578,2025-06
2025-06-01,500779.0,3.5,0.6054933608661633,0.0,3,0.0,0.5221946734739786,2,-125.0,-104.0,0.5247346439722054,6.0,-118.0,100.0,0.00253997049822674,over,0.6054933608661633,0.08329868739218471,-125.0,,False,0.00253997049822674,0.08988804955909402,-1.0,-0.028090015487216916,2025-06
2025-06-02,663903.0,4.5,0.5714357429502153,0.0,4,0.0,0.46598900027078427,6,105.0,-130.0,0.508118020691133,7.0,-110.0,-105.0,0.04212902042034872,over,0.5714357429502153,0.105446742679431,105.0,,False,0.04212902042034872,0.17144327304794127,-1.0,-0.040819826916176465,2025-06
2025-06-02,650644.0,3.5,0.7578181506642888,1.0,5,0.0,0.6666666666666667,1,-250.0,180.0,0.6487493347525278,1.0,-230.0,165.0,-0.017917331914138912,over,0.7578181506642888,0.09115148399762207,-250.0,,True,-0.017917331914138912,0.060945410930004384,0.4,0.015236352732501068,2025-06
2025-06-02,656427.0,5.5,0.5168543889309162,0.0,4,0.0,0.5996568487274806,1,-180.0,133.0,0.641255605381166,1.0,-220.0,160.0,0.0415987566536854,under,0.4831456110690838,0.08280245979656442,133.0,,True,-0.0415987566536854,0.12572927379096532,1.33,0.03143231844774136,2025-06
2025-06-03,675911.0,6.5,0.3457232259859712,0.0,4,0.0,0.5033732351879582,4,-105.0,-105.0,0.4775088585201427,7.0,100.0,-110.0,-0.025864376667815492,under,0.6542767740140287,0.15765000920198696,-105.0,,True,0.025864376667815492,0.2773975111702466,0.9523809523809523,0.047619047619047616,2025-06
2025-06-03,694973.0,6.5,0.5892356879620875,1.0,8,0.0,0.42979287520812964,3,125.0,-142.0,0.5045092488857265,6.0,-104.0,-105.0,0.07471637367759681,over,0.5892356879620875,0.15944281275395783,125.0,,True,0.07471637367759681,0.32578029791469687,1.25,0.0625,2025-06
2025-06-03,669467.0,3.5,0.5611517536871118,0.0,2,0.0,0.4720633741880387,4,105.0,-118.0,0.47093715182249435,6.0,106.0,-118.0,-0.001126222365544327,over,0.5611517536871118,0.08908837949907311,105.0,,False,-0.001126222365544327,0.1503610950585792,-1.0,-0.035800260728233085,2025-06
2025-06-03,676440.0,5.5,0.5560365652672596,1.0,6,0.0,0.4311860282221702,4,120.0,-150.0,0.42797905781114,6.0,125.0,-143.0,-0.003206970411030241,over,0.5560365652672596,0.12485053704508942,120.0,,True,-0.003206970411030241,0.22328044358797117,1.2,0.055820110896992854,2025-06
2025-06-03,579328.0,5.5,0.6457893290815426,0.0,5,0.0,0.5537776442433232,2,-144.0,112.0,0.5649683423223905,6.0,-135.0,125.0,0.011190698079067252,over,0.6457893290815426,0.09201168483821942,-144.0,,False,0.011190698079067252,0.09425414094372497,-1.0,-0.03393149073974099,2025-06
2025-06-04,690953.0,4.5,0.6243733953855992,0.0,2,0.0,0.42312504401941586,4,144.0,-140.0,0.4128699211577017,7.0,140.0,-141.0,-0.01025512286171415,over,0.6243733953855992,0.20124835136618335,144.0,,False,-0.01025512286171415,0.523471084740862,-1.0,-0.05,2025-06
2025-06-04,657376.0,4.5,0.6790364360155074,1.0,8,0.0,0.5715249662618084,1,-154.0,120.0,0.5841818157229071,3.0,-159.0,138.0,0.012656849461098685,over,0.6790364360155074,0.10751146975369907,-154.0,,True,0.012656849461098685,0.11996918667492784,0.6493506493506493,0.029992296668731988,2025-06
2025-06-04,687473.0,4.5,0.5307866292487625,0.0,3,0.0,0.4464046584260794,4,115.0,-136.0,0.40705029020748285,6.0,140.0,-160.0,-0.03935436821859656,over,0.5307866292487625,0.08438197082268312,115.0,,False,-0.03935436821859656,0.14119125288483936,-1.0,-0.030693750627138992,2025-06
2025-06-04,607536.0,3.5,0.7285572619393897,1.0,4,0.0,0.5969433317173986,2,-165.0,140.0,0.6112600536193029,1.0,-190.0,140.0,0.014316721901904361,over,0.7285572619393897,0.1316139302219912,-165.0,,True,0.014316721901904361,0.170107117660232,0.6060606060606061,0.030303030303030304,2025-06
2025-06-04,669358.0,4.5,0.6530111875175038,1.0,5,0.0,0.5490068293799341,4,-134.0,110.0,0.5668945940805056,7.0,-142.0,120.0,0.017887764700571518,over,0.6530111875175038,0.1040043581375697,-134.0,,True,0.017887764700571518,0.14033296924698418,0.746268656716418,0.03508324231174603,2025-06
2025-06-04,682847.0,4.5,0.6783999086795551,1.0,7,0.0,0.5665458109667015,4,-145.0,124.0,0.5513254217458436,6.0,-130.0,124.0,-0.015220389220857888,over,0.6783999086795551,0.1118540977128536,-145.0,,True,-0.015220389220857888,0.14626191466545524,0.6896551724137931,0.03448275862068966,2025-06
2025-06-04,671096.0,5.5,0.5188537358197688,1.0,6,0.0,0.35451322607035723,1,163.0,-225.0,0.4301579595441788,5.0,132.0,-135.0,0.07564473347382156,over,0.5188537358197688,0.16434050974941156,163.0,,True,0.07564473347382156,0.36458532520599185,1.63,0.0815,2025-06
2025-06-05,677944.0,4.5,0.6049085522618183,0.0,3,0.0,0.44045434573413234,5,115.0,-145.0,0.4758198140005877,7.0,105.0,-115.0,0.03536546826645537,over,0.6049085522618183,0.16445420652768594,115.0,,False,0.03536546826645537,0.30055338736290926,-1.0,-0.05,2025-06
2025-06-05,656605.0,4.5,0.6100591956749565,1.0,5,0.0,0.48061510780479305,5,100.0,-116.0,0.47163244433752083,8.0,110.0,-116.0,-0.008982663467272223,over,0.6100591956749565,0.12944408787016343,100.0,,True,-0.008982663467272223,0.22011839134991296,1.0,0.05,2025-06
2025-06-05,683004.0,4.5,0.5833652876675567,1.0,6,0.0,0.4726364900096128,5,102.0,-125.0,0.5166326400679997,8.0,-115.0,100.0,0.04399615005838692,over,0.5833652876675567,0.11072879765794391,102.0,,True,0.04399615005838692,0.17839788108846455,1.02,0.04459947027211614,2025-06
2025-06-05,656849.0,4.5,0.6242123299232327,1.0,6,0.0,0.4550057672943417,3,106.0,-140.0,0.46161077887439317,7.0,109.0,-129.0,0.006605011580051445,over,0.6242123299232327,0.169206562628891,106.0,,True,0.006605011580051445,0.28587739964185943,1.06,0.053000000000000005,2025-06
2025-06-05,608331.0,5.5,0.6357833440053267,1.0,7,0.0,0.4899395350373828,5,-106.0,-115.0,0.49812482403929736,7.0,-105.0,-110.0,0.008185289001914564,over,0.6357833440053267,0.14584380896794386,-106.0,,True,0.008185289001914564,0.23557895155752162,0.9433962264150944,0.04716981132075472,2025-06
2025-06-05,663623.0,3.5,0.6586434496439807,0.0,3,0.0,0.5748376539512214,5,-144.0,125.0,0.5659108601282183,8.0,-143.0,125.0,-0.008926793823003099,over,0.6586434496439807,0.08380579569275926,-144.0,,False,-0.008926793823003099,0.11603473411896725,-1.0,-0.041772504282828256,2025-06
2025-06-05,621107.0,4.5,0.6194733567336639,1.0,7,0.0,0.4982566248256625,3,-110.0,-114.0,0.4904789880803947,7.0,-105.0,-106.0,-0.007777636745267824,over,0.6194733567336639,0.12121673190800136,-110.0,,True,-0.007777636745267824,0.1826309537642674,0.9090909090909091,0.045454545454545456,2025-06
2025-06-06,647336.0,4.5,0.43727919933958875,1.0,7,0.0,0.5427838965443745,5,-134.0,106.0,0.5364225028828236,7.0,-130.0,110.0,-0.006361393661550974,under,0.5627208006604112,0.10550469720478578,106.0,,False,0.006361393661550974,0.1592048493604471,-1.0,-0.037548313528407304,2025-06
2025-06-06,663436.0,4.5,0.3756439728575872,1.0,7,0.0,0.29163738580463805,1,220.0,-315.0,0.24821002386634847,1.0,275.0,-420.0,-0.04342736193828958,over,0.3756439728575872,0.08400658705294917,220.0,,True,-0.04342736193828958,0.2020607131442792,2.2,0.05051517828606977,2025-06
2025-06-06,607625.0,5.5,0.2945975571734339,0.0,5,0.0,0.4013761467889908,1,132.0,-180.0,0.38651432611861997,2.0,155.0,-170.0,-0.01486182067037084,under,0.7054024428265662,0.10677858961555692,-180.0,,True,0.01486182067037084,0.09729268884132519,0.5555555555555556,0.024323172210331312,2025-06
2025-06-07,680730.0,3.5,0.7620688941576009,1.0,5,0.0,0.5754757416896369,3,-150.0,136.0,0.5513430422108271,8.0,-130.0,115.0,-0.024132699478809805,over,0.7620688941576009,0.18659315246796404,-150.0,,True,-0.024132699478809805,0.2701148235960015,0.6666666666666666,0.03333333333333333,2025-06
2025-06-07,605288.0,3.5,0.5674884344559492,1.0,6,0.0,0.47821687844468946,3,-102.0,-125.0,0.475223297360415,7.0,105.0,-118.0,-0.0029935810842744437,over,0.5674884344559492,0.08927155601125975,-102.0,,True,-0.0029935810842744437,0.12384964470687976,0.9803921568627451,0.030962411176719943,2025-06
2025-06-07,668909.0,5.5,0.45989101799451515,0.0,5,0.0,0.5700967195365279,3,-148.0,125.0,0.4731521022390583,7.0,115.0,-111.0,-0.09694461729746956,under,0.5401089820054849,0.1102057015420127,125.0,,True,0.09694461729746956,0.21524520951234094,1.25,0.053811302378085235,2025-06
2025-06-07,571760.0,3.5,0.7795554755004472,1.0,5,0.0,0.5414732390356681,3,-135.0,108.0,0.6269113149847094,1.0,-205.0,150.0,0.08543807594904129,over,0.7795554755004472,0.2380822364647791,-135.0,,True,0.08543807594904129,0.35700397587114885,0.7407407407407407,0.037037037037037035,2025-06
2025-06-07,693821.0,4.5,0.5530267616765762,1.0,12,0.0,0.42618343621675275,3,124.0,-150.0,0.4145130133543069,7.0,134.0,-150.0,-0.01167042286244585,over,0.5530267616765762,0.1268433254598234,124.0,,True,-0.01167042286244585,0.23877994615553055,1.24,0.05969498653888267,2025-06
2025-06-07,592791.0,4.5,0.5936669784892123,1.0,5,0.0,0.5030942132727332,3,-112.0,-110.0,0.5285036929386039,7.0,-120.0,110.0,0.025409479665870705,over,0.5936669784892123,0.09057276521647917,-112.0,,True,0.025409479665870705,0.12372678071172338,0.8928571428571429,0.030931695177930818,2025-06
2025-06-08,608372.0,3.5,0.7195942413733406,0.0,2,0.0,0.5751633986928104,1,-160.0,120.0,0.5556013297242105,7.0,-134.0,122.0,-0.01956206896859991,over,0.7195942413733406,0.1444308426805302,-160.0,,False,-0.01956206896859991,0.1693406422316785,-1.0,-0.05,2025-06
2025-06-08,700241.0,3.5,0.5973712190202853,1.0,5,0.0,0.5145711906744379,1,-120.0,-106.0,0.4625810713745285,6.0,105.0,-125.0,-0.05199011929990943,over,0.5973712190202853,0.08280002834584743,-120.0,,True,-0.05199011929990943,0.09518056820385645,0.8333333333333334,0.023795142050964113,2025-06
2025-06-08,690928.0,3.5,0.7624102764566393,0.0,0,0.0,0.5454574127656504,5,-130.0,110.0,0.5392416961402207,7.0,-125.0,105.0,-0.006215716625429746,over,0.7624102764566393,0.21695286369098887,-130.0,,False,-0.006215716625429746,0.34887971988482336,-1.0,-0.05,2025-06
2025-06-08,669923.0,5.5,0.5894700546497182,1.0,14,0.0,0.44024214065427664,3,120.0,-135.0,0.4502189975316901,7.0,118.0,-135.0,0.009976856877413454,over,0.5894700546497182,0.1492279139954416,120.0,,True,0.009976856877413454,0.29683412022938016,1.2,0.06,2025-06
2025-06-08,668678.0,5.5,0.6595182152888376,0.0,5,0.0,0.5203045685279188,2,-125.0,-105.0,0.5268574419285044,7.0,-120.0,107.0,0.006552873400585524,over,0.6595182152888376,0.13921364676091874,-125.0,,False,0.006552873400585524,0.1871327875199077,-1.0,-0.05,2025-06
2025-06-08,694738.0,4.5,0.5921176970581781,0.0,2,0.0,0.5050607287449393,2,-112.0,-110.0,0.5550740580450456,7.0,-125.0,115.0,0.05001332930010627,over,0.5921176970581781,0.08705696831323873,-112.0,,False,0.05001332930010627,0.12079421228869425,-1.0,-0.03382237944083439,2025-06
2025-06-08,694973.0,6.5,0.6939099660987015,1.0,7,0.0,0.4966261808367072,3,-110.0,-112.0,0.5461032338642283,7.0,-122.0,120.0,0.049477053027521145,over,0.6939099660987015,0.1972837852619943,-110.0,,True,0.049477053027521145,0.3247372080066119,0.9090909090909091,0.045454545454545456,2025-06
2025-06-09,669467.0,3.5,0.5536061902887334,0.0,3,0.0,0.4066684214926737,4,135.0,-169.0,0.41966580786481794,7.0,134.0,-145.0,0.01299738637214426,over,0.5536061902887334,0.1469377687960597,135.0,,False,0.01299738637214426,0.30097454717852345,-1.0,-0.05,2025-06
2025-06-09,678394.0,4.5,0.5935912027852959,0.0,4,0.0,0.49506240666374196,6,-106.0,-115.0,0.4773762769695303,8.0,100.0,-120.0,-0.017686129694211683,over,0.5935912027852959,0.09852879612155391,-106.0,,False,-0.017686129694211683,0.153582903526141,-1.0,-0.0406994694344274,2025-06
2025-06-09,669358.0,5.5,0.5658730957533612,0.0,5,0.0,0.45217773885360724,6,110.0,-135.0,0.449345937854436,8.0,125.0,-132.0,-0.002831800999171241,over,0.5658730957533612,0.11369535689975396,110.0,,False,-0.002831800999171241,0.1883335010820586,-1.0,-0.042803068427740586,2025-06
2025-06-09,519242.0,7.5,0.4148401555700355,1.0,11,0.0,0.5002318068856554,5,-108.0,-105.0,0.48207327159458624,7.0,100.0,-118.0,-0.018158535291069144,under,0.5851598444299645,0.08539165131561988,-105.0,,False,0.018158535291069144,0.14245493436326395,-1.0,-0.03739442027035679,2025-06
2025-06-10,686752.0,5.5,0.5837097783346258,1.0,9,0.0,0.4515914835297473,7,115.0,-130.0,0.4320414990383354,6.0,125.0,-145.0,-0.01954998449141193,over,0.5837097783346258,0.13211829480487847,115.0,,True,-0.01954998449141193,0.25497602341944536,1.15,0.057499999999999996,2025-06
2025-06-10,607067.0,4.5,0.4993352959776674,1.0,5,0.0,0.3649000868809731,1,155.0,-215.0,0.33333333333333337,1.0,180.0,-250.0,-0.031566753547639714,over,0.4993352959776674,0.13443520909669432,155.0,,True,-0.031566753547639714,0.27330500474305186,1.55,0.06832625118576297,2025-06
2025-06-10,608337.0,4.5,0.6755020609442501,0.0,4,0.0,0.5844355110062787,3,-160.0,128.0,0.5774262606571732,7.0,-156.0,133.0,-0.007009250349105489,over,0.6755020609442501,0.09106654993797147,-160.0,,False,-0.007009250349105489,0.0976908490344065,-1.0,-0.039076339613762556,2025-06
2025-06-10,656550.0,5.5,0.5257689982225726,1.0,9,0.0,0.4432710463426262,7,115.0,-143.0,0.46007111357866665,8.0,108.0,-124.0,0.01680006723604044,over,0.5257689982225726,0.08249795187994641,115.0,,True,0.01680006723604044,0.1304033461785311,1.15,0.03260083654463275,2025-06
2025-06-10,702070.0,3.5,0.6735874675074973,1.0,6,0.0,0.589236381806957,4,-165.0,131.0,0.5833642773418063,4.0,-155.0,135.0,-0.00587210446515074,over,0.6735874675074973,0.08435108570054028,-165.0,,True,-0.00587210446515074,0.08182229629991994,0.6060606060606061,0.020455574074979943,2025-06
2025-06-10,645261.0,4.5,0.5989650673228597,1.0,6,0.0,0.48856073307546316,4,100.0,-111.0,0.4771341634331434,8.0,105.0,-115.0,-0.01142656964231975,over,0.5989650673228597,0.11040433424739654,100.0,,True,-0.01142656964231975,0.1979301346457194,1.0,0.04948253366142985,2025-06
2025-06-10,656288.0,5.5,0.29027195092088626,0.0,4,0.0,0.40282706067128143,1,132.0,-177.0,0.39518369867242975,2.0,145.0,-166.0,-0.007643361998851683,under,0.7097280490791138,0.11255510975039518,-177.0,,True,0.007643361998851683,0.11070434799386736,0.5649717514124294,0.027676086998466853,2025-06
2025-06-11,681190.0,3.5,0.5546909336545895,1.0,4,0.0,0.4089555450003626,3,140.0,-158.0,0.394664220295223,3.0,155.0,-166.0,-0.014291324705139552,over,0.5546909336545895,0.14573538865422697,140.0,,True,-0.014291324705139552,0.33125824077101484,1.4,0.06999999999999999,2025-06
2025-06-11,663623.0,4.5,0.4102147740678026,0.0,4,0.0,0.3118811881188118,1,200.0,-278.0,0.34553893759669935,1.0,170.0,-235.0,0.03365774947788752,over,0.4102147740678026,0.09833358594899078,200.0,,False,0.03365774947788752,0.2306443222034078,-1.0,-0.028830540275425975,2025-06
2025-06-11,671106.0,3.5,0.6243290239664272,1.0,6,0.0,0.49949986460563783,3,-105.0,100.0,0.5479666178348432,7.0,-134.0,110.0,0.048466753229205406,over,0.6243290239664272,0.12482915936078937,-105.0,,True,0.048466753229205406,0.21892809441064354,0.9523809523809523,0.047619047619047616,2025-06
2025-06-11,693433.0,4.5,0.5725721299748832,0.0,3,0.0,0.4805549047799232,4,-105.0,-125.0,0.4602366899934224,7.0,110.0,-125.0,-0.02031821478650081,over,0.5725721299748832,0.09201722519495997,-105.0,,False,-0.02031821478650081,0.11787892042715276,-1.0,-0.03094321661212763,2025-06
2025-06-11,683004.0,3.5,0.7620727296975353,0.0,3,0.0,0.6705882352941177,1,-250.0,185.0,0.6666666666666667,1.0,-250.0,180.0,-0.0039215686274509665,over,0.7620727296975353,0.09148449440341755,-250.0,,False,-0.0039215686274509665,0.06690182157654939,-1.0,-0.041813638485343335,2025-06
2025-06-11,641793.0,3.5,0.7144379302531408,1.0,6,0.0,0.6026490066225165,1,-182.0,135.0,0.6056826444432015,1.0,-182.0,138.0,0.003033637820684998,over,0.7144379302531408,0.11178892363062432,-182.0,,True,0.003033637820684998,0.10698624357904246,0.5494505494505495,0.02674656089476063,2025-06
2025-06-11,680885.0,5.5,0.6738393529204018,1.0,9,0.0,0.4621892976110343,3,110.0,-130.0,0.5115308341820011,7.0,-114.0,106.0,0.04934153657096679,over,0.6738393529204018,0.21165005530936748,110.0,,True,0.04934153657096679,0.41506264113284375,1.1,0.05500000000000001,2025-06
2025-06-11,543294.0,4.5,0.5562773019082425,0.0,3,0.0,0.33999999999999997,1,175.0,-240.0,0.4250315870595445,7.0,143.0,-150.0,0.08503158705954456,over,0.5562773019082425,0.21627730190824257,175.0,,False,0.08503158705954456,0.529762580247667,-1.0,-0.05,2025-06
2025-06-12,806185.0,5.5,0.6704593885418519,1.0,6,0.0,0.44274989290136096,3,114.0,-145.0,0.5056458732539444,6.0,-111.0,-105.0,0.06289598035258342,over,0.6704593885418519,0.22770949564049098,114.0,,True,0.06289598035258342,0.43478309147956307,1.14,0.056999999999999995,2025-06
2025-06-12,701542.0,5.5,0.22344867294320214,0.0,4,0.0,0.3730886850152905,1,150.0,-205.0,0.3649000868809731,1.0,155.0,-215.0,-0.008188598134317437,under,0.7765513270567979,0.14964001207208838,-205.0,,True,0.008188598134317437,0.1553568524503578,0.4878048780487805,0.024390243902439025,2025-06
2025-06-12,647336.0,5.5,0.22841852099319318,0.0,5,0.0,0.36041189931350115,1,160.0,-215.0,0.32941176470588235,1.0,185.0,-250.0,-0.0310001346076188,under,0.7715814790068068,0.13199337832030797,-215.0,,True,0.0310001346076188,0.13045658552160072,0.46511627906976744,0.023255813953488372,2025-06
2025-06-13,624133.0,4.5,0.4084013752498269,1.0,6,0.0,0.5059361072469224,7,-115.0,-110.0,0.48395027651366557,6.0,102.0,-115.0,-0.021985830733256828,under,0.5915986247501731,0.0975347319970955,-110.0,,False,0.021985830733256828,0.12941555634123958,-1.0,-0.03558927799384089,2025-06
2025-06-13,607259.0,4.5,0.5837097783346258,1.0,5,0.0,0.4794940256257454,5,100.0,-122.0,0.4453405283665499,7.0,120.0,-130.0,-0.034153497259195476,over,0.5837097783346258,0.1042157527088804,100.0,,True,-0.034153497259195476,0.16741955666925157,1.0,0.04185488916731289,2025-06
2025-06-13,694973.0,7.5,0.28694900251639777,0.0,5,0.0,0.4278523489932886,1,120.0,-155.0,0.40491156263704137,1.0,130.0,-177.0,-0.022940786356247245,under,0.7130509974836022,0.14090334647689085,-155.0,,True,0.022940786356247245,0.17308389908592625,0.6451612903225806,0.03225806451612903,2025-06
2025-06-14,669467.0,3.5,0.6826004681320066,1.0,7,0.0,0.5148699494517638,3,-120.0,-105.0,0.5155085793572516,8.0,-118.0,104.0,0.0006386299054877975,over,0.6826004681320066,0.1677305186802428,-120.0,,True,0.0006386299054877975,0.2514341915753454,0.8333333333333334,0.04166666666666667,2025-06
2025-06-14,657746.0,6.5,0.36902243700114357,1.0,7,0.0,0.46174989880715617,3,120.0,-122.0,0.4968694608533908,8.0,102.0,-103.0,0.03511956204623462,under,0.6309775629988564,0.0927274618060126,-122.0,,False,-0.03511956204623462,0.14817228676841088,-1.0,-0.04519254746436535,2025-06
2025-06-14,675911.0,8.5,0.33914570375247727,1.0,13,0.0,0.49851675560514686,3,-106.0,-110.0,0.3935345232074419,3.0,145.0,-175.0,-0.10498223239770493,under,0.6608542962475228,0.1593710518526696,-110.0,,False,0.10498223239770493,0.26163092919981623,-1.0,-0.05,2025-06
2025-06-14,663903.0,4.5,0.5933841727080245,0.0,4,0.0,0.5030105894388578,3,-110.0,-106.0,0.536426900146564,8.0,-118.0,114.0,0.03341631070770623,over,0.5933841727080245,0.09037358326916667,-110.0,,False,0.03341631070770623,0.13282432971531943,-1.0,-0.03652669067171287,2025-06
2025-06-14,668678.0,4.5,0.5339197980739242,1.0,6,0.0,0.44389592530517996,6,115.0,-130.0,0.4736413181733884,7.0,108.0,-110.0,0.02974539286820843,over,0.5339197980739242,0.09002387276874424,115.0,,True,0.02974539286820843,0.14792756585893696,1.15,0.03698189146473424,2025-06
2025-06-14,686613.0,6.5,0.6744206735208726,1.0,12,0.0,0.5570149892477665,3,-140.0,116.0,0.5655295642579251,8.0,-130.0,130.0,0.00851457501015862,over,0.6744206735208726,0.11740568427310616,-140.0,,True,0.00851457501015862,0.1561497260357817,0.7142857142857143,0.03571428571428572,2025-06
2025-06-14,690928.0,3.5,0.7134795554478528,1.0,5,0.0,0.5696730285376833,5,-150.0,126.0,0.5749516858698159,7.0,-143.0,130.0,0.005278657332132619,over,0.7134795554478528,0.14380652691016949,-150.0,,True,0.005278657332132619,0.189132592413088,0.6666666666666666,0.03333333333333333,2025-06
2025-06-14,547179.0,4.5,0.6138381261334733,0.0,4,0.0,0.5026150627615062,2,-115.0,-110.0,0.49085252102145904,8.0,100.0,-110.0,-0.011762541740047205,over,0.6138381261334733,0.11122306337196708,-115.0,,False,-0.011762541740047205,0.14761040972779793,-1.0,-0.04243799279674191,2025-06
2025-06-15,677958.0,4.5,0.5571506111721708,1.0,6,0.0,0.4524230859433298,2,110.0,-140.0,0.4557306659287531,7.0,110.0,-128.0,0.0033075799854233034,over,0.5571506111721708,0.10472752522884099,110.0,,True,0.0033075799854233034,0.17001628346155873,1.1,0.042504070865389654,2025-06
2025-06-15,579328.0,5.5,0.5979789501942355,1.0,10,0.0,0.5076757915064456,2,-115.0,-110.0,0.5521511313251227,7.0,-137.0,120.0,0.04447533981867713,over,0.5979789501942355,0.09030315868778993,-115.0,,True,0.04447533981867713,0.11796064601530987,0.8695652173913043,0.029490161503827442,2025-06
2025-06-15,687888.0,4.5,0.5569424095922413,1.0,9,0.0,0.4460286990776063,3,120.0,-136.0,0.43482840729980127,7.0,130.0,-135.0,-0.011200291777805016,over,0.5569424095922413,0.110913710514635,120.0,,True,-0.011200291777805016,0.22527330110293076,1.2,0.05631832527573272,2025-06
2025-06-15,669022.0,7.5,0.32889952763264796,0.0,5,0.0,0.44977058633096445,3,115.0,-136.0,0.4320817031939699,5.0,120.0,-148.0,-0.01768888313699457,under,0.671100472367352,0.12087105869831649,-136.0,,True,0.01768888313699457,0.16455670204922856,0.7352941176470589,0.03676470588235294,2025-06
2025-06-15,554430.0,6.5,0.3678344088312232,1.0,9,0.0,0.48642209920405416,3,100.0,-112.0,0.5098180478550044,7.0,-115.0,-104.0,0.023395948650950238,under,0.6321655911687768,0.11858769037283096,-112.0,,False,-0.023395948650950238,0.19659915471232758,-1.0,-0.05,2025-06
2025-06-15,678394.0,4.5,0.6039270294765431,1.0,8,0.0,0.4733387101714122,3,100.0,-122.0,0.4253258305431625,7.0,135.0,-150.0,-0.04801287962824974,over,0.6039270294765431,0.13058831930513087,100.0,,True,-0.04801287962824974,0.20785405895308617,1.0,0.05,2025-06
2025-06-15,682847.0,4.5,0.677236927243166,1.0,5,0.0,0.5785463114771098,3,-155.0,126.0,0.6182465221611129,1.0,-195.0,145.0,0.03970021068400309,over,0.677236927243166,0.0986906157660562,-155.0,,True,0.03970021068400309,0.11416397707746662,0.6451612903225806,0.028540994269366626,2025-06
2025-06-15,682990.0,3.5,0.6573620202533649,0.0,3,0.0,0.5130007648898673,3,-120.0,-104.0,0.5845974329054843,1.0,-167.0,125.0,0.07159666801561693,over,0.6573620202533649,0.14436125536349753,-120.0,,False,0.07159666801561693,0.20516370379783566,-1.0,-0.05,2025-06
2025-06-15,518876.0,4.5,0.5710984503697176,1.0,7,0.0,0.4796346764734327,3,105.0,-112.0,0.46384612400061237,7.0,110.0,-125.0,-0.01578855247282035,over,0.5710984503697176,0.0914637738962849,105.0,,True,-0.01578855247282035,0.17075182325792115,1.05,0.04268795581448026,2025-06
2025-06-15,621244.0,4.5,0.6154916553268832,1.0,5,0.0,0.4982566248256625,3,-110.0,-114.0,0.51111356751307,7.0,-113.0,-105.0,0.012856942687407502,over,0.6154916553268832,0.1172350305012207,-110.0,,True,0.012856942687407502,0.1750295238058679,0.9090909090909091,0.04375738095146697,2025-06
2025-06-16,663623.0,4.5,0.6841057608971572,1.0,5,0.0,0.5861550037622273,1,-164.0,128.0,0.6231155778894473,1.0,-200.0,148.0,0.03696057412721998,over,0.6841057608971572,0.09795075713492996,-164.0,,True,0.03696057412721998,0.10124341998078973,0.6097560975609756,0.025310854995197418,2025-06
2025-06-16,667755.0,4.5,0.706711522656909,1.0,6,0.0,0.4857435317392597,6,-103.0,-114.0,0.49422615133489295,6.0,-105.0,-110.0,0.008482619595633234,over,0.706711522656909,0.22096799091764924,-103.0,,True,0.008482619595633234,0.3928392145568206,0.970873786407767,0.048543689320388356,2025-06
2025-06-17,663554.0,4.5,0.5645971255146904,0.0,4,0.0,0.4581557780727159,6,115.0,-126.0,0.47115083572402405,8.0,110.0,-122.0,0.01299505765130815,over,0.5645971255146904,0.10644134744197453,115.0,,False,0.01299505765130815,0.21388381985658433,-1.0,-0.04649648257751836,2025-06
2025-06-17,671096.0,5.5,0.5816136003823535,0.0,5,0.0,0.4840505493443958,5,102.0,-115.0,0.46849578367420996,8.0,116.0,-123.0,-0.015554765670185822,over,0.5816136003823535,0.09756305103795776,102.0,,False,-0.015554765670185822,0.17485947277235414,-1.0,-0.042857713914792706,2025-06
2025-06-17,681343.0,4.5,0.5415390382871433,0.0,2,0.0,0.44073128502585357,5,120.0,-142.0,0.4354459352423696,8.0,125.0,-139.0,-0.005285349783483995,over,0.5415390382871433,0.10080775326128977,120.0,,False,-0.005285349783483995,0.19138588423171532,-1.0,-0.03987205921494074,2025-06
2025-06-17,656849.0,4.5,0.6504321545437095,0.0,3,0.0,0.5633187772925764,1,-150.0,115.0,0.5721095415352078,5.0,-149.0,125.0,0.008790764242631366,over,0.6504321545437095,0.0871133772511331,-150.0,,False,0.008790764242631366,0.08405359090618247,-1.0,-0.031520096589818386,2025-06
2025-06-17,647336.0,6.5,0.2870762118097186,1.0,9,0.0,0.42937326073336346,5,120.0,-150.0,0.42367399741267786,1.0,120.0,-162.0,-0.005699263320685599,under,0.7129237881902815,0.14229704892364486,-150.0,,False,0.005699263320685599,0.18820631365046908,-1.0,-0.05,2025-06
2025-06-17,680885.0,5.5,0.6114814560301757,1.0,8,0.0,0.447341892203114,5,115.0,-134.0,0.47294259270421496,8.0,110.0,-118.0,0.02560070050110097,over,0.6114814560301757,0.16413956382706169,115.0,,True,0.02560070050110097,0.31468513046487767,1.15,0.057499999999999996,2025-06
2025-06-17,543294.0,3.5,0.6170576465130712,1.0,9,0.0,0.4545425872343496,5,110.0,-130.0,0.4483977020796687,8.0,115.0,-132.0,-0.006144885154680868,over,0.6170576465130712,0.16251505927872156,110.0,,True,-0.006144885154680868,0.2958210576774495,1.1,0.05500000000000001,2025-06
2025-06-17,663559.0,3.5,0.6075919878697664,1.0,4,0.0,0.4868661352271513,6,110.0,100.0,0.47201134633199604,8.0,110.0,-122.0,-0.014854788895155235,over,0.6075919878697664,0.12072585264261515,110.0,,True,-0.014854788895155235,0.2759431745265095,1.1,0.05500000000000001,2025-06
2025-06-17,666200.0,6.5,0.28701404041158995,0.0,4,0.0,0.43380186759711065,5,123.0,-144.0,0.48987854251012153,1.0,-110.0,-120.0,0.05607667491301088,under,0.71298595958841,0.1467878271855207,-144.0,,True,-0.05607667491301088,0.20811509819147256,0.6944444444444444,0.034722222222222224,2025-06
2025-06-18,622491.0,7.5,0.41448456009445345,0.0,5,0.0,0.29163738580463805,1,220.0,-315.0,0.27027027027027023,1.0,245.0,-360.0,-0.02136711553436782,over,0.41448456009445345,0.1228471742898154,220.0,,False,-0.02136711553436782,0.32635059230225105,-1.0,-0.03708529457980127,2025-06
2025-06-18,666157.0,4.5,0.7348635637642702,0.0,4,0.0,0.5908977996460519,3,-161.0,140.0,0.635099913119027,1.0,-215.0,155.0,0.04420211347297509,over,0.7348635637642702,0.14396576411821826,-161.0,,False,0.04420211347297509,0.19130055989114608,-1.0,-0.05,2025-06
2025-06-18,593958.0,4.5,0.3466707610944379,0.0,4,0.0,0.501560731775366,6,-102.0,-108.0,0.4732311959545995,7.0,110.0,-118.0,-0.02832953582076647,under,0.653329238905562,0.15488997068092808,-108.0,,True,0.02832953582076647,0.2582637193736751,0.9259259259259259,0.0462962962962963,2025-06
2025-06-18,641778.0,4.5,0.4035499166718782,1.0,8,0.0,0.29654036243822074,1,215.0,-305.0,0.3067630930620679,1.0,205.0,-286.0,0.010222730623847154,over,0.4035499166718782,0.10700955423365743,215.0,,True,0.010222730623847154,0.2711822375164161,2.15,0.06779555937910403,2025-06
2025-06-18,800049.0,4.5,0.3235082897488675,1.0,5,0.0,0.4610660980188719,3,116.0,-120.0,,,,,,under,0.6764917102511325,0.1375578082700044,-120.0,,False,,0.24023480212707637,-1.0,-0.05,2025-06
2025-06-18,686799.0,4.5,0.4538224052025533,1.0,8,0.0,0.3016418480336006,1,210.0,-295.0,0.3067630930620679,1.0,205.0,-286.0,0.005121245028467281,over,0.4538224052025533,0.15218055716895268,210.0,,True,0.005121245028467281,0.40684945612791523,2.1,0.10171236403197881,2025-06
2025-06-19,657277.0,5.5,0.6290000138063461,1.0,9,0.0,0.5486381263555088,3,-134.0,110.0,0.5708562078397633,7.0,-138.0,128.0,0.022218081484254526,over,0.6290000138063461,0.08036188745083728,-134.0,,True,0.022218081484254526,0.0984030091842163,0.746268656716418,0.024600752296054077,2025-06
2025-06-19,675911.0,7.5,0.32751852587105534,1.0,8,0.0,0.41819649500742195,3,130.0,-154.0,0.4103041685737334,6.0,135.0,-160.0,-0.007892326433688535,under,0.6724814741289447,0.09067796913636661,-154.0,,False,0.007892326433688535,0.10915775603085676,-1.0,-0.04202573607187985,2025-06
2025-06-19,700241.0,4.5,0.4621088402053492,1.0,5,0.0,0.563226468691384,2,-148.0,116.0,0.5037873372004107,5.0,-104.0,105.0,-0.05943913149097335,under,0.5378911597946507,0.10111762848603484,116.0,,False,0.05943913149097335,0.16184490515644556,-1.0,-0.034880367490613295,2025-06
2025-06-19,665795.0,5.5,0.5439737370272801,0.0,5,0.0,0.45052366661113086,2,112.0,-140.0,0.4229220333204222,7.0,125.0,-144.0,-0.027601633290708638,over,0.5439737370272801,0.09345007041614928,112.0,,False,-0.027601633290708638,0.1532243224978339,-1.0,-0.03420185770040938,2025-06
2025-06-19,680732.0,3.5,0.6563585350691497,1.0,7,0.0,0.5426917162061572,2,-135.0,105.0,0.5630715788104783,5.0,-130.0,128.0,0.02037986260432112,over,0.6563585350691497,0.11366681886299246,-135.0,,True,0.02037986260432112,0.14255004252777898,0.7407407407407407,0.03563751063194476,2025-06
2025-06-19,663978.0,4.5,0.5711137234235781,0.0,3,0.0,0.4329742261011864,1,116.0,-154.0,0.4413341591130404,7.0,130.0,-135.0,0.008359933011854004,over,0.5711137234235781,0.13813949732239172,116.0,,False,0.008359933011854004,0.23360564259492878,-1.0,-0.05,2025-06
2025-06-19,571760.0,4.5,0.5724053245492152,0.0,2,0.0,0.47021650377848917,3,100.0,-128.0,0.4543695411614843,7.0,115.0,-125.0,-0.015846962617004856,over,0.5724053245492152,0.10218882077072605,100.0,,False,-0.015846962617004856,0.14481064909843044,-1.0,-0.03620266227460761,2025-06
2025-06-19,592332.0,5.5,0.5839946390427035,0.0,4,0.0,0.49738493723849375,2,-110.0,-115.0,0.5165225527512082,7.0,-115.0,104.0,0.019137615512714423,over,0.5839946390427035,0.0866097018042098,-110.0,,False,0.019137615512714423,0.11489885635425223,-1.0,-0.0315971854974194,2025-06
2025-06-19,694973.0,6.5,0.647280567412989,1.0,9,0.0,0.5187593796898449,1,-122.0,-104.0,0.5482682702121673,5.0,-136.0,110.0,0.029508890522322417,over,0.647280567412989,0.12852118772314414,-122.0,,True,0.029508890522322417,0.17783840955478325,0.819672131147541,0.04098360655737705,2025-06
2025-06-19,542881.0,4.5,0.5165491753423498,0.0,4,0.0,0.3993154592127781,1,134.0,-180.0,0.4295904649936465,7.0,125.0,-150.0,0.03027500578086839,over,0.5165491753423498,0.11723371612957167,134.0,,False,0.03027500578086839,0.20872507030109855,-1.0,-0.03894124445916013,2025-06
2025-06-19,669194.0,3.5,0.567486021495111,1.0,4,0.0,0.4796331488060812,2,100.0,-120.0,0.5102615547370941,7.0,-115.0,-104.0,0.030628405931012903,over,0.567486021495111,0.08785287268902975,100.0,,True,0.030628405931012903,0.13497204299022192,1.0,0.03374301074755548,2025-06
2025-06-20,608331.0,7.5,0.4434018725074035,0.0,7,0.0,0.3067630930620679,1,205.0,-286.0,0.4112251181578821,3.0,135.0,-155.0,0.1044620250958142,over,0.4434018725074035,0.1366387794453356,205.0,,False,0.1044620250958142,0.3523757111475806,-1.0,-0.04297264770092445,2025-06
2025-06-20,669358.0,5.5,0.5447788273912677,1.0,6,0.0,0.4619863511479461,5,110.0,-124.0,0.45623955612406836,6.0,110.0,-133.0,-0.00574679502387776,over,0.5447788273912677,0.08279247624332159,110.0,,True,-0.00574679502387776,0.1440355375216622,1.1,0.03600888438041556,2025-06
2025-06-20,663903.0,4.5,0.4742615442062049,1.0,7,0.0,0.34553893759669935,1,170.0,-235.0,0.44352759586058,7.0,115.0,-142.0,0.09798865826388065,over,0.4742615442062049,0.12872260660950557,170.0,,True,0.09798865826388065,0.2805061693567533,1.7,0.07012654233918836,2025-06
2025-06-20,669467.0,3.5,0.7067977965607068,1.0,4,0.0,0.6075094691771422,1,-186.0,138.0,0.6231155778894473,1.0,-200.0,148.0,0.015606108712305056,over,0.7067977965607068,0.09928832738356463,-186.0,,True,0.015606108712305056,0.08679661191592558,0.5376344086021505,0.021699152978981395,2025-06
2025-06-20,669923.0,5.5,0.5231856668385296,0.0,3,0.0,0.4167677157952293,2,125.0,-165.0,0.41092843283698727,2.0,128.0,-164.0,-0.0058392829582420425,over,0.5231856668385296,0.10641795104330032,125.0,,False,-0.0058392829582420425,0.17716775038669164,-1.0,-0.03543355007733835,2025-06
2025-06-21,657376.0,5.5,0.6179021352947792,0.0,5,0.0,0.445839882262486,4,120.0,-130.0,0.5127212935438146,7.0,-115.0,105.0,0.06688141128132857,over,0.6179021352947792,0.17206225303229322,120.0,,False,0.06688141128132857,0.3593846976485142,-1.0,-0.05,2025-06
2025-06-21,656550.0,6.5,0.36981700395430556,0.0,5,0.0,0.46817052487673977,3,105.0,-128.0,0.43674982748202484,7.0,120.0,-138.0,-0.031420697394714925,under,0.6301829960456944,0.09835352092243421,-128.0,,True,0.031420697394714925,0.1225134617063931,0.78125,0.030628365426598303,2025-06
2025-06-21,656288.0,4.5,0.500583148158648,0.0,4,0.0,0.4180964564140958,5,130.0,-155.0,0.4178923867847634,8.0,130.0,-160.0,-0.00020406962933239292,over,0.500583148158648,0.0824866917445522,130.0,,False,-0.00020406962933239292,0.15134124076489042,-1.0,-0.029104084762478926,2025-06
2025-06-21,621244.0,4.5,0.6957615483616959,1.0,5,0.0,0.5871565232863705,3,-160.0,138.0,0.58462966982611,2.0,-160.0,130.0,-0.002526853460260492,over,0.6957615483616959,0.10860502507532543,-160.0,,True,-0.002526853460260492,0.13061251608775581,0.625,0.03125,2025-06
2025-06-21,678394.0,4.5,0.5882670834418846,1.0,6,0.0,0.47409093760836724,3,104.0,-115.0,0.5032253593743297,7.0,-106.0,-103.0,0.029134421765962426,over,0.5882670834418846,0.11417614583351737,104.0,,True,0.029134421765962426,0.2000648502214446,1.04,0.05001621255536115,2025-06
2025-06-21,676106.0,3.5,0.5681293121621573,1.0,5,0.0,0.4303736923852333,3,125.0,-138.0,0.4264249876699139,8.0,125.0,-142.0,-0.00394870471531944,over,0.5681293121621573,0.13775561977692402,125.0,,True,-0.00394870471531944,0.278290952364854,1.25,0.0625,2025-06
2025-06-21,677958.0,4.5,0.5438381807023067,0.0,4,0.0,0.4280981590643153,3,125.0,-150.0,0.42482237579290094,7.0,130.0,-150.0,-0.0032757832714143675,over,0.5438381807023067,0.11574002163799141,125.0,,False,-0.0032757832714143675,0.22363590658019006,-1.0,-0.04472718131603801,2025-06
2025-06-21,656605.0,4.5,0.6643678273672325,1.0,5,0.0,0.521824643332644,3,-120.0,100.0,0.5434692510617218,7.0,-130.0,110.0,0.021644607729077836,over,0.6643678273672325,0.14254318403458854,-120.0,,True,0.021644607729077836,0.21800768350659305,0.8333333333333334,0.04166666666666667,2025-06
2025-06-22,683004.0,3.5,0.7711872396801901,0.0,2,0.0,0.5821101812718853,3,-150.0,130.0,0.6112600536193029,1.0,-190.0,140.0,0.029149872347417616,over,0.7711872396801901,0.1890770584083048,-150.0,,False,0.029149872347417616,0.2853120661336501,-1.0,-0.05,2025-06
2025-06-22,656849.0,4.5,0.644938013109344,0.0,4,0.0,0.5059828069273212,6,-114.0,-105.0,0.5104834279519812,7.0,-113.0,100.0,0.004500621024659979,over,0.644938013109344,0.13895520618202273,-114.0,,False,0.004500621024659979,0.21067311232806674,-1.0,-0.05,2025-06
2025-06-22,665152.0,4.5,0.5934528130272612,1.0,7,0.0,0.4715635772613478,3,100.0,-128.0,0.501518511785022,7.0,-110.0,-105.0,0.02995493452367426,over,0.5934528130272612,0.12188923576591337,100.0,,True,0.02995493452367426,0.18690562605452232,1.0,0.04672640651363058,2025-06
2025-06-22,543294.0,3.5,0.565712748293181,0.0,2,0.0,0.4202936763743725,3,125.0,-156.0,0.46706585951222124,7.0,106.0,-120.0,0.046772183137848755,over,0.565712748293181,0.14541907191880848,125.0,,False,0.046772183137848755,0.2728536836596571,-1.0,-0.05,2025-06
2025-06-22,701542.0,5.5,0.6723384461395712,1.0,6,0.0,0.533337838446637,3,-130.0,104.0,0.5723721990461729,7.0,-150.0,134.0,0.03903436059953591,over,0.6723384461395712,0.1390006076929342,-130.0,,True,0.03903436059953591,0.18952186624693368,0.7692307692307693,0.038461538461538464,2025-06
2025-06-23,666157.0,5.5,0.5708847831616485,1.0,6,0.0,0.4433166172267377,6,115.0,-140.0,0.43590885820176345,7.0,120.0,-136.0,-0.007407759024974259,over,0.5708847831616485,0.12756816593491077,115.0,,True,-0.007407759024974259,0.22740228379754412,1.15,0.05685057094938606,2025-06
2025-06-23,669432.0,4.5,0.5232299606341801,0.0,4,0.0,0.43885854191873525,6,125.0,-134.0,0.4519452175436894,7.0,115.0,-135.0,0.013086675624954136,over,0.5232299606341801,0.0843714187154449,125.0,,False,0.013086675624954136,0.17726741142690527,-1.0,-0.035453482285381054,2025-06
2025-06-23,621112.0,3.5,0.58426520273739,1.0,5,0.0,0.43384925742242714,6,120.0,-145.0,0.4548196021901005,7.0,114.0,-120.0,0.020970344767673343,over,0.58426520273739,0.15041594531496288,120.0,,True,0.020970344767673343,0.28538344602225807,1.2,0.06,2025-06
2025-06-23,571578.0,5.5,0.4290308960741779,1.0,6,0.0,0.33333333333333337,1,180.0,-250.0,0.3666469544648137,1.0,155.0,-210.0,0.03331362113148034,over,0.4290308960741779,0.09569756274084451,180.0,,True,0.03331362113148034,0.20128650900769807,1.8,0.05032162725192452,2025-06
2025-06-23,641927.0,4.5,0.7132517774415831,1.0,7,0.0,0.586454107676879,2,-152.0,135.0,0.6075094691771422,1.0,-186.0,138.0,0.021055361500263214,over,0.7132517774415831,0.12679766976470408,-152.0,,True,0.021055361500263214,0.18249636786367723,0.6578947368421053,0.03289473684210527,2025-06
2025-06-24,663460.0,5.5,0.363869151799572,1.0,8,0.0,0.49497760483106523,6,-108.0,-110.0,0.4577896537518115,5.0,115.0,-128.0,-0.03718795107925371,under,0.636130848200428,0.1311084530314932,-110.0,,False,0.03718795107925371,0.21443161929172616,-1.0,-0.05,2025-06
2025-06-24,622663.0,4.5,0.5738347547290901,0.0,2,0.0,0.47454138388792355,6,100.0,-125.0,0.462540856490722,8.0,115.0,-127.0,-0.012000527397201532,over,0.5738347547290901,0.09929337084116652,100.0,,False,-0.012000527397201532,0.14766950945818014,-1.0,-0.036917377364545034,2025-06
2025-06-25,694973.0,7.5,0.32088514579496663,0.0,4,0.0,0.4268568536715344,2,124.0,-150.0,0.45312144772374463,7.0,117.0,-125.0,0.02626459405221021,under,0.6791148542050334,0.10597170787656779,-150.0,,True,-0.02626459405221021,0.13185809034172224,0.6666666666666666,0.032964522585430533,2025-06
2025-06-25,663903.0,5.5,0.5276961613181232,1.0,9,0.0,0.3943173555567985,1,138.0,-182.0,0.42239095417744055,2.0,125.0,-159.0,0.02807359862064207,over,0.5276961613181232,0.13337880576132477,138.0,,True,0.02807359862064207,0.2559168639371333,1.38,0.0639792159842833,2025-06
2025-06-25,669923.0,6.5,0.43512972082499124,0.0,3,0.0,0.3016418480336006,1,210.0,-295.0,0.33333333333333337,1.0,180.0,-250.0,0.03169148529973276,over,0.43512972082499124,0.13348787279139063,210.0,,False,0.03169148529973276,0.3489021345574729,-1.0,-0.04153596839969916,2025-06
2025-06-25,668678.0,5.5,0.5988807685479293,0.0,2,0.0,0.4677419354838709,1,100.0,-132.0,0.487798040882887,6.0,-103.0,-115.0,0.02005610539901609,over,0.5988807685479293,0.13113883306405838,100.0,,False,0.02005610539901609,0.19776153709585853,-1.0,-0.04944038427396463,2025-06
2025-06-25,682052.0,3.5,0.8115479530829969,1.0,6,0.0,0.7206614223791942,1,-335.0,235.0,0.7474747474747474,1.0,-400.0,270.0,0.02681332509555323,over,0.8115479530829969,0.0908865307038027,-335.0,,True,0.02681332509555323,0.053801073406279515,0.29850746268656714,0.013450268351569872,2025-06
2025-06-25,579328.0,7.5,0.46317518963341764,1.0,12,0.0,0.3649000868809731,1,155.0,-215.0,0.4111671978473508,5.0,160.0,-155.0,0.0462671109663777,over,0.46317518963341764,0.09827510275244455,155.0,,True,0.0462671109663777,0.18109673356521505,1.55,0.045274183391303735,2025-06
2025-06-26,669467.0,3.5,0.6228708370473108,0.0,2,0.0,0.5314041433738902,1,-128.0,102.0,0.5010162508962547,7.0,-110.0,-106.0,-0.030387892477635514,over,0.6228708370473108,0.09146669367342064,-128.0,,False,-0.030387892477635514,0.1094886784905224,-1.0,-0.035036377116967186,2025-06
2025-06-26,669358.0,3.5,0.6698514394207038,1.0,9,0.0,0.5776193186346709,2,-158.0,125.0,0.5795846951458945,7.0,-160.0,128.0,0.0019653765112236377,over,0.6698514394207038,0.09223212078603293,-158.0,,True,0.0019653765112236377,0.09380804664899739,0.6329113924050633,0.02345201166224936,2025-06
2025-06-26,650911.0,4.5,0.7750095496305482,1.0,11,0.0,0.5775575831855331,2,-155.0,124.0,0.5743830848470136,3.0,-145.0,130.0,-0.0031744983385194603,over,0.7750095496305482,0.19745196644501517,-155.0,,True,-0.0031744983385194603,0.27501571068251485,0.6451612903225806,0.03225806451612903,2025-06
2025-06-26,686613.0,6.5,0.619852179215444,1.0,9,0.0,0.47030315352168567,2,100.0,-126.0,0.5203089216302276,7.0,-115.0,100.0,0.050005768108541904,over,0.619852179215444,0.14954902569375833,100.0,,True,0.050005768108541904,0.239704358430888,1.0,0.05,2025-06
2025-06-26,680573.0,4.5,0.6048206147474465,1.0,6,0.0,0.4744054967781344,2,105.0,-118.0,0.4433159605583013,8.0,120.0,-135.0,-0.03108953621983307,over,0.6048206147474465,0.13041511796931216,105.0,,True,-0.03108953621983307,0.23988226023226544,1.05,0.052500000000000005,2025-06
2025-06-26,477132.0,4.5,0.5854696958936241,1.0,5,0.0,0.4451682953311618,1,110.0,-146.0,0.4183437182858437,4.0,128.0,-156.0,-0.0268245770453181,over,0.5854696958936241,0.14030140056246226,110.0,,True,-0.0268245770453181,0.2294863613766106,1.1,0.05500000000000001,2025-06
2025-06-27,621244.0,4.5,0.6859348039644856,1.0,8,0.0,0.5575221238938053,1,-150.0,110.0,0.5861410498870794,2.0,-165.0,125.0,0.02861892599327409,over,0.6859348039644856,0.1284126800706803,-150.0,,True,0.02861892599327409,0.14322467327414262,0.6666666666666666,0.03333333333333333,2025-06
2025-06-27,607259.0,3.5,0.5618755298899741,1.0,6,0.0,0.4463496496716075,6,113.0,-138.0,0.4584009336527201,7.0,110.0,-132.0,0.012051283981112604,over,0.5618755298899741,0.11552588021836663,113.0,,True,0.012051283981112604,0.19679487866564482,1.13,0.049198719666411206,2025-06
2025-06-27,650644.0,3.5,0.7024028588512274,1.0,4,0.0,0.5995683289787572,1,-182.0,132.0,0.6113818996179686,1.0,-195.0,138.0,0.011813570639211401,over,0.7024028588512274,0.10283452987247022,-182.0,,True,0.011813570639211401,0.0883384955826711,0.5494505494505495,0.022084623895667788,2025-06
2025-06-27,682847.0,3.5,0.7726595712338451,1.0,5,0.0,0.6741798705646062,1,-265.0,185.0,0.6966860138550833,1.0,-305.0,205.0,0.022506143290477176,over,0.7726595712338451,0.09847970066923895,-265.0,,True,0.022506143290477176,0.06422922075605081,0.37735849056603776,0.01605730518901266,2025-06
2025-06-27,687765.0,3.5,0.699460690227699,1.0,5,0.0,0.6183206106870229,1,-200.0,143.0,0.6268656716417911,1.0,-210.0,148.0,0.008545060954768147,over,0.699460690227699,0.08114007954067604,-200.0,,True,0.008545060954768147,0.04919103534154845,0.5,0.012297758835387085,2025-06
2025-06-27,687830.0,4.5,0.6236617811102586,1.0,5,0.0,0.4126378915902397,6,132.0,-165.0,0.4146006945233392,6.0,134.0,-155.0,0.0019628029330994723,over,0.6236617811102586,0.21102388952001888,132.0,,True,0.0019628029330994723,0.4468953321758,1.32,0.066,2025-06
2025-06-27,656605.0,4.5,0.630585110333847,0.0,4,0.0,0.48737507014210385,6,-102.0,-116.0,0.45910209253678086,7.0,113.0,-125.0,-0.02827297760532299,over,0.630585110333847,0.14321004019174316,-102.0,,False,-0.02827297760532299,0.2488058067395793,-1.0,-0.05,2025-06
2025-06-27,656849.0,4.5,0.704269119142395,1.0,5,0.0,0.577546744841934,5,-155.0,125.0,0.5601120664140026,7.0,-135.0,120.0,-0.01743467842793145,over,0.704269119142395,0.12672237430046096,-155.0,,True,-0.01743467842793145,0.1586362927826498,0.6451612903225806,0.03225806451612903,2025-06
2025-06-27,701581.0,4.5,0.5699749181656601,1.0,6,0.0,0.4755948504167911,6,100.0,-125.0,0.4919695467477721,6.0,100.0,-110.0,0.016374696330980987,over,0.5699749181656601,0.09438006774886903,100.0,,True,0.016374696330980987,0.1399498363313203,1.0,0.034987459082830075,2025-06
2025-06-28,677958.0,4.5,0.6312181211972147,1.0,6,0.0,0.524740227610094,1,-126.0,-102.0,0.534741078265126,5.0,-126.0,105.0,0.010000850655031979,over,0.6312181211972147,0.10647789358712068,-126.0,,True,0.010000850655031979,0.1321848840521469,0.7936507936507936,0.033046221013036725,2025-06
2025-06-28,681190.0,3.5,0.653073603080242,0.0,3,0.0,0.4207231191020304,2,130.0,-154.0,0.4388478146085753,6.0,120.0,-135.0,0.018124695506544886,over,0.653073603080242,0.23235048397821156,130.0,,False,0.018124695506544886,0.5020692870845566,-1.0,-0.05,2025-06
2025-06-28,645261.0,4.5,0.5208266537692525,0.0,4,0.0,0.40790920308379575,2,134.0,-165.0,0.4199582684182069,6.0,130.0,-155.0,0.012049065334411135,over,0.5208266537692525,0.11291745068545678,134.0,,False,0.012049065334411135,0.2187343698200509,-1.0,-0.04080865108583037,2025-06
2025-06-28,680885.0,5.5,0.6266103530153585,1.0,12,0.0,0.5461140221989209,5,-135.0,114.0,0.5646831116960586,6.0,-135.0,125.0,0.018569089497137647,over,0.6266103530153585,0.08049633081643759,-135.0,,True,0.018569089497137647,0.09076617006377219,0.7407407407407407,0.02269154251594302,2025-06
2025-06-28,676664.0,4.5,0.5208271337702722,0.0,4,0.0,0.4282584157758449,1,118.0,-158.0,0.4325159729196086,6.0,125.0,-145.0,0.0042575571437636905,over,0.5208271337702722,0.09256871799442734,118.0,,False,0.0042575571437636905,0.13540315161919347,-1.0,-0.0286871083938969,2025-06
2025-06-28,657376.0,5.5,0.6550508721612466,1.0,7,0.0,0.514999072230745,3,-120.0,-105.0,0.5550983467856533,6.0,-137.0,120.0,0.04009927455490825,over,0.6550508721612466,0.14005179993050154,-120.0,,True,0.04009927455490825,0.20092659896228537,0.8333333333333334,0.04166666666666667,2025-06
2025-06-28,671096.0,4.5,0.5441527003331608,0.0,4,0.0,0.44102958397659536,2,120.0,-136.0,0.4375813289428172,6.0,128.0,-135.0,-0.003448255033778158,over,0.5441527003331608,0.1031231163565654,120.0,,False,-0.003448255033778158,0.1971359407329537,-1.0,-0.04106998765269872,2025-06
2025-06-28,607625.0,4.5,0.5819484357376721,1.0,8,0.0,0.4651414890567531,2,105.0,-128.0,0.5365209301933932,6.0,-122.0,110.0,0.07137944113664008,over,0.5819484357376721,0.11680694668091895,105.0,,True,0.07137944113664008,0.19299429326222783,1.05,0.04824857331555693,2025-06
2025-06-28,605288.0,4.5,0.5322200426978407,1.0,5,0.0,0.40950200786266355,2,135.0,-160.0,0.3515030690939615,1.0,163.0,-235.0,-0.057998938768702046,over,0.5322200426978407,0.12271803483517718,135.0,,True,-0.057998938768702046,0.2507171003399258,1.35,0.06267927508498145,2025-06
2025-06-28,666200.0,5.5,0.6516195923533515,1.0,7,0.0,0.5667444119928523,3,-149.0,125.0,0.5744039949890432,4.0,-145.0,130.0,0.00765958299619085,over,0.6516195923533515,0.08487518036049924,-149.0,,True,0.00765958299619085,0.0889481778253996,0.6711409395973155,0.022237044456349882,2025-06
2025-06-28,592662.0,6.5,0.44539322892954936,0.0,6,0.0,0.5599484756049375,2,-145.0,116.0,0.5757824143865258,6.0,-138.0,128.0,0.01583393878158823,under,0.5546067710704506,0.11455524667538819,116.0,,True,-0.01583393878158823,0.19795062551217335,1.16,0.049487656378043365,2025-06
2025-06-29,593423.0,4.5,0.6437787980786653,1.0,5,0.0,0.5020229810648972,3,-115.0,-112.0,0.5232674978952715,7.0,-120.0,105.0,0.021244516830374316,over,0.6437787980786653,0.14175581701376816,-115.0,,True,0.021244516830374316,0.2035864485818526,0.8695652173913043,0.043478260869565216,2025-06
2025-06-29,615698.0,3.5,0.5086166197885478,1.0,5,0.0,0.4182581378505416,3,130.0,-160.0,0.4165094613896265,7.0,128.0,-160.0,-0.0017486764609150884,over,0.5086166197885478,0.09035848193800616,130.0,,True,-0.0017486764609150884,0.16981822551365988,1.3,0.04245455637841495,2025-06
2025-06-29,664285.0,5.5,0.5474717913582163,1.0,6,0.0,0.4414443390400875,3,120.0,-132.0,0.4695639709566469,7.0,106.0,-120.0,0.028119631916559418,over,0.5474717913582163,0.10602745231812882,120.0,,True,0.028119631916559418,0.20443794098807588,1.2,0.051109485247019026,2025-06
2025-06-29,671106.0,3.5,0.6912442710022624,1.0,6,0.0,0.5915279878971256,1,-170.0,130.0,0.6558704453441295,1.0,-240.0,170.0,0.06434245744700395,over,0.6912442710022624,0.0997162831051368,-170.0,,True,0.06434245744700395,0.09785854806241673,0.5882352941176471,0.024464637015604196,2025-06
2025-06-29,681347.0,3.5,0.7115237231910538,1.0,5,0.0,0.5252176957172519,3,-120.0,105.0,0.5207701581612438,7.0,-120.0,100.0,-0.004447537556008019,over,0.7115237231910538,0.18630602747380198,-120.0,,True,-0.004447537556008019,0.3044601591835987,0.8333333333333334,0.04166666666666667,2025-06
2025-06-29,641778.0,4.5,0.5876194448056162,0.0,4,0.0,0.5071401754025276,3,-115.0,-110.0,0.5062061243030296,7.0,102.0,100.0,-0.0009340510994980677,over,0.5876194448056162,0.08047926940308858,-115.0,,False,-0.0009340510994980677,0.09859287507136949,-1.0,-0.028345451583018696,2025-06
2025-06-29,434378.0,5.5,0.3246454104802163,0.0,3,0.0,0.4383675534282515,2,115.0,-145.0,0.4215963071130599,7.0,130.0,-145.0,-0.016771246315191612,under,0.6753545895197837,0.11372214294803523,-145.0,,True,0.016771246315191612,0.1411163753954966,0.6896551724137931,0.03448275862068966,2025-06
2025-06-29,621111.0,3.5,0.5624687920970252,0.0,3,0.0,0.4787666234510337,3,100.0,-120.0,0.481042277734523,7.0,100.0,-115.0,0.0022756542834893034,over,0.5624687920970252,0.08370216864599145,100.0,,False,0.0022756542834893034,0.12493758419405032,-1.0,-0.03123439604851258,2025-06
2025-06-29,573186.0,3.5,0.6735214678186985,0.0,1,0.0,0.46355024646080994,2,110.0,-122.0,0.4551829940038394,6.0,110.0,-132.0,-0.008367252456970564,over,0.6735214678186985,0.20997122135788854,110.0,,False,-0.008367252456970564,0.4143950824192669,-1.0,-0.05,2025-06
2025-06-30,607074.0,5.5,0.44443951820353556,0.0,4,0.0,0.5368579149915923,3,-130.0,110.0,0.4874417130089909,6.0,110.0,-113.0,-0.04941620198260138,under,0.5555604817964644,0.09241839678805674,110.0,,True,0.04941620198260138,0.16667701177257543,1.1,0.04166925294314383,2025-06
2025-06-30,663362.0,3.5,0.6489679827292848,0.0,3,0.0,0.5567594987076596,4,-143.0,115.0,0.525884631770809,6.0,-110.0,105.0,-0.030874866936850598,over,0.6489679827292848,0.09220848402162518,-143.0,,False,-0.030874866936850598,0.1027917468756378,-1.0,-0.036748049508040455,2025-06
2025-07-01,669358.0,6.5,0.5213848492556511,1.0,11,0.0,0.4263461378598382,4,120.0,-154.0,0.4925286455022317,7.0,100.0,-110.0,0.06618250764239347,over,0.5213848492556511,0.09503871139581288,120.0,,True,0.06618250764239347,0.1470466683624324,1.2,0.03676166709060813,2025-07
2025-07-01,669467.0,3.5,0.6435156899367669,0.0,3,0.0,0.5258914932233503,6,-118.0,105.0,0.5381091762628017,7.0,-130.0,108.0,0.012217683039451477,over,0.6435156899367669,0.11762419671341662,-118.0,,False,0.012217683039451477,0.18886796954419638,-1.0,-0.05,2025-07
2025-07-01,657746.0,6.5,0.4428888072465451,0.0,4,0.0,0.5236258085120742,6,-120.0,105.0,0.5126208708305736,7.0,-108.0,-102.0,-0.01100493768150057,under,0.5571111927534549,0.08073700126552907,105.0,,True,0.01100493768150057,0.1420779451445825,1.05,0.035519486286145596,2025-07
2025-07-01,665795.0,4.5,0.7800298825930834,1.0,6,0.0,0.6113818996179686,1,-195.0,138.0,0.6558704453441295,1.0,-240.0,170.0,0.0444885457261609,over,0.7800298825930834,0.16864798297511474,-195.0,,True,0.0444885457261609,0.18004520699979276,0.5128205128205128,0.02564102564102564,2025-07
2025-07-02,669022.0,6.5,0.48425996657110887,0.0,2,0.0,0.5733483414855591,2,-145.0,132.0,0.5446445239164542,8.0,-135.0,112.0,-0.028703817569104895,under,0.5157400334288911,0.08908837491445026,132.0,,True,0.028703817569104895,0.19651687755502734,1.32,0.04912921938875686,2025-07
2025-07-02,607259.0,4.5,0.6496399036562789,0.0,2,0.0,0.48542880932556204,1,-106.0,-120.0,0.4444660594275731,8.0,120.0,-130.0,-0.040962749897988926,over,0.6496399036562789,0.16421109433071684,-106.0,,False,-0.040962749897988926,0.2625077372942778,-1.0,-0.05,2025-07
2025-07-02,579328.0,5.5,0.6044278098861516,1.0,7,0.0,0.49992796430624714,6,-110.0,-110.0,0.4871455427181541,8.0,-102.0,-115.0,-0.012782421588093063,over,0.6044278098861516,0.1044998455799045,-110.0,,True,-0.012782421588093063,0.15390763705538035,0.9090909090909091,0.038476909263845116,2025-07
2025-07-02,686752.0,6.5,0.5406902811463747,1.0,9,0.0,0.4464137717557285,4,115.0,-136.0,0.4591410446924143,6.0,110.0,-130.0,0.012727272936685796,over,0.5406902811463747,0.09427650939064625,115.0,,True,0.012727272936685796,0.16248410446470563,1.15,0.040621026116176406,2025-07
2025-07-02,656605.0,4.5,0.5717796282447519,1.0,7,0.0,0.4481971537987965,5,115.0,-140.0,0.4682988611570357,8.0,112.0,-120.0,0.020101707358239185,over,0.5717796282447519,0.12358247444595544,115.0,,True,0.020101707358239185,0.22932620072621657,1.15,0.05733155018155417,2025-07
2025-07-02,656427.0,5.5,0.40305266738497325,1.0,9,0.0,0.5262813165220239,2,-125.0,100.0,0.5044510454972625,7.0,-110.0,-106.0,-0.021830271024761427,under,0.5969473326150267,0.12322864913705067,100.0,,False,0.021830271024761427,0.1938946652300535,-1.0,-0.048473666307513374,2025-07
2025-07-02,676083.0,3.5,0.6931711435954165,1.0,7,0.0,0.5711473431577754,6,-146.0,125.0,0.5403797587752017,8.0,-125.0,115.0,-0.030767584382573654,over,0.6931711435954165,0.12202380043764116,-146.0,,True,-0.030767584382573654,0.16794589948268812,0.684931506849315,0.03424657534246575,2025-07
2025-07-03,500779.0,4.5,0.47159247510984886,0.0,3,0.0,0.37974683544303806,1,145.0,-200.0,0.39740067448356015,3.0,145.0,-170.0,0.01765383904052209,over,0.47159247510984886,0.09184563966681081,145.0,,False,0.01765383904052209,0.15540156401912963,-1.0,-0.02679337310674651,2025-07
2025-07-03,691587.0,5.5,0.6298114748291661,1.0,7,0.0,0.4397864501002579,3,120.0,-136.0,0.43657265613135643,8.0,120.0,-143.0,-0.0032137939689014794,over,0.6298114748291661,0.1900250247289082,120.0,,True,-0.0032137939689014794,0.38558524462416544,1.2,0.06,2025-07
2025-07-03,667755.0,4.5,0.6600264030068774,1.0,7,0.0,0.46171811995448575,7,110.0,-125.0,0.5070974837327207,8.0,-110.0,-105.0,0.04537936377823493,over,0.6600264030068774,0.19830828305239168,110.0,,True,0.04537936377823493,0.38605544631444266,1.1,0.05500000000000001,2025-07
2025-07-03,663623.0,3.5,0.7268965000921054,1.0,4,0.0,0.6075234888330145,2,-172.0,143.0,0.6221740476927841,1.0,-205.0,145.0,0.014650558859769514,over,0.7268965000921054,0.11937301125909083,-172.0,,True,0.014650558859769514,0.14951074433170153,0.5813953488372093,0.029069767441860468,2025-07
2025-07-03,687888.0,4.5,0.6754444355134797,0.0,3,0.0,0.42639210722059184,3,130.0,-140.0,0.491212626171193,8.0,-101.0,-110.0,0.06482051895060115,over,0.6754444355134797,0.24905232829288781,130.0,,False,0.06482051895060115,0.5535222016810032,-1.0,-0.05,2025-07
2025-07-03,607536.0,3.5,0.5983770015475101,0.0,2,0.0,0.4133840318050844,2,135.0,-154.0,0.4202690094268319,8.0,130.0,-152.0,0.006884977621747501,over,0.5983770015475101,0.18499296974242568,135.0,,False,0.006884977621747501,0.40618595363664867,-1.0,-0.05,2025-07
2025-07-04,607067.0,3.5,0.6019680787719037,1.0,4,0.0,0.5145849225379155,5,-115.0,100.0,0.5057402546923274,8.0,-115.0,-106.0,-0.008844667845588128,over,0.6019680787719037,0.08738315623398818,-115.0,,True,-0.008844667845588128,0.12541858205182,0.8695652173913043,0.03135464551295497,2025-07
2025-07-04,450203.0,4.5,0.6007034017850545,1.0,7,0.0,0.5118275463833036,6,-110.0,100.0,0.5440715434680825,8.0,-125.0,110.0,0.032243997084778875,over,0.6007034017850545,0.08887585540175091,-110.0,,True,0.032243997084778875,0.14679740340783143,0.9090909090909091,0.03669935085195786,2025-07
2025-07-04,681190.0,3.5,0.567788133940841,0.0,1,0.0,0.42911713596342416,7,124.0,-150.0,0.43208475710579025,7.0,125.0,-145.0,0.0029676211423660948,over,0.567788133940841,0.1386709979774169,124.0,,False,0.0029676211423660948,0.2718454200274839,-1.0,-0.05,2025-07
2025-07-04,645261.0,4.5,0.6112616767310836,0.0,4,0.0,0.4551949809873291,6,115.0,-126.0,0.44038481095244925,8.0,120.0,-143.0,-0.014810170034879833,over,0.6112616767310836,0.15606669574375448,115.0,,False,-0.014810170034879833,0.31421260497182957,-1.0,-0.05,2025-07
2025-07-04,641793.0,4.5,0.525889558808555,1.0,5,0.0,0.43319260358039113,5,124.0,-145.0,0.42793216754178987,7.0,130.0,-146.0,-0.005260436038601268,over,0.525889558808555,0.0926969552281639,124.0,,True,-0.005260436038601268,0.17799261173116332,1.24,0.04449815293279086,2025-07
2025-07-05,593423.0,5.5,0.5917614862596168,0.0,2,0.0,0.4630555430327775,5,110.0,-128.0,0.4456984499036207,8.0,120.0,-135.0,-0.017357093129156842,over,0.5917614862596168,0.12870594322683926,110.0,,False,-0.017357093129156842,0.24269912114519532,-1.0,-0.05,2025-07
2025-07-05,680730.0,4.5,0.6035443926703467,0.0,4,0.0,0.5146258439797039,5,-119.0,-102.0,0.5202745812005183,8.0,-115.0,100.0,0.0056487372208143816,over,0.6035443926703467,0.08891854869064275,-119.0,,False,0.0056487372208143816,0.11072455457820096,-1.0,-0.032940554987014786,2025-07
2025-07-05,669194.0,3.5,0.6723745862672559,1.0,5,0.0,0.5205049246449536,2,-118.0,100.0,0.5545807581769504,8.0,-137.0,125.0,0.034075833531996835,over,0.6723745862672559,0.1518696616223023,-118.0,,True,0.034075833531996835,0.2421835576801845,0.847457627118644,0.0423728813559322,2025-07
2025-07-05,671737.0,4.5,0.659280678132901,1.0,5,0.0,0.5749450761844581,4,-155.0,125.0,0.5740043766567253,6.0,-155.0,122.0,-0.0009406995277327912,over,0.659280678132901,0.08433560194844292,-155.0,,True,-0.0009406995277327912,0.08462305112186941,0.6451612903225806,0.021155762780467324,2025-07
2025-07-06,542881.0,3.5,0.557727418675195,0.0,2,0.0,0.43171981908947765,5,125.0,-149.0,0.4618439878701043,8.0,110.0,-120.0,0.030124168780626626,over,0.557727418675195,0.1260075995857174,125.0,,False,0.030124168780626626,0.2548866920191888,-1.0,-0.05,2025-07
2025-07-06,676979.0,7.5,0.45802343717803407,0.0,7,0.0,0.5904601300891351,1,-172.0,128.0,0.5743567646336439,6.0,-150.0,123.0,-0.01610336545549118,under,0.5419765628219659,0.13243669291110105,128.0,,True,0.01610336545549118,0.23570656323408234,1.28,0.058926640808520614,2025-07
2025-07-06,669923.0,5.5,0.6288301162218037,1.0,9,0.0,0.5329027462551624,3,-125.0,114.0,0.5486886626292042,8.0,-135.0,112.0,0.01578591637404181,over,0.6288301162218037,0.09592736996664131,-125.0,,True,0.01578591637404181,0.13189420919924677,0.8,0.03297355229981169,2025-07
2025-07-06,571510.0,5.5,0.33254125892695446,1.0,9,0.0,0.4284490436286984,5,122.0,-154.0,0.4444093259176786,8.0,120.0,-130.0,0.01596028228898022,under,0.6674587410730455,0.09590778470174394,-154.0,,False,-0.01596028228898022,0.10087350800359451,-1.0,-0.03883630058138389,2025-07
2025-07-06,608331.0,5.5,0.5581967275777979,0.0,5,0.0,0.46239786237075475,2,105.0,-130.0,0.47475562991719616,8.0,102.0,-115.0,0.012357767546441412,over,0.5581967275777979,0.09579886520704317,105.0,,False,0.012357767546441412,0.14430329153448573,-1.0,-0.034357926555829935,2025-07
2025-07-06,665795.0,4.5,0.7431123380208249,1.0,5,0.0,0.6047430830039526,1,-180.0,138.0,0.6202531645569621,1.0,-200.0,145.0,0.01551008155300948,over,0.7431123380208249,0.13836925501687225,-180.0,,True,0.01551008155300948,0.15595252581017205,0.5555555555555556,0.02777777777777778,2025-07
2025-07-06,681343.0,4.5,0.6213519102778333,0.0,2,0.0,0.5229222733602591,3,-125.0,-102.0,0.5426465446704283,8.0,-135.0,110.0,0.019724271310169184,over,0.6213519102778333,0.09842963691757423,-125.0,,False,0.019724271310169184,0.11843343850010002,-1.0,-0.037010449531281256,2025-07
2025-07-06,656550.0,6.5,0.6584499625711396,0.0,5,0.0,0.5677332141496438,2,-150.0,120.0,0.5887850467289719,1.0,-175.0,125.0,0.021051832579328078,over,0.6584499625711396,0.0907167484214958,-150.0,,False,0.021051832579328078,0.09741660428523269,-1.0,-0.03653122660696226,2025-07
2025-07-06,687473.0,4.5,0.5741384240861093,0.0,1,0.0,0.4557204007964186,3,110.0,-135.0,0.4376432879117886,8.0,120.0,-140.0,-0.018077112884630042,over,0.5741384240861093,0.11841802328969064,110.0,,False,-0.018077112884630042,0.20569069058082956,-1.0,-0.04674788422291581,2025-07
2025-07-07,663903.0,5.5,0.46708211661046406,0.0,3,0.0,0.3616133518776078,1,155.0,-225.0,0.38663171690694625,1.0,140.0,-195.0,0.025018365029338463,over,0.46708211661046406,0.10546876473285627,155.0,,False,0.025018365029338463,0.19105939735668342,-1.0,-0.030816031831723097,2025-07
2025-07-07,669358.0,5.5,0.645883897600552,1.0,7,0.0,0.45253423527984094,2,110.0,-135.0,0.46935695680034584,8.0,106.0,-123.0,0.016822721520504902,over,0.645883897600552,0.19334966232071105,110.0,,True,0.016822721520504902,0.3563561849611592,1.1,0.05500000000000001,2025-07
2025-07-07,680732.0,4.5,0.4632064734373177,0.0,2,0.0,0.34977812581571394,1,165.0,-235.0,0.374948788251237,3.0,160.0,-190.0,0.025170662435523072,over,0.4632064734373177,0.11342834762160375,165.0,,False,0.025170662435523072,0.22749715460889186,-1.0,-0.034469265849832086,2025-07
2025-07-07,596295.0,3.5,0.6302901132509742,1.0,5,0.0,0.4870871149215466,7,105.0,-112.0,0.457890630624286,8.0,114.0,-125.0,-0.029196484297260628,over,0.6302901132509742,0.14320299832942757,105.0,,True,-0.029196484297260628,0.2920947321644971,1.05,0.052500000000000005,2025-07
2025-07-07,676083.0,3.5,0.7176583719133327,0.0,3,0.0,0.5889062026576635,2,-160.0,135.0,0.5944380069524914,1.0,-180.0,128.0,0.005531804294827913,over,0.7176583719133327,0.12875216925566924,-160.0,,False,0.005531804294827913,0.16619485435916564,-1.0,-0.05,2025-07
2025-07-08,607536.0,3.5,0.7179300725173381,1.0,6,0.0,0.6287425149700598,1,-210.0,150.0,0.6304985337243401,1.0,-215.0,150.0,0.0017560187542802197,over,0.7179300725173381,0.08918755754727825,-210.0,,True,0.0017560187542802197,0.0598015356208324,0.47619047619047616,0.014950383905208142,2025-07
2025-07-08,691587.0,4.5,0.7841415966733111,1.0,8,0.0,0.6367763904653803,1,-220.0,155.0,0.6183206106870229,1.0,-200.0,143.0,-0.01845577977835733,over,0.7841415966733111,0.1473652062079308,-220.0,,True,-0.01845577977835733,0.14056959516117973,0.45454545454545453,0.022727272727272728,2025-07
2025-07-08,701542.0,5.5,0.6791443560673328,0.0,4,0.0,0.5290028197737862,5,-125.0,104.0,0.5352455260381979,8.0,-128.0,120.0,0.0062427062644117015,over,0.6791443560673328,0.15014153629354665,-125.0,,False,0.0062427062644117015,0.22245984092119908,-1.0,-0.05,2025-07
2025-07-08,663623.0,3.5,0.5859990517041076,0.0,3,0.0,0.4602939552920879,4,105.0,-135.0,0.49365618968892117,8.0,-104.0,-110.0,0.03336223439683328,over,0.5859990517041076,0.1257050964120197,105.0,,False,0.03336223439683328,0.20129805599342065,-1.0,-0.04792810856986203,2025-07
2025-07-08,650644.0,3.5,0.6021181542357325,0.0,0,0.0,0.44128246131104676,5,120.0,-136.0,0.4338414575834207,8.0,125.0,-143.0,-0.007441003727626072,over,0.6021181542357325,0.1608356929246857,120.0,,False,-0.007441003727626072,0.32465993931861137,-1.0,-0.05,2025-07
2025-07-08,656605.0,3.5,0.6863208260752331,1.0,5,0.0,0.584776732802066,2,-165.0,130.0,0.606245756958588,1.0,-190.0,135.0,0.021469024156521965,over,0.6863208260752331,0.10154409327316716,-165.0,,True,0.021469024156521965,0.10227284187840474,0.6060606060606061,0.02556821046960117,2025-07
2025-07-08,687064.0,3.5,0.5885001718692113,1.0,6,0.0,0.5000029140409005,5,-110.0,-110.0,0.5208199727729664,8.0,-116.0,100.0,0.020817058732065963,over,0.5885001718692113,0.08849725782831086,-110.0,,True,0.020817058732065963,0.12350032811394884,0.9090909090909091,0.030875082028487207,2025-07
2025-07-08,656427.0,6.5,0.3145935778937259,1.0,8,0.0,0.4004316710212427,1,132.0,-182.0,0.4055619930475087,1.0,128.0,-180.0,0.005130322026265954,under,0.6854064221062741,0.08583809312751683,-182.0,,False,-0.005130322026265954,0.062003357329501685,-1.0,-0.028211527584923214,2025-07
2025-07-08,607259.0,4.5,0.5712139626080608,0.0,2,0.0,0.3886181003820313,1,138.0,-195.0,0.4312111480975032,6.0,123.0,-150.0,0.0425930477154719,over,0.5712139626080608,0.18259586222602947,138.0,,False,0.0425930477154719,0.35948923100718466,-1.0,-0.05,2025-07
2025-07-08,680573.0,3.5,0.6881366761750677,1.0,4,0.0,0.5704421571159864,6,-148.0,125.0,0.5698368742316073,8.0,-150.0,126.0,-0.0006052828843791103,over,0.6881366761750677,0.11769451905908124,-148.0,,True,-0.0006052828843791103,0.15309388980687016,0.6756756756756757,0.033783783783783786,2025-07
2025-07-08,686752.0,6.5,0.4387723505513512,0.0,6,0.0,0.33333333333333337,1,180.0,-250.0,0.3373493975903614,1.0,175.0,-250.0,0.004016064257028051,over,0.4387723505513512,0.10543901721801785,180.0,,False,0.004016064257028051,0.2285625815437834,-1.0,-0.03174480299219212,2025-07
2025-07-08,694819.0,5.5,0.6233309248531549,1.0,12,0.0,0.4276022780117986,5,124.0,-150.0,0.436374476092916,6.0,122.0,-145.0,0.0087721980811174,over,0.6233309248531549,0.19572864684135627,124.0,,True,0.0087721980811174,0.39626127167106695,1.24,0.062,2025-07
2025-07-09,622608.0,3.5,0.6016263016872627,0.0,3,0.0,0.41435568828978286,5,136.0,-155.0,0.4110196324750051,5.0,136.0,-167.0,-0.0033360558147777497,over,0.6016263016872627,0.18727061339747986,136.0,,False,-0.0033360558147777497,0.4198380719819401,-1.0,-0.05,2025-07
2025-07-09,641793.0,4.5,0.5258397226519396,0.0,4,0.0,0.44340809511438123,4,115.0,-145.0,0.4435524292659839,8.0,118.0,-135.0,0.00014433415160269858,over,0.5258397226519396,0.08243162753755834,115.0,,False,0.00014433415160269858,0.13055540370167007,-1.0,-0.028381609500363062,2025-07
2025-07-09,641778.0,4.5,0.5619655227247289,1.0,7,0.0,0.4655440389804811,3,105.0,-122.0,0.5451969765210817,7.0,-117.0,120.0,0.0796529375406006,over,0.5619655227247289,0.0964214837442478,105.0,,True,0.0796529375406006,0.15202932158569427,1.05,0.03800733039642351,2025-07
2025-07-09,605288.0,3.5,0.6049151978595377,0.0,2,0.0,0.47065074605051044,3,102.0,-125.0,0.4295861544734457,7.0,130.0,-139.0,-0.04106459157706471,over,0.6049151978595377,0.1342644518090273,102.0,,False,-0.04106459157706471,0.22192869967626627,-1.0,-0.05,2025-07
2025-07-09,645261.0,4.5,0.7247558816869917,0.0,4,0.0,0.5404722473000982,5,-125.0,112.0,0.5584548529760274,8.0,-140.0,120.0,0.01798260567592913,over,0.7247558816869917,0.18428363438689344,-125.0,,False,0.01798260567592913,0.30456058703658506,-1.0,-0.05,2025-07
2025-07-09,663460.0,5.5,0.5102173847280234,1.0,6,0.0,0.6096561652178727,1,-182.0,142.0,0.6174384913454269,2.0,-186.0,156.0,0.007782326127554251,under,0.48978261527197664,0.09943878048984933,142.0,,False,-0.007782326127554251,0.1852739289581834,-1.0,-0.03261864946446893,2025-07
2025-07-09,434378.0,4.5,0.571684536444591,1.0,7,0.0,0.4483395138350393,3,110.0,-138.0,0.458537216769015,8.0,110.0,-129.0,0.010197702933975705,over,0.571684536444591,0.12334502260955177,110.0,,True,0.010197702933975705,0.2005375265336412,1.1,0.05013438163341032,2025-07
2025-07-09,688138.0,3.5,0.7041720594237396,0.0,2,0.0,0.5588050969536911,2,-145.0,114.0,0.5433640726778757,8.0,-132.0,115.0,-0.015441024275815396,over,0.7041720594237396,0.14536696247004854,-145.0,,False,-0.015441024275815396,0.18980796247459458,-1.0,-0.05,2025-07
2025-07-09,669022.0,5.5,0.42457595795867276,1.0,7,0.0,0.5447454005584266,5,-135.0,110.0,0.4746100002340324,7.0,105.0,-115.0,-0.07013540032439419,under,0.5754240420413272,0.12016944259975382,110.0,,False,0.07013540032439419,0.2083904882867873,-1.0,-0.047361474610633475,2025-07
2025-07-09,701581.0,4.5,0.6644968985359263,0.0,3,0.0,0.5282740658304069,5,-125.0,104.0,0.49567117239737024,8.0,-105.0,-108.0,-0.032602893433036684,over,0.6644968985359263,0.13622283270551938,-125.0,,False,-0.032602893433036684,0.19609441736466737,-1.0,-0.05,2025-07
2025-07-10,573186.0,3.5,0.6016439085874589,0.0,3,0.0,0.5003326272674903,6,-105.0,-110.0,0.4996523961509686,8.0,-110.0,-108.0,-0.0006802311165216568,over,0.6016439085874589,0.10131128131996858,-105.0,,False,-0.0006802311165216568,0.17463810724218154,-1.0,-0.04584250315107269,2025-07
2025-07-10,671737.0,4.5,0.6840150576530702,1.0,5,0.0,0.5766022565608516,5,-160.0,125.0,0.5919881305637983,1.0,-175.0,128.0,0.015385874002946665,over,0.6840150576530702,0.10741280109221862,-160.0,,True,0.015385874002946665,0.11152446868623916,0.625,0.027881117171559777,2025-07
2025-07-10,450203.0,5.5,0.560047395335587,0.0,4,0.0,0.449438202247191,1,110.0,-140.0,0.4600138331976921,8.0,116.0,-125.0,0.010575630950501125,over,0.560047395335587,0.11060919308839601,110.0,,False,0.010575630950501125,0.1760995302047328,-1.0,-0.040022620501075634,2025-07
2025-07-10,608372.0,3.5,0.5831221638394962,0.0,2,0.0,0.3865700692041523,1,144.0,-186.0,0.4062547406229884,4.0,135.0,-168.0,0.019684671418836064,over,0.5831221638394962,0.1965520946353439,144.0,,False,0.019684671418836064,0.4228180797683707,-1.0,-0.05,2025-07
2025-07-11,622491.0,4.5,0.7003293812336684,1.0,6,0.0,0.5840728243023239,2,-160.0,128.0,0.5760879127898964,3.0,-150.0,125.0,-0.007984911512427528,over,0.7003293812336684,0.11625655693134451,-160.0,,True,-0.007984911512427528,0.13803524450471116,0.625,0.03125,2025-07
2025-07-11,665795.0,4.5,0.7679557434707932,1.0,6,0.0,0.6558704453441295,1,-240.0,170.0,0.6428571428571429,1.0,-225.0,160.0,-0.013013302486986622,over,0.7679557434707932,0.11208529812666368,-240.0,,True,-0.013013302486986622,0.08793730325029037,0.4166666666666667,0.020833333333333336,2025-07
2025-07-11,608566.0,3.5,0.7391157025591826,1.0,8,0.0,0.6428571428571429,1,-225.0,160.0,0.644396551724138,1.0,-230.0,160.0,0.0015394088669951067,over,0.7391157025591826,0.09625855970203967,-225.0,,True,0.0015394088669951067,0.0676115703632637,0.4444444444444444,0.0169028925908159,2025-07
2025-07-12,593423.0,3.5,0.6660910616663005,1.0,5,0.0,0.5616595910910185,4,-138.0,120.0,0.5753597953853989,5.0,-150.0,125.0,0.013700204294380458,over,0.6660910616663005,0.10443147057528201,-138.0,,True,0.013700204294380458,0.14876574403318493,0.7246376811594203,0.036231884057971016,2025-07
2025-07-12,687134.0,3.5,0.5891136692419663,0.0,1,0.0,0.4087443647294762,3,135.0,-166.0,0.4102149412315937,5.0,130.0,-162.0,0.0014705765021175154,over,0.5891136692419663,0.18036930451249011,135.0,,False,0.0014705765021175154,0.38441712271862083,-1.0,-0.05,2025-07
2025-07-12,694738.0,3.5,0.7856265839431595,1.0,8,0.0,0.5585996631345543,3,-140.0,125.0,0.5831118474270006,5.0,-154.0,133.0,0.024512184292446282,over,0.7856265839431595,0.2270269208086052,-140.0,,True,0.024512184292446282,0.346788429616845,0.7142857142857143,0.03571428571428572,2025-07
2025-07-12,594798.0,6.5,0.5817850062098883,1.0,8,0.0,0.4327415010132998,4,120.0,-146.0,0.4348462853783445,5.0,124.0,-140.0,0.002104784365044743,over,0.5817850062098883,0.1490435051965885,120.0,,True,0.002104784365044743,0.2799270136617542,1.2,0.06,2025-07
2025-07-12,680732.0,4.5,0.5546131619961459,1.0,5,0.0,0.4285079020999982,2,125.0,-146.0,0.4305117468857562,6.0,128.0,-146.0,0.0020038447857580466,over,0.5546131619961459,0.12610525989614768,125.0,,True,0.0020038447857580466,0.24787961449132823,1.25,0.06196990362283206,2025-07
2025-07-12,554430.0,6.5,0.3476504064303588,0.0,6,0.0,0.438618615753324,5,115.0,-145.0,0.49899978846261017,7.0,-105.0,-105.0,0.06038117270928617,under,0.6523495935696412,0.09096820932296518,-145.0,,True,-0.06038117270928617,0.10224586499697996,0.6896551724137931,0.025561466249244987,2025-07
2025-07-12,669923.0,5.5,0.5538006837981603,1.0,6,0.0,0.42323235100515894,3,136.0,-150.0,0.4315153158636071,7.0,125.0,-145.0,0.00828296485844815,over,0.5538006837981603,0.13056833279300134,136.0,,True,0.00828296485844815,0.3069696137636583,1.36,0.068,2025-07
2025-07-12,669358.0,5.5,0.5822855772198593,0.0,3,0.0,0.45326162097294914,3,110.0,-135.0,0.43018925235741734,6.0,125.0,-140.0,-0.023072368615531802,over,0.5822855772198593,0.12902395624691015,110.0,,False,-0.023072368615531802,0.22279971216170458,-1.0,-0.05,2025-07
2025-07-12,676440.0,5.5,0.6086016770736856,0.0,5,0.0,0.4816594059536746,2,100.0,-118.0,0.45398937945342027,6.0,112.0,-130.0,-0.027670026500254352,over,0.6086016770736856,0.126942271120011,100.0,,False,-0.027670026500254352,0.21720335414737124,-1.0,-0.05,2025-07
2025-07-13,701542.0,4.5,0.6848917470276131,0.0,1,0.0,0.5751633986928104,1,-160.0,120.0,0.5804033224173416,2.0,-150.0,130.0,0.0052399237245311925,over,0.6848917470276131,0.10972834833480272,-160.0,,False,0.0052399237245311925,0.11294908891987132,-1.0,-0.04517963556794857,2025-07
2025-07-13,656605.0,4.5,0.7278673171894797,0.0,3,0.0,0.5306122448979592,2,-130.0,100.0,0.5813323058067841,5.0,-159.0,135.0,0.05072006090882486,over,0.7278673171894797,0.1972550722915205,-130.0,,False,0.05072006090882486,0.28776525348907955,-1.0,-0.05,2025-07
2025-07-13,686613.0,6.5,0.5855186535754363,1.0,8,0.0,0.4409463635544733,4,115.0,-140.0,0.45478904304689,7.0,120.0,-123.0,0.013842679492416687,over,0.5855186535754363,0.144572290020963,115.0,,True,0.013842679492416687,0.25886510518718797,1.15,0.057499999999999996,2025-07
2025-07-13,605280.0,3.5,0.5575428650927854,0.0,2,0.0,0.4336205704316636,4,130.0,-136.0,0.38056923481405946,6.0,160.0,-180.0,-0.05305133561760411,over,0.5575428650927854,0.12392229466112181,130.0,,False,-0.05305133561760411,0.2823485897134064,-1.0,-0.05,2025-07
2025-07-13,680573.0,3.5,0.7189473547643428,0.0,3,0.0,0.5834970530451867,1,-165.0,125.0,0.644396551724138,1.0,-230.0,160.0,0.06089949867895128,over,0.7189473547643428,0.13545030171915606,-165.0,,False,0.06089949867895128,0.15467302431848995,-1.0,-0.05,2025-07
2025-07-13,605488.0,3.5,0.6457893290815426,1.0,5,0.0,0.5522770864862386,3,-140.0,114.0,0.5481870524392926,8.0,-130.0,120.0,-0.004090034046946078,over,0.6457893290815426,0.093512242595304,-140.0,,True,-0.004090034046946078,0.10706742128264451,0.7142857142857143,0.02676685532066114,2025-07
2025-07-13,663623.0,3.5,0.6293026836742476,1.0,5,0.0,0.5209401846991997,4,-120.0,102.0,0.5788708164002936,8.0,-150.0,135.0,0.057930631701093915,over,0.6293026836742476,0.1083624989750479,-120.0,,True,0.057930631701093915,0.15372158673612057,0.8333333333333334,0.038430396684030144,2025-07
2025-07-13,702070.0,4.5,0.6117703340289623,1.0,8,0.0,0.4549437725498202,4,110.0,-135.0,0.47859337133835234,8.0,100.0,-116.0,0.023649598788532122,over,0.6117703340289623,0.1568265614791421,110.0,,True,0.023649598788532122,0.28471770146082087,1.1,0.05500000000000001,2025-07
2025-07-18,645261.0,4.5,0.5351751588728552,0.0,2,0.0,0.38663171690694625,1,140.0,-195.0,0.40701775008816266,1.0,128.0,-177.0,0.0203860331812164,over,0.5351751588728552,0.1485434419659089,140.0,,False,0.0203860331812164,0.28442038129485236,-1.0,-0.05,2025-07
2025-07-18,671737.0,4.5,0.7433518098778412,1.0,6,0.0,0.6502218741842861,1,-235.0,165.0,0.6428571428571429,1.0,-225.0,160.0,-0.007364731327143215,over,0.7433518098778412,0.0931299356935551,-235.0,,True,-0.007364731327143215,0.059671728974794946,0.425531914893617,0.014917932243698695,2025-07
2025-07-18,676664.0,4.5,0.565274952431439,1.0,5,0.0,0.3297199638663053,1,180.0,-265.0,0.40918030601020033,2.0,143.0,-150.0,0.07946034214389502,over,0.565274952431439,0.23555498856513368,180.0,,True,0.07946034214389502,0.5827698668080291,1.8,0.09000000000000001,2025-07
2025-07-18,666157.0,4.5,0.70747938756153,1.0,7,0.0,0.5780254777070064,1,-165.0,120.0,0.5867701004812762,4.0,-150.0,135.0,0.008744622774269795,over,0.70747938756153,0.12945390985452354,-165.0,,True,0.008744622774269795,0.13625477396245722,0.6060606060606061,0.030303030303030304,2025-07
2025-07-18,686563.0,4.5,0.4807943324272067,0.0,2,0.0,0.3236245954692557,1,185.0,-275.0,0.3483606557377049,1.0,165.0,-240.0,0.02473606026844921,over,0.4807943324272067,0.157169736957951,185.0,,False,0.02473606026844921,0.37026384741753915,-1.0,-0.05,2025-07
2025-07-19,641793.0,3.5,0.7506891116804969,0.0,3,0.0,0.6502218741842861,1,-235.0,165.0,0.6558704453441295,1.0,-240.0,170.0,0.005648571159843407,over,0.7506891116804969,0.10046723749621078,-235.0,,False,0.005648571159843407,0.07013128686368708,-1.0,-0.041202131032416094,2025-07
2025-07-19,669194.0,4.5,0.49029362498979356,0.0,4,0.0,0.40847201210287437,1,130.0,-170.0,0.38461538461538464,1.0,140.0,-200.0,-0.023856627487489734,over,0.49029362498979356,0.08182161288691919,130.0,,False,-0.023856627487489734,0.12767533747652526,-1.0,-0.024552949514716375,2025-07
2025-07-19,622663.0,3.5,0.7559944494218276,0.0,3,0.0,0.5400752859221678,5,-130.0,108.0,0.5673656041040925,8.0,-137.0,128.0,0.027290318181924733,over,0.7559944494218276,0.21591916349965978,-130.0,,False,0.027290318181924733,0.3375286412847719,-1.0,-0.05,2025-07
2025-07-19,605288.0,4.5,0.4621980840154284,1.0,5,0.0,0.30859375,1,200.0,-295.0,0.32582012943539385,1.0,185.0,-265.0,0.017226379435393846,over,0.4621980840154284,0.1536043340154284,200.0,,True,0.017226379435393846,0.38659425204628517,2.0,0.09664856301157132,2025-07
2025-07-19,677958.0,4.5,0.6413223893223156,1.0,5,0.0,0.49862198120284373,5,-102.0,-110.0,0.5303293423454508,8.0,-120.0,107.0,0.03170736114260708,over,0.6413223893223156,0.14270040811947182,-102.0,,True,0.03170736114260708,0.27006982983438965,0.9803921568627451,0.049019607843137254,2025-07
2025-07-19,579328.0,6.5,0.5143365620010515,1.0,8,0.0,0.37974683544303806,1,145.0,-200.0,0.42773765177517015,5.0,130.0,-145.0,0.04799081633213209,over,0.5143365620010515,0.13458972655801343,145.0,,True,0.04799081633213209,0.2601245769025762,1.45,0.06503114422564404,2025-07
2025-07-19,681347.0,3.5,0.6890511905490231,1.0,6,0.0,0.5950884373629587,1,-177.0,130.0,0.5929822499118372,1.0,-177.0,128.0,-0.002106187451121455,over,0.6890511905490231,0.0939627531860644,-177.0,,True,-0.002106187451121455,0.07834564848632425,0.5649717514124294,0.019586412121581073,2025-07
2025-07-20,656550.0,5.5,0.6711403518617867,0.0,2,0.0,0.5657191479605934,4,-145.0,120.0,0.577584782594548,3.0,-160.0,123.0,0.011865634633954625,over,0.6711403518617867,0.10542120390119325,-145.0,,False,0.011865634633954625,0.13399576693888093,-1.0,-0.04857346551534433,2025-07
2025-07-20,477132.0,3.5,0.6443107826737593,0.0,2,0.0,0.501288437194111,3,-106.0,-105.0,0.5233028448389384,8.0,-114.0,110.0,0.022014407644827427,over,0.6443107826737593,0.14302234547964832,-106.0,,False,0.022014407644827427,0.25215114368673974,-1.0,-0.05,2025-07
2025-07-20,676979.0,6.5,0.4801420209824503,0.0,5,0.0,0.5675301807583657,2,-150.0,118.0,0.5715022039198779,7.0,-136.0,135.0,0.003972023161512239,under,0.5198579790175497,0.08738815977591541,118.0,,True,-0.003972023161512239,0.13329039425825828,1.18,0.03332259856456454,2025-07
2025-07-20,571945.0,3.5,0.5577387150827581,0.0,3,0.0,0.45760346868118423,3,110.0,-132.0,0.46940724671352035,8.0,106.0,-118.0,0.01180377803233612,over,0.5577387150827581,0.10013524640157384,110.0,,False,0.01180377803233612,0.171251301673792,-1.0,-0.038920750380407265,2025-07
2025-07-20,500779.0,3.5,0.5487588160727156,1.0,5,0.0,0.4345569000066136,3,120.0,-145.0,0.453567636596407,8.0,115.0,-125.0,0.019010736589793353,over,0.5487588160727156,0.11420191606610197,120.0,,True,0.019010736589793353,0.20726939535997424,1.2,0.051817348839993616,2025-07
2025-07-20,571760.0,3.5,0.7094310508602442,0.0,1,0.0,0.5357018234748712,2,-130.0,105.0,0.5023407796981998,8.0,-103.0,105.0,-0.03336104377667137,over,0.7094310508602442,0.173729227385373,-130.0,,False,-0.03336104377667137,0.2551472438296628,-1.0,-0.05,2025-07
2025-07-20,650644.0,3.5,0.6952537017921918,1.0,6,0.0,0.5152130130088988,2,-120.0,-105.0,0.49267111677478653,8.0,-104.0,-110.0,-0.022541896234112235,over,0.6952537017921918,0.18004068878329305,-120.0,,True,-0.022541896234112235,0.2746317866190183,0.8333333333333334,0.04166666666666667,2025-07
2025-07-20,518876.0,5.5,0.32921397610250297,0.0,5,0.0,0.4426734410816551,3,115.0,-140.0,0.43045268681265964,3.0,125.0,-143.0,-0.012220754268995437,under,0.670786023897497,0.1134594649791521,-140.0,,True,0.012220754268995437,0.1499188981099948,0.7142857142857143,0.03571428571428572,2025-07
2025-07-20,671096.0,4.5,0.6039270294765431,1.0,5,0.0,0.5,1,-114.0,-114.0,0.49609663735679066,8.0,100.0,100.0,-0.0039033626432093405,over,0.6039270294765431,0.10392702947654309,-114.0,,True,-0.0039033626432093405,0.13368758164894923,0.8771929824561403,0.033421895412237335,2025-07
2025-07-20,667755.0,4.5,0.6822582578798942,1.0,5,0.0,0.4859709595396374,5,-105.0,-112.0,0.49252974319818743,8.0,100.0,-105.0,0.006558783658550005,over,0.6822582578798942,0.19628729834025682,-105.0,,True,0.006558783658550005,0.33202802728931735,0.9523809523809523,0.047619047619047616,2025-07
2025-07-20,605488.0,4.5,0.6367925550585907,0.0,4,0.0,0.5243305889679889,3,-120.0,100.0,0.5478694905444167,8.0,-136.0,115.0,0.023538901576427795,over,0.6367925550585907,0.11246196609060177,-120.0,,False,0.023538901576427795,0.16745301760741627,-1.0,-0.05,2025-07
2025-07-20,656849.0,4.5,0.6384252766823542,0.0,4,0.0,0.535343388343706,5,-130.0,108.0,0.559684686064333,8.0,-135.0,120.0,0.024341297720626986,over,0.6384252766823542,0.10308188833864818,-130.0,,False,0.024341297720626986,0.12952164336108818,-1.0,-0.042094534092353655,2025-07
2025-07-20,686752.0,5.5,0.639492426032845,1.0,8,0.0,0.5445920303605313,2,-140.0,105.0,0.5996814721712057,3.0,-160.0,145.0,0.05508944181067443,over,0.639492426032845,0.09490039567231368,-140.0,,True,0.05508944181067443,0.09627273034201994,0.7142857142857143,0.024068182585505027,2025-07
2025-07-20,663460.0,5.5,0.3640288635818331,0.0,2,0.0,0.5139004474652143,5,-115.0,100.0,0.5368565785833035,8.0,-122.0,110.0,0.02295613111808914,under,0.6359711364181668,0.14987158388338123,100.0,,True,-0.02295613111808914,0.27194227283633365,1.0,0.05,2025-07
2025-07-20,669432.0,4.5,0.41232550921804856,0.0,3,0.0,0.5101522842639594,2,-115.0,-105.0,0.42613884411474273,7.0,125.0,-154.0,-0.08401344014921669,under,0.5876744907819514,0.09782677504591086,-105.0,,True,0.08401344014921669,0.14736448200285757,0.9523809523809523,0.036841120500714364,2025-07
2025-07-21,669358.0,5.5,0.6521625817313047,0.0,4,0.0,0.5583263334289964,5,-145.0,120.0,0.5822340832536518,7.0,-154.0,140.0,0.023907749824655378,over,0.6521625817313047,0.0938362483023083,-145.0,,False,0.023907749824655378,0.10192987947703214,-1.0,-0.036949581310424105,2025-07
2025-07-21,693821.0,4.5,0.5748132235465758,0.0,1,0.0,0.4533912318817528,5,110.0,-138.0,0.4482863604471615,8.0,115.0,-136.0,-0.005104871434591263,over,0.5748132235465758,0.12142199166482304,110.0,,False,-0.005104871434591263,0.2071077694478093,-1.0,-0.04706994760177481,2025-07
2025-07-21,621111.0,3.5,0.7013385922869324,1.0,4,0.0,0.582962301721605,2,-165.0,125.0,0.5742903186884064,7.0,-145.0,125.0,-0.008671983033198605,over,0.7013385922869324,0.11837629056532739,-165.0,,True,-0.008671983033198605,0.126392284582043,0.6060606060606061,0.030303030303030304,2025-07
2025-07-21,554430.0,7.5,0.44686897837585515,1.0,10,0.0,0.5887850467289719,1,-175.0,125.0,0.5649573076317514,2.0,-150.0,115.0,-0.02382773909722047,under,0.5531310216241448,0.14191606835311676,125.0,,False,0.02382773909722047,0.24454479865432588,-1.0,-0.048908959730865176,2025-07
2025-07-22,693645.0,3.5,0.719782520620785,0.0,3,0.0,0.5521180327255577,5,-130.0,115.0,0.5628740301751104,6.0,-140.0,130.0,0.01075599744955269,over,0.719782520620785,0.16766448789522725,-130.0,,False,0.01075599744955269,0.27346138263677344,-1.0,-0.05,2025-07
2025-07-22,663554.0,4.5,0.5546909336545895,1.0,5,0.0,0.45954300514755203,6,110.0,-128.0,0.46942044292721463,6.0,105.0,-122.0,0.009877437779662601,over,0.5546909336545895,0.09514792850703752,110.0,,True,0.009877437779662601,0.16485096067463811,1.1,0.0412127401686595,2025-07
2025-07-22,665795.0,4.5,0.5924271161924396,1.0,6,0.0,0.4794078246256102,6,100.0,-118.0,0.49089508741488475,6.0,-105.0,-112.0,0.011487262789274533,over,0.5924271161924396,0.11301929156682938,100.0,,True,0.011487262789274533,0.1848542323848792,1.0,0.0462135580962198,2025-07
2025-07-22,453286.0,6.5,0.30182966700510794,0.0,4,0.0,0.41121495327102797,1,125.0,-175.0,0.40801186943620177,1.0,128.0,-175.0,-0.0032030838348262036,under,0.6981703329948921,0.10938528626592003,-175.0,,True,0.0032030838348262036,0.09712480899197323,0.5714285714285714,0.024281202247993294,2025-07
2025-07-22,663436.0,3.5,0.5478059835857926,0.0,3,0.0,0.4581151832460733,1,104.0,-138.0,,,,,,over,0.5478059835857926,0.08969080033971927,104.0,,False,,0.11752420651501683,-1.0,-0.02825101118149443,2025-07
2025-07-22,656605.0,4.5,0.6735230300366705,1.0,5,0.0,0.5693670571111749,6,-150.0,120.0,0.5694545769135623,6.0,-140.0,128.0,8.751980238741464e-05,over,0.6735230300366705,0.10415597292549561,-150.0,,True,8.751980238741464e-05,0.12253838339445078,0.6666666666666666,0.030634595848612667,2025-07
2025-07-22,694738.0,3.5,0.7013397051534029,1.0,6,0.0,0.6034656985665632,2,-180.0,140.0,0.5887850467289719,1.0,-175.0,125.0,-0.014680651837591263,over,0.7013397051534029,0.09787400658683976,-180.0,,True,-0.014680651837591263,0.09097287468307125,0.5555555555555556,0.02274321867076784,2025-07
2025-07-23,647336.0,5.5,0.37677891367807353,1.0,6,0.0,0.4715388558625618,3,105.0,-112.0,0.4515752863013283,8.0,113.0,-130.0,-0.019963569561233463,under,0.6232210863219265,0.09475994218448824,-112.0,,False,0.019963569561233463,0.1796684848236466,-1.0,-0.05,2025-07
2025-07-23,663559.0,3.5,0.6091327674077645,1.0,8,0.0,0.44604459617344605,2,115.0,-140.0,0.42881330385358113,7.0,130.0,-150.0,-0.01723129231986492,over,0.6091327674077645,0.1630881712343184,115.0,,True,-0.01723129231986492,0.30963544992669356,1.15,0.057499999999999996,2025-07
2025-07-23,669467.0,4.5,0.5762985863966475,1.0,5,0.0,0.4331531340343979,2,120.0,-148.0,0.38663171690694625,1.0,140.0,-195.0,-0.04652141712745167,over,0.5762985863966475,0.14314545236224963,120.0,,True,-0.04652141712745167,0.2678568900726246,1.2,0.06,2025-07
2025-07-23,645261.0,3.5,0.6306182965162718,1.0,4,0.0,0.5254249659548044,3,-120.0,104.0,0.5452503544982571,8.0,-135.0,113.0,0.019825388543452727,over,0.6306182965162718,0.1051933305614674,-120.0,,True,0.019825388543452727,0.1561335436131649,0.8333333333333334,0.03903338590329125,2025-07
2025-07-23,663978.0,3.5,0.6445334237128532,1.0,8,0.0,0.5024038272829456,4,-110.0,-109.0,0.5188184721419009,8.0,-110.0,102.0,0.016414644858955274,over,0.6445334237128532,0.14212959642990752,-110.0,,True,0.016414644858955274,0.23047289981544694,0.9090909090909091,0.045454545454545456,2025-07
2025-07-23,621107.0,3.5,0.5442067226472775,1.0,5,0.0,0.44774786061137706,4,115.0,-132.0,0.44635065880680136,8.0,115.0,-132.0,-0.0013972018045756984,over,0.5442067226472775,0.09645886203590048,115.0,,True,-0.0013972018045756984,0.17004445369164667,1.15,0.04251111342291164,2025-07
2025-07-23,666157.0,5.5,0.3689065631451613,1.0,8,0.0,0.4702039674680052,3,105.0,-122.0,0.47506770929453623,8.0,105.0,-120.0,0.004863741826531043,under,0.6310934368548387,0.1012974043228439,-122.0,,False,-0.004863741826531043,0.14838313919487034,-1.0,-0.04525685745443549,2025-07
2025-07-23,434378.0,3.5,0.77626973179921,0.0,3,0.0,0.5834970530451867,1,-165.0,125.0,0.6133682830930537,1.0,-195.0,140.0,0.02987123004786696,over,0.77626973179921,0.19277267875402326,-165.0,,False,0.02987123004786696,0.24673623591994331,-1.0,-0.05,2025-07
2025-07-23,608331.0,4.5,0.5609531880610834,0.0,3,0.0,0.4778558978558937,5,105.0,-118.0,0.47381283133306656,8.0,110.0,-118.0,-0.0040430665228271545,over,0.5609531880610834,0.08309729020518969,105.0,,False,-0.0040430665228271545,0.14995403552522102,-1.0,-0.03570334179171926,2025-07
2025-07-23,666200.0,6.5,0.6072288003667928,1.0,7,0.0,0.503215266654656,5,-112.0,-110.0,0.5755975866331668,3.0,-150.0,130.0,0.07238231997851086,over,0.6072288003667928,0.10401353371213684,-112.0,,True,0.07238231997851086,0.14939737212285786,0.8928571428571429,0.037349343030714466,2025-07
2025-07-23,622491.0,5.5,0.5329693583779508,1.0,7,0.0,0.44364492941691824,3,120.0,-136.0,0.4945367448967529,8.0,-105.0,100.0,0.05089181547983468,over,0.5329693583779508,0.08932442896103254,120.0,,True,0.05089181547983468,0.17253258843149166,1.2,0.04313314710787297,2025-07
2025-07-23,682990.0,4.5,0.670052716787856,1.0,6,0.0,0.5080282594733462,3,-115.0,-104.0,0.5720515128589001,8.0,-150.0,128.0,0.06402325338555392,over,0.670052716787856,0.16202445731450987,-115.0,,True,0.06402325338555392,0.2527072531251222,0.8695652173913043,0.043478260869565216,2025-07
2025-07-23,656302.0,7.5,0.28401110089049414,0.0,5,0.0,0.4248366013071895,1,120.0,-160.0,0.3213367609254499,1.0,188.0,-275.0,-0.1034998403817396,under,0.7159888991095058,0.14082550041669534,-160.0,,True,0.1034998403817396,0.16348196105294693,0.625,0.03125,2025-07
2025-07-23,686563.0,3.5,0.5306011316421787,1.0,9,0.0,0.4376093160430699,5,120.0,-140.0,0.4339822872984737,8.0,120.0,-140.0,-0.0036270287445961946,over,0.5306011316421787,0.0929918155991088,120.0,,True,-0.0036270287445961946,0.16732248961279317,1.2,0.04183062240319829,2025-07
2025-07-24,450203.0,4.5,0.6640226886042065,1.0,7,0.0,0.5668769881641355,5,-145.0,130.0,0.5978150421505569,3.0,-165.0,145.0,0.030938053986421465,over,0.6640226886042065,0.09714570044007109,-145.0,,True,0.030938053986421465,0.12196937040021111,0.6896551724137931,0.030492342600052794,2025-07
2025-07-24,641778.0,4.5,0.6530384095180375,1.0,6,0.0,0.534480558488389,6,-130.0,105.0,0.5673074746761292,8.0,-136.0,125.0,0.03282691618774014,over,0.6530384095180375,0.11855785102964844,-130.0,,True,0.03282691618774014,0.1553756476088356,0.7692307692307693,0.038461538461538464,2025-07
2025-07-25,686218.0,4.5,0.6000808147151866,1.0,5,0.0,0.5014660017178934,4,-108.0,-110.0,0.4853783664505111,7.0,100.0,-115.0,-0.016087635267382272,over,0.6000808147151866,0.09861481299729324,-108.0,,True,-0.016087635267382272,0.1557111987107297,0.9259259259259259,0.03892779967768245,2025-07
2025-07-25,592836.0,3.5,0.671374797895654,0.0,3,0.0,0.5266354141495426,5,-120.0,106.0,0.531781748706039,8.0,-125.0,108.0,0.005146334556496379,over,0.671374797895654,0.1447393837461114,-120.0,,False,0.005146334556496379,0.23085379614203239,-1.0,-0.05,2025-07
2025-07-25,678394.0,4.5,0.5435164781326531,1.0,5,0.0,0.45933308772484854,5,108.0,-130.0,0.44973452664664376,8.0,118.0,-132.0,-0.009598561078204781,over,0.5435164781326531,0.08418339040780459,108.0,,True,-0.009598561078204781,0.13051427451591857,1.08,0.032628568628979615,2025-07
2025-07-25,607536.0,3.5,0.6963760676223222,1.0,4,0.0,0.5915279878971256,1,-170.0,130.0,0.6367763904653803,1.0,-220.0,155.0,0.045248402568254686,over,0.6963760676223222,0.10484807972519661,-170.0,,True,0.045248402568254686,0.10600904857662935,0.5882352941176471,0.02650226214415735,2025-07
2025-07-25,621244.0,4.5,0.5669303191351553,1.0,6,0.0,0.48262675347070055,5,-103.0,-120.0,0.48831475225110665,8.0,-104.0,-110.0,0.0056879987804061005,over,0.5669303191351553,0.0843035656644548,-103.0,,True,0.0056879987804061005,0.1173481047032674,0.970873786407767,0.02933702617581685,2025-07
2025-07-25,607259.0,3.5,0.6192058786540875,1.0,5,0.0,0.49501012250336646,5,-105.0,-111.0,0.5072604949009056,8.0,-106.0,-108.0,0.012250372397539178,over,0.6192058786540875,0.12419575615072104,-105.0,,True,0.012250372397539178,0.20892576308655175,0.9523809523809523,0.047619047619047616,2025-07
2025-07-25,701542.0,5.5,0.5257689982225726,1.0,7,0.0,0.4333320353864113,5,120.0,-140.0,0.43940839338434795,8.0,125.0,-135.0,0.006076357997936654,over,0.5257689982225726,0.09243696283616132,120.0,,True,0.006076357997936654,0.15669179608965977,1.2,0.03917294902241497,2025-07
2025-07-25,605288.0,3.5,0.6583307815666531,0.0,3,0.0,0.5376378237851187,5,-128.0,105.0,0.5077492451536363,8.0,-110.0,-102.0,-0.02988857863148242,over,0.6583307815666531,0.12069295778153444,-128.0,,False,-0.02988857863148242,0.17265170466560087,-1.0,-0.05,2025-07
2025-07-25,669194.0,3.5,0.7258397044699819,1.0,4,0.0,0.6092697386149285,1,-190.0,138.0,0.6179294810318473,3.0,-185.0,155.0,0.008659742416918803,over,0.7258397044699819,0.11656996585505341,-190.0,,True,0.008659742416918803,0.10786060155944605,0.5263157894736842,0.02631578947368421,2025-07
2025-07-26,650644.0,3.5,0.6223611213310972,1.0,6,0.0,0.5334954894490959,4,-130.0,106.0,0.5318835161558457,8.0,-125.0,105.0,-0.0016119732932501352,over,0.6223611213310972,0.08886563188200136,-130.0,,True,-0.0016119732932501352,0.10110044543194124,0.7692307692307693,0.02527511135798533,2025-07
2025-07-26,592332.0,5.5,0.5806410232161426,1.0,10,0.0,0.5005947660586836,5,-114.0,-114.0,0.5048517955350644,8.0,-110.0,-108.0,0.004257029476380847,over,0.5806410232161426,0.08004625715745906,-114.0,,True,0.004257029476380847,0.08997525410749585,0.8771929824561403,0.022493813526873963,2025-07
2025-07-26,680730.0,3.5,0.7221763087805931,1.0,4,0.0,0.5067309799483861,4,-115.0,-108.0,0.5339428929526053,8.0,-120.0,105.0,0.027211913004219213,over,0.7221763087805931,0.21544532883220702,-115.0,,True,0.027211913004219213,0.3501557077202393,0.8695652173913043,0.043478260869565216,2025-07
2025-07-26,622608.0,3.5,0.6091305141292399,0.0,3,0.0,0.43645654861283634,5,117.0,-145.0,0.41410597666050775,8.0,135.0,-154.0,-0.02235057195232859,over,0.6091305141292399,0.17267396551640357,117.0,,False,-0.02235057195232859,0.3218132156604505,-1.0,-0.05,2025-07
2025-07-26,571760.0,4.5,0.5859694116687169,0.0,4,0.0,0.3649000868809731,1,155.0,-215.0,0.36322360953461974,1.0,155.0,-220.0,-0.0016764773463533444,over,0.5859694116687169,0.22106932478774377,155.0,,False,-0.0016764773463533444,0.49422199975522796,-1.0,-0.05,2025-07
2025-07-26,518876.0,4.5,0.7247785237259373,0.0,3,0.0,0.6024354305096056,1,-186.0,133.0,0.6221740476927841,1.0,-205.0,145.0,0.019738617183178486,over,0.7247785237259373,0.12234309321633174,-186.0,,False,0.019738617183178486,0.11444439669687134,-1.0,-0.05,2025-07
2025-07-26,669461.0,3.5,0.5306011316421787,0.0,3,0.0,0.4213118100052072,4,126.0,-155.0,0.4406990504886468,8.0,125.0,-132.0,0.01938724048343965,over,0.5306011316421787,0.10928932163697153,126.0,,False,0.01938724048343965,0.19915855751132383,-1.0,-0.03951558680780232,2025-07
2025-07-26,477132.0,4.5,0.5596421524520703,0.0,2,0.0,0.41734999935948836,4,134.0,-154.0,0.4091505235259429,2.0,135.0,-167.0,-0.008199475833545466,over,0.5596421524520703,0.14229215309258192,134.0,,False,-0.008199475833545466,0.30956263673784445,-1.0,-0.05,2025-07
2025-07-27,676467.0,4.5,0.5730893312575148,1.0,6,0.0,0.475259772389906,1,-102.0,-126.0,0.4894322703735732,8.0,-104.0,-114.0,0.014172497983667154,over,0.5730893312575148,0.0978295588676088,-102.0,,True,0.014172497983667154,0.134941616804098,0.9803921568627451,0.0337354042010245,2025-07
2025-07-27,621111.0,3.5,0.6791456857176504,1.0,4,0.0,0.5510309313887577,3,-140.0,112.0,0.5617127960509373,8.0,-144.0,125.0,0.010681864662179574,over,0.6791456857176504,0.12811475432889274,-140.0,,True,0.010681864662179574,0.16424974694454364,0.7142857142857143,0.03571428571428572,2025-07
2025-07-27,663623.0,3.5,0.705382491071223,0.0,2,0.0,0.6113818996179686,1,-195.0,138.0,0.601515041478775,3.0,-165.0,145.0,-0.009866858139193635,over,0.705382491071223,0.09400059145325435,-195.0,,False,-0.009866858139193635,0.06711710187697834,-1.0,-0.03271958716502692,2025-07
2025-07-27,669302.0,7.5,0.35908742639201197,0.0,7,0.0,0.45246360222940996,3,110.0,-136.0,0.47046756386567556,8.0,110.0,-115.0,0.01800396163626561,under,0.640912573607988,0.09337617583739799,-136.0,,True,-0.01800396163626561,0.11217181890797928,0.7352941176470589,0.028042954726994807,2025-07
2025-07-27,668678.0,5.5,0.5619872596508924,0.0,5,0.0,0.4522145750578579,5,115.0,-137.0,0.46121138962580155,8.0,110.0,-125.0,0.008996814567943656,over,0.5619872596508924,0.10977268459303446,115.0,,False,0.008996814567943656,0.2082726082494185,-1.0,-0.04527665396726492,2025-07
2025-07-27,669160.0,4.5,0.5552626996910307,1.0,5,0.0,0.41667945951509067,3,125.0,-165.0,0.43626692083288454,8.0,122.0,-135.0,0.019587461317793875,over,0.5552626996910307,0.13858324017594004,125.0,,True,0.019587461317793875,0.2493410743048191,1.25,0.06233526857620475,2025-07
2025-07-27,453286.0,5.5,0.43132209668677435,1.0,11,0.0,0.5236327271230621,5,-120.0,100.0,0.5330916132250108,8.0,-118.0,110.0,0.009458886101948671,under,0.5686779033132257,0.09231063043628773,100.0,,False,-0.009458886101948671,0.1373558066264513,-1.0,-0.034338951656612826,2025-07
2025-07-27,554430.0,8.5,0.284346140575307,0.0,8,0.0,0.4278523489932886,1,120.0,-155.0,0.41264966154472743,2.0,138.0,-150.0,-0.01520268744856118,under,0.7156538594246931,0.14350620841798162,-155.0,,True,0.01520268744856118,0.17736602679546276,0.6451612903225806,0.03225806451612903,2025-07
2025-07-27,691587.0,5.5,0.5275058974275916,1.0,6,0.0,0.41910786193535055,3,125.0,-160.0,0.43535392169134013,8.0,120.0,-143.0,0.016246059755989584,over,0.5275058974275916,0.10839803549224103,125.0,,True,0.016246059755989584,0.18688826921208102,1.25,0.046722067303020254,2025-07
2025-07-27,543294.0,3.5,0.612259917581335,0.0,3,0.0,0.47597872417750153,3,100.0,-122.0,0.45182062856576394,8.0,115.0,-124.0,-0.024158095611737596,over,0.612259917581335,0.1362811934038335,100.0,,False,-0.024158095611737596,0.22451983516267005,-1.0,-0.05,2025-07
2025-07-28,677944.0,6.5,0.2731103692951141,0.0,3,0.0,0.4025121324578932,1,130.0,-182.0,0.31389769862568107,1.0,195.0,-286.0,-0.08861443383221212,under,0.7268896307048859,0.12940176316277907,-182.0,,True,0.08861443383221212,0.12627953768559247,0.5494505494505495,0.027472527472527476,2025-07
2025-07-28,593958.0,3.5,0.8197661868878463,1.0,5,0.0,0.7314487632508834,1,-375.0,245.0,0.7256317689530686,1.0,-375.0,235.0,-0.005816994297814793,over,0.8197661868878463,0.08831742363696293,-375.0,,True,-0.005816994297814793,0.03837050339127199,0.26666666666666666,0.009592625847818004,2025-07
2025-07-28,663436.0,4.5,0.4843998760901738,1.0,7,0.0,0.3816793893129771,1,143.0,-200.0,0.3695014662756598,1.0,150.0,-215.0,-0.01217792303731735,over,0.4843998760901738,0.1027204867771967,143.0,,True,-0.01217792303731735,0.17709169889912235,1.43,0.04427292472478056,2025-07
2025-07-28,695505.0,7.5,0.447227541428898,1.0,10,0.0,0.2714285714285714,1,240.0,-375.0,0.29189733266230494,1.0,215.0,-335.0,0.020468761233733535,over,0.447227541428898,0.17579897000032657,240.0,,True,0.020468761233733535,0.5205736408582531,2.4,0.12,2025-07
2025-07-29,543243.0,5.5,0.379637170418122,0.0,5,0.0,0.4789536711416229,6,110.0,-114.0,0.4948406991245143,8.0,-108.0,-110.0,0.015887027982891377,under,0.6203628295818779,0.0993165007235009,-114.0,,True,-0.015887027982891377,0.16454075026773574,0.8771929824561403,0.04113518756693396,2025-07
2025-07-29,666200.0,6.5,0.40811424908320443,0.0,4,0.0,0.5048018950190146,7,-110.0,-105.0,0.47966419281708805,8.0,105.0,-116.0,-0.02513770220192657,under,0.5918857509167956,0.0966876459358102,-105.0,,True,0.02513770220192657,0.15558646607564852,0.9523809523809523,0.03889661651891213,2025-07
2025-07-29,608331.0,6.5,0.4198023195092874,1.0,9,0.0,0.3297199638663053,1,180.0,-265.0,0.373134328358209,1.0,148.0,-210.0,0.04341436449190367,over,0.4198023195092874,0.09008235564298211,180.0,,True,0.04341436449190367,0.1754464946260048,1.8,0.0438616236565012,2025-07
2025-07-29,682990.0,4.5,0.5936669784892123,0.0,3,0.0,0.5008048597975091,7,-105.0,-105.0,0.5501843083260155,8.0,-128.0,120.0,0.0493794485285064,over,0.5936669784892123,0.09286211869170324,-105.0,,False,0.0493794485285064,0.15906410085989076,-1.0,-0.041754326475721325,2025-07
2025-07-29,686563.0,3.5,0.7184329980469627,0.0,3,0.0,0.6133682830930537,1,-195.0,140.0,0.6163100734863758,1.0,-195.0,143.0,0.002941790393322097,over,0.7184329980469627,0.10506471495390901,-195.0,,False,0.002941790393322097,0.08686017653258454,-1.0,-0.04234433605963494,2025-07
2025-07-29,645261.0,3.5,0.6897217931435806,1.0,4,0.0,0.560580778169892,6,-140.0,125.0,0.5883768208424333,3.0,-167.0,130.0,0.02779604267254121,over,0.6897217931435806,0.12914101497368857,-140.0,,True,0.02779604267254121,0.18238021681756678,0.7142857142857143,0.03571428571428572,2025-07
2025-07-30,665152.0,3.5,0.6653218767981033,1.0,5,0.0,0.5838801847287921,4,-150.0,142.0,0.6133682830930537,1.0,-195.0,140.0,0.029488098364261583,over,0.6653218767981033,0.08144169206931118,-150.0,,True,0.029488098364261583,0.10886979466350544,0.6666666666666666,0.02721744866587633,2025-07
2025-07-30,681347.0,4.5,0.575209696596081,1.0,7,0.0,0.4690661232733985,3,104.0,-125.0,0.47014194502963974,8.0,106.0,-115.0,0.0010758217562412131,over,0.575209696596081,0.10614357332268248,104.0,,True,0.0010758217562412131,0.17342778105600531,1.04,0.0433569452640013,2025-07
2025-07-30,669194.0,4.5,0.5182419526575355,1.0,8,0.0,0.4359294619534841,3,120.0,-138.0,0.45862436762868136,7.0,112.0,-125.0,0.022694905675197274,over,0.5182419526575355,0.08231249070405139,120.0,,True,0.022694905675197274,0.14013229584657805,1.2,0.03503307396164451,2025-07
2025-07-30,678394.0,5.5,0.48116303247157094,0.0,4,0.0,0.34277198211624443,1,170.0,-245.0,0.33333333333333337,1.0,180.0,-250.0,-0.009438648782911063,over,0.48116303247157094,0.1383910503553265,170.0,,False,-0.009438648782911063,0.2991401876732416,-1.0,-0.04399120406959435,2025-07
2025-07-30,506433.0,4.5,0.6178070434946183,1.0,7,0.0,0.505198802195974,2,-115.0,-108.0,0.5350335127382378,8.0,-125.0,115.0,0.02983471054226383,over,0.6178070434946183,0.11260824129864433,-115.0,,True,0.02983471054226383,0.15503055957689515,0.8695652173913043,0.03875763989422376,2025-07
2025-07-30,805673.0,5.5,0.5890022978627211,0.0,4,0.0,0.504739336492891,2,-115.0,-115.0,0.491403338150607,5.0,-104.0,-114.0,-0.01333599834228405,over,0.5890022978627211,0.08426296136983003,-115.0,,False,-0.01333599834228405,0.10117820904769592,-1.0,-0.029088735101212546,2025-07
2025-07-30,687473.0,4.5,0.6235319403073634,1.0,5,0.0,0.47484483046040066,5,100.0,-124.0,0.506373343525176,8.0,-105.0,110.0,0.03152851306477539,over,0.6235319403073634,0.1486871098469627,100.0,,True,0.03152851306477539,0.24706388061472673,1.0,0.05,2025-07
2025-07-30,641793.0,4.5,0.5632346246782801,0.0,4,0.0,0.42095749871388255,4,125.0,-160.0,0.4307770076398949,8.0,125.0,-146.0,0.009819508926012355,over,0.5632346246782801,0.14227712596439757,125.0,,False,0.009819508926012355,0.2672779055261303,-1.0,-0.05,2025-07
2025-07-30,621244.0,4.5,0.5501648955356646,0.0,3,0.0,0.4315898706651524,4,125.0,-146.0,0.46090639441193815,7.0,105.0,-132.0,0.029316523746785728,over,0.5501648955356646,0.11857502487051219,125.0,,False,0.029316523746785728,0.23787101495524543,-1.0,-0.047574202991049086,2025-07
2025-07-31,671096.0,5.5,0.5569542974094788,0.0,1,0.0,0.40701775008816266,1,128.0,-177.0,0.42394235664244045,8.0,125.0,-154.0,0.0169246065542778,over,0.5569542974094788,0.14993654732131612,128.0,,False,0.0169246065542778,0.2698557980936116,-1.0,-0.05,2025-07
2025-08-01,680730.0,3.5,0.5853082820337322,0.0,3,0.0,0.4399356596323633,6,116.0,-147.0,0.45634558714347795,8.0,110.0,-130.0,0.01640992751111464,over,0.5853082820337322,0.1453726224013689,116.0,,False,0.01640992751111464,0.26426588919286154,-1.0,-0.05,2025-08
2025-08-01,676083.0,3.5,0.693423376196053,1.0,4,0.0,0.5834970530451867,1,-165.0,125.0,0.5995683289787572,1.0,-182.0,132.0,0.016071275933570495,over,0.693423376196053,0.10992632315086626,-165.0,,True,0.016071275933570495,0.11367996783002449,0.6060606060606061,0.028419991957506108,2025-08
2025-08-02,596295.0,3.5,0.6091745020110558,1.0,5,0.0,0.4408976254019506,5,115.0,-144.0,0.4623576120476978,8.0,112.0,-125.0,0.02145998664574722,over,0.6091745020110558,0.16827687660910523,115.0,,True,0.02145998664574722,0.30972517932377,1.15,0.057499999999999996,2025-08
2025-08-02,676440.0,4.5,0.7589129103806103,1.0,5,0.0,0.6613496932515337,1,-245.0,175.0,0.69140625,1.0,-295.0,200.0,0.0300565567484663,over,0.7589129103806103,0.09756321712907656,-245.0,,True,0.0300565567484663,0.06867328196453282,0.40816326530612246,0.017168320491133204,2025-08
2025-08-02,691587.0,5.5,0.6747819343583676,0.0,5,0.0,0.5633187772925764,1,-150.0,115.0,0.5944380069524914,1.0,-180.0,128.0,0.031119229659914982,over,0.6747819343583676,0.11146315706579124,-150.0,,False,0.031119229659914982,0.12463655726394607,-1.0,-0.046738708973979776,2025-08
2025-08-02,694973.0,6.5,0.5809892707810728,1.0,8,0.0,0.4942828487412371,5,-108.0,-110.0,0.5694926875997401,8.0,-141.0,132.0,0.07520983885850302,over,0.5809892707810728,0.08670642203983564,-108.0,,True,0.07520983885850302,0.11894229928206612,0.9259259259259259,0.02973557482051653,2025-08
2025-08-02,669373.0,8.5,0.3500563097647774,1.0,10,0.0,0.4361421135201654,4,122.0,-140.0,0.44925752160089266,7.0,115.0,-135.0,0.013115408080727253,under,0.6499436902352226,0.08608580375538799,-140.0,,False,-0.013115408080727253,0.11418918326038158,-1.0,-0.03996621414113357,2025-08
2025-08-02,673540.0,6.5,0.3606232870327264,0.0,4,0.0,0.4466212399973412,3,120.0,-130.0,0.43977524582613114,8.0,125.0,-130.0,-0.006845994171210068,under,0.6393767129672736,0.08599795296461482,-130.0,,True,0.006845994171210068,0.13120495371133023,0.7692307692307693,0.03280123842783256,2025-08
2025-08-02,656876.0,3.5,0.7447523753357488,1.0,6,0.0,0.5834970530451867,1,-165.0,125.0,0.6428571428571429,1.0,-225.0,160.0,0.059360089811956174,over,0.7447523753357488,0.16125532229056205,-165.0,,True,0.059360089811956174,0.1961174512968087,0.6060606060606061,0.030303030303030304,2025-08
2025-08-02,641927.0,3.5,0.6724371518283093,1.0,4,0.0,0.5875465559545687,3,-155.0,135.0,0.5850057023260311,8.0,-159.0,140.0,-0.0025408536285376204,over,0.6724371518283093,0.08489059587374059,-155.0,,True,-0.0025408536285376204,0.1062675723627024,0.6451612903225806,0.02656689309067556,2025-08
2025-08-02,693645.0,5.5,0.34025185069981506,1.0,6,0.0,0.4248366013071895,1,120.0,-160.0,0.3958285775294536,3.0,143.0,-179.0,-0.02900802377773587,under,0.6597481493001849,0.08458475060737441,-160.0,,False,0.02900802377773587,0.07209074261280046,-1.0,-0.02883629704512014,2025-08
2025-08-02,702070.0,4.5,0.51543074735201,0.0,1,0.0,0.4310389875122458,3,125.0,-144.0,0.4263227312231634,8.0,130.0,-142.0,-0.004716256289082399,over,0.51543074735201,0.08439175983976421,125.0,,False,-0.004716256289082399,0.15971918154202247,-1.0,-0.03194383630840449,2025-08
2025-08-02,554430.0,7.5,0.44635043490798393,1.0,10,0.0,0.5574579165338917,5,-130.0,124.0,0.5515635630601917,6.0,-137.0,115.0,-0.0058943534736999315,under,0.5536495650920161,0.11110748162590772,124.0,,False,0.0058943534736999315,0.24017502580611616,-1.0,-0.04842238423510407,2025-08
2025-08-02,621111.0,3.5,0.6688206720803451,0.0,0,0.0,0.5673543467641827,3,-144.0,125.0,0.5771883782447466,3.0,-158.0,124.0,0.009834031480563832,over,0.6688206720803451,0.1014663253161624,-144.0,,False,0.009834031480563832,0.13327947213614033,-1.0,-0.04798060996901052,2025-08
2025-08-03,607067.0,4.5,0.5887624401083741,0.0,4,0.0,0.41823858344214876,3,130.0,-152.0,0.451517607260107,7.0,114.0,-135.0,0.03327902381795822,over,0.5887624401083741,0.17052385666622533,130.0,,False,0.03327902381795822,0.35415361224926045,-1.0,-0.05,2025-08
2025-08-03,593423.0,4.5,0.6822612205891843,0.0,3,0.0,0.559898429500334,5,-142.0,117.0,0.5780254777070064,1.0,-165.0,120.0,0.018127048206672436,over,0.6822612205891843,0.12236279108885029,-142.0,,False,0.018127048206672436,0.16272686889142668,-1.0,-0.05,2025-08
2025-08-03,450203.0,5.5,0.5470152067026985,1.0,6,0.0,0.44220491021974223,5,116.0,-140.0,0.4336241828496532,7.0,125.0,-135.0,-0.008580727370089025,over,0.5470152067026985,0.10481029648295631,116.0,,True,-0.008580727370089025,0.18155284647782877,1.16,0.04538821161945722,2025-08
2025-08-03,686799.0,3.5,0.556827383897922,0.0,2,0.0,0.4451964491687943,3,118.0,-137.0,0.45803560982234226,8.0,115.0,-128.0,0.012839160653547954,over,0.556827383897922,0.11163093472912766,118.0,,False,0.012839160653547954,0.2138836968974699,-1.0,-0.04531434256302326,2025-08
2025-08-03,656302.0,6.5,0.6932642181245876,1.0,9,0.0,0.4949062655941303,3,-110.0,-112.0,0.565606986466247,5.0,-135.0,125.0,0.07070072087211665,over,0.6932642181245876,0.1983579525304573,-110.0,,True,0.07070072087211665,0.3235044164196672,0.9090909090909091,0.045454545454545456,2025-08
2025-08-03,664285.0,5.5,0.6983156605268703,0.0,3,0.0,0.5692410879926935,2,-150.0,120.0,0.5919881305637983,1.0,-175.0,128.0,0.022747042571104825,over,0.6983156605268703,0.12907457253417687,-150.0,,False,0.022747042571104825,0.16385943421145055,-1.0,-0.05,2025-08
2025-08-03,688138.0,3.5,0.6514098245539244,0.0,3,0.0,0.5010348966889897,5,-110.0,-106.0,0.5529649999147758,7.0,-130.0,120.0,0.05193010322578606,over,0.6514098245539244,0.15037492786493467,-110.0,,False,0.05193010322578606,0.24360057414840108,-1.0,-0.05,2025-08
2025-08-03,671212.0,4.5,0.7180839693938601,0.0,2,0.0,0.5187593796898449,1,-122.0,-104.0,0.5296100642424293,8.0,-120.0,110.0,0.010850684552584422,over,0.7180839693938601,0.19932458970401523,-122.0,,False,0.010850684552584422,0.30667738692981106,-1.0,-0.05,2025-08
2025-08-03,695418.0,3.5,0.4979452654631603,1.0,6,0.0,0.41504787688422584,2,130.0,-158.0,0.4398881638758607,8.0,124.0,-135.0,0.024840286991634875,over,0.4979452654631603,0.08289738857893447,130.0,,True,0.024840286991634875,0.14527411056526873,1.3,0.036318527641317155,2025-08
2025-08-04,645261.0,4.5,0.588995117178791,1.0,5,0.0,0.4923326681399902,7,-105.0,-112.0,0.47944930451504275,8.0,105.0,-109.0,-0.012883363624947464,over,0.588995117178791,0.09666244903880084,-105.0,,True,-0.012883363624947464,0.14994284782525868,0.9523809523809523,0.03748571195631467,2025-08
2025-08-04,700249.0,4.5,0.6636201631646219,1.0,7,0.0,0.5652067413651579,6,-140.0,125.0,0.5685385618060427,8.0,-150.0,122.0,0.0033318204408847585,over,0.6636201631646219,0.098413421799464,-140.0,,True,0.0033318204408847585,0.13763456542506614,0.7142857142857143,0.034408641356266534,2025-08
2025-08-04,663554.0,4.5,0.6093410579496175,0.0,4,0.0,0.47942644628132974,3,105.0,-112.0,0.5256039177425978,8.0,-115.0,110.0,0.046177471461268105,over,0.6093410579496175,0.12991461166828772,105.0,,False,0.046177471461268105,0.24914916879671578,-1.0,-0.05,2025-08
2025-08-04,678394.0,3.5,0.6644357638934728,1.0,5,0.0,0.5606572339195117,7,-142.0,125.0,0.5751660067934408,8.0,-139.0,130.0,0.014508772873929043,over,0.6644357638934728,0.10377852997396109,-142.0,,True,0.014508772873929043,0.13234827367760854,0.704225352112676,0.03308706841940212,2025-08
2025-08-04,434378.0,4.5,0.6462830908126074,0.0,4,0.0,0.49864642042664803,6,-104.0,-108.0,0.5150083867505295,8.0,-113.0,110.0,0.016361966323881483,over,0.6462830908126074,0.14763667038595935,-104.0,,False,0.016361966323881483,0.2677091396708837,-1.0,-0.05,2025-08
2025-08-05,665152.0,5.5,0.43880397461578147,1.0,6,0.0,0.34277198211624443,1,170.0,-245.0,0.373134328358209,1.0,148.0,-210.0,0.030362346241964544,over,0.43880397461578147,0.09603199249953703,170.0,,True,0.030362346241964544,0.18477073146260992,1.7,0.046192682865652535,2025-08
2025-08-05,592836.0,3.5,0.6976457578102381,1.0,4,0.0,0.5791762743459825,6,-150.0,134.0,0.5797237913739023,6.0,-156.0,132.0,0.000547517027919775,over,0.6976457578102381,0.11846948346425556,-150.0,,True,0.000547517027919775,0.1627429296837301,0.6666666666666666,0.03333333333333333,2025-08
2025-08-05,805673.0,4.5,0.7404388979407035,1.0,6,0.0,0.579330130623423,6,-160.0,126.0,0.606245756958588,1.0,-190.0,135.0,0.026915626335164977,over,0.7404388979407035,0.16110876731728052,-160.0,,True,0.026915626335164977,0.20321320915364316,0.625,0.03125,2025-08
2025-08-05,605280.0,3.5,0.6843393437309628,1.0,6,0.0,0.5673862879305054,3,-144.0,120.0,0.5601241832256263,8.0,-144.0,120.0,-0.007262104704879091,over,0.6843393437309628,0.11695305580045745,-144.0,,True,-0.007262104704879091,0.15957499909968703,0.6944444444444444,0.034722222222222224,2025-08
2025-08-05,615698.0,3.5,0.5395722485162369,0.0,2,0.0,0.408987009982769,4,135.0,-160.0,0.4124881034663953,8.0,135.0,-165.0,0.0035010934836263163,over,0.5395722485162369,0.13058523853346787,135.0,,False,0.0035010934836263163,0.2679947840131567,-1.0,-0.04962866370614012,2025-08
2025-08-05,681347.0,4.5,0.6855744029406792,0.0,3,0.0,0.5830146752402823,4,-154.0,130.0,0.586900734729077,3.0,-160.0,132.0,0.003886059488794724,over,0.6855744029406792,0.1025597277003969,-154.0,,False,0.003886059488794724,0.1307525866683929,-1.0,-0.05,2025-08
2025-08-05,642547.0,4.5,0.767789327908451,1.0,7,0.0,0.6861023013743189,1,-286.0,195.0,0.6949217995752076,1.0,-295.0,205.0,0.008819498200888676,over,0.767789327908451,0.08168702653413207,-286.0,,True,0.008819498200888676,0.03624713486944786,0.34965034965034963,0.009061783717361938,2025-08
2025-08-06,668909.0,5.5,0.5735885034855625,1.0,6,0.0,0.44591732489551966,4,115.0,-138.0,0.46623834659372126,7.0,110.0,-125.0,0.020321021698201602,over,0.5735885034855625,0.1276711785900428,115.0,,True,0.020321021698201602,0.23321528249395918,1.15,0.057499999999999996,2025-08
2025-08-06,671096.0,4.5,0.5439758747311542,0.0,3,0.0,0.44127054765944423,2,115.0,-145.0,0.46117314920752356,7.0,123.0,-125.0,0.019902601548079324,over,0.5439758747311542,0.10270532707170993,115.0,,False,0.019902601548079324,0.16954813067198138,-1.0,-0.03685828927651772,2025-08
2025-08-06,676917.0,4.5,0.6688797969184084,1.0,6,0.0,0.49653413186935075,3,-108.0,-110.0,0.4895277145080245,7.0,-105.0,-112.0,-0.007006417361326234,over,0.6688797969184084,0.17234566504905763,-108.0,,True,-0.007006417361326234,0.2882129422132309,0.9259259259259259,0.0462962962962963,2025-08
2025-08-06,607074.0,6.5,0.4611907137320892,0.0,3,0.0,0.563470066518847,1,-152.0,114.0,0.5776240809655695,3.0,-150.0,130.0,0.014154014446722485,under,0.5388092862679108,0.10227935278675782,114.0,,True,-0.014154014446722485,0.1530518726133291,1.14,0.03826296815333225,2025-08
2025-08-06,500779.0,3.5,0.6757022308595025,1.0,7,0.0,0.5603760932130054,5,-145.0,116.0,0.5406921460213204,8.0,-125.0,110.0,-0.01968394719168498,over,0.6757022308595025,0.11532613764649713,-145.0,,True,-0.01968394719168498,0.14170376938329743,0.6896551724137931,0.03448275862068966,2025-08
2025-08-06,571760.0,3.5,0.7065161295845547,0.0,1,0.0,0.5426917162061572,2,-135.0,105.0,0.5710642749891501,7.0,-150.0,125.0,0.02837255878299294,over,0.7065161295845547,0.16382441337839748,-135.0,,False,0.02837255878299294,0.2298614107582988,-1.0,-0.05,2025-08
2025-08-06,608379.0,4.5,0.5629561149487884,0.0,3,0.0,0.4562431577140155,5,110.0,-135.0,0.4657082009045831,8.0,106.0,-125.0,0.009465043190567568,over,0.5629561149487884,0.10671295723477286,110.0,,False,0.009465043190567568,0.18220784139245572,-1.0,-0.04141087304373993,2025-08
2025-08-06,660271.0,4.5,0.6343554669960626,1.0,8,0.0,0.4624739379917806,3,110.0,-128.0,0.4365546835615426,6.0,125.0,-140.0,-0.025919254430238015,over,0.6343554669960626,0.171881529004282,110.0,,True,-0.025919254430238015,0.33214648069173147,1.1,0.05500000000000001,2025-08
2025-08-07,669302.0,8.5,0.27969434617804445,0.0,6,0.0,0.43668122270742354,1,115.0,-150.0,0.43343723013784424,7.0,120.0,-149.0,-0.0032439925695793015,under,0.7203056538219555,0.1569868765293791,-150.0,,True,0.0032439925695793015,0.20050942303659258,0.6666666666666666,0.03333333333333333,2025-08
2025-08-07,681343.0,4.5,0.6170457163435492,1.0,8,0.0,0.5238861573832306,5,-115.0,102.0,0.5481801134331226,8.0,-130.0,125.0,0.02429395604989193,over,0.6170457163435492,0.09315955896031858,-115.0,,True,0.02429395604989193,0.1536072088162007,0.8695652173913043,0.03840180220405015,2025-08
2025-08-07,680730.0,4.5,0.591795195574873,0.0,4,0.0,0.4253283447217628,5,132.0,-150.0,0.4312835604653512,8.0,120.0,-146.0,0.005955215743588427,over,0.591795195574873,0.16646685085311025,132.0,,False,0.005955215743588427,0.37296485373370547,-1.0,-0.05,2025-08
2025-08-07,471911.0,3.5,0.6565007989965818,0.0,2,0.0,0.5537587876405753,6,-136.0,115.0,0.5443341378813572,8.0,-128.0,117.0,-0.009424649759218084,over,0.6565007989965818,0.10274201135600647,-136.0,,False,-0.009424649759218084,0.13922197472936249,-1.0,-0.047335471407983276,2025-08
2025-08-08,693645.0,3.5,0.8348531263959327,0.0,3,0.0,0.7158818834796488,1,-345.0,225.0,0.705098596553562,1.0,-315.0,215.0,-0.010783286926086766,over,0.8348531263959327,0.11897124291628391,-345.0,,False,-0.010783286926086766,0.07683953984402911,-1.0,-0.05,2025-08
2025-08-08,543294.0,3.5,0.5374517273195611,1.0,6,0.0,0.4170324846356453,1,124.0,-166.0,0.4148419035463607,5.0,130.0,-162.0,-0.0021905810892846045,over,0.5374517273195611,0.12041924268391585,124.0,,True,-0.0021905810892846045,0.20389186919581692,1.24,0.050972967298954286,2025-08
2025-08-08,665795.0,5.5,0.5732194978503805,1.0,11,0.0,0.4300641622896894,6,125.0,-148.0,0.45363469430614134,8.0,112.0,-130.0,0.02357053201645193,over,0.5732194978503805,0.1431553355606911,125.0,,True,0.02357053201645193,0.2897438701633561,1.25,0.0625,2025-08
2025-08-08,669372.0,3.5,0.7095623966670942,1.0,9,0.0,0.6026490066225165,1,-182.0,135.0,0.5965417867435159,1.0,-180.0,130.0,-0.006107219879000647,over,0.7095623966670942,0.10691339004457767,-182.0,,True,-0.006107219879000647,0.09943184538527783,0.5494505494505495,0.024857961346319457,2025-08
2025-08-08,695505.0,7.5,0.437500949364228,1.0,10,0.0,0.5246677356297557,6,-120.0,100.0,0.568406764226976,8.0,-150.0,122.0,0.04373902859722034,under,0.562499050635772,0.08716678626552765,100.0,,False,-0.04373902859722034,0.12499810127154398,-1.0,-0.031249525317885996,2025-08
2025-08-09,607067.0,3.5,0.5556223375260854,1.0,6,0.0,0.4613172055373783,5,105.0,-130.0,0.47697014125788684,8.0,108.0,-115.0,0.01565293572050852,over,0.5556223375260854,0.09430513198870705,105.0,,True,0.01565293572050852,0.13902579192847497,1.05,0.03475644798211875,2025-08
2025-08-09,607259.0,3.5,0.7651729602288249,1.0,4,0.0,0.582962301721605,2,-165.0,125.0,0.6133682830930537,1.0,-195.0,140.0,0.030405981371448676,over,0.7651729602288249,0.18221065850721985,-165.0,,True,0.030405981371448676,0.22891414824629447,0.6060606060606061,0.030303030303030304,2025-08
2025-08-09,645261.0,4.5,0.5721016590633881,0.0,4,0.0,0.4898579913274009,3,-105.0,-113.0,0.47540709062458625,8.0,105.0,-117.0,-0.014450900702814629,over,0.5721016590633881,0.08224366773598718,-105.0,,False,-0.014450900702814629,0.11696038198090042,-1.0,-0.030702100269986363,2025-08
2025-08-09,594798.0,6.5,0.6598760296066103,1.0,8,0.0,0.4809713307408313,5,102.0,-120.0,0.5122168950266897,8.0,-110.0,100.0,0.03124556428585834,over,0.6598760296066103,0.17890469886577898,102.0,,True,0.03124556428585834,0.3329495798053528,1.02,0.051000000000000004,2025-08
2025-08-09,664285.0,6.5,0.5599370991221745,0.0,1,0.0,0.43261636945926607,5,120.0,-145.0,0.4474081964128847,8.0,124.0,-130.0,0.014791826953618636,over,0.5599370991221745,0.12732072966290842,120.0,,False,0.014791826953618636,0.2318616180687838,-1.0,-0.04830450376433001,2025-08
2025-08-09,579328.0,6.5,0.44090105463641976,1.0,7,0.0,0.31389769862568107,1,195.0,-286.0,0.33371428571428574,1.0,175.0,-265.0,0.019816587088604676,over,0.44090105463641976,0.1270033560107387,195.0,,True,0.019816587088604676,0.30065811117743835,1.95,0.07516452779435961,2025-08
2025-08-09,687473.0,3.5,0.7039007495088397,1.0,8,0.0,0.6133682830930537,1,-195.0,140.0,0.6183206106870229,1.0,-200.0,143.0,0.004952327593969241,over,0.7039007495088397,0.09053246641578605,-195.0,,True,0.004952327593969241,0.06487549284670624,0.5128205128205128,0.016218873211676588,2025-08
2025-08-10,693433.0,5.5,0.6761331287599981,1.0,9,0.0,0.5269959412568688,3,-120.0,110.0,0.5335188378775616,8.0,-124.0,110.0,0.006522896620692831,over,0.6761331287599981,0.14913718750312932,-120.0,,True,0.006522896620692831,0.23957740272666317,0.8333333333333334,0.04166666666666667,2025-08
2025-08-10,434378.0,5.5,0.5480908157117529,1.0,6,0.0,0.4204892901876273,2,125.0,-158.0,0.4307711191082777,6.0,126.0,-145.0,0.010281828920650382,over,0.5480908157117529,0.12760152552412557,125.0,,True,0.010281828920650382,0.23320433535144403,1.25,0.05830108383786098,2025-08
2025-08-10,571578.0,5.5,0.34767414348908066,0.0,1,0.0,0.43534823695932723,2,120.0,-145.0,0.4302980024109502,6.0,120.0,-150.0,-0.005050234548377053,under,0.6523258565109193,0.08767409347024657,-145.0,,True,0.005050234548377053,0.10220575755293271,0.6896551724137931,0.025551439388233177,2025-08
2025-08-10,615698.0,3.5,0.5990446034771951,0.0,1,0.0,0.4944503586774003,3,100.0,-104.0,0.5240025175819564,8.0,-120.0,100.0,0.02955215890455609,over,0.5990446034771951,0.10459424479979484,100.0,,False,0.02955215890455609,0.19808920695439025,-1.0,-0.04952230173859756,2025-08
2025-08-10,554430.0,7.5,0.38589422002062124,0.0,7,0.0,0.48372913916569155,3,-105.0,-118.0,0.4818955893653019,8.0,-103.0,-120.0,-0.0018335498003896333,under,0.6141057799793788,0.09783491914507031,-118.0,,True,0.0018335498003896333,0.1345344070805472,0.847457627118644,0.0336336017701368,2025-08
2025-08-10,605288.0,3.5,0.7176200701094422,1.0,4,0.0,0.5738662666014167,2,-145.0,130.0,0.5572451775812081,6.0,-140.0,128.0,-0.016621089020208646,over,0.7176200701094422,0.14375380350802547,-145.0,,True,-0.016621089020208646,0.21253046328836783,0.6896551724137931,0.03448275862068966,2025-08
2025-08-10,669920.0,3.5,0.6506211201950484,0.0,3,0.0,0.5619186731324464,5,-145.0,120.0,0.5356186886803276,8.0,-125.0,105.0,-0.026299984452118785,over,0.6506211201950484,0.088702447062602,-145.0,,False,-0.026299984452118785,0.09932534101921969,-1.0,-0.03600543611946712,2025-08
2025-08-11,592836.0,3.5,0.5686693597851895,0.0,2,0.0,0.4339527980432865,7,120.0,-145.0,0.4299968301517846,8.0,125.0,-150.0,-0.0039559678915019325,over,0.5686693597851895,0.134716561741903,120.0,,False,-0.0039559678915019325,0.2510725915274169,-1.0,-0.05,2025-08
2025-08-11,801403.0,3.5,0.6034776774055974,1.0,5,0.0,0.4151131397228369,4,134.0,-150.0,0.5168584401105604,7.0,-115.0,-103.0,0.10174530038772345,over,0.6034776774055974,0.1883645376827605,134.0,,True,0.10174530038772345,0.41213776512909805,1.34,0.067,2025-08
2025-08-11,671096.0,4.5,0.7094429443277626,1.0,6,0.0,0.5605961382601022,7,-140.0,120.0,0.58018419998156,8.0,-150.0,135.0,0.019588061721457772,over,0.7094429443277626,0.14884680606766032,-140.0,,True,0.019588061721457772,0.21618790456187864,0.7142857142857143,0.03571428571428572,2025-08
2025-08-11,676917.0,3.5,0.7241764565543996,0.0,3,0.0,0.5546719687509135,5,-140.0,123.0,0.5356498781198483,7.0,-120.0,115.0,-0.01902209063106519,over,0.7241764565543996,0.16950448780348604,-140.0,,False,-0.01902209063106519,0.2414453540932564,-1.0,-0.05,2025-08
2025-08-11,805673.0,5.5,0.5949021536804608,1.0,9,0.0,0.46054251820810643,7,110.0,-125.0,0.4600460124130179,8.0,107.0,-130.0,-0.000496505795088531,over,0.5949021536804608,0.1343596354723544,110.0,,True,-0.000496505795088531,0.2492945227289678,1.1,0.05500000000000001,2025-08
2025-08-11,500779.0,4.5,0.5816417365991775,0.0,3,0.0,0.4875337572278354,6,100.0,-110.0,0.48214062929365115,8.0,104.0,-110.0,-0.0053931279341842275,over,0.5816417365991775,0.09410797937134213,100.0,,False,-0.0053931279341842275,0.163283473198355,-1.0,-0.04082086829958875,2025-08
2025-08-12,607074.0,6.5,0.46102040511056386,0.0,5,0.0,0.5465254053658991,4,-136.0,110.0,0.5351225159298764,8.0,-130.0,105.0,-0.011402889436022745,under,0.5389795948894361,0.08550500025533525,110.0,,True,0.011402889436022745,0.131857149267816,1.1,0.032964287316954,2025-08
2025-08-12,608379.0,3.5,0.722938206466294,0.0,3,0.0,0.6428571428571429,1,-225.0,160.0,0.6763754045307444,1.0,-275.0,185.0,0.0335182616736015,over,0.722938206466294,0.08008106360915113,-225.0,,False,0.0335182616736015,0.04424407600686914,-1.0,-0.02488729275386392,2025-08
2025-08-12,656427.0,6.5,0.35530416441524526,0.0,6,0.0,0.5154949131204171,4,-120.0,100.0,0.476980705681132,8.0,100.0,-120.0,-0.038514207439285075,under,0.6446958355847547,0.1601907487051718,100.0,,True,0.038514207439285075,0.2893916711695095,1.0,0.05,2025-08
2025-08-12,680730.0,3.5,0.5419194718229556,0.0,3,0.0,0.4214752420911797,7,130.0,-146.0,0.4128108685611781,8.0,140.0,-155.0,-0.008664373530001601,over,0.5419194718229556,0.12044422973177593,130.0,,False,-0.008664373530001601,0.24641478519279802,-1.0,-0.04738745869092265,2025-08
2025-08-12,621244.0,4.5,0.5231695164674309,0.0,3,0.0,0.4310102576673916,7,125.0,-150.0,0.43324236353967815,8.0,120.0,-140.0,0.0022321058722865605,over,0.5231695164674309,0.09215925880003933,125.0,,False,0.0022321058722865605,0.17713141205171956,-1.0,-0.035426282410343915,2025-08
2025-08-12,665152.0,4.5,0.6410851204313998,1.0,6,0.0,0.5600663976208807,5,-140.0,130.0,0.5771692251815141,6.0,-152.0,130.0,0.017102827560633416,over,0.6410851204313998,0.08101872281051903,-140.0,,True,0.017102827560633416,0.09900306359668531,0.7142857142857143,0.024750765899171356,2025-08
2025-08-12,669923.0,6.5,0.45482697702945263,1.0,7,0.0,0.34277198211624443,1,170.0,-245.0,0.3937542430414121,1.0,135.0,-190.0,0.050982260925167666,over,0.45482697702945263,0.1120549949132082,170.0,,True,0.050982260925167666,0.22803283797952212,1.7,0.05700820949488055,2025-08
2025-08-13,592332.0,5.5,0.6384546818270022,0.0,3,0.0,0.5163462421762903,6,-115.0,100.0,0.5007405181109663,8.0,-105.0,-108.0,-0.015605724065324011,over,0.6384546818270022,0.12210843965071183,-115.0,,False,-0.015605724065324011,0.19363266602439533,-1.0,-0.05,2025-08
2025-08-13,663623.0,3.5,0.5240986986619132,0.0,3,0.0,0.4194137315821992,5,130.0,-154.0,0.40495196539415546,8.0,136.0,-160.0,-0.014461766188043734,over,0.5240986986619132,0.10468496707971398,130.0,,False,-0.014461766188043734,0.20542700692240035,-1.0,-0.039505193638923124,2025-08
2025-08-13,669432.0,4.5,0.6841773322817545,1.0,6,0.0,0.5751633986928104,1,-160.0,120.0,0.5781505136022068,2.0,-150.0,128.0,0.0029871149093964044,over,0.6841773322817545,0.10901393358894407,-160.0,,True,0.0029871149093964044,0.11178816495785104,0.625,0.027947041239462733,2025-08
2025-08-13,681343.0,4.5,0.6320860717702914,1.0,5,0.0,0.519016131333808,3,-122.0,-105.0,0.5686530870163573,8.0,-144.0,128.0,0.04963695568254933,over,0.6320860717702914,0.11306994043648344,-122.0,,True,0.04963695568254933,0.1501894092869237,0.819672131147541,0.037547352321730953,2025-08
2025-08-13,690990.0,3.5,0.5239445783219845,1.0,8,0.0,0.42387201301323724,6,125.0,-150.0,0.44201819605773984,8.0,124.0,-135.0,0.018146183044502606,over,0.5239445783219845,0.10007256530874725,125.0,,True,0.018146183044502606,0.17887530122446504,1.25,0.04471882530611626,2025-08
2025-08-13,601713.0,5.5,0.636921673768222,0.0,5,0.0,0.5519903533311274,3,-138.0,115.0,0.5117517269969711,7.0,-115.0,100.0,-0.04023862633415631,over,0.636921673768222,0.0849313204370945,-138.0,,False,-0.04023862633415631,0.09845911852780309,-1.0,-0.03396839589209211,2025-08
2025-08-13,686613.0,6.5,0.6087685618387968,0.0,4,0.0,0.5084583336881557,6,-115.0,-105.0,0.4892716562179517,8.0,100.0,-115.0,-0.019186677470204028,over,0.6087685618387968,0.10031022815064106,-115.0,,False,-0.019186677470204028,0.1381325286551418,-1.0,-0.03971310198835327,2025-08
2025-08-13,693645.0,4.5,0.7202002810161977,1.0,6,0.0,0.5869808003612242,2,-165.0,130.0,0.5874920529903033,2.0,-167.0,132.0,0.0005112526290790287,over,0.7202002810161977,0.13321948065497347,-165.0,,True,0.0005112526290790287,0.1566852998138933,0.6060606060606061,0.030303030303030304,2025-08
2025-08-14,641927.0,3.5,0.8114410761859349,1.0,4,0.0,0.720873786407767,1,-360.0,230.0,0.7325244726320143,1.0,-385.0,245.0,0.011650686224247253,over,0.8114410761859349,0.09056728977816786,-360.0,,True,0.011650686224247253,0.03684137512647234,0.2777777777777778,0.009210343781618058,2025-08
2025-08-14,693821.0,3.5,0.6114577523396051,1.0,6,0.0,0.518886532826885,5,-112.0,105.0,0.5004661678478187,8.0,-105.0,-105.0,-0.018420364979066295,over,0.6114577523396051,0.09257121951272007,-112.0,,True,-0.018420364979066295,0.15740217407139534,0.8928571428571429,0.039350543517848835,2025-08
2025-08-14,695418.0,3.5,0.6801558056585173,0.0,3,0.0,0.5486972440815944,5,-135.0,116.0,0.5578386892798768,8.0,-140.0,115.0,0.009141445198282416,over,0.6801558056585173,0.13145856157692293,-135.0,,False,0.009141445198282416,0.18397492096112267,-1.0,-0.05,2025-08
2025-08-14,571510.0,4.5,0.558058841064861,1.0,5,0.0,0.4424641325282299,5,120.0,-140.0,0.4600652592217808,8.0,108.0,-125.0,0.017601126693550906,over,0.558058841064861,0.11559470853663112,120.0,,True,0.017601126693550906,0.2277294503426942,1.2,0.05693236258567358,2025-08
2025-08-14,608372.0,3.5,0.6388242512205872,0.0,2,0.0,0.5564470708332602,6,-140.0,115.0,0.5806158887107573,8.0,-154.0,125.0,0.02416881787749714,over,0.6388242512205872,0.082377180387327,-140.0,,False,0.02416881787749714,0.09512728780672086,-1.0,-0.0332945507323523,2025-08
2025-08-14,669373.0,8.5,0.3663752392477806,0.0,3,0.0,0.4488173856270694,5,120.0,-135.0,0.44004212301290396,6.0,116.0,-143.0,-0.008775262614165447,under,0.6336247607522194,0.08244214637928882,-135.0,,True,0.008775262614165447,0.10297643538349299,0.7407407407407407,0.025744108845873248,2025-08
2025-08-14,665795.0,6.5,0.4348326644472542,0.0,6,0.0,0.2714285714285714,1,240.0,-375.0,0.2949014034464381,1.0,215.0,-315.0,0.023472832017866707,over,0.4348326644472542,0.1634040930186828,240.0,,False,0.023472832017866707,0.4784310591206642,-1.0,-0.049836568658402525,2025-08
2025-08-15,645261.0,4.5,0.6618150620006211,1.0,7,0.0,0.44794408641341715,6,120.0,-125.0,0.44694465951027823,8.0,120.0,-127.0,-0.0009994269031389225,over,0.6618150620006211,0.21387097558720397,120.0,,True,-0.0009994269031389225,0.4559931364013664,1.2,0.06,2025-08
2025-08-15,554430.0,7.5,0.343658411219919,0.0,6,0.0,0.47498742918089704,6,102.0,-116.0,0.48923505201452894,7.0,-105.0,-116.0,0.014247622833631901,under,0.656341588780081,0.131329017960978,-116.0,,True,-0.014247622833631901,0.22215330324566795,0.8620689655172413,0.04310344827586207,2025-08
2025-08-16,608331.0,4.5,0.6741257774748679,1.0,6,0.0,0.5751633986928104,1,-160.0,120.0,0.5995683289787572,1.0,-182.0,132.0,0.024404930285946813,over,0.6741257774748679,0.09896237878205749,-160.0,,True,0.024404930285946813,0.09545438839666032,0.625,0.02386359709916508,2025-08
2025-08-16,682990.0,3.5,0.7448528802529164,1.0,5,0.0,0.5645716932555851,7,-145.0,125.0,0.5717159914648676,8.0,-145.0,130.0,0.007144298209282529,over,0.7448528802529164,0.1802811869973313,-145.0,,True,0.007144298209282529,0.2585445218066519,0.6896551724137931,0.03448275862068966,2025-08
2025-08-16,805673.0,5.5,0.6585896764977925,1.0,6,0.0,0.5372755647579794,5,-125.0,110.0,0.5486973302022696,8.0,-134.0,115.0,0.011421765444290188,over,0.6585896764977925,0.1213141117398131,-125.0,,True,0.011421765444290188,0.18546141769602664,0.8,0.04000000000000001,2025-08
2025-08-16,547179.0,3.5,0.705224062424737,0.0,3,0.0,0.5765347402106024,5,-156.0,125.0,0.5805574764872006,7.0,-155.0,130.0,0.0040227362765982155,over,0.705224062424737,0.12868932221413465,-156.0,,False,0.0040227362765982155,0.15729076910726075,-1.0,-0.05,2025-08
2025-08-16,676917.0,4.5,0.6068977123329093,1.0,5,0.0,0.49708144040332647,5,-104.0,-110.0,0.5155344128055315,8.0,-108.0,100.0,0.018452972402205003,over,0.6068977123329093,0.10981627192958288,-104.0,,True,0.018452972402205003,0.19045320496070683,0.9615384615384616,0.04761330124017671,2025-08
2025-08-16,693433.0,5.5,0.5975730100219766,1.0,8,0.0,0.4637283039984528,3,105.0,-125.0,0.4680503882315678,8.0,105.0,-124.0,0.004322084233115031,over,0.5975730100219766,0.13384470602352383,105.0,,True,0.004322084233115031,0.22502467054505204,1.05,0.052500000000000005,2025-08
2025-08-16,681347.0,4.5,0.5876431235029884,0.0,4,0.0,0.4966261808367072,3,-110.0,-114.0,0.48235729163416335,8.0,100.0,-114.0,-0.014268889202543822,over,0.5876431235029884,0.09101694266628124,-110.0,,False,-0.014268889202543822,0.1218641448693415,-1.0,-0.03351263983906894,2025-08
2025-08-17,669923.0,5.5,0.5632346246782801,0.0,4,0.0,0.43457146204091734,6,120.0,-140.0,0.43668126331236484,8.0,120.0,-145.0,0.002109801271447498,over,0.5632346246782801,0.12866316263736277,120.0,,False,0.002109801271447498,0.2391161742922162,-1.0,-0.04981586964421174,2025-08
2025-08-17,671096.0,4.5,0.5617821295350552,1.0,7,0.0,0.41511574009485025,4,130.0,-160.0,0.46067643148648896,8.0,110.0,-122.0,0.04556069139163871,over,0.5617821295350552,0.146666389440205,130.0,,True,0.04556069139163871,0.29209889793062704,1.3,0.065,2025-08
2025-08-17,663436.0,3.5,0.5637361090328399,1.0,4,0.0,0.41085169663791793,4,135.0,-165.0,0.4293242372420565,7.0,125.0,-145.0,0.018472540604138554,over,0.5637361090328399,0.15288441239492195,135.0,,True,0.018472540604138554,0.32477985622717376,1.35,0.0675,2025-08
2025-08-17,506433.0,4.5,0.6240815854211483,1.0,5,0.0,0.4792907560887721,3,104.0,-120.0,0.44891745658746063,7.0,115.0,-138.0,-0.030373299501311457,over,0.6240815854211483,0.14479082933237625,104.0,,True,-0.030373299501311457,0.2731264342591426,1.04,0.052000000000000005,2025-08
2025-08-17,667755.0,4.5,0.7085031200271747,1.0,5,0.0,0.5879239697400163,2,-160.0,134.0,0.5373669108891402,7.0,-125.0,116.0,-0.050557058850876024,over,0.7085031200271747,0.12057915028715849,-160.0,,True,-0.050557058850876024,0.15131757004415897,0.625,0.03125,2025-08
2025-08-17,605280.0,3.5,0.6952537017921918,1.0,4,0.0,0.5781805634734402,4,-161.0,125.0,0.5780254777070064,1.0,-165.0,120.0,-0.00015508576643374905,over,0.6952537017921918,0.11707313831875166,-161.0,,True,-0.00015508576643374905,0.12708829917864634,0.6211180124223602,0.031055900621118012,2025-08
2025-08-17,571945.0,3.5,0.6246797122881214,0.0,1,0.0,0.5186458362434994,5,-120.0,100.0,0.5171359754633892,8.0,-115.0,100.0,-0.0015098607801101727,over,0.6246797122881214,0.106033876044622,-120.0,,False,-0.0015098607801101727,0.14524613919488916,-1.0,-0.04357384175846674,2025-08
2025-08-17,607192.0,5.5,0.4452584315157013,1.0,8,0.0,0.5288180183394123,3,-120.0,105.0,0.5311814143480209,7.0,-117.0,115.0,0.002363396008608576,under,0.5547415684842987,0.08355958682371101,105.0,,False,-0.002363396008608576,0.13722021539281226,-1.0,-0.032671479855431465,2025-08
2025-08-18,672782.0,4.5,0.6340961059974451,0.0,3,0.0,0.42447680372645374,7,134.0,-145.0,0.39225041437615377,3.0,150.0,-180.0,-0.03222638935029998,over,0.6340961059974451,0.2096193022709914,134.0,,False,-0.03222638935029998,0.48378488803402164,-1.0,-0.05,2025-08
2025-08-18,592332.0,6.5,0.4812884156398304,0.0,4,0.0,0.3556034482758621,1,160.0,-230.0,0.36322360953461974,1.0,155.0,-220.0,0.007620161258757641,over,0.4812884156398304,0.12568496736396828,160.0,,False,0.007620161258757641,0.251349880663559,-1.0,-0.039273418853681095,2025-08
2025-08-19,700241.0,3.5,0.5364815596802994,1.0,5,0.0,0.44815927914685877,6,125.0,-135.0,0.47578828397211903,8.0,102.0,-118.0,0.02762900482526026,over,0.5364815596802994,0.08832228053344066,125.0,,True,0.02762900482526026,0.20708350928067376,1.25,0.05177087732016844,2025-08
2025-08-19,682243.0,4.5,0.5215844659451833,0.0,4,0.0,0.3529789282276179,1,163.0,-230.0,0.37782595230721583,1.0,145.0,-205.0,0.024847024079597935,over,0.5215844659451833,0.16860553771756537,163.0,,False,0.024847024079597935,0.3717671454358319,-1.0,-0.05,2025-08
2025-08-19,650911.0,7.5,0.41725204546280226,1.0,12,0.0,0.279126213592233,1,230.0,-360.0,0.3483606557377049,1.0,165.0,-240.0,0.06923444214547192,over,0.41725204546280226,0.13812583187056926,230.0,,True,0.06923444214547192,0.3769317500272473,2.3,0.09423293750681183,2025-08
2025-08-19,694477.0,4.5,0.6324360876222543,0.0,4,0.0,0.4889310779158368,4,105.0,-108.0,0.5438845119733934,6.0,-124.0,118.0,0.054953434057556594,over,0.6324360876222543,0.14350500970641755,105.0,,False,0.054953434057556594,0.2964939796256214,-1.0,-0.05,2025-08
2025-08-19,665795.0,6.5,0.5615526012193783,0.0,6,0.0,0.3886181003820313,1,138.0,-195.0,0.39551929193749136,1.0,135.0,-186.0,0.00690119155546004,over,0.5615526012193783,0.17293450083734702,138.0,,False,0.00690119155546004,0.3364951909021203,-1.0,-0.05,2025-08
2025-08-19,621111.0,4.5,0.6490866537097554,0.0,4,0.0,0.42375221719101697,5,128.0,-155.0,0.42805345672695577,7.0,130.0,-136.0,0.004301239535938806,over,0.6490866537097554,0.2253344365187384,128.0,,False,0.004301239535938806,0.47991757045824224,-1.0,-0.05,2025-08
2025-08-20,605135.0,4.5,0.6372356227553524,1.0,10,0.0,0.5028009064751866,2,-110.0,-105.0,0.5445274752685432,8.0,-130.0,117.0,0.04172656879335657,over,0.6372356227553524,0.1344347162801658,-110.0,,True,0.04172656879335657,0.2165407343511273,0.9090909090909091,0.045454545454545456,2025-08
2025-08-20,666200.0,6.5,0.6329835829311466,1.0,12,0.0,0.49506287128233933,5,-108.0,-112.0,0.5455743074195342,8.0,-126.0,115.0,0.05051143613719483,over,0.6329835829311466,0.13792071164880731,-108.0,,True,0.05051143613719483,0.2190794930525788,0.9259259259259259,0.0462962962962963,2025-08
2025-08-20,664285.0,5.5,0.6442389547348004,0.0,2,0.0,0.5388997601440157,5,-130.0,110.0,0.549194111696965,8.0,-130.0,123.0,0.010294351552949221,over,0.6442389547348004,0.10533919459078467,-130.0,,False,0.010294351552949221,0.13980738145387767,-1.0,-0.04543739897251022,2025-08
2025-08-20,670912.0,3.5,0.6392119153379778,1.0,6,0.0,0.45730828379384275,2,105.0,-135.0,0.5093080009703973,7.0,-108.0,120.0,0.05199971717655455,over,0.6392119153379778,0.18190363154413508,105.0,,True,0.05199971717655455,0.3103844264428546,1.05,0.052500000000000005,2025-08
2025-08-20,673540.0,5.5,0.3532692734880427,0.0,4,0.0,0.44475817636071735,5,115.0,-140.0,0.4283742922279945,7.0,125.0,-150.0,-0.016383884132722848,under,0.6467307265119573,0.09148890287267464,-140.0,,True,0.016383884132722848,0.10868124544906965,0.7142857142857143,0.02717031136226744,2025-08
2025-08-20,669467.0,3.5,0.6310905186378669,1.0,4,0.0,0.5050519931010845,6,-112.0,-105.0,0.5387537233040098,8.0,-125.0,110.0,0.03370173020292533,over,0.6310905186378669,0.1260385255367824,-112.0,,True,0.03370173020292533,0.19456419599310526,0.8928571428571429,0.04464285714285715,2025-08
2025-08-20,622491.0,4.5,0.6724371518283093,0.0,2,0.0,0.5478284790859379,5,-140.0,110.0,0.5437932062321809,8.0,-125.0,115.0,-0.004035272853757044,over,0.6724371518283093,0.12460867274237142,-140.0,,False,-0.004035272853757044,0.15274940313424457,-1.0,-0.05,2025-08
2025-08-20,694297.0,4.5,0.6036097549730198,1.0,5,0.0,0.4896023956080519,1,-108.0,-118.0,0.46669049926951617,8.0,120.0,-115.0,-0.022911896338535742,over,0.6036097549730198,0.11400735936496792,-108.0,,True,-0.022911896338535742,0.1625076762443345,0.9259259259259259,0.04062691906108362,2025-08
2025-08-20,645261.0,4.5,0.6419584117658514,1.0,9,0.0,0.49425011859620827,6,100.0,-110.0,0.5235450526876272,8.0,-110.0,108.0,0.029294934091418923,over,0.6419584117658514,0.14770829316964318,100.0,,True,0.029294934091418923,0.2839168235317029,1.0,0.05,2025-08
2025-08-20,450203.0,5.5,0.5900765674745242,1.0,8,0.0,0.4314478322699795,5,125.0,-150.0,0.4221446715963077,7.0,128.0,-154.0,-0.009303160673671818,over,0.5900765674745242,0.15862873520454468,125.0,,True,-0.009303160673671818,0.3276722768176794,1.25,0.0625,2025-08
2025-08-20,693645.0,4.5,0.6679668310984932,1.0,8,0.0,0.5500220209760183,7,-136.0,120.0,0.5452712441984527,8.0,-128.0,120.0,-0.004750776777565524,over,0.6679668310984932,0.11794481012247493,-136.0,,True,-0.004750776777565524,0.15911891278856177,0.7352941176470589,0.03676470588235294,2025-08
2025-08-20,527048.0,3.5,0.5045234900460337,1.0,5,0.0,0.33333333333333337,1,180.0,-250.0,0.33333333333333337,1.0,180.0,-250.0,0.0,over,0.5045234900460337,0.17119015671270033,180.0,,True,0.0,0.4126657721288943,1.8,0.09000000000000001,2025-08
2025-08-21,434378.0,3.5,0.6444574932187953,1.0,4,0.0,0.5620060693039383,5,-140.0,125.0,0.5395191901872313,7.0,-130.0,110.0,-0.022486879116706993,over,0.6444574932187953,0.08245142391485705,-140.0,,True,-0.022486879116706993,0.10478427408936342,0.7142857142857143,0.026196068522340854,2025-08
2025-08-21,684007.0,4.5,0.5963089687807621,1.0,5,0.0,0.4948033405181499,5,-105.0,-108.0,0.5337294865287964,8.0,-122.0,112.0,0.03892614601064648,over,0.5963089687807621,0.10150562826261222,-105.0,,True,0.03892614601064648,0.1642222723814879,0.9523809523809523,0.041055568095371975,2025-08
2025-08-21,608337.0,5.5,0.542215908812388,0.0,4,0.0,0.4533282307042959,5,116.0,-135.0,0.451812978365214,8.0,116.0,-130.0,-0.0015152523390818962,over,0.542215908812388,0.08888767810809212,116.0,,False,-0.0015152523390818962,0.1711863630347581,-1.0,-0.036893612723008215,2025-08
2025-08-21,682990.0,4.5,0.5080540248979527,0.0,4,0.0,0.4275165634918291,5,128.0,-150.0,0.43675285889605553,8.0,124.0,-135.0,0.009236295404226436,over,0.5080540248979527,0.08053746140612361,128.0,,False,0.009236295404226436,0.15836317676733214,-1.0,-0.0309303079623696,2025-08
2025-08-21,477132.0,3.5,0.691080352475778,0.0,3,0.0,0.49214111610954553,4,-104.0,-110.0,0.5068886744301719,8.0,-114.0,-105.0,0.014747558320626408,over,0.691080352475778,0.1989392363662325,-104.0,,False,0.014747558320626408,0.3555806913947954,-1.0,-0.05,2025-08
2025-08-21,543243.0,5.5,0.6361846694567446,1.0,6,0.0,0.554365806431604,5,-136.0,115.0,0.5707051335413921,6.0,-141.0,125.0,0.016339327109788027,over,0.6361846694567446,0.08181886302514052,-136.0,,True,0.016339327109788027,0.10396751464552739,0.7352941176470589,0.025991878661381865,2025-08
2025-08-21,671212.0,4.5,0.6483503734369795,1.0,5,0.0,0.5344837652210865,5,-130.0,104.0,0.5517189230314996,8.0,-136.0,120.0,0.01723515781041307,over,0.6483503734369795,0.113866608215893,-130.0,,True,0.01723515781041307,0.14708142992696382,0.7692307692307693,0.036770357481740956,2025-08
2025-08-22,650644.0,4.5,0.6146066010417982,1.0,5,0.0,0.5327199912791923,6,-125.0,106.0,0.5641382050839558,7.0,-144.0,120.0,0.031418213804763506,over,0.6146066010417982,0.08188660976260587,-125.0,,True,0.031418213804763506,0.1062918818752368,0.8,0.026572970468809187,2025-08
2025-08-22,622608.0,3.5,0.5208619180218961,1.0,4,0.0,0.30859375,1,200.0,-295.0,0.3154995409398214,1.0,195.0,-278.0,0.00690579093982141,over,0.5208619180218961,0.21226816802189608,200.0,,True,0.00690579093982141,0.5625857540656882,2.0,0.1,2025-08
2025-08-22,592836.0,4.5,0.44506863418413534,1.0,5,0.0,0.3529789282276179,1,163.0,-230.0,0.3695014662756598,1.0,150.0,-215.0,0.01652253804804188,over,0.44506863418413534,0.09208970595651744,163.0,,True,0.01652253804804188,0.17053050790427593,1.63,0.042632626976068955,2025-08
2025-08-22,621121.0,5.5,0.5314448148469533,0.0,4,0.0,0.3695014662756598,1,150.0,-215.0,0.4227864206174607,3.0,128.0,-155.0,0.053284954341800916,over,0.5314448148469533,0.1619433485712935,150.0,,False,0.053284954341800916,0.3286120371173832,-1.0,-0.05,2025-08
2025-08-22,678394.0,4.5,0.6230331108011791,1.0,5,0.0,0.47644101635316866,7,100.0,-120.0,0.4753496914798487,8.0,105.0,-120.0,-0.0010913248733199765,over,0.6230331108011791,0.1465920944480104,100.0,,True,-0.0010913248733199765,0.24606622160235814,1.0,0.05,2025-08
2025-08-22,687473.0,5.5,0.3699085102022527,0.0,0,0.0,0.5861550037622273,1,-164.0,128.0,0.2674755273679857,1.0,245.0,-385.0,-0.3186794763942416,under,0.6300914897977473,0.2162464935599746,128.0,,True,0.3186794763942416,0.4366085967388639,1.28,0.064,2025-08
2025-08-22,677952.0,4.5,0.5593762053235503,1.0,6,0.0,0.44983773135827054,7,115.0,-132.0,0.43123170412292067,7.0,126.0,-150.0,-0.018606027235349876,over,0.5593762053235503,0.10953847396527971,115.0,,True,-0.018606027235349876,0.20265884144563295,1.15,0.05066471036140824,2025-08
2025-08-22,676917.0,4.5,0.5813171674008853,0.0,4,0.0,0.44620149627241906,7,117.0,-136.0,0.45315372904116863,8.0,110.0,-130.0,0.006952232768749567,over,0.5813171674008853,0.13511567112846629,117.0,,False,0.006952232768749567,0.2614582532599211,-1.0,-0.05,2025-08
2025-08-22,605288.0,3.5,0.7122817210326841,0.0,2,0.0,0.5726844111192074,5,-150.0,125.0,0.6068510177949549,2.0,-170.0,145.0,0.034166606675747446,over,0.7122817210326841,0.13959730991347663,-150.0,,False,0.034166606675747446,0.1871362017211401,-1.0,-0.05,2025-08
2025-08-22,690997.0,4.5,0.7019367607098024,1.0,7,0.0,0.5614175011777927,6,-146.0,120.0,0.5310316614502102,8.0,-120.0,107.0,-0.030385839727582464,over,0.7019367607098024,0.14051925953200972,-146.0,,True,-0.030385839727582464,0.18271536393569437,0.684931506849315,0.03424657534246575,2025-08
2025-08-23,615698.0,3.5,0.5267909653558192,0.0,3,0.0,0.44201158317568967,6,120.0,-135.0,0.44958444392560376,7.0,116.0,-130.0,0.00757286074991409,over,0.5267909653558192,0.08477938218012948,120.0,,False,0.00757286074991409,0.1589401237828021,-1.0,-0.03311252578808382,2025-08
2025-08-23,608379.0,4.5,0.5622021846166392,0.0,4,0.0,0.4325297847476216,5,130.0,-146.0,0.45531947403618883,8.0,110.0,-130.0,0.022789689288567228,over,0.5622021846166392,0.12967239986901757,130.0,,False,0.022789689288567228,0.2930650246182701,-1.0,-0.05,2025-08
2025-08-23,683004.0,4.5,0.6737579114715077,1.0,10,0.0,0.5437144822353847,6,-130.0,110.0,0.5632707155298317,8.0,-140.0,125.0,0.019556233294447,over,0.6737579114715077,0.130043429236123,-130.0,,True,0.019556233294447,0.192033227988052,0.7692307692307693,0.038461538461538464,2025-08
2025-08-23,663978.0,3.5,0.5330110641915247,0.0,1,0.0,0.4525636254587077,5,120.0,-122.0,0.4396541806079389,8.0,125.0,-135.0,-0.012909444850768781,over,0.5330110641915247,0.08044743873281696,120.0,,False,-0.012909444850768781,0.17262434122135428,-1.0,-0.0359634044211155,2025-08
2025-08-23,676083.0,3.5,0.4953802221957167,0.0,3,0.0,0.40773721309085775,4,135.0,-164.0,0.42252944218484534,8.0,135.0,-150.0,0.014792229093987586,over,0.4953802221957167,0.08764300910485895,135.0,,False,0.014792229093987586,0.16414352215993422,-1.0,-0.030396948548135985,2025-08
2025-08-23,680730.0,3.5,0.6015941108730434,0.0,3,0.0,0.5000332341308453,5,-102.0,-105.0,0.4924649944223131,8.0,-104.0,-110.0,-0.0075682397085322095,over,0.6015941108730434,0.10156087674219805,-102.0,,False,-0.0075682397085322095,0.19139225878779176,-1.0,-0.04880502599088693,2025-08
2025-08-23,605400.0,5.5,0.39816481308203294,1.0,6,0.0,0.5726558389282175,5,-150.0,128.0,0.4781304057596766,8.0,100.0,-120.0,-0.0945254331685409,under,0.601835186917967,0.17449102584618453,128.0,,False,0.0945254331685409,0.37218422617296476,-1.0,-0.05,2025-08
2025-08-24,668678.0,4.5,0.6316010010517422,1.0,7,0.0,0.5483131318287698,5,-135.0,116.0,0.6166538259227272,2.0,-176.0,150.0,0.06834069409395738,over,0.6316010010517422,0.08328786922297238,-135.0,,True,0.06834069409395738,0.09945359442340307,0.7407407407407407,0.024863398605850795,2025-08
2025-08-24,669160.0,4.5,0.6625340687848918,0.0,3,0.0,0.5628213794022565,6,-143.0,120.0,0.5734973891985545,5.0,-148.0,130.0,0.010676009796298014,over,0.6625340687848918,0.09971268938263533,-143.0,,False,0.010676009796298014,0.1258446063967043,-1.0,-0.04498944678682177,2025-08
2025-08-24,693821.0,3.5,0.5924696271150263,1.0,6,0.0,0.5007774087049583,5,-110.0,-110.0,0.512198037544314,8.0,-110.0,100.0,0.011420628839355684,over,0.5924696271150263,0.09169221841006792,-110.0,,True,0.011420628839355684,0.13107837903777741,0.9090909090909091,0.032769594759444354,2025-08
2025-08-24,686752.0,5.5,0.6291627452199936,0.0,3,0.0,0.48478698699110134,2,-105.0,-120.0,0.5027670891345608,7.0,-110.0,-105.0,0.017980102143459464,over,0.6291627452199936,0.14437575822889226,-105.0,,False,0.017980102143459464,0.22836535971522554,-1.0,-0.05,2025-08
2025-08-24,694973.0,8.5,0.3715052614638448,0.0,7,0.0,0.46281519310564956,1,104.0,-132.0,0.42502982593469635,2.0,123.0,-150.0,-0.03778536717095321,under,0.6284947385361552,0.09130993164180473,-132.0,,True,0.03778536717095321,0.10462711621506071,0.7575757575757576,0.026156779053765174,2025-08
2025-08-24,681293.0,5.5,0.5536851340273699,0.0,2,0.0,0.4250227255457475,3,125.0,-154.0,0.43539330388095104,8.0,130.0,-140.0,0.01037057833520355,over,0.5536851340273699,0.12866240848162236,125.0,,False,0.01037057833520355,0.24579155156158217,-1.0,-0.049158310312316454,2025-08
2025-08-24,518876.0,4.5,0.6649367935899826,1.0,8,0.0,0.5641369643080731,5,-145.0,120.0,0.5786514229236676,8.0,-150.0,130.0,0.014514458615594417,over,0.6649367935899826,0.10079982928190945,-145.0,,True,0.014514458615594417,0.1235138926175568,0.6896551724137931,0.030878473154389182,2025-08
2025-08-25,693645.0,5.5,0.7079252928982162,1.0,8,0.0,0.5060219663170209,7,-110.0,-105.0,0.5225688519695382,8.0,-115.0,110.0,0.016546885652517274,over,0.7079252928982162,0.20190332658119525,-110.0,,True,0.016546885652517274,0.3514937409875035,0.9090909090909091,0.045454545454545456,2025-08
2025-08-25,608372.0,3.5,0.6402386569130942,1.0,6,0.0,0.49715938688630057,5,-108.0,-109.0,0.4862123575474405,8.0,100.0,-112.0,-0.010947029338860048,over,0.6402386569130942,0.14307927002679366,-108.0,,True,-0.010947029338860048,0.23305222812892223,0.9259259259259259,0.0462962962962963,2025-08
2025-08-25,695418.0,3.5,0.7223184681847673,1.0,5,0.0,0.6202531645569621,1,-200.0,145.0,0.6113818996179686,1.0,-195.0,138.0,-0.008871264938993484,over,0.7223184681847673,0.10206530362780519,-200.0,,True,-0.008871264938993484,0.08347770227715096,0.5,0.020869425569287725,2025-08
2025-08-25,657746.0,5.5,0.3402744770589464,1.0,7,0.0,0.4257670803706806,6,126.0,-150.0,0.4175408103271628,7.0,130.0,-155.0,-0.008226270043517836,under,0.6597255229410536,0.0854926033117342,-150.0,,False,0.008226270043517836,0.0995425382350893,-1.0,-0.037328451838158444,2025-08
2025-08-25,665795.0,4.5,0.7659688969209137,1.0,10,0.0,0.6824090834293236,1,-286.0,190.0,0.6484969309060385,1.0,-235.0,163.0,-0.033912152523285055,over,0.7659688969209137,0.08355981349159014,-286.0,,True,-0.033912152523285055,0.033790189550603866,0.34965034965034963,0.008447547387650967,2025-08
2025-08-25,675911.0,6.5,0.31300809689653153,0.0,3,0.0,0.4335328722608979,5,120.0,-150.0,0.4255006089676313,4.0,125.0,-155.0,-0.008032263293266562,under,0.6869919031034685,0.12052477536436634,-150.0,,True,0.008032263293266562,0.14498650517244743,0.6666666666666666,0.03333333333333333,2025-08
2025-08-26,680694.0,4.5,0.6703315423308716,1.0,10,0.0,0.5277828291203379,6,-120.0,108.0,0.5422405291767426,8.0,-125.0,110.0,0.014457700056404676,over,0.6703315423308716,0.14254871321053364,-120.0,,True,0.014457700056404676,0.22894116093993122,0.8333333333333334,0.04166666666666667,2025-08
2025-08-26,661563.0,5.5,0.6204593878379644,0.0,5,0.0,0.4543184597465694,6,110.0,-132.0,0.4711723408401619,8.0,105.0,-120.0,0.016853881093592482,over,0.6204593878379644,0.16614092809139497,110.0,,False,0.016853881093592482,0.3029647144597253,-1.0,-0.05,2025-08
2025-08-26,669467.0,3.5,0.7171931192650961,0.0,3,0.0,0.5615675763182947,6,-145.0,122.0,0.5791498565683394,3.0,-154.0,125.0,0.017582280250044713,over,0.7171931192650961,0.15562554294680142,-145.0,,False,0.017582280250044713,0.21180906358585205,-1.0,-0.05,2025-08
2025-08-26,608337.0,4.5,0.7633808253187544,1.0,8,0.0,0.5988131882602756,2,-160.0,145.0,0.5953707475283214,2.0,-160.0,140.0,-0.0034424407319542105,over,0.7633808253187544,0.16456763705847877,-160.0,,True,-0.0034424407319542105,0.2404938411429759,0.625,0.03125,2025-08
2025-08-26,669358.0,5.5,0.5518367046044523,1.0,7,0.0,0.4636126922488634,6,105.0,-125.0,0.5095140093576735,8.0,-110.0,100.0,0.045901317108810125,over,0.5518367046044523,0.08822401235558891,105.0,,True,0.045901317108810125,0.13126524443912735,1.05,0.03281631110978178,2025-08
2025-08-26,641927.0,4.5,0.3350089415310459,0.0,3,0.0,0.4213952113800236,6,130.0,-158.0,0.39464335267695144,2.0,145.0,-172.0,-0.026751858703072173,under,0.6649910584689541,0.08638626984897774,-158.0,,True,0.026751858703072173,0.08587147522145677,0.6329113924050633,0.021467868805364165,2025-08
2025-08-26,645261.0,4.5,0.6183643779514318,1.0,7,0.0,0.5259235893560773,6,-125.0,100.0,0.5297404988321615,8.0,-122.0,108.0,0.0038169094760841515,over,0.6183643779514318,0.09244078859535454,-125.0,,True,0.0038169094760841515,0.11305588031257735,0.8,0.02826397007814435,2025-08
2025-08-27,690997.0,4.5,0.7376142131352007,1.0,6,0.0,0.5709856222150994,5,-150.0,125.0,0.5666350069477353,2.0,-145.0,120.0,-0.004350615267364133,over,0.7376142131352007,0.1666285909201013,-150.0,,True,-0.004350615267364133,0.22935702189200113,0.6666666666666666,0.03333333333333333,2025-08
2025-08-27,669194.0,4.5,0.5847143622260984,0.0,3,0.0,0.4912738989857433,6,-105.0,-110.0,0.5256028402686539,8.0,-115.0,105.0,0.034328941282910586,over,0.5847143622260984,0.0934404632403551,-105.0,,False,0.034328941282910586,0.1415851833938111,-1.0,-0.03716611064087542,2025-08
2025-08-27,666214.0,4.5,0.3683143852801475,1.0,5,0.0,0.45862276474456154,4,105.0,-135.0,0.45942940033405,8.0,110.0,-125.0,0.000806635589488458,under,0.6316856147198525,0.09030837946441406,-135.0,,False,-0.000806635589488458,0.09960088488270619,-1.0,-0.03361529864791332,2025-08
2025-08-27,693433.0,5.5,0.5848222261504687,1.0,6,0.0,0.4305247003015766,3,120.0,-144.0,0.5111250360847452,8.0,-109.0,100.0,0.08060033578316866,over,0.5848222261504687,0.15429752584889217,120.0,,True,0.08060033578316866,0.28660889753103125,1.2,0.06,2025-08
2025-08-27,677944.0,4.5,0.5138745899701197,0.0,4,0.0,0.4074434444174167,1,132.0,-168.0,0.4817095072018461,8.0,-105.0,-118.0,0.07426606278442938,over,0.5138745899701197,0.106431145552703,132.0,,False,0.07426606278442938,0.19218904873067777,-1.0,-0.03639944104747687,2025-08
2025-08-28,622503.0,3.5,0.5822855772198593,0.0,2,0.0,0.45336246365962773,2,106.0,-140.0,0.4395031736346071,8.0,120.0,-138.0,-0.01385929002502062,over,0.5822855772198593,0.12892311356023156,106.0,,False,-0.01385929002502062,0.19950828907291018,-1.0,-0.04705384176247879,2025-08
2025-08-28,677952.0,4.5,0.5398762964339889,1.0,5,0.0,0.4138455194114844,5,142.0,-160.0,0.4078967297429348,3.0,142.0,-160.0,-0.0059487896685496144,over,0.5398762964339889,0.12603077702250454,142.0,,True,-0.0059487896685496144,0.3065006373702531,1.42,0.071,2025-08
2025-08-28,605400.0,5.5,0.361133288511997,0.0,4,0.0,0.5284147134935961,5,-125.0,104.0,0.5108842862390337,8.0,-108.0,100.0,-0.017530427254562442,under,0.638866711488003,0.16728142498159915,104.0,,True,0.017530427254562442,0.30328809143552615,1.04,0.052000000000000005,2025-08
2025-08-28,701542.0,5.5,0.33704123020230065,0.0,3,0.0,0.42618343621675275,3,124.0,-150.0,0.37125748502994016,1.0,150.0,-210.0,-0.054925951186812594,under,0.6629587697976993,0.08914220601445211,-150.0,,True,0.054925951186812594,0.1049312829961655,0.6666666666666666,0.026232820749041375,2025-08
2025-08-28,571945.0,3.5,0.6384546818270022,1.0,5,0.0,0.5183042654545755,5,-112.0,100.0,0.48495914890298797,8.0,105.0,-115.0,-0.03334511655158756,over,0.6384546818270022,0.12015041637242663,-112.0,,True,-0.03334511655158756,0.20850350488682556,0.8928571428571429,0.04464285714285715,2025-08
2025-08-29,607074.0,5.5,0.5931163474123018,0.0,5,0.0,0.5020242914979758,5,-114.0,-110.0,0.5207148728959049,8.0,-110.0,110.0,0.018690581397929118,over,0.5931163474123018,0.09109205591432601,-114.0,,False,0.018690581397929118,0.11339384514239104,-1.0,-0.03231724586558145,2025-08
2025-08-29,671106.0,4.5,0.6017668671660049,1.0,5,0.0,0.5173615840068613,5,-120.0,-105.0,0.5345281336197938,8.0,-124.0,110.0,0.017166549612932513,over,0.6017668671660049,0.08440528315914364,-120.0,,True,0.017166549612932513,0.10323925647100907,0.8333333333333334,0.025809814117752294,2025-08
2025-08-29,669456.0,5.5,0.36753954509866354,1.0,6,0.0,0.4729391550209685,6,105.0,-124.0,0.48101929127434845,7.0,102.0,-114.0,0.008080136253379944,under,0.6324604549013364,0.10539960992230496,-124.0,,False,-0.008080136253379944,0.14250920885402696,-1.0,-0.04417785474474836,2025-08
2025-08-29,672782.0,4.5,0.6722910715031161,1.0,6,0.0,0.4442203835386621,5,115.0,-140.0,0.4607138039627983,8.0,112.0,-125.0,0.016493420424136207,over,0.6722910715031161,0.22807068796445396,115.0,,True,0.016493420424136207,0.4454258037316995,1.15,0.057499999999999996,2025-08
2025-08-30,669302.0,6.5,0.43756813599641375,0.0,6,0.0,0.5253522383258278,5,-125.0,100.0,0.5454200289920748,8.0,-135.0,110.0,0.020067790666246976,under,0.5624318640035862,0.08778410232941403,100.0,,True,-0.020067790666246976,0.12486372800717249,1.0,0.031215932001793123,2025-08
2025-08-30,665795.0,5.5,0.6012455929431768,0.0,4,0.0,0.5050119573022669,4,-114.0,-110.0,0.464366912006799,8.0,110.0,-130.0,-0.04064504529546786,over,0.6012455929431768,0.09623363564090992,-114.0,,False,-0.04064504529546786,0.12865400780561254,-1.0,-0.03666639222459961,2025-08
2025-08-30,681343.0,4.5,0.6561831023416034,1.0,7,0.0,0.5274277699534882,5,-120.0,106.0,0.5272098662159687,8.0,-120.0,106.0,-0.0002179037375195092,over,0.6561831023416034,0.1287553323881152,-120.0,,True,-0.0002179037375195092,0.20300235429293956,0.8333333333333334,0.04166666666666667,2025-08
2025-08-30,663623.0,3.5,0.6459477577280286,0.0,3,0.0,0.5473306487757029,4,-130.0,115.0,0.5693637900652376,8.0,-149.0,130.0,0.022033141289534708,over,0.6459477577280286,0.09861710895232567,-130.0,,False,0.022033141289534708,0.1428306482880506,-1.0,-0.04641996069361644,2025-08
2025-08-30,693645.0,5.5,0.651876048564076,1.0,8,0.0,0.5050919938930027,5,-105.0,-105.0,0.47769412687833396,8.0,100.0,-115.0,-0.027397867014668786,over,0.651876048564076,0.14678405467107325,-105.0,,True,-0.027397867014668786,0.27271038052986263,0.9523809523809523,0.047619047619047616,2025-08
2025-08-30,700241.0,3.5,0.5660306838645384,0.0,0,0.0,0.45558669735484797,4,110.0,-130.0,0.47336083118664635,8.0,102.0,-120.0,0.017774133831798378,over,0.5660306838645384,0.1104439865096904,110.0,,False,0.017774133831798378,0.18866443611553063,-1.0,-0.042878280935347846,2025-08
2025-08-30,671096.0,4.5,0.696234008705537,1.0,7,0.0,0.5695071260068719,4,-150.0,120.0,0.6268656716417911,1.0,-210.0,148.0,0.057358545634919156,over,0.696234008705537,0.12672688269866506,-150.0,,True,0.057358545634919156,0.1603900145092283,0.6666666666666666,0.03333333333333333,2025-08
2025-08-30,519242.0,6.5,0.4139652753307675,1.0,9,0.0,0.5199629700420303,2,-120.0,-102.0,0.5163513315221527,7.0,-118.0,102.0,-0.003611638519877558,under,0.5860347246692326,0.1059976947112628,-102.0,,False,0.003611638519877558,0.1605785723841664,-1.0,-0.04094753595796243,2025-08
2025-08-31,694462.0,3.5,0.6569819368603377,1.0,9,0.0,0.5756327138334818,5,-152.0,128.0,0.5786998664679945,8.0,-155.0,130.0,0.0030671526345127376,over,0.6569819368603377,0.08134922302685588,-152.0,,True,0.0030671526345127376,0.08920689532108617,0.6578947368421053,0.02230172383027157,2025-08
2025-08-31,669373.0,6.5,0.4313663564430977,0.0,4,0.0,0.5468773358512391,5,-130.0,112.0,0.5839849589693231,4.0,-150.0,140.0,0.03710762311808402,under,0.5686336435569024,0.11551097940814142,112.0,,True,-0.03710762311808402,0.20550332434063312,1.12,0.05137583108515826,2025-08
2025-08-31,527048.0,3.5,0.6779042058351508,1.0,7,0.0,0.5779042799915666,2,-160.0,125.0,0.5995683289787572,1.0,-182.0,132.0,0.021664048987190654,over,0.6779042058351508,0.09999992584358419,-160.0,,True,0.021664048987190654,0.10159433448211996,0.625,0.02539858362052999,2025-08
2025-08-31,663903.0,5.5,0.6713924463938961,1.0,8,0.0,0.554140127388535,2,-145.0,110.0,0.5398737246394506,8.0,-125.0,116.0,-0.014266402749084417,over,0.6713924463938961,0.11725231900536104,-145.0,,True,-0.014266402749084417,0.1344217197689968,0.6896551724137931,0.03360542994224919,2025-08
2025-08-31,594798.0,6.5,0.5600056028186085,0.0,6,0.0,0.4688394575693132,5,105.0,-128.0,0.5135474643537036,8.0,-110.0,100.0,0.04470800678439035,over,0.5600056028186085,0.09116614524929523,105.0,,False,0.04470800678439035,0.14801148577814738,-1.0,-0.03524082994717789,2025-08
2025-08-31,661563.0,4.5,0.7140550778009878,1.0,7,0.0,0.5559574895664279,5,-145.0,115.0,0.5780254777070064,1.0,-165.0,120.0,0.02206798814057853,over,0.7140550778009878,0.15809758823455988,-145.0,,True,0.02206798814057853,0.20650685559477244,0.6896551724137931,0.03448275862068966,2025-08
2025-08-31,694297.0,4.5,0.5376147677404175,1.0,5,0.0,0.4393601048300818,5,116.0,-140.0,0.41139618878928935,8.0,135.0,-160.0,-0.027963916040792458,over,0.5376147677404175,0.09825466291033569,116.0,,True,-0.027963916040792458,0.16124789831930175,1.16,0.040311974579825494,2025-08
2025-08-31,571510.0,4.5,0.6741090487779622,1.0,5,0.0,0.5762683053281997,2,-160.0,122.0,0.606245756958588,1.0,-190.0,135.0,0.02997745163038823,over,0.6741090487779622,0.09784074344976246,-160.0,,True,0.02997745163038823,0.09542720426418855,0.625,0.02385680106604715,2025-08
2025-08-31,669467.0,3.5,0.7717041917537883,1.0,6,0.0,0.5426917162061572,2,-135.0,105.0,0.5321292521141316,8.0,-125.0,107.0,-0.010562464092025547,over,0.7717041917537883,0.22901247554763116,-135.0,,True,-0.010562464092025547,0.34333692638622415,0.7407407407407407,0.037037037037037035,2025-08
2025-08-31,673540.0,5.5,0.3263490336002687,1.0,6,0.0,0.41803134166543715,4,126.0,-164.0,0.41120731975547725,3.0,130.0,-165.0,-0.006824021909959899,under,0.6736509663997313,0.09168230806516847,-164.0,,False,0.006824021909959899,0.08441375078981139,-1.0,-0.03460963782382272,2025-08
2025-08-31,676440.0,5.5,0.5493375405548784,0.0,4,0.0,0.4218082664523606,3,128.0,-155.0,0.42578197087880554,8.0,132.0,-150.0,0.003973704426444957,over,0.5493375405548784,0.1275292741025178,128.0,,False,0.003973704426444957,0.2524895924651227,-1.0,-0.04931437352834432,2025-08
2025-08-31,682243.0,4.5,0.5547971900423053,0.0,3,0.0,0.4193817382390845,3,130.0,-160.0,0.4401534092342786,8.0,130.0,-130.0,0.020771670995194114,over,0.5547971900423053,0.13541545180322084,130.0,,False,0.020771670995194114,0.2760335370973023,-1.0,-0.05,2025-08
2025-09-01,605135.0,4.5,0.6057489573876966,1.0,6,0.0,0.5242311257764293,2,-125.0,-102.0,0.5582040544135365,7.0,-145.0,115.0,0.033972928637107214,over,0.6057489573876966,0.08151783161126736,-125.0,,True,0.033972928637107214,0.09034812329785397,0.8,0.022587030824463505,2025-09
2025-09-01,680694.0,4.5,0.5891136692419663,1.0,5,0.0,0.46447589978101467,5,105.0,-125.0,0.446772491627915,8.0,125.0,-130.0,-0.017703408153099676,over,0.5891136692419663,0.12463776946095162,105.0,,True,-0.017703408153099676,0.20768302194603094,1.05,0.05192075548650771,2025-09
2025-09-01,806960.0,5.5,0.554432288208747,1.0,8,0.0,0.42543018968926183,2,120.0,-158.0,0.4203479071707909,7.0,134.0,-152.0,-0.005082282518470926,over,0.554432288208747,0.1290020985194852,120.0,,True,-0.005082282518470926,0.21975103405924346,1.2,0.05493775851481087,2025-09
2025-09-01,801403.0,3.5,0.726836470406927,0.0,2,0.0,0.5372594964187618,5,-125.0,110.0,0.5748589754552124,8.0,-140.0,130.0,0.037599479036450556,over,0.726836470406927,0.1895769739881652,-125.0,,False,0.037599479036450556,0.30830564673246863,-1.0,-0.05,2025-09
2025-09-01,678394.0,4.5,0.5997094599283164,0.0,4,0.0,0.5096269457265744,3,-115.0,-104.0,0.4625784194873859,8.0,110.0,-130.0,-0.04704852623918854,over,0.5997094599283164,0.09008251420174196,-115.0,,False,-0.04704852623918854,0.12119594682250445,-1.0,-0.03484383471147,2025-09
2025-09-01,694819.0,5.5,0.7318961887265528,0.0,4,0.0,0.5861550037622273,1,-164.0,128.0,0.6221740476927841,1.0,-205.0,145.0,0.03601904393055677,over,0.7318961887265528,0.14574118496432553,-164.0,,False,0.03601904393055677,0.178174352584207,-1.0,-0.05,2025-09
2025-09-01,607067.0,3.5,0.614069391570179,0.0,3,0.0,0.5311325478684548,5,-130.0,104.0,0.5224310384586675,8.0,-120.0,102.0,-0.008701509409787311,over,0.614069391570179,0.08293684370172427,-130.0,,False,-0.008701509409787311,0.0864304620087783,-1.0,-0.028089900152852964,2025-09
2025-09-01,656302.0,7.5,0.46944966965665397,0.0,7,0.0,0.5529461386992524,5,-140.0,114.0,0.5358656826125867,8.0,-125.0,106.0,-0.01708045608666564,under,0.5305503303433461,0.08349646904259839,114.0,,True,0.01708045608666564,0.1353777069347606,1.14,0.03384442673369009,2025-09
2025-09-01,669358.0,5.5,0.6177337512153689,1.0,6,0.0,0.5344360211086161,5,-120.0,110.0,0.5629787721951066,7.0,-139.0,125.0,0.028542751086490514,over,0.6177337512153689,0.08329773010675279,-120.0,,True,0.028542751086490514,0.13251187722817637,0.8333333333333334,0.03312796930704409,2025-09
2025-09-02,547179.0,4.5,0.6534732705768093,1.0,5,0.0,0.5461269031527307,4,-135.0,112.0,0.5659613634854039,8.0,-145.0,130.0,0.01983446033267322,over,0.6534732705768093,0.10734636742407855,-135.0,,True,0.01983446033267322,0.1375275450781494,0.7407407407407407,0.034381886269537365,2025-09
2025-09-02,477132.0,4.5,0.556879353151986,0.0,3,0.0,0.447040337525197,6,116.0,-129.0,0.45246871353137896,8.0,116.0,-130.0,0.005428376006181956,over,0.556879353151986,0.109839015626789,116.0,,False,0.005428376006181956,0.20285940280828973,-1.0,-0.043719698881096926,2025-09
2025-09-02,622663.0,3.5,0.7846751932852175,1.0,4,0.0,0.45508590624363376,5,110.0,-132.0,0.4481872329842526,8.0,115.0,-135.0,-0.0068986732593811495,over,0.7846751932852175,0.32958928704158375,110.0,,True,-0.0068986732593811495,0.6478179058989568,1.1,0.05500000000000001,2025-09
2025-09-02,690997.0,6.5,0.4464237120034009,1.0,7,0.0,0.32352419783726294,1,188.0,-265.0,0.4004316710212427,1.0,132.0,-182.0,0.07690747318397978,over,0.4464237120034009,0.12289951416613798,188.0,,True,0.07690747318397978,0.2857002905697946,1.88,0.07142507264244863,2025-09
2025-09-02,800049.0,3.5,0.6039270294765431,1.0,5,0.0,0.4734037332447983,5,102.0,-125.0,0.48572837434833044,8.0,102.0,-105.0,0.012324641103532152,over,0.6039270294765431,0.1305232962317448,102.0,,True,0.012324641103532152,0.219932599542617,1.02,0.051000000000000004,2025-09
2025-09-02,571945.0,3.5,0.6161342719133661,0.0,0,0.0,0.46444321442422654,5,105.0,-130.0,0.48925870443610103,8.0,-102.0,-114.0,0.024815490011874497,over,0.6161342719133661,0.15169105748913958,105.0,,False,0.024815490011874497,0.26307525742240057,-1.0,-0.05,2025-09
2025-09-02,680573.0,3.5,0.7068602985956213,1.0,7,0.0,0.5119530633778571,5,-119.0,-105.0,0.5643498623116214,8.0,-140.0,128.0,0.052396798933764366,over,0.7068602985956213,0.1949072352177642,-119.0,,True,0.052396798933764366,0.30086054951631147,0.8403361344537815,0.04201680672268908,2025-09
2025-09-03,680730.0,3.5,0.6489936869291254,1.0,4,0.0,0.5677332141496438,2,-150.0,120.0,0.6183206106870229,1.0,-200.0,143.0,0.05058739653737909,over,0.6489936869291254,0.08126047277948156,-150.0,,True,0.05058739653737909,0.08165614488187567,0.6666666666666666,0.02041403622046889,2025-09
2025-09-03,693821.0,3.5,0.6246797122881214,1.0,6,0.0,0.4918239122707764,5,-104.0,-115.0,0.5121228900991991,8.0,-110.0,100.0,0.020298977828422715,over,0.6246797122881214,0.13285580001734498,-104.0,,True,0.020298977828422715,0.22533328179593037,0.9615384615384616,0.04807692307692308,2025-09
2025-09-03,605288.0,3.5,0.7111458273391291,1.0,8,0.0,0.5296982517288594,5,-125.0,106.0,0.5519785527092769,8.0,-135.0,120.0,0.022280300980417445,over,0.7111458273391291,0.1814475756102697,-125.0,,True,0.022280300980417445,0.2800624892104324,0.8,0.04000000000000001,2025-09
2025-09-03,663554.0,3.5,0.6210947847780333,0.0,3,0.0,0.5403343042181342,3,-130.0,106.0,0.5555221279699948,8.0,-132.0,120.0,0.015187823751860563,over,0.6210947847780333,0.08076048055989904,-130.0,,False,0.015187823751860563,0.09886000383805887,-1.0,-0.03212950124736908,2025-09
2025-09-03,691587.0,5.5,0.5812215751841674,0.0,2,0.0,0.4715359828141783,2,100.0,-125.0,0.5124981174581853,8.0,-115.0,-105.0,0.040962134644007,over,0.5812215751841674,0.1096855923699891,100.0,,False,0.040962134644007,0.1624431503683348,-1.0,-0.0406107875920837,2025-09
2025-09-03,605280.0,3.5,0.6753970897359388,1.0,6,0.0,0.5553806490004415,3,-144.0,115.0,0.5760185465619507,8.0,-143.0,144.0,0.020637897561509244,over,0.6753970897359388,0.12001644073549733,-144.0,,True,0.020637897561509244,0.14442284649700743,0.6944444444444444,0.034722222222222224,2025-09
2025-09-03,690990.0,3.5,0.7235988714826184,1.0,6,0.0,0.570545844374616,5,-150.0,120.0,0.6217708418221825,2.0,-180.0,160.0,0.05122499744756648,over,0.7235988714826184,0.1530530271080024,-150.0,,True,0.05122499744756648,0.20599811913769728,0.6666666666666666,0.03333333333333333,2025-09
2025-09-03,672782.0,4.5,0.683585646371552,1.0,5,0.0,0.49719189208749254,5,-105.0,-110.0,0.4841594235280341,8.0,100.0,-110.0,-0.013032468559458443,over,0.683585646371552,0.1863937542840594,-105.0,,True,-0.013032468559458443,0.3346195952968395,0.9523809523809523,0.047619047619047616,2025-09
2025-09-03,605488.0,4.5,0.6039270294765431,0.0,4,0.0,0.46565275037693254,5,105.0,-130.0,0.4584129138808586,8.0,115.0,-127.0,-0.007239836496073959,over,0.6039270294765431,0.13827427909961054,105.0,,False,-0.007239836496073959,0.23805041042691333,-1.0,-0.05,2025-09
2025-09-04,664299.0,5.5,0.4902514333253178,0.0,4,0.0,0.37974683544303806,1,145.0,-200.0,0.4184842028589501,8.0,130.0,-155.0,0.03873736741591205,over,0.4902514333253178,0.11050459788227973,145.0,,False,0.03873736741591205,0.20111601164702864,-1.0,-0.03467517442190151,2025-09
2025-09-04,686752.0,3.5,0.8402500067503762,1.0,6,0.0,0.750524597808347,1,-435.0,270.0,0.7594017557169177,1.0,-455.0,285.0,0.008877157908570688,over,0.8402500067503762,0.08972540894202918,-435.0,,True,0.008877157908570688,0.0334109278424167,0.22988505747126436,0.008352731960604154,2025-09
2025-09-04,694973.0,6.5,0.6732424805218803,1.0,8,0.0,0.4928199767154307,6,-108.0,-115.0,0.533935237324423,8.0,-120.0,110.0,0.04111526060899234,over,0.6732424805218803,0.18042250380644959,-108.0,,True,0.04111526060899234,0.29661514767176944,0.9259259259259259,0.0462962962962963,2025-09
2025-09-05,668909.0,4.5,0.6799402864611427,0.0,3,0.0,0.5829675153643546,1,-166.0,124.0,0.635099913119027,1.0,-215.0,155.0,0.05213239775467238,over,0.6799402864611427,0.09697277109678804,-166.0,,False,0.05213239775467238,0.08954286866665034,-1.0,-0.03716029049665982,2025-09
2025-09-05,665871.0,3.5,0.6272285607804475,1.0,4,0.0,0.5275656274779851,3,-125.0,100.0,0.5515126506509844,8.0,-125.0,125.0,0.02394702317299935,over,0.6272285607804475,0.09966293330246245,-125.0,,True,0.02394702317299935,0.1290114094048056,0.8,0.0322528523512014,2025-09
2025-09-05,592332.0,5.5,0.6353816060232724,0.0,5,0.0,0.5447146078440642,5,-137.0,110.0,0.5626361780306814,5.0,-145.0,120.0,0.01792157018661722,over,0.6353816060232724,0.0906669981792082,-137.0,,False,0.01792157018661722,0.09916380020084353,-1.0,-0.033963601568788894,2025-09
2025-09-05,682990.0,4.5,0.5801048683147954,1.0,6,0.0,0.4618845539348468,6,106.0,-130.0,0.44919778255930576,8.0,120.0,-136.0,-0.012686771375541028,over,0.5801048683147954,0.11822031437994857,106.0,,True,-0.012686771375541028,0.19501602872847845,1.06,0.04875400718211964,2025-09
2025-09-05,681343.0,3.5,0.8149763866850919,1.0,6,0.0,0.7158818834796488,1,-345.0,225.0,0.7189769497947585,1.0,-345.0,230.0,0.0030950663151096958,over,0.8149763866850919,0.09909450320544311,-345.0,,True,0.0030950663151096958,0.051201426303959074,0.2898550724637681,0.012800356575989769,2025-09
2025-09-05,608379.0,4.5,0.5629967879444732,1.0,5,0.0,0.4510528419223059,5,115.0,-132.0,0.4523918233382395,8.0,120.0,-130.0,0.0013389814159336377,over,0.5629967879444732,0.11194394602216728,115.0,,True,0.0013389814159336377,0.21044309408061723,1.15,0.05261077352015431,2025-09
2025-09-05,670912.0,3.5,0.6695425599680271,1.0,4,0.0,0.5665958379709265,1,-157.0,114.0,0.606245756958588,1.0,-190.0,135.0,0.03964991898766146,over,0.6695425599680271,0.10294672199710064,-157.0,,True,0.03964991898766146,0.09600278924702532,0.6369426751592356,0.024000697311756303,2025-09
2025-09-05,656849.0,4.5,0.6145115092416373,0.0,4,0.0,0.4783076594518049,6,100.0,-120.0,0.4626678747768353,8.0,105.0,-130.0,-0.015639784674969626,over,0.6145115092416373,0.1362038497898324,100.0,,False,-0.015639784674969626,0.22902301848327467,-1.0,-0.05,2025-09
2025-09-06,661563.0,4.5,0.5927668693315671,0.0,1,0.0,0.45050979243872835,4,112.0,-135.0,0.44933616980643454,8.0,120.0,-130.0,-0.0011736226322938137,over,0.5927668693315671,0.14225707689283873,112.0,,False,-0.0011736226322938137,0.2566657629829223,-1.0,-0.05,2025-09
2025-09-06,669373.0,6.5,0.6188358675146961,0.0,6,0.0,0.7017606899029823,1,-315.0,210.0,0.7314487632508834,1.0,-375.0,245.0,0.029688073347901023,under,0.3811641324853039,0.08292482238828625,210.0,,True,-0.029688073347901023,0.18160881070444213,2.1,0.045402202676110504,2025-09
2025-09-06,669467.0,3.5,0.5872354673354119,0.0,3,0.0,0.4747728179192454,5,100.0,-125.0,0.4545635155523999,8.0,120.0,-135.0,-0.02020930236684554,over,0.5872354673354119,0.11246264941616646,100.0,,False,-0.02020930236684554,0.17447093467082375,-1.0,-0.04361773366770594,2025-09
2025-09-06,686613.0,5.5,0.612259917581335,1.0,8,0.0,0.525340406117305,5,-125.0,100.0,0.5345053127878687,8.0,-115.0,110.0,0.009164906670563688,over,0.612259917581335,0.08691951146402999,-125.0,,True,0.009164906670563688,0.10206785164640308,0.8,0.02551696291160077,2025-09
2025-09-06,694462.0,4.5,0.6620849778870559,1.0,5,0.0,0.5696622848297996,5,-145.0,128.0,0.5607543450034573,8.0,-143.0,125.0,-0.008907939826342304,over,0.6620849778870559,0.09242269305725626,-145.0,,True,-0.008907939826342304,0.11869530746433588,0.6896551724137931,0.02967382686608394,2025-09
2025-09-06,645261.0,4.5,0.7029748284578167,0.0,4,0.0,0.5327100503106933,5,-127.0,110.0,0.5548676647924794,8.0,-134.0,117.0,0.022157614481786103,over,0.7029748284578167,0.17026477814712337,-127.0,,False,0.022157614481786103,0.2564983154324755,-1.0,-0.05,2025-09
2025-09-06,656605.0,3.5,0.7620181333045876,1.0,4,0.0,0.6024354305096056,1,-186.0,133.0,0.6133682830930537,1.0,-195.0,140.0,0.010932852583448116,over,0.7620181333045876,0.159582702794982,-186.0,,True,0.010932852583448116,0.1717053017479142,0.5376344086021505,0.026881720430107527,2025-09
2025-09-06,663568.0,3.5,0.6386848227011177,1.0,4,0.0,0.5297647065361081,3,-125.0,104.0,0.5289176533016763,6.0,-115.0,112.0,-0.0008470532344317938,over,0.6386848227011177,0.10892011616500963,-125.0,,True,-0.0008470532344317938,0.14963268086201187,0.8,0.03740817021550297,2025-09
2025-09-07,592836.0,3.5,0.5177499654279341,0.0,1,0.0,0.39325842696629215,1,140.0,-180.0,0.41935612830212715,6.0,128.0,-160.0,0.026097701335835,over,0.5177499654279341,0.1244915384616419,140.0,,False,0.026097701335835,0.24259991702704164,-1.0,-0.04332141375482887,2025-09
2025-09-07,656876.0,4.5,0.666572067247304,0.0,2,0.0,0.5217666613899002,1,-128.0,-106.0,0.5297364484702398,8.0,-125.0,108.0,0.007969787080339574,over,0.666572067247304,0.14480540585740376,-128.0,,False,0.007969787080339574,0.18733149478426026,-1.0,-0.05,2025-09
2025-09-07,663436.0,3.5,0.7533056636380178,0.0,3,0.0,0.573736021864812,5,-156.0,125.0,0.5887850467289719,1.0,-175.0,125.0,0.015049024864159932,over,0.7533056636380178,0.17956964177320578,-156.0,,False,0.015049024864159932,0.23619390955982406,-1.0,-0.05,2025-09
2025-09-07,694819.0,6.5,0.5883258520427911,1.0,8,0.0,0.4645669291338583,1,100.0,-136.0,0.4301448162095565,6.0,130.0,-135.0,-0.03442211292430175,over,0.5883258520427911,0.12375892290893281,100.0,,True,-0.03442211292430175,0.17665170408558217,1.0,0.04416292602139554,2025-09
2025-09-07,477132.0,4.5,0.5859694116687169,1.0,8,0.0,0.41789211415956623,5,130.0,-160.0,0.44183444935491634,8.0,124.0,-140.0,0.023942335195350106,over,0.5859694116687169,0.16807729750915062,130.0,,True,0.023942335195350106,0.34772964683804874,1.3,0.065,2025-09
2025-09-07,453286.0,5.5,0.5675363410721112,1.0,8,0.0,0.4757985270008288,5,100.0,-125.0,0.45467012698524045,8.0,118.0,-130.0,-0.021128400015588356,over,0.5675363410721112,0.09173781407128234,100.0,,True,-0.021128400015588356,0.1350726821442223,1.0,0.033768170536055575,2025-09
2025-09-07,678394.0,4.5,0.6021181542357325,0.0,2,0.0,0.4753090642668421,3,-102.0,-125.0,0.4760307075726796,8.0,100.0,-115.0,0.000721643305837516,over,0.6021181542357325,0.12680908996889034,-102.0,,False,0.000721643305837516,0.1924300701531172,-1.0,-0.049069667889044884,2025-09
2025-09-08,677944.0,4.5,0.4691222745470814,0.0,3,0.0,0.37974683544303806,1,145.0,-200.0,0.3816793893129771,1.0,143.0,-200.0,0.0019325538699390687,over,0.4691222745470814,0.08937543910404333,145.0,,False,0.0019325538699390687,0.14934957264034932,-1.0,-0.025749926317301646,2025-09
2025-09-08,693821.0,4.5,0.5889042522970981,1.0,6,0.0,0.37125748502994016,1,150.0,-210.0,0.3907302613850714,1.0,138.0,-190.0,0.019472776355131227,over,0.5889042522970981,0.21764676726715793,150.0,,True,0.019472776355131227,0.47226063074274516,1.5,0.07500000000000001,2025-09
2025-09-08,676917.0,3.5,0.7199952973405983,0.0,1,0.0,0.6044807080625086,1,-186.0,135.0,0.6024354305096056,1.0,-186.0,133.0,-0.0020452775529030687,over,0.7199952973405983,0.11551458927808966,-186.0,,False,-0.0020452775529030687,0.10708954322264036,-1.0,-0.049796637598527795,2025-09
2025-09-08,690997.0,4.5,0.7542395839944497,1.0,5,0.0,0.6484969309060385,1,-235.0,163.0,0.6202531645569621,1.0,-200.0,145.0,-0.028243766349076438,over,0.7542395839944497,0.10574265308841113,-235.0,,True,-0.028243766349076438,0.07519259846017295,0.425531914893617,0.018798149615043225,2025-09
2025-09-08,676083.0,4.5,0.4874534897075253,0.0,3,0.0,0.3213367609254499,1,188.0,-275.0,0.31920283735855426,1.0,190.0,-278.0,-0.0021339235668956236,over,0.4874534897075253,0.1661167287820754,188.0,,False,-0.0021339235668956236,0.40386605035767276,-1.0,-0.05,2025-09
2025-09-09,672782.0,4.5,0.6332245093160729,1.0,5,0.0,0.42364705529547125,3,130.0,-150.0,0.4284894012713152,7.0,125.0,-145.0,0.004842345975843931,over,0.6332245093160729,0.20957745402060163,130.0,,True,0.004842345975843931,0.45641637142696767,1.3,0.065,2025-09
2025-09-09,702070.0,3.5,0.7363735518470831,1.0,8,0.0,0.6484969309060385,1,-235.0,163.0,0.6558704453441295,1.0,-240.0,170.0,0.007373514438090978,over,0.7363735518470831,0.08787662094104454,-235.0,,True,0.007373514438090978,0.04972399944158651,0.425531914893617,0.012430999860396641,2025-09
2025-09-09,680694.0,5.5,0.7285215203258276,1.0,6,0.0,0.5707339116876555,5,-149.0,125.0,0.5793353194986646,2.0,-160.0,125.0,0.008601407811009043,over,0.7285215203258276,0.1577876086381721,-149.0,,True,0.008601407811009043,0.2174621379941683,0.6711409395973155,0.03355704697986577,2025-09
2025-09-09,701542.0,5.5,0.5400069700943304,0.0,5,0.0,0.44966700106063484,5,110.0,-135.0,0.4542950179462817,8.0,110.0,-130.0,0.004628016885646846,over,0.5400069700943304,0.09033996903369557,110.0,,False,0.004628016885646846,0.13401463719809392,-1.0,-0.030457872090475888,2025-09
2025-09-09,675911.0,6.5,0.35690414440886087,1.0,8,0.0,0.4458598726114649,1,110.0,-145.0,0.39609782401636834,3.0,140.0,-180.0,-0.049762048595096586,under,0.6430958555911391,0.08895572820260406,-145.0,,False,0.049762048595096586,0.086610238757442,-1.0,-0.03139621154957276,2025-09
2025-09-09,676282.0,5.5,0.3291145266079828,0.0,5,0.0,0.4190643752730123,5,126.0,-160.0,0.43340416202907345,1.0,114.0,-157.0,0.014339786756061124,under,0.6708854733920172,0.08994984866502953,-160.0,,True,-0.014339786756061124,0.09018889426202797,0.625,0.02254722356550698,2025-09
2025-09-09,681347.0,4.5,0.6387416004227775,1.0,6,0.0,0.5487631958661358,6,-135.0,116.0,0.4561724957578427,8.0,115.0,-124.0,-0.09259070010829307,over,0.6387416004227775,0.08997840455664174,-135.0,,True,-0.09259070010829307,0.1118835266618719,0.7407407407407407,0.02797088166546796,2025-09
2025-09-10,656427.0,5.5,0.6356763950675409,1.0,7,0.0,0.5317630146689507,5,-128.0,107.0,0.5569576209006291,8.0,-140.0,125.0,0.02519460623167835,over,0.6356763950675409,0.10391338039859022,-128.0,,True,0.02519460623167835,0.13229857871405726,0.78125,0.03307464467851434,2025-09
2025-09-10,607074.0,6.5,0.5100995145458721,0.0,6,0.0,0.418904064256992,4,126.0,-158.0,0.4334352333935163,7.0,126.0,-144.0,0.014531169136524302,over,0.5100995145458721,0.0911954502888801,126.0,,False,0.014531169136524302,0.152824902873671,-1.0,-0.030322401363823567,2025-09
2025-09-10,669920.0,3.5,0.5434327722822537,0.0,3,0.0,0.4383368648144922,4,118.0,-143.0,0.44189397430045335,8.0,124.0,-134.0,0.003557109485961163,over,0.5434327722822537,0.10509590746776154,118.0,,False,0.003557109485961163,0.18468344357531308,-1.0,-0.03912784821510871,2025-09
2025-09-10,605280.0,4.5,0.5170509780274506,1.0,5,0.0,0.4275452919774527,5,125.0,-154.0,0.41904519944107127,8.0,130.0,-154.0,-0.008500092536381454,over,0.5170509780274506,0.08950568604999787,125.0,,True,-0.008500092536381454,0.16336470056176378,1.25,0.040841175140440944,2025-09
2025-09-10,694973.0,7.5,0.5405902323768057,1.0,8,0.0,0.4572221536274045,5,108.0,-130.0,0.46716960092135246,8.0,110.0,-118.0,0.009947447293947975,over,0.5405902323768057,0.08336807874940122,108.0,,True,0.009947447293947975,0.12442768334375587,1.08,0.031106920835938967,2025-09
2025-09-10,518876.0,4.5,0.5889636517142729,1.0,6,0.0,0.49795975126985836,3,-105.0,-108.0,0.5443995228673053,8.0,-130.0,119.0,0.046439771597446944,over,0.5889636517142729,0.09100390044441453,-105.0,,True,0.046439771597446944,0.14988141525167564,0.9523809523809523,0.03747035381291891,2025-09
2025-09-11,670912.0,4.5,0.6917645068278925,1.0,5,0.0,0.5041574855527378,2,-115.0,-109.0,0.5834804409038514,8.0,-157.0,135.0,0.07932295535111367,over,0.6917645068278925,0.18760702127515472,-115.0,,True,0.07932295535111367,0.2932988605912772,0.8695652173913043,0.043478260869565216,2025-09
2025-09-11,669022.0,4.5,0.6194070515676682,0.0,4,0.0,0.43232027116254235,5,118.0,-150.0,0.5215012067600396,7.0,-114.0,105.0,0.08918093559749729,over,0.6194070515676682,0.18708678040512583,118.0,,False,0.08918093559749729,0.35030737241751664,-1.0,-0.05,2025-09
2025-09-11,664299.0,3.5,0.6190947274890158,1.0,6,0.0,0.47653403463286104,5,102.0,-117.0,0.48584189672377787,8.0,100.0,-105.0,0.00930786209091683,over,0.6190947274890158,0.1425606928561548,102.0,,True,0.00930786209091683,0.250571349527812,1.02,0.051000000000000004,2025-09
2025-09-11,656849.0,5.5,0.523846125552095,1.0,8,0.0,0.442368700651254,5,118.0,-134.0,0.47606315274158184,8.0,110.0,-117.0,0.03369445209032784,over,0.523846125552095,0.08147742490084098,118.0,,True,0.03369445209032784,0.141984553703567,1.18,0.03549613842589172,2025-09
2025-09-11,681343.0,4.5,0.7077847096033315,0.0,4,0.0,0.5466156692000197,2,-139.0,109.0,0.5929822499118372,1.0,-177.0,128.0,0.04636658071181754,over,0.7077847096033315,0.16116904040331181,-139.0,,False,0.04636658071181754,0.21698234241148362,-1.0,-0.05,2025-09
2025-09-11,693645.0,5.5,0.676141056902255,1.0,7,0.0,0.5564938450923604,5,-143.0,116.0,0.5398078081144243,8.0,-125.0,117.0,-0.016686036977936136,over,0.676141056902255,0.11964721180989457,-143.0,,True,-0.016686036977936136,0.14896697081991583,0.6993006993006993,0.03496503496503497,2025-09
2025-09-11,668909.0,4.5,0.5968641258436754,1.0,6,0.0,0.506950938920745,5,-115.0,-104.0,0.5451825808222144,8.0,-125.0,118.0,0.038231641901469327,over,0.5968641258436754,0.08991318692293038,-115.0,,True,0.038231641901469327,0.11587640918600184,0.8695652173913043,0.02896910229650046,2025-09
2025-09-11,677960.0,4.5,0.6003670052739867,0.0,4,0.0,0.4195557320616986,4,132.0,-149.0,0.5712251273395498,8.0,-139.0,140.0,0.15166939527785117,over,0.6003670052739867,0.18081127321228807,132.0,,False,0.15166939527785117,0.3928514522356491,-1.0,-0.05,2025-09
2025-09-12,676440.0,4.5,0.6952263481149423,1.0,10,0.0,0.5929822499118372,1,-177.0,128.0,0.6287425149700598,1.0,-210.0,150.0,0.03576026505822261,over,0.6952263481149423,0.1022440982031051,-177.0,,True,0.03576026505822261,0.0880095956375086,0.5649717514124294,0.022002398909377163,2025-09
2025-09-12,645261.0,6.5,0.44488536292822023,1.0,8,0.0,0.28102305020524154,1,230.0,-345.0,0.30331398614491667,1.0,205.0,-305.0,0.022290935939675127,over,0.44488536292822023,0.1638623127229787,230.0,,True,0.022290935939675127,0.4681216976631267,2.3,0.11499999999999999,2025-09
2025-09-12,661563.0,4.5,0.6535830808074341,0.0,4,0.0,0.48360203744786306,5,-102.0,-112.0,0.5071625131361913,8.0,-115.0,100.0,0.023560475688328253,over,0.6535830808074341,0.16998104335957104,-102.0,,False,0.023560475688328253,0.2943508070892322,-1.0,-0.05,2025-09
2025-09-12,695418.0,4.5,0.6007233262645356,0.0,4,0.0,0.516846906716285,5,-118.0,100.0,0.5264222678449151,8.0,-117.0,105.0,0.009575361128630111,over,0.6007233262645356,0.08387641954825065,-118.0,,False,0.009575361128630111,0.109810890895498,-1.0,-0.03239421281417191,2025-09
2025-09-12,608337.0,5.5,0.5894345165150932,1.0,6,0.0,0.5000552293804139,5,-110.0,-108.0,0.45966333454641295,8.0,111.0,-125.0,-0.04039189483400096,over,0.5894345165150932,0.08937928713467924,-110.0,,True,-0.04039189483400096,0.12528407698335964,0.9090909090909091,0.03132101924583991,2025-09
2025-09-12,527048.0,4.5,0.45070121552598463,0.0,3,0.0,0.3649000868809731,1,155.0,-215.0,0.37974683544303806,1.0,145.0,-200.0,0.01484674856206497,over,0.45070121552598463,0.08580112864501155,155.0,,False,0.01484674856206497,0.14928809959126088,-1.0,-0.024078725740525914,2025-09
2025-09-13,663436.0,3.5,0.6861052194265057,0.0,3,0.0,0.5653374072772708,5,-150.0,119.0,0.5661315958015768,8.0,-140.0,123.0,0.0007941885243060165,over,0.6861052194265057,0.12076781214923493,-150.0,,False,0.0007941885243060165,0.14350869904417618,-1.0,-0.05,2025-09
2025-09-13,678394.0,4.5,0.6342613716794175,0.0,4,0.0,0.5342360229617326,3,-130.0,105.0,0.5198311906735454,7.0,-115.0,102.0,-0.01440483228818712,over,0.6342613716794175,0.10002534871768498,-130.0,,False,-0.01440483228818712,0.12215473450973874,-1.0,-0.03970028871566507,2025-09
2025-09-13,608331.0,5.5,0.6123382913165196,1.0,6,0.0,0.49844772756643907,5,-110.0,-109.0,0.47306480328911027,8.0,110.0,-113.0,-0.0253829242773288,over,0.6123382913165196,0.11389056375008055,-110.0,,True,-0.0253829242773288,0.16900946524062832,0.9090909090909091,0.04225236631015711,2025-09
2025-09-13,674841.0,3.5,0.682049333826681,1.0,5,0.0,0.5399122367278292,4,-130.0,110.0,0.5470201116068648,7.0,-130.0,115.0,0.007107874879035636,over,0.682049333826681,0.1421370970988518,-130.0,,True,0.007107874879035636,0.2067026675395125,0.7692307692307693,0.038461538461538464,2025-09
2025-09-13,450203.0,5.5,0.30787352387935696,0.0,4,0.0,0.4902989429747908,5,104.0,-113.0,0.4575748639271863,8.0,120.0,-122.0,-0.03272407904760449,under,0.692126476120643,0.18242541909543386,-113.0,,True,0.03272407904760449,0.3046277824220971,0.8849557522123894,0.044247787610619475,2025-09
2025-09-13,687075.0,4.5,0.6580970794942245,0.0,3,0.0,0.4778982020300638,4,-102.0,-121.0,0.4717830139569988,7.0,110.0,-122.0,-0.006115188073064992,over,0.6580970794942245,0.1801988774641607,-102.0,,False,-0.006115188073064992,0.30329029468464064,-1.0,-0.05,2025-09
2025-09-13,800048.0,4.5,0.4832440695074073,0.0,4,0.0,0.5677906737474203,5,-136.0,126.0,0.5510245719440782,8.0,-130.0,116.0,-0.01676610180334215,under,0.5167559304925927,0.08454660424001303,126.0,,True,0.01676610180334215,0.16786840291325955,1.26,0.041967100728314825,2025-09
2025-09-13,686701.0,4.5,0.5358454292370809,1.0,5,0.0,0.4331744913448091,5,120.0,-146.0,0.4359062228491249,8.0,120.0,-137.0,0.002731731504315771,over,0.5358454292370809,0.10267093789227177,120.0,,True,0.002731731504315771,0.17885994432157792,1.2,0.044714986080394536,2025-09
2025-09-14,806960.0,5.5,0.6574576077713276,0.0,2,0.0,0.4261007046647668,2,121.0,-154.0,0.4507328189025503,5.0,115.0,-133.0,0.024632114237783498,over,0.6574576077713276,0.23135690310656076,121.0,,False,0.024632114237783498,0.45298131317463386,-1.0,-0.05,2025-09
2025-09-14,690997.0,5.5,0.6106471224839373,1.0,7,0.0,0.4247668526909288,3,130.0,-144.0,0.4597403122979712,8.0,110.0,-124.0,0.0349734596070424,over,0.6106471224839373,0.18588026979300848,130.0,,True,0.0349734596070424,0.4044883817130558,1.3,0.065,2025-09
2025-09-14,622503.0,3.5,0.5049538043953044,1.0,4,0.0,0.3993154592127781,1,134.0,-180.0,0.4109078452032778,8.0,135.0,-161.0,0.011592385990499665,over,0.5049538043953044,0.10563834518252624,134.0,,True,0.011592385990499665,0.1815919022850122,1.34,0.045397975571253024,2025-09
2025-09-14,666157.0,5.5,0.43411262725942035,0.0,5,0.0,0.5458582447668984,3,-136.0,112.0,0.5076188983608281,8.0,-110.0,104.0,-0.038239346406070296,under,0.5658873727405797,0.11174561750747802,112.0,,True,0.038239346406070296,0.19968123021002893,1.12,0.049920307552507204,2025-09
2025-09-14,664285.0,4.5,0.6525229658543011,0.0,2,0.0,0.4909456610314186,2,-110.0,-120.0,0.5645438879853415,8.0,-145.0,124.0,0.07359822695392287,over,0.6525229658543011,0.16157730482288252,-110.0,,False,0.07359822695392287,0.24572566208548396,-1.0,-0.05,2025-09
2025-09-14,607192.0,6.5,0.4566792167708006,0.0,4,0.0,0.5623738280082984,3,-139.0,120.0,0.5277065947147404,8.0,-125.0,105.0,-0.03466723329355803,under,0.5433207832291994,0.1056946112374978,120.0,,True,0.03466723329355803,0.19530572310423866,1.2,0.0488264307760597,2025-09
2025-09-15,680573.0,3.5,0.7626222728057253,1.0,11,0.0,0.6763754045307444,1,-275.0,185.0,0.6702800361336947,1.0,-265.0,180.0,-0.006095368397049716,over,0.7626222728057253,0.08624686827498085,-275.0,,True,-0.006095368397049716,0.039939462916898094,0.36363636363636365,0.009984865729224524,2025-09
2025-09-15,702056.0,5.5,0.2781435410027735,1.0,9,0.0,0.38663171690694625,1,140.0,-195.0,0.38663171690694625,1.0,140.0,-195.0,0.0,under,0.7218564589972265,0.10848817590417276,-195.0,,False,-0.0,0.09203925848298367,-1.0,-0.04486913851045454,2025-09
2025-09-15,671212.0,3.5,0.6780282792840946,1.0,5,0.0,0.5834277156226094,5,-160.0,133.0,0.5929822499118372,1.0,-177.0,128.0,0.009554534289227812,over,0.6780282792840946,0.09460056366148517,-160.0,,True,0.009554534289227812,0.10179595383665374,0.625,0.025448988459163435,2025-09
2025-09-15,680694.0,3.5,0.8761322843164582,1.0,9,0.0,0.7634584013050572,1,-480.0,290.0,0.7517899761336516,1.0,-420.0,275.0,-0.011668425171405539,over,0.8761322843164582,0.11267388301140102,-480.0,,True,-0.011668425171405539,0.058659843549053625,0.20833333333333334,0.010416666666666668,2025-09
2025-09-15,680730.0,3.5,0.5646456742680364,0.0,1,0.0,0.45035932747259727,6,116.0,-136.0,0.44870818405910495,8.0,112.0,-136.0,-0.0016511434134923175,over,0.5646456742680364,0.11428634679543909,116.0,,False,-0.0016511434134923175,0.21963465641895852,-1.0,-0.04733505526270661,2025-09
2025-09-16,605488.0,4.5,0.5961216814267518,0.0,3,0.0,0.48360203744786306,5,-102.0,-112.0,0.48777836033218325,8.0,-102.0,-115.0,0.004176322884320183,over,0.5961216814267518,0.11251964397888875,-102.0,,False,0.004176322884320183,0.18055470243337124,-1.0,-0.0460414491205097,2025-09
2025-09-16,519242.0,8.5,0.23266276882476616,1.0,9,0.0,0.5342597565341927,2,-130.0,102.0,0.4915140165218616,7.0,-104.0,-112.0,-0.04274574001233106,under,0.7673372311752338,0.3015969877094265,102.0,,False,0.04274574001233106,0.5500212069739723,-1.0,-0.05,2025-09
2025-09-16,690990.0,4.5,0.6069726050972262,1.0,6,0.0,0.4726515121780343,5,103.0,-125.0,0.4807473996171738,8.0,102.0,-110.0,0.00809588743913947,over,0.6069726050972262,0.13432109291919186,103.0,,True,0.00809588743913947,0.23215438834736912,1.03,0.051500000000000004,2025-09
2025-09-16,693645.0,5.5,0.6051174582341041,1.0,6,0.0,0.5211282180871823,5,-120.0,100.0,0.5112244786406742,7.0,-108.0,105.0,-0.00990373944650813,over,0.6051174582341041,0.08398924014692177,-120.0,,True,-0.00990373944650813,0.1093820067625243,0.8333333333333334,0.027345501690631102,2025-09
2025-09-16,663554.0,4.5,0.5616154271127682,1.0,8,0.0,0.44037805003485286,6,120.0,-143.0,0.442872269389624,8.0,116.0,-140.0,0.002494219354771121,over,0.5616154271127682,0.12123737707791538,120.0,,True,0.002494219354771121,0.23555393964809013,1.2,0.05888848491202253,2025-09
2025-09-17,608337.0,5.5,0.5054867669515078,0.0,5,0.0,0.4141193473220367,4,130.0,-167.0,0.4062188060503317,2.0,133.0,-166.0,-0.007900541271704975,over,0.5054867669515078,0.09136741962947115,130.0,,False,-0.007900541271704975,0.1626195639884681,-1.0,-0.03127299307470538,2025-09
2025-09-17,682243.0,3.5,0.5995713770396028,1.0,4,0.0,0.48982408202988886,5,-105.0,-109.0,0.5141933812067568,8.0,-112.0,-102.0,0.024369299176867976,over,0.5995713770396028,0.10974729500971397,-105.0,,True,0.024369299176867976,0.17059173612493883,0.9523809523809523,0.042647934031234735,2025-09
2025-09-17,693855.0,3.5,0.782174146595457,0.0,3,0.0,0.5883509461784222,1,-168.0,128.0,0.635099913119027,1.0,-215.0,155.0,0.04674896694060482,over,0.782174146595457,0.19382320041703482,-168.0,,False,0.04674896694060482,0.24775399575941953,-1.0,-0.05,2025-09
2025-09-17,661563.0,4.5,0.6976197935675345,0.0,2,0.0,0.5061630703490819,5,-112.0,-102.0,0.5460269250877411,8.0,-135.0,119.0,0.039863854738659166,over,0.6976197935675345,0.19145672321845253,-112.0,,False,0.039863854738659166,0.32049460925283313,-1.0,-0.05,2025-09
2025-09-17,669467.0,3.5,0.6806048412728175,0.0,3,0.0,0.49062031015507745,2,-104.0,-115.0,0.5293286616375806,8.0,-125.0,111.0,0.03870835148250318,over,0.6806048412728175,0.18998453111774005,-104.0,,False,0.03870835148250318,0.3350325732659113,-1.0,-0.05,2025-09
2025-09-17,656427.0,5.5,0.6153279630310693,0.0,4,0.0,0.4919754199430294,5,100.0,-110.0,0.5057291506196202,8.0,-112.0,-101.0,0.013753730676590803,over,0.6153279630310693,0.12335254308803989,100.0,,False,0.013753730676590803,0.23065592606213858,-1.0,-0.05,2025-09
2025-09-17,663903.0,4.5,0.6119938959620679,1.0,6,0.0,0.49078178570232306,2,-109.0,-117.0,0.5387022865440456,8.0,-127.0,110.0,0.04792050084172256,over,0.6119938959620679,0.12121211025974482,-109.0,,True,0.04792050084172256,0.1734561858355247,0.9174311926605505,0.043364046458881145,2025-09
2025-09-17,671737.0,5.5,0.5768421647084643,0.0,4,0.0,0.44222307071643974,5,115.0,-145.0,0.431114239875345,7.0,130.0,-143.0,-0.011108830841094763,over,0.5768421647084643,0.13461909399202454,115.0,,False,-0.011108830841094763,0.2402106541231982,-1.0,-0.05,2025-09
2025-09-17,694297.0,4.5,0.6926244457392519,1.0,7,0.0,0.5364342902428744,3,-125.0,110.0,0.5748087460097382,2.0,-157.0,122.0,0.038374455766863824,over,0.6926244457392519,0.1561901554963775,-125.0,,True,0.038374455766863824,0.2467240023306534,0.8,0.04000000000000001,2025-09
2025-09-17,434378.0,4.5,0.5875782169422072,0.0,3,0.0,0.49866950134604954,3,-112.0,-112.0,0.50751692933645,8.0,-115.0,100.0,0.008847427990400447,over,0.5875782169422072,0.0889087155961577,-112.0,,False,0.008847427990400447,0.11220162492632091,-1.0,-0.03141645497936985,2025-09
2025-09-17,592332.0,5.5,0.7157367729063239,1.0,6,0.0,0.5397791045919537,5,-130.0,116.0,0.5645208168394502,2.0,-155.0,114.0,0.02474171224749655,over,0.7157367729063239,0.1759576683143702,-130.0,,True,0.02474171224749655,0.2663035212958038,0.7692307692307693,0.038461538461538464,2025-09
2025-09-18,678394.0,4.5,0.6413223893223156,0.0,3,0.0,0.502900940541785,5,-110.0,-102.0,0.5087112139726098,8.0,-114.0,100.0,0.005810273430824742,over,0.6413223893223156,0.13842144878053053,-110.0,,False,0.005810273430824742,0.22434274325169334,-1.0,-0.05,2025-09
2025-09-18,663568.0,3.5,0.6170576465130712,1.0,8,0.0,0.48729935202117547,5,-105.0,-118.0,0.505103728662769,8.0,-112.0,100.0,0.01780437664159351,over,0.6170576465130712,0.1297582944918957,-105.0,,True,0.01780437664159351,0.2047315955731389,0.9523809523809523,0.047619047619047616,2025-09
2025-09-18,607067.0,3.5,0.6918689295397656,1.0,11,0.0,0.5730232283907862,7,-150.0,125.0,0.5846623973724915,7.0,-157.0,135.0,0.01163916898170525,over,0.6918689295397656,0.11884570114897941,-150.0,,True,0.01163916898170525,0.15311488256627603,0.6666666666666666,0.03333333333333333,2025-09
2025-09-18,676440.0,5.5,0.5844787773847722,1.0,8,0.0,0.46241443736367677,3,106.0,-125.0,0.4495801510891101,8.0,110.0,-132.0,-0.012834286274566675,over,0.5844787773847722,0.1220643400210954,106.0,,True,-0.012834286274566675,0.20402628141263068,1.06,0.0510065703531577,2025-09
2025-09-18,669358.0,4.5,0.6737755012731168,0.0,4,0.0,0.5221946734739786,2,-125.0,-104.0,0.5411291235257449,8.0,-120.0,119.0,0.018934450051766305,over,0.6737755012731168,0.15158082779913817,-125.0,,False,0.018934450051766305,0.21279590229161027,-1.0,-0.05,2025-09
2025-09-18,645261.0,5.5,0.6520597361209302,1.0,8,0.0,0.4445320602168685,4,113.0,-144.0,0.4444843875985506,8.0,125.0,-130.0,-4.767261831789549e-05,over,0.6520597361209302,0.20752767590406168,113.0,,True,-4.767261831789549e-05,0.3888872379375812,1.13,0.056499999999999995,2025-09
2025-09-18,608331.0,5.5,0.6965684196653735,1.0,13,0.0,0.5484386958140923,5,-135.0,123.0,0.5811672113221591,4.0,-158.0,125.0,0.03272851550806677,over,0.6965684196653735,0.1481297238512812,-135.0,,True,0.03272851550806677,0.2125450268249095,0.7407407407407407,0.037037037037037035,2025-09
2025-09-18,579328.0,4.5,0.5904257737126801,0.0,2,0.0,0.48522891402163965,5,-102.0,-110.0,0.5020488485286674,8.0,-107.0,-105.0,0.016819934507027734,over,0.5904257737126801,0.10519685969104048,-102.0,,False,0.016819934507027734,0.16927457147020963,-1.0,-0.043165015724903485,2025-09
2025-09-19,656302.0,6.5,0.6021181542357325,0.0,6,0.0,0.486536071886939,6,-105.0,-115.0,0.46916580234368865,8.0,110.0,-117.0,-0.017370269543250327,over,0.6021181542357325,0.11558208234879347,-105.0,,False,-0.017370269543250327,0.17556401541262046,-1.0,-0.0460855540458129,2025-09
2025-09-19,656605.0,4.5,0.6274899069992406,0.0,4,0.0,0.5313779796075787,5,-130.0,105.0,0.5493516759709876,8.0,-120.0,121.0,0.017973696363408842,over,0.6274899069992406,0.09611192739166186,-130.0,,False,0.017973696363408842,0.11017445084481026,-1.0,-0.035806696524563295,2025-09
2025-09-19,663436.0,3.5,0.5584720968546838,1.0,4,0.0,0.45173112870439214,6,117.0,-136.0,0.41424875159821306,8.0,150.0,-155.0,-0.03748237710617908,over,0.5584720968546838,0.10674096815029166,117.0,,True,-0.03748237710617908,0.21188445017466384,1.17,0.05297111254366593,2025-09
2025-09-19,693821.0,4.5,0.6268778724587534,1.0,6,0.0,0.4504198614045225,6,115.0,-137.0,0.47116600838300216,8.0,106.0,-120.0,0.02074614697847965,over,0.6268778724587534,0.17645801105423087,115.0,,True,0.02074614697847965,0.3477874257863197,1.15,0.057499999999999996,2025-09
2025-09-19,701542.0,3.5,0.8447662914103342,1.0,4,0.0,0.69140625,1,-295.0,200.0,0.705098596553562,1.0,-315.0,215.0,0.013692346553561996,over,0.8447662914103342,0.1533600414103342,-295.0,,True,0.013692346553561996,0.13112774612570172,0.3389830508474576,0.01694915254237288,2025-09
2025-09-19,622663.0,4.5,0.5781803621735994,0.0,3,0.0,0.42942037224849,5,122.0,-150.0,0.4729375109281999,8.0,105.0,-115.0,0.04351713867970991,over,0.5781803621735994,0.14875998992510936,122.0,,False,0.04351713867970991,0.2835604040253905,-1.0,-0.05,2025-09
2025-09-20,677944.0,4.5,0.7309236258534336,1.0,8,0.0,0.4814193966735091,5,-103.0,-118.0,0.4874801855863881,8.0,100.0,-110.0,0.006060788912879034,over,0.7309236258534336,0.24950422917992454,-103.0,,True,0.006060788912879034,0.44055821406065077,0.970873786407767,0.048543689320388356,2025-09
2025-09-20,694477.0,3.5,0.6782892890432715,0.0,3,0.0,0.43894856731976173,3,115.0,-149.0,0.534478054632149,3.0,-130.0,105.0,0.0955294873123873,over,0.6782892890432715,0.23934072172350973,115.0,,False,0.0955294873123873,0.45832197144303355,-1.0,-0.05,2025-09
2025-09-20,605288.0,4.5,0.5557363371632162,0.0,2,0.0,0.42534582622492206,5,125.0,-150.0,0.41789417673460566,8.0,126.0,-160.0,-0.007451649490316403,over,0.5557363371632162,0.13039051093829418,125.0,,False,-0.007451649490316403,0.2504067586172365,-1.0,-0.05,2025-09
2025-09-20,671106.0,4.5,0.7116120623002391,1.0,7,0.0,0.4548046661217782,2,106.0,-140.0,0.44386231827432254,5.0,121.0,-135.0,-0.01094234784745568,over,0.7116120623002391,0.2568073961784609,106.0,,True,-0.01094234784745568,0.46592084833849257,1.06,0.053000000000000005,2025-09
2025-09-20,666214.0,4.5,0.6091327674077645,1.0,7,0.0,0.4965918814602084,3,-111.0,-115.0,0.49015583511595595,8.0,-105.0,-111.0,-0.006436046344252433,over,0.6091327674077645,0.11254088594755607,-111.0,,True,-0.006436046344252433,0.15790102633367842,0.9009009009009009,0.039475256583419605,2025-09
2025-09-20,806960.0,4.5,0.666993711475701,0.0,4,0.0,0.5674786678529521,3,-150.0,118.0,0.5508334828206174,8.0,-139.0,115.0,-0.016645185032334697,over,0.666993711475701,0.09951504362274888,-150.0,,False,-0.016645185032334697,0.11165618579283493,-1.0,-0.04187106967231308,2025-09
2025-09-20,665871.0,3.5,0.6676680817630007,0.0,2,0.0,0.41007206368553334,2,130.0,-170.0,0.4359594903503637,6.0,119.0,-145.0,0.02588742666483035,over,0.6676680817630007,0.2575960180774674,130.0,,False,0.02588742666483035,0.5356365880549018,-1.0,-0.05,2025-09
2025-09-20,641927.0,4.5,0.6304730569888555,0.0,1,0.0,0.49493927125506076,2,-110.0,-114.0,0.5293330926476083,5.0,-122.0,110.0,0.03439382139254754,over,0.6304730569888555,0.1355337857337947,-110.0,,False,0.03439382139254754,0.20363038152417856,-1.0,-0.05,2025-09
2025-09-20,607074.0,5.5,0.6717576064656184,1.0,8,0.0,0.5785341998584389,1,-162.0,122.0,0.6221740476927841,1.0,-205.0,145.0,0.04363984783434516,over,0.6717576064656184,0.09322340660717954,-162.0,,True,0.04363984783434516,0.08642279564192612,0.6172839506172839,0.021605698910481527,2025-09
2025-09-20,696149.0,4.5,0.6991391719299964,1.0,6,0.0,0.561133556580151,2,-145.0,114.0,0.5419576230571351,7.0,-127.0,116.0,-0.01917593352301583,over,0.6991391719299964,0.13800561534984546,-145.0,,True,-0.01917593352301583,0.18130411808861469,0.6896551724137931,0.03448275862068966,2025-09
2025-09-20,683004.0,4.5,0.6102782860475631,0.0,4,0.0,0.5181094688246317,5,-120.0,-102.0,0.559481272598982,8.0,-130.0,125.0,0.041371803774350235,over,0.6102782860475631,0.09216881722293135,-120.0,,False,0.041371803774350235,0.11884352442053236,-1.0,-0.035653057326159705,2025-09
2025-09-20,669456.0,5.5,0.26736273687146345,0.0,4,0.0,0.4387524544960543,5,123.0,-140.0,0.42559768805135406,8.0,132.0,-140.0,-0.013154766444700261,under,0.7326372631285365,0.17138971762459088,-140.0,,True,0.013154766444700261,0.255949593934634,0.7142857142857143,0.03571428571428572,2025-09
2025-09-20,672782.0,3.5,0.7122092127126978,1.0,4,0.0,0.5737301251579126,5,-156.0,126.0,0.578709594983998,8.0,-146.0,135.0,0.004979469826085436,over,0.7122092127126978,0.13847908755478522,-156.0,,True,0.004979469826085436,0.16875357983622202,0.6410256410256411,0.032051282051282055,2025-09
2025-09-20,641793.0,3.5,0.6514611637068656,1.0,4,0.0,0.5648051933266939,3,-144.0,120.0,0.573633761024107,5.0,-153.0,125.0,0.008828567697413137,over,0.6514611637068656,0.0866559703801717,-144.0,,True,0.008828567697413137,0.10386474961441111,0.6944444444444444,0.025966187403602792,2025-09
2025-09-20,657746.0,6.5,0.4595494443154825,0.0,5,0.0,0.3749692648143595,1,148.0,-205.0,0.3483606557377049,1.0,165.0,-240.0,-0.026608609076654577,over,0.4595494443154825,0.08458017950112301,148.0,,False,-0.026608609076654577,0.13968262190239655,-1.0,-0.02359503748351293,2025-09
2025-09-21,671096.0,4.5,0.6861623974287472,0.0,2,0.0,0.46481738688159,2,105.0,-130.0,0.4832915304271802,8.0,102.0,-107.0,0.018474143545590183,over,0.6861623974287472,0.22134501054715716,105.0,,False,0.018474143545590183,0.4066329147289317,-1.0,-0.05,2025-09
2025-09-21,680694.0,5.5,0.6992675535027673,1.0,9,0.0,0.5541417532516162,5,-139.0,112.0,0.5674003690102954,7.0,-143.0,120.0,0.01325861575867926,over,0.6992675535027673,0.14512580025115107,-139.0,,True,0.01325861575867926,0.20233773587885884,0.7194244604316546,0.03597122302158273,2025-09
2025-09-21,686218.0,6.5,0.5564873620003594,1.0,10,0.0,0.4473926975656677,2,110.0,-144.0,0.4508365306054698,8.0,115.0,-135.0,0.0034438330398021133,over,0.5564873620003594,0.10909466443469173,110.0,,True,0.0034438330398021133,0.1686234602007548,1.1,0.0421558650501887,2025-09
2025-09-21,681347.0,4.5,0.6834942270396774,0.0,3,0.0,0.5039122374662963,5,-112.0,-104.0,0.43755934109227096,7.0,125.0,-122.0,-0.06635289637402536,over,0.6834942270396774,0.17958198957338112,-112.0,,False,-0.06635289637402536,0.2937569297536752,-1.0,-0.05,2025-09
2025-09-21,663623.0,3.5,0.567788133940841,1.0,5,0.0,0.458430815134247,5,110.0,-123.0,0.449914125816413,8.0,110.0,-135.0,-0.008516689317834003,over,0.567788133940841,0.10935731880659405,110.0,,True,-0.008516689317834003,0.19235508127576628,1.1,0.04808877031894154,2025-09
2025-09-21,624133.0,4.5,0.5850303065459103,0.0,2,0.0,0.47077850838810875,4,100.0,-130.0,0.48113752827357137,8.0,100.0,-110.0,0.010359019885462617,over,0.5850303065459103,0.11425179815780151,100.0,,False,0.010359019885462617,0.17006061309182052,-1.0,-0.04251515327295513,2025-09
2025-09-21,680732.0,3.5,0.6988991858291597,1.0,4,0.0,0.5558326618166693,5,-138.0,115.0,0.5597003418757645,6.0,-140.0,128.0,0.003867680059095102,over,0.6988991858291597,0.14306652401249031,-138.0,,True,0.003867680059095102,0.20534787121260867,0.7246376811594203,0.036231884057971016,2025-09
2025-09-21,669461.0,3.5,0.5180025946871465,1.0,6,0.0,0.4265475085415172,2,120.0,-158.0,0.44708205501851267,7.0,120.0,-135.0,0.020534546476995486,over,0.5180025946871465,0.0914550861456293,120.0,,True,0.020534546476995486,0.13960570831172225,1.2,0.03490142707793059,2025-09
2025-09-22,519242.0,8.5,0.33652613563363437,0.0,6,0.0,0.5236984538587088,6,-120.0,100.0,0.5137687262751734,8.0,-115.0,-103.0,-0.009929727583535386,under,0.6634738643663656,0.18717231822507446,100.0,,True,0.009929727583535386,0.32694772873273115,1.0,0.05,2025-09
2025-09-23,663903.0,5.5,0.6557470087759228,0.0,3,0.0,0.5010114905324486,6,-113.0,-112.0,0.49966847988664215,8.0,-108.0,-105.0,-0.0013430106458064972,over,0.6557470087759228,0.1547355182434742,-113.0,,False,-0.0013430106458064972,0.23605409618824402,-1.0,-0.05,2025-09
2025-09-23,592332.0,6.5,0.47214518132051764,1.0,7,0.0,0.3886181003820313,1,138.0,-195.0,0.41922915210668044,4.0,135.0,-155.0,0.03061105172464912,over,0.47214518132051764,0.08352708093848632,138.0,,True,0.03061105172464912,0.12370553154283193,1.38,0.03092638288570798,2025-09
2025-09-23,665795.0,4.5,0.7774345597123398,0.0,3,0.0,0.39667957566881173,5,152.0,-162.0,0.4028045124658061,7.0,149.0,-165.0,0.006124936796994385,over,0.7774345597123398,0.38075498404352803,152.0,,False,0.006124936796994385,0.9591350904750962,-1.0,-0.05,2025-09
2025-09-23,681343.0,5.5,0.5955363226736001,1.0,8,0.0,0.430937764972751,6,120.0,-149.0,0.4178020049564874,5.0,145.0,-150.0,-0.013135760016263598,over,0.5955363226736001,0.16459855770084914,120.0,,True,-0.013135760016263598,0.31017990988192023,1.2,0.06,2025-09
2025-09-23,661563.0,5.5,0.5810411779682422,0.0,3,0.0,0.45404672832432436,6,120.0,-125.0,0.4251131906164297,8.0,145.0,-150.0,-0.02893353770789464,over,0.5810411779682422,0.12699444964391782,120.0,,False,-0.02893353770789464,0.2782905915301328,-1.0,-0.05,2025-09
2025-09-23,669373.0,6.5,0.5713001431025206,1.0,8,0.0,0.6763754045307444,1,-275.0,185.0,0.69140625,1.0,-295.0,200.0,0.015030845469255594,under,0.42869985689747936,0.10507526142822377,185.0,,False,-0.015030845469255594,0.22179459215781616,-1.0,-0.02997224218348867,2025-09
2025-09-23,668909.0,6.5,0.4488636515709413,1.0,12,0.0,0.3649000868809731,1,155.0,-215.0,0.3886181003820313,1.0,138.0,-195.0,0.023718013501058233,over,0.4488636515709413,0.08396356468996824,155.0,,True,0.023718013501058233,0.14460231150590042,1.55,0.036150577876475076,2025-09
2025-09-24,608331.0,5.5,0.631855930896176,1.0,7,0.0,0.548683042320213,1,-144.0,106.0,0.5555568281521356,8.0,-135.0,117.0,0.006873785831922552,over,0.631855930896176,0.08317288857596294,-144.0,,True,0.006873785831922552,0.07064477179629819,0.6944444444444444,0.017661192949074533,2025-09
2025-09-24,666200.0,6.5,0.555033732519127,1.0,10,0.0,0.4736418392839088,5,100.0,-125.0,0.45940234215620734,8.0,110.0,-126.0,-0.01423949712770145,over,0.555033732519127,0.08139189323521823,100.0,,True,-0.01423949712770145,0.11006746503825404,1.0,0.02751686625956351,2025-09
2025-09-24,656302.0,5.5,0.6772064307383897,1.0,8,0.0,0.5599937062793984,3,-142.0,115.0,0.5916025685815229,3.0,-150.0,140.0,0.03160886230212456,over,0.6772064307383897,0.11721272445899134,-142.0,,True,0.03160886230212456,0.15411236787810073,0.704225352112676,0.035211267605633804,2025-09
2025-09-24,674841.0,3.5,0.5429475676819666,1.0,5,0.0,0.4206033398235139,6,129.0,-158.0,0.4191167738508129,8.0,129.0,-155.0,-0.0014865659727009706,over,0.5429475676819666,0.12234422785845273,129.0,,True,-0.0014865659727009706,0.24334992999170357,1.29,0.060837482497925865,2025-09
2025-09-24,656427.0,4.5,0.6720165858987709,1.0,6,0.0,0.5834970530451867,1,-165.0,125.0,0.5824275503980232,1.0,-167.0,123.0,-0.001069502647163545,over,0.6720165858987709,0.08851953285358416,-165.0,,True,-0.001069502647163545,0.07929936523135933,0.6060606060606061,0.01982484130783979,2025-09
2025-09-24,669358.0,4.5,0.7570502904116035,0.0,3,0.0,0.6741798705646062,1,-265.0,185.0,0.6966860138550833,1.0,-305.0,205.0,0.022506143290477176,over,0.7570502904116035,0.08287041984699739,-265.0,,False,0.022506143290477176,0.04272964528390677,-1.0,-0.028308390000588234,2025-09
2025-09-24,677960.0,4.5,0.5842225821152056,1.0,8,0.0,0.4853674332257517,5,-105.0,-114.0,0.4920964693380369,8.0,-106.0,-113.0,0.006729036112285203,over,0.5842225821152056,0.0988551488894539,-105.0,,True,0.006729036112285203,0.14062504127254427,0.9523809523809523,0.03515626031813607,2025-09
2025-09-25,800048.0,5.5,0.5310915271254206,1.0,7,0.0,0.4248366013071895,1,120.0,-160.0,0.4168885867778598,3.0,130.0,-157.0,-0.007948014529329694,over,0.5310915271254206,0.10625492581823115,120.0,,True,-0.007948014529329694,0.1684013596759254,1.2,0.04210033991898138,2025-09
2025-09-25,690997.0,4.5,0.7438575322764274,1.0,11,0.0,0.5829675153643546,1,-166.0,124.0,0.5887850467289719,1.0,-175.0,125.0,0.005817531364617268,over,0.7438575322764274,0.16089001691207272,-166.0,,True,0.005817531364617268,0.19196447943090172,0.6024096385542169,0.030120481927710847,2025-09
2025-09-25,663436.0,4.5,0.5908411737966871,1.0,5,0.0,0.4177744221650081,4,127.0,-163.0,0.42519195020303807,6.0,125.0,-150.0,0.007417528038029975,over,0.5908411737966871,0.173066751631679,127.0,,True,0.007417528038029975,0.3412094645184798,1.27,0.0635,2025-09
2025-09-25,664285.0,4.5,0.7013385922869324,1.0,10,0.0,0.5626169610377059,7,-146.0,120.0,0.560534671067763,7.0,-135.0,120.0,-0.002082289969942863,over,0.7013385922869324,0.13872163124922654,-146.0,,True,-0.002082289969942863,0.1817074911135984,0.684931506849315,0.03424657534246575,2025-09
2025-09-25,676083.0,3.5,0.6104510423405245,1.0,4,0.0,0.5283385568081177,4,-123.0,105.0,0.5111521658617479,8.0,-115.0,-104.0,-0.017186390946369756,over,0.6104510423405245,0.0821124855324068,-123.0,,True,-0.017186390946369756,0.10675270277997528,0.8130081300813008,0.02668817569499382,2025-09
2025-09-26,701542.0,5.5,0.565819180078177,1.0,7,0.0,0.3937542430414121,1,135.0,-190.0,0.42367399741267786,1.0,120.0,-162.0,0.02991975437126576,over,0.565819180078177,0.1720649370367649,135.0,,True,0.02991975437126576,0.329675073183716,1.35,0.0675,2025-09
2025-09-26,605288.0,3.5,0.5521163641808299,1.0,5,0.0,0.40634336321971914,5,136.0,-163.0,0.41024125988963966,6.0,136.0,-152.0,0.0038978966699205198,over,0.5521163641808299,0.14577300096111073,136.0,,True,0.0038978966699205198,0.30299461946675854,1.36,0.068,2025-09
2025-09-26,687075.0,3.5,0.6533148419303234,0.0,2,0.0,0.5016292780855064,5,-114.0,-112.0,0.5159546479559645,8.0,-110.0,104.0,0.014325369870458071,over,0.6533148419303234,0.15168556384481702,-114.0,,False,0.014325369870458071,0.22639803660604563,-1.0,-0.05,2025-09
2025-09-26,683004.0,4.5,0.631855930896176,1.0,10,0.0,0.5263961522268614,5,-121.0,100.0,0.5425044874503638,8.0,-130.0,110.0,0.016108335223502412,over,0.631855930896176,0.10545977866931455,-121.0,,True,0.016108335223502412,0.1540509151078917,0.8264462809917356,0.038512728776972927,2025-09
2025-09-26,663554.0,4.5,0.5176136565703782,1.0,8,0.0,0.43497212258537477,5,120.0,-140.0,0.43179865051329397,8.0,129.0,-140.0,-0.0031734720720807963,over,0.5176136565703782,0.0826415339850034,120.0,,True,-0.0031734720720807963,0.13875004445483197,1.2,0.03468751111370799,2025-09
2025-09-26,605400.0,6.5,0.47685370293832224,1.0,9,0.0,0.3816793893129771,1,143.0,-200.0,0.39551929193749136,1.0,135.0,-186.0,0.013839902624514233,over,0.47685370293832224,0.09517431362534512,143.0,,True,0.013839902624514233,0.158754498140123,1.43,0.03968862453503075,2025-09
2025-09-26,607067.0,4.5,0.5556624274167665,1.0,7,0.0,0.3649000868809731,1,155.0,-215.0,0.4582671011964422,8.0,109.0,-125.0,0.09336701431546912,over,0.5556624274167665,0.19076234053579344,155.0,,True,0.09336701431546912,0.4169391899127547,1.55,0.07750000000000001,2025-09
2025-09-26,669456.0,6.5,0.26366013732864035,0.0,3,0.0,0.45419451384206205,6,110.0,-131.0,0.4331894896002516,5.0,123.0,-148.0,-0.021005024241810444,under,0.7363398626713596,0.1905343765134217,-131.0,,True,0.021005024241810444,0.29843136089377165,0.7633587786259542,0.03816793893129772,2025-09
2025-09-26,645261.0,4.5,0.6386031427124147,0.0,3,0.0,0.48688416262463485,5,-105.0,-118.0,0.5045726113012605,8.0,-110.0,-101.0,0.017688448676625668,over,0.6386031427124147,0.15171898008777984,-105.0,,False,0.017688448676625668,0.24679661196233338,-1.0,-0.05,2025-09
2025-09-27,813349.0,5.5,0.661703578310354,1.0,7,0.0,0.43394648194354246,2,120.0,-144.0,0.42340523333101276,6.0,125.0,-154.0,-0.010541248612529697,over,0.661703578310354,0.22775709636681152,120.0,,True,-0.010541248612529697,0.4557478722827787,1.2,0.06,2025-09
2025-09-27,605280.0,3.5,0.5079487546839611,0.0,2,0.0,0.4127632501830359,5,141.0,-152.0,0.3373493975903614,1.0,175.0,-250.0,-0.07541385259267447,over,0.5079487546839611,0.09518550450092517,141.0,,False,-0.07541385259267447,0.2241564987883461,-1.0,-0.03974406006885571,2025-09
2025-09-27,696149.0,4.5,0.6638154731709007,1.0,6,0.0,0.4384132058635346,3,116.0,-143.0,0.44703725978576275,6.0,120.0,-114.0,0.008624053922228148,over,0.6638154731709007,0.22540226730736612,116.0,,True,0.008624053922228148,0.43384142204914555,1.16,0.057999999999999996,2025-09
2025-09-27,672456.0,3.5,0.6146483356450896,1.0,7,0.0,0.4554079696394686,1,105.0,-140.0,0.4451832951382781,8.0,116.0,-140.0,-0.010224674501190523,over,0.6146483356450896,0.15924036600562097,105.0,,True,-0.010224674501190523,0.26002908807243363,1.05,0.052500000000000005,2025-09
2025-09-27,702056.0,4.5,0.622531480147105,1.0,5,0.0,0.5107534166339792,5,-115.0,-105.0,0.5347110973846931,8.0,-115.0,117.0,0.023957680750713917,over,0.622531480147105,0.1117780635131258,-115.0,,True,0.023957680750713917,0.16386320201415283,0.8695652173913043,0.04096580050353821,2025-09
2025-09-27,608372.0,3.5,0.667505390711907,0.0,3,0.0,0.5552527529146112,5,-140.0,124.0,0.5452482024988448,8.0,-130.0,110.0,-0.010004550415766422,over,0.667505390711907,0.11225263779729577,-140.0,,False,-0.010004550415766422,0.1442949555061262,-1.0,-0.05,2025-09
2025-09-27,434378.0,5.5,0.6425181807998565,1.0,7,0.0,0.4887275979555577,3,-104.0,-112.0,0.48796292634140714,7.0,-104.0,-109.0,-0.0007646716141505583,over,0.6425181807998565,0.15379058284429875,-104.0,,True,-0.0007646716141505583,0.2603241238766415,0.9615384615384616,0.04807692307692308,2025-09
2025-09-27,624133.0,5.5,0.6087685618387968,0.0,4,0.0,0.49313288470590766,5,-107.0,-115.0,0.49789407788281614,8.0,-110.0,-107.0,0.004761193176908485,over,0.6087685618387968,0.11563567713288914,-107.0,,False,0.004761193176908485,0.17771114299655077,-1.0,-0.047537730751577335,2025-09
2025-09-27,592791.0,4.5,0.5278609228807796,1.0,8,0.0,0.408486769906109,1,131.0,-168.0,0.4004316710212427,1.0,132.0,-182.0,-0.008055098884866274,over,0.5278609228807796,0.11937415297467058,131.0,,True,-0.008055098884866274,0.21935873185460086,1.31,0.054839682963650216,2025-09
2025-09-27,663623.0,4.5,0.5118837361180055,1.0,6,0.0,0.42076309520672,2,125.0,-156.0,0.4206966475732023,6.0,130.0,-160.0,-6.644763351770777e-05,over,0.5118837361180055,0.09112064091128552,125.0,,True,-6.644763351770777e-05,0.1517384062655125,1.25,0.03793460156637812,2025-09
2025-09-27,671212.0,4.5,0.560791287063088,1.0,5,0.0,0.42939495150472806,5,120.0,-149.0,0.42236099908015734,8.0,135.0,-152.0,-0.007033952424570722,over,0.560791287063088,0.13139633555835994,120.0,,True,-0.007033952424570722,0.23374083153879355,1.2,0.058435207884698415,2025-09
2025-09-27,676282.0,4.5,0.737002528454596,1.0,8,0.0,0.5976612249623713,1,-178.0,132.0,0.6250307351856406,1.0,-205.0,148.0,0.027369510223269278,over,0.737002528454596,0.13934130349222473,-178.0,,True,0.027369510223269278,0.15104889275493089,0.5617977528089888,0.02808988764044944,2025-09
2025-09-28,477132.0,3.5,0.782597450160651,1.0,7,0.0,0.4248366013071895,1,120.0,-160.0,0.5379723878047806,5.0,-120.0,108.0,0.11313578649759115,over,0.782597450160651,0.3577608488534615,120.0,,True,0.11313578649759115,0.7217143903534321,1.2,0.06,2025-09
2025-09-28,650911.0,5.5,0.740818168075606,1.0,8,0.0,0.4443598444898262,3,120.0,-138.0,0.4490494966487308,8.0,115.0,-126.0,0.0046896521589046,over,0.740818168075606,0.2964583235857798,120.0,,True,0.0046896521589046,0.6297999697663331,1.2,0.06,2025-09
2025-09-28,665795.0,4.5,0.756297502807611,1.0,7,0.0,0.5030344715973458,2,-115.0,-112.0,0.5281464199887775,8.0,-117.0,110.0,0.025111948391431715,over,0.756297502807611,0.25326303121026517,-115.0,,True,0.025111948391431715,0.4139475052490118,0.8695652173913043,0.043478260869565216,2025-09
2025-09-28,666142.0,6.5,0.4422789568992546,1.0,8,0.0,0.5456466170391716,2,-138.0,108.0,0.5055176910909241,6.0,-110.0,100.0,-0.04012892594824746,under,0.5577210431007453,0.103367660139917,108.0,,False,0.04012892594824746,0.16005976964955038,-1.0,-0.03705087260406256,2025-09
2025-09-28,680694.0,5.5,0.6347184872324216,1.0,8,0.0,0.5089077620374679,5,-115.0,-106.0,0.5192420667312357,8.0,-116.0,100.0,0.010334304693767837,over,0.6347184872324216,0.12581072519495373,-115.0,,True,0.010334304693767837,0.18664760656496215,0.8695652173913043,0.043478260869565216,2025-09
2025-09-28,661563.0,5.5,0.5972855567518615,0.0,2,0.0,0.48222944420081515,5,-104.0,-122.0,0.4310196292887175,7.0,135.0,-145.0,-0.05120981491209764,over,0.5972855567518615,0.11505611255104631,-104.0,,False,-0.05120981491209764,0.1715985920901898,-1.0,-0.044615633943449376,2025-09
2025-09-28,680573.0,4.5,0.539443861009622,1.0,9,0.0,0.43014506178875034,3,120.0,-151.0,0.4349586689107714,2.0,116.0,-154.0,0.0048136071220210574,over,0.539443861009622,0.10929879922087171,120.0,,True,0.0048136071220210574,0.1867764942211685,1.2,0.04669412355529218,2025-09
2025-09-28,682243.0,4.5,0.5389445925650136,0.0,2,0.0,0.43668122270742354,1,115.0,-150.0,0.4422237390230169,5.0,125.0,-139.0,0.005542516315593382,over,0.5389445925650136,0.10226336985759005,115.0,,False,0.005542516315593382,0.15873087401477914,-1.0,-0.03450671174234332,2025-09
2025-09-28,665871.0,3.5,0.7184329980469627,1.0,6,0.0,0.5291602583296753,5,-125.0,105.0,0.5740081303086091,6.0,-137.0,130.0,0.044847871978933807,over,0.7184329980469627,0.18927273971728742,-125.0,,True,0.044847871978933807,0.29317939648453284,0.8,0.04000000000000001,2025-09
2025-09-28,676664.0,3.5,0.6051637298564156,1.0,4,0.0,0.4330308079989988,3,125.0,-144.0,0.47993856105513893,8.0,105.0,-116.0,0.046907753056140145,over,0.6051637298564156,0.17213292185741685,125.0,,True,0.046907753056140145,0.36161839217693514,1.25,0.0625,2025-09
