game_date,pitcher_id,hits_allowed,vintage,mu_poisson_glm,mu_xgb_poisson,mu_lgb_poisson,mu_hgb_poisson,mu_cat_poisson,line,p_over_open,n_books_open,best_over_odds_open,best_under_odds_open,p_over_close,n_books_close,best_over_odds_close,best_under_odds_close,clv_over,outcome_over,outcome_push,p_poisson_glm,p_xgb_poisson,p_lgb_poisson,p_hgb_poisson,p_cat_poisson,p_h0,p_h1,bet_side,p_bet,edge,odds,book,won,clv,ev,pnl,pnl_kelly,month
2026-03-26,669432,3,2026-01-01,4.834518146142439,4.392934,4.399264502467608,4.150815068704817,4.624564063908237,4.5,0.5322897960319104,2,-129.0,100.0,0.5506697024625935,3.0,-144.0,109.0,0.0183799064306831,0.0,0.0,0.5044534412955467,0.4601449275362319,0.47172619047619047,0.44601962922573607,0.5444822557122022,0.48536528884918145,0.48536528884918145,under,0.5146347111508185,0.04692450718272895,100.0,,True,-0.0183799064306831,0.029269422301636983,1.0,0.007317355575409246,2026-03
2026-03-26,657746,1,2026-01-01,4.1386879229997335,4.070424,4.0287707811865845,4.018567428902395,3.984120112451071,4.5,0.4855551476547824,2,-108.0,-122.0,0.455305145661777,3.0,105.0,-139.0,-0.030250001993005426,0.0,0.0,0.3885350318471338,0.4061662198391421,0.4066820276497696,0.395738203957382,0.3813451776649746,0.3956933321916804,0.3956933321916804,under,0.6043066678083195,0.08986181546310201,-122.0,,True,0.030250001993005426,0.09964000207743395,0.819672131147541,0.02491000051935849,2026-03
2026-03-26,669373,3,2026-01-01,4.614051933748145,3.9817,3.8300068816527233,4.014531952610039,4.063660006272261,4.5,0.48427366241773045,3,-105.0,-120.0,0.4754788807531904,3.0,-101.0,-125.0,-0.008794781664540063,0.0,0.0,0.5,0.3919694072657744,0.3722871452420701,0.395738203957382,0.4146919431279621,0.4149373399186377,0.4149373399186377,under,0.5850626600813623,0.06933632249909277,-120.0,,True,0.008794781664540063,0.07261487681583095,0.8333333333333334,0.018153719203957752,2026-03
2026-03-26,543135,8,2026-01-01,4.931674039183054,4.3959107,4.212874628635329,4.236417770860225,4.574667049116012,5.5,0.4275019261909659,3,120.0,-155.0,0.4268955959861291,3.0,120.0,-158.0,-0.0006063302048368024,1.0,0.0,0.34208798424162834,0.2880886426592798,0.2900763358778626,0.29806070826306913,0.31346351490236385,0.30635543718884073,0.30635543718884073,under,0.6936445628111593,0.12114648900212516,-155.0,,False,0.0006063302048368024,0.1411571839796491,-1.0,-0.05,2026-03
2026-03-26,676979,3,2026-01-01,4.505814761943689,3.865107,4.121247623593977,4.0200093400232735,3.8658035531783876,4.5,0.498055087488168,3,-110.0,-110.0,0.4991271911408342,3.0,-109.0,-110.0,0.0010721036526661898,0.0,0.0,0.47294716740929343,0.361846571622539,0.41466498103666244,0.395738203957382,0.3813451776649746,0.4053084203381704,0.4053084203381704,under,0.5946915796618296,0.09274666714999763,-110.0,,True,-0.0010721036526661898,0.13532028844531108,0.9090909090909091,0.03383007211132777,2026-03
2026-03-27,519242,3,2026-01-01,4.5203894142645105,3.8974147,4.118608986024218,3.9239072843586134,4.015270613048626,4.5,0.49222619190976313,2,-112.0,-118.0,0.4436228660185209,3.0,125.0,-138.0,-0.04860332589124222,0.0,0.0,0.47294716740929343,0.361846571622539,0.41466498103666244,0.395738203957382,0.3948220064724919,0.4080037860996738,0.4080037860996738,under,0.5919962139003262,0.08422240581008933,-118.0,,True,0.04860332589124222,0.09368792059551789,0.847457627118644,0.023421980148879473,2026-03
2026-03-27,666142,6,2026-01-01,3.9156859513451883,3.9164639,3.9749225187971855,3.9122507951477616,3.8356744117166874,4.5,0.47159451092306026,2,-102.0,-130.0,0.42268144428144305,3.0,120.0,-159.0,-0.04891306664161721,1.0,0.0,0.34208798424162834,0.3919694072657744,0.4066820276497696,0.395738203957382,0.3813451776649746,0.3835645601559058,0.3835645601559058,under,0.6164354398440942,0.08802995076715447,-130.0,,False,0.04891306664161721,0.0906165474164744,-1.0,-0.02945037791035418,2026-03
2026-03-27,607536,5,2026-01-01,5.590627892839899,5.0491877,5.039126632928472,5.2269255222345095,4.853929777139194,5.5,0.517055836304392,2,-123.0,-108.0,0.4931531267038543,3.0,-110.0,-118.0,-0.023902709600537697,0.0,0.0,0.5,0.4061662198391421,0.41466498103666244,0.45426829268292684,0.3813451776649746,0.4312889342447412,0.4312889342447412,under,0.5687110657552588,0.08576690205965082,-108.0,,True,0.023902709600537697,0.09529538589901687,0.9259259259259259,0.023823846474754218,2026-03
2026-03-27,645261,4,2026-01-01,5.302052314617395,4.6363344,4.410289925800787,4.921873580530814,4.590870759431869,5.5,0.4539857558758431,2,105.0,-139.0,0.4341172078997707,2.0,115.0,-153.0,-0.019868547976072404,0.0,0.0,0.45307443365695793,0.33448275862068966,0.31999999999999995,0.395738203957382,0.31346351490236385,0.36335178222747866,0.36335178222747866,under,0.6366482177725213,0.09063397364836445,-139.0,,True,0.019868547976072404,0.0946685183282921,0.7194244604316546,0.02366712958207301,2026-03
2026-03-27,622663,3,2026-01-01,4.681645414336577,4.7330556,4.689154171952165,4.649353562045139,4.625920308372147,5.5,0.4825977879914311,3,-108.0,-122.0,0.48161750624393496,3.0,-107.0,-124.0,-0.0009802817474961478,0.0,0.0,0.3250620347394541,0.361846571622539,0.3417910447761194,0.361782835467046,0.3493282149712092,0.34796214031527356,0.34796214031527356,under,0.6520378596847265,0.13463564767615754,-122.0,,True,0.0009802817474961478,0.1864951217213876,0.819672131147541,0.04098360655737705,2026-03
2026-03-28,701542,5,2026-01-01,4.430723597398912,4.306409,4.35887917758318,4.427015291406119,4.431985935593403,4.5,0.5695364238410596,1,-160.0,115.0,0.4943604508778301,4.0,-109.0,-118.0,-0.07517597296322953,1.0,0.0,0.47294716740929343,0.43766066838046275,0.4643854748603352,0.5,0.4806701030927835,0.471132682748575,0.471132682748575,under,0.528867317251425,0.09840374109248462,115.0,,False,0.07517597296322953,0.1370647320905637,-1.0,-0.029796680889253004,2026-03
2026-03-28,605488,5,2026-01-01,4.42986060994165,4.3560514,4.385046119621411,4.2455027940335155,4.299523210989727,4.5,0.5063371356147021,3,-115.0,-110.0,0.5717557870204565,3.0,-150.0,125.0,0.06541865140575442,1.0,0.0,0.47294716740929343,0.4601449275362319,0.4643854748603352,0.4542483660130719,0.4326171875,0.4568686246637865,0.4568686246637865,under,0.5431313753362135,0.049468510950915534,-110.0,,False,-0.06541865140575442,0.036887171096407545,-1.0,-0.01014397205151209,2026-03
2026-03-28,672282,6,2026-01-01,4.007676403031622,3.853918,3.863942091862537,3.990113067141932,4.002289997886257,4.5,0.5176156746316554,2,-123.0,-107.0,0.44589755383997987,3.0,115.0,-140.0,-0.0717181207916755,1.0,0.0,0.34208798424162834,0.361846571622539,0.3722871452420701,0.395738203957382,0.3948220064724919,0.3733563823072223,0.3733563823072223,under,0.6266436176927777,0.14425929232443307,-107.0,,False,0.0717181207916755,0.21229185852714927,-1.0,-0.05,2026-03
2026-03-29,641927,4,2026-01-01,4.576775307607647,4.2749686,4.253104194292324,4.186562421571857,4.304045824712974,4.5,0.5072509905677987,2,-118.0,-113.0,0.4984968580971636,3.0,-110.0,-113.0,-0.008754132470635057,0.0,0.0,0.4909560723514212,0.43766066838046275,0.4643854748603352,0.4542483660130719,0.4326171875,0.4559735538210582,0.4559735538210582,under,0.5440264461789418,0.05127743674674046,-113.0,,True,0.008754132470635057,0.025465779080660222,0.8849557522123894,0.0063664447701650695,2026-03
2026-03-29,571927,6,2026-01-01,4.311547444656318,4.4855194,4.43606038859203,4.315965832077893,4.400058861713666,4.5,0.5840472429753355,2,-165.0,125.0,0.5693354604849742,3.0,-152.0,120.0,-0.014711782490361314,1.0,0.0,0.45307443365695793,0.4619164619164619,0.47172619047619047,0.4948216340621403,0.4623541887592789,0.4687785817742059,0.4687785817742059,under,0.5312214182257942,0.11526866120112961,125.0,,False,0.014711782490361314,0.1952481910080368,-1.0,-0.03904963820160736,2026-03
2026-03-29,806960,5,2026-01-01,4.126219945529274,4.224629,4.200797825310106,4.26395097749312,4.113354825938109,4.5,0.5384615384615384,1,-140.0,100.0,0.5243008890086376,4.0,-124.0,100.0,-0.014160649452900853,1.0,0.0,0.3885350318471338,0.43766066838046275,0.41466498103666244,0.45426829268292684,0.4326171875,0.4255492322894372,0.4255492322894372,under,0.5744507677105628,0.11291230617210124,100.0,,False,0.014160649452900853,0.1489015354211256,-1.0,-0.0372253838552814,2026-03
2026-03-29,656550,5,2026-01-01,4.268489418573807,4.1269813,4.333525940871829,3.997106172027354,4.261421279475756,4.5,0.5,1,-120.0,-120.0,0.4949651471165347,4.0,-110.0,-113.0,-0.0050348528834652795,1.0,0.0,0.4110718492343934,0.4061662198391421,0.4643854748603352,0.395738203957382,0.4326171875,0.4219957870782505,0.4219957870782505,under,0.5780042129217495,0.07800421292174953,-120.0,,False,0.0050348528834652795,0.05967439035654082,-1.0,-0.017902317106962263,2026-03
2026-03-30,683004,5,2026-01-01,4.158157700903232,3.95564,3.8620408734184926,3.957187748515894,4.092604997688504,4.5,0.5227479329899138,2,-119.0,100.0,0.4365439810433022,3.0,120.0,-145.0,-0.08620395194661162,1.0,0.0,0.40594059405940597,0.3919694072657744,0.3722871452420701,0.395738203957382,0.4326171875,0.3997105076049265,0.3997105076049265,under,0.6002894923950735,0.12303742538498735,100.0,,False,0.08620395194661162,0.2005789847901469,-1.0,-0.05,2026-03
2026-03-30,607259,6,2026-01-01,4.772966587313697,4.706806,4.806421745309563,4.843873788690177,4.293791433541158,5.5,0.4189843735481872,2,125.0,-162.0,0.42281077441843823,3.0,125.0,-160.0,0.0038264008702510455,1.0,0.0,0.32905982905982906,0.361846571622539,0.38767395626242546,0.395738203957382,0.2673421667965706,0.3483321455397492,0.3483321455397492,under,0.6516678544602508,0.07065222800843796,-162.0,,False,-0.0038264008702510455,0.053931962151763546,-1.0,-0.021842444671464237,2026-03
2026-03-30,681517,8,2026-01-01,3.798669647668352,4.7186747,4.37189605930207,4.413680948477307,4.426700210785767,4.5,0.5200989237610363,2,-126.0,-105.0,0.5307143878928171,3.0,-132.0,-101.0,0.010615464131780827,1.0,0.0,0.3250620347394541,0.5225806451612902,0.4643854748603352,0.49673202614379086,0.47058823529411764,0.45586968323979765,0.45586968323979765,under,0.5441303167602023,0.06422924052123863,-105.0,,False,-0.010615464131780827,0.06234966605563297,-1.0,-0.016366787339603683,2026-03
2026-03-30,608372,2,2026-01-01,4.685782610697083,4.9664645,4.73514994395973,4.827292217675084,4.8678305718760555,5.5,0.525274128332662,3,-130.0,-102.0,0.5138989258390438,4.0,-119.0,-110.0,-0.01137520249361812,0.0,0.0,0.3250620347394541,0.3935309973045822,0.3722871452420701,0.395738203957382,0.3813451776649746,0.3735927117816926,0.3735927117816926,under,0.6264072882183074,0.15168141655096934,-102.0,,True,0.01137520249361812,0.24053208058919695,0.9803921568627451,0.049019607843137254,2026-03
2026-03-30,663460,2,2026-01-01,4.665030071022707,4.543381,4.466009782791789,4.43336502907351,4.460111305393849,4.5,0.5384615384615384,1,-140.0,100.0,0.5041282501260178,4.0,100.0,100.0,-0.03433328833552063,0.0,0.0,0.5,0.4786885245901639,0.47172619047619047,0.5080213903743316,0.4806701030927835,0.4878212417066939,0.4878212417066939,under,0.5121787582933062,0.05064029675484455,100.0,,True,0.03433328833552063,0.024357516586612338,1.0,0.0060893791466530844,2026-03
2026-03-30,605280,4,2026-01-01,4.512323405737134,4.414314,4.442430363157475,4.430452928632351,4.3886822776148735,4.5,0.5275251503118298,3,-128.0,-103.0,0.5327113081824066,4.0,-128.0,100.0,0.005186157870576857,0.0,0.0,0.47294716740929343,0.4601449275362319,0.47172619047619047,0.5,0.4623541887592789,0.4734344948361989,0.4734344948361989,under,0.5265655051638011,0.054090655475630856,-103.0,,True,-0.005186157870576857,0.037794150953899264,0.970873786407767,0.009448537738474816,2026-03
2026-03-30,677952,4,2026-01-01,4.108298345310201,3.9793088,4.100504325333758,3.976398195628443,3.8071807211664166,4.5,0.4515430831809531,1,107.0,-142.0,0.4497282109919393,3.0,110.0,-140.0,-0.001814872189013772,0.0,0.0,0.3885350318471338,0.3919694072657744,0.41466498103666244,0.395738203957382,0.3493282149712092,0.38804716781563237,0.38804716781563237,under,0.6119528321843677,0.06349591536532073,-142.0,,True,0.001814872189013772,0.04290553090575333,0.704225352112676,0.010726382726438333,2026-03
2026-03-31,696149,0,2026-01-01,4.247533893397867,3.7520142,3.7915838083613362,4.166089009158679,3.7825046715249826,4.5,0.4407297194402791,2,113.0,-150.0,0.4332316944360586,2.0,116.0,-154.0,-0.007498025004220532,0.0,0.0,0.4110718492343934,0.33448275862068966,0.3417910447761194,0.4542483660130719,0.3493282149712092,0.3781844467230967,0.3781844467230967,under,0.6218155532769033,0.06254527271718241,-150.0,,True,0.007498025004220532,0.03635925546150548,0.6666666666666666,0.009089813865376328,2026-03
2026-04-02,671737,5,2026-01-01,4.396395362022818,4.5040107,4.439765124568392,4.705170981976968,4.530234674483043,5.5,0.4392764857881137,1,110.0,-155.0,0.4489425683540415,3.0,116.0,-130.0,0.009666082565927825,0.0,0.0,0.27497314715359816,0.2880886426592798,0.3241895261845385,0.361782835467046,0.31346351490236385,0.31249953327336527,0.31249953327336527,under,0.6875004667266347,0.1267769525147484,-155.0,,True,-0.009666082565927825,0.13104915493736669,0.6451612903225806,0.03225806451612903,2026-04
2026-04-03,664285,3,2026-01-01,5.1202018481059985,5.0981116,5.0950870250177305,5.114314993746568,5.137951447934971,5.5,0.4809885931558936,1,-110.0,-130.0,0.4275064403660651,3.0,125.0,-150.0,-0.053482152789828485,0.0,0.0,0.40625,0.43766066838046275,0.41466498103666244,0.4542483660130719,0.4326171875,0.4290882405860394,0.4290882405860394,under,0.5709117594139606,0.0519003525698542,-130.0,,True,0.053482152789828485,0.01007465127085333,0.7692307692307693,0.002518662817713291,2026-04
2026-04-03,605400,5,2026-01-01,5.244181120526729,5.1214304,5.134903429966414,5.128432982978367,4.873620925518275,5.5,0.5103695021357953,3,-121.0,-109.0,0.5248658709618758,3.0,-124.0,100.0,0.014496368826080408,0.0,0.0,0.4110718492343934,0.43766066838046275,0.41466498103666244,0.4542483660130719,0.3813451776649746,0.419798208465913,0.419798208465913,under,0.580201791534087,0.09057129366988237,-109.0,,True,-0.014496368826080408,0.1124970131249926,0.9174311926605505,0.028124253281248124,2026-04
2026-04-04,607192,4,2026-01-01,4.842910202871488,4.456038,4.209737038152424,4.362635047017531,4.253609948984158,4.5,0.5113705575362614,3,-120.0,-108.0,0.507590601864012,4.0,-110.0,100.0,-0.0037799556722494243,0.0,0.0,0.5044534412955467,0.4619164619164619,0.41466498103666244,0.4948216340621403,0.4326171875,0.46169474116216225,0.46169474116216225,under,0.5383052588378378,0.049675816374099124,-108.0,,True,0.0037799556722494243,0.03673605405805791,0.9259259259259259,0.009184013514514477,2026-04
2026-04-04,837227,3,2026-01-01,3.5741267386645417,3.6878502,3.7161246669643364,4.005876666885652,3.7333386829187276,4.5,0.5558490307127427,3,-120.0,125.0,0.5059583560068436,4.0,-110.0,-109.0,-0.04989067470589914,0.0,0.0,0.27497314715359816,0.32,0.3417910447761194,0.395738203957382,0.3493282149712092,0.33636612217166173,0.33636612217166173,under,0.6636338778283383,0.219482908541081,125.0,,True,0.04989067470589914,0.49317622511376114,1.25,0.0625,2026-04
2026-04-04,663623,8,2026-01-01,5.4744511872419475,5.342493,5.449224510141254,5.253618043901294,5.320642990438355,5.5,0.5463854573195004,2,-140.0,105.0,0.4965186668897785,3.0,-111.0,-111.0,-0.04986679042972186,1.0,0.0,0.47294716740929343,0.4601449275362319,0.47172619047619047,0.45426829268292684,0.4623541887592789,0.46428815337278434,0.46428815337278434,under,0.5357118466272157,0.08209730394671605,105.0,,False,0.04986679042972186,0.09820928558579223,-1.0,-0.023383163234712408,2026-04
2026-04-04,669358,4,2026-01-01,4.692611538162491,4.411072,4.416504187089219,4.499701920982235,4.422690024235211,4.5,0.5298378156054594,2,-132.0,-101.0,0.5263873479718022,3.0,-125.0,-101.0,-0.003450467633657195,0.0,0.0,0.5,0.4601449275362319,0.47172619047619047,0.5104895104895105,0.47058823529411764,0.48258977275921017,0.48258977275921017,under,0.5174102272407899,0.04724804284624923,-101.0,,True,0.003450467633657195,0.029697580944542223,0.9900990099009901,0.007424395236135584,2026-04
2026-04-05,694297,6,2026-01-01,5.243623838157491,5.3133416,5.323786674355806,5.182873547805246,5.299158317002024,5.5,0.5607235142118863,1,-155.0,110.0,0.5530255548918925,4.0,-145.0,110.0,-0.00769795931999373,1.0,0.0,0.4110718492343934,0.4601449275362319,0.4643854748603352,0.4542483660130719,0.4623541887592789,0.45044096128066224,0.45044096128066224,under,0.5495590387193378,0.11028255293122402,110.0,,False,0.00769795931999373,0.15407398131060934,-1.0,-0.035016813934229396,2026-04
2026-04-05,621121,5,2026-01-01,5.005616394377076,4.557807,4.55685028676408,4.5860362909709425,4.71794337561063,5.5,0.4347452530286107,1,115.0,-153.0,,,,,,0.0,0.0,0.3885350318471338,0.2880886426592798,0.32857142857142857,0.361782835467046,0.3493282149712092,0.34326123070321946,0.34326123070321946,under,0.6567387692967805,0.09148402232539127,-153.0,,True,,0.08597979498095082,0.6535947712418301,0.021494948745237715,2026-04
2026-04-05,624133,6,2026-01-01,5.446265010110741,5.1969275,5.029785224092565,5.091593607268429,5.1033069483084725,5.5,0.5094786729857821,1,-125.0,-115.0,0.5215404084233294,4.0,-122.0,105.0,0.012061735437547294,1.0,0.0,0.47294716740929343,0.43766066838046275,0.41466498103666244,0.44601962922573607,0.4326171875,0.44078192671043104,0.44078192671043104,under,0.559218073289569,0.06869674627535105,-115.0,,False,-0.012061735437547294,0.045494658758759354,-1.0,-0.013079714393143283,2026-04
2026-04-05,592836,7,2026-01-01,5.195775024151997,5.113172,4.965108386861428,5.203166687561807,4.94538803093238,6.5,0.44843049327354256,1,105.0,-150.0,,,,,,1.0,0.0,0.26161616161616164,0.2693156732891833,0.2473498233215548,0.29806070826306913,0.2527777777777778,0.2658240288535493,0.2658240288535493,under,0.7341759711464507,0.1826064644199933,-150.0,,False,,0.22362661857741783,-1.0,-0.05,2026-04
2026-04-05,682052,3,2026-01-01,4.4304335424533905,4.5992365,4.579478693652006,4.684828380529617,4.515148542634503,4.5,0.5679556810110898,2,-155.0,117.0,0.5641402636082068,3.0,-130.0,125.0,-0.003815417402883048,0.0,0.0,0.47294716740929343,0.5198915009041591,0.5158437730287401,0.5412844036697249,0.4806701030927835,0.5061273896209403,0.5061273896209403,under,0.4938726103790597,0.06182829139014956,117.0,,True,0.003815417402883048,0.07170356452255955,1.17,0.017925891130639915,2026-04
2026-04-06,676083,7,2026-01-01,5.207909250279972,5.432818,5.615436195971662,5.410601817767958,5.149486722336174,5.5,0.5110650763938668,3,-120.0,-108.0,0.4411423459402355,2.0,115.0,-145.0,-0.06992273045363129,1.0,0.0,0.4110718492343934,0.4619164619164619,0.5158437730287401,0.5080213903743316,0.4326171875,0.46589413241078537,0.46589413241078537,under,0.5341058675892146,0.04517094398308141,-108.0,,False,0.06992273045363129,0.02864833757922819,-1.0,-0.007735051146391596,2026-04
2026-04-07,671096,6,2026-01-01,5.0741231928403625,5.034153,4.952071300355287,5.090832956220384,4.9237006117052236,5.5,0.46387317170655434,3,105.0,-130.0,0.4376159252058678,4.0,120.0,-140.0,-0.02625724650068656,1.0,0.0,0.3885350318471338,0.4061662198391421,0.4066820276497696,0.44601962922573607,0.3813451776649746,0.40574961724535125,0.40574961724535125,under,0.5942503827546488,0.0581235544612031,-130.0,,False,0.02625724650068656,0.0513660617966864,-1.0,-0.016693970083923027,2026-04
2026-04-08,547179,7,2026-01-01,4.810392989078833,4.933447,4.787302354585265,5.000402070495303,4.809309277539439,6.5,0.4188839618862327,3,125.0,-163.0,0.4276500887330649,2.0,120.0,-160.0,0.0087661268468322,1.0,0.0,0.18821729150726854,0.23792486583184264,0.2110009017132552,0.2846153846153846,0.23596792668957617,0.2315452740714654,0.2315452740714654,under,0.7684547259285346,0.1873386878147673,-163.0,,False,-0.0087661268468322,0.2398993430626049,-1.0,-0.05,2026-04
2026-04-09,641743,3,2026-01-01,4.05685041721814,4.271734,4.091706807846536,4.247421763129722,4.073908303560063,5.5,0.4304635761589404,1,115.0,-160.0,0.4554079696394686,1.0,105.0,-140.0,0.024944393480528237,0.0,0.0,0.20093457943925233,0.2727272727272727,0.2473498233215548,0.29806070826306913,0.2527777777777778,0.2543700323057853,0.2543700323057853,under,0.7456299676942146,0.17609354385315507,-160.0,,True,-0.024944393480528237,0.21164869750309878,0.625,0.03125,2026-04
2026-04-10,669358,9,2026-01-01,4.466525920437698,4.376948,4.253182005234275,4.457451779068547,4.364342586228225,4.5,0.536425023767198,3,-123.0,120.0,0.5296240992940825,3.0,-128.0,105.0,-0.006800924473115533,1.0,0.0,0.47294716740929343,0.4601449275362319,0.4643854748603352,0.5104895104895105,0.4623541887592789,0.47406425381093,0.47406425381093,under,0.52593574618907,0.06236076995626805,120.0,,False,0.006800924473115533,0.15705864161595406,-1.0,-0.0327205503366571,2026-04
2026-04-10,666200,5,2026-01-01,5.131677465685415,4.8158164,4.715386324758732,4.561556847855684,4.825687686790608,5.5,0.4256888330888313,2,120.0,-159.0,0.4381179937027675,3.0,120.0,-145.0,0.012429160613936174,0.0,0.0,0.40625,0.361846571622539,0.36,0.361782835467046,0.3813451776649746,0.3742449169509119,0.3742449169509119,under,0.6257550830490881,0.05144391613791943,-159.0,,True,-0.012429160613936174,0.019311739054803878,0.6289308176100629,0.0048279347637009695,2026-04
2026-04-10,677944,7,2026-01-01,5.332473523374386,5.076991,5.047567101833036,5.2090021752587194,5.117768661341048,5.5,0.49480281723017533,3,-105.0,-105.0,0.4648471289500673,4.0,105.0,-120.0,-0.029955688280108028,1.0,0.0,0.47294716740929343,0.4061662198391421,0.41466498103666244,0.4542483660130719,0.4326171875,0.43612878435963404,0.43612878435963404,under,0.563871215640366,0.05867403287054129,-105.0,,False,0.029955688280108028,0.1008914210121431,-1.0,-0.026483998015687595,2026-04
2026-04-10,680573,6,2026-01-01,4.647599956757771,4.8968124,4.972424497606632,4.7285272009076165,4.799352746837287,5.5,0.41786844610015966,2,125.0,-164.0,,,,,,1.0,0.0,0.3029661016949153,0.3919694072657744,0.41466498103666244,0.361782835467046,0.3813451776649746,0.37054570062587455,0.37054570062587455,under,0.6294542993741254,0.04732274547428511,-164.0,,False,,0.013267896553470215,-1.0,-0.005439837586922811,2026-04
2026-04-10,663436,7,2026-01-01,5.141011438254706,4.9685507,5.210081093087181,4.907179149933394,5.033816915491619,5.5,0.4653465346534653,1,100.0,-135.0,0.43733131401228087,2.0,120.0,-140.0,-0.028015220641184446,1.0,0.0,0.40625,0.3935309973045822,0.4643854748603352,0.395738203957382,0.4326171875,0.4185043727244599,0.4185043727244599,under,0.58149562727554,0.04684216192900542,-135.0,,False,0.028015220641184446,0.012233128961125272,-1.0,-0.00412868102437978,2026-04
2026-04-11,657746,2,2026-01-01,4.643308199235712,4.5468388,4.605993788124939,4.68303555673382,4.502948755550712,4.5,0.5695364238410596,1,-160.0,115.0,0.5666987257361047,3.0,-155.0,119.0,-0.0028376981049549332,0.0,0.0,0.5,0.4786885245901639,0.5158437730287401,0.5412844036697249,0.4806701030927835,0.5032973608762825,0.5032973608762825,under,0.4967026391237175,0.0662390629647771,115.0,,True,0.0028376981049549332,0.0679106741159925,1.15,0.016977668528998124,2026-04
2026-04-11,607200,3,2026-01-01,5.113734207214411,5.033143,5.170552545789031,5.057497520328445,5.108700637690912,5.5,0.5094786729857821,1,-125.0,-115.0,0.5333714578074703,4.0,-120.0,106.0,0.023892784821688218,0.0,0.0,0.40625,0.4061662198391421,0.4263565891472868,0.44601962922573607,0.4326171875,0.423481925142433,0.423481925142433,under,0.576518074857567,0.0859967478433491,-115.0,,True,-0.023892784821688218,0.07783813995110356,0.8695652173913043,0.01945953498777586,2026-04
2026-04-11,657277,5,2026-01-01,5.389870581918314,5.1282945,5.338534564055265,4.968920637952113,5.58076493847816,5.5,0.5190586798315548,3,-125.0,-106.0,0.4854902050836872,3.0,-104.0,-120.0,-0.03356847474786767,0.0,0.0,0.47294716740929343,0.43766066838046275,0.4643854748603352,0.395738203957382,0.5431754874651809,0.46278140041453086,0.46278140041453086,under,0.5372185995854691,0.056277279417023984,-106.0,,True,0.03356847474786767,0.044028599194402274,0.9433962264150944,0.011007149798600568,2026-04
2026-04-11,694297,5,2026-01-01,5.369763040353595,5.280347,5.253885549224347,5.234920697104389,5.3138823458229245,5.5,0.5515695067264573,1,-150.0,105.0,0.5292171411754226,4.0,-123.0,100.0,-0.022352365551034703,0.0,0.0,0.47294716740929343,0.4601449275362319,0.4643854748603352,0.45426829268292684,0.4623541887592789,0.4628200102496133,0.4628200102496133,under,0.5371799897503867,0.08874949647684405,105.0,,True,0.022352365551034703,0.1012189789882928,1.05,0.02530474474707317,2026-04
2026-04-11,605135,7,2026-01-01,4.500173753221777,4.75874,4.672461743259314,4.894241031131896,4.624553274588069,5.5,0.4332316944360586,2,116.0,-154.0,,,,,,1.0,0.0,0.2984218077474892,0.361846571622539,0.3417910447761194,0.395738203957382,0.3493282149712092,0.34942516861494777,0.34942516861494777,under,0.6505748313850522,0.08380652582111081,-154.0,,False,,0.07302602059612512,-1.0,-0.02811501792950815,2026-04
2026-04-11,624133,3,2026-01-01,4.963841853254221,4.907211,4.79603935079666,4.88155324408706,5.063537452221061,5.5,0.4458376177186682,4,115.0,-130.0,0.4413518709133123,4.0,120.0,-135.0,-0.004485746805355906,0.0,0.0,0.34208798424162834,0.3919694072657744,0.375,0.395738203957382,0.4326171875,0.38748255659295694,0.38748255659295694,under,0.6125174434070431,0.05835506112571126,-130.0,,True,0.004485746805355906,0.08368470756630697,0.7692307692307693,0.020921176891576743,2026-04
2026-04-12,668678,8,2026-01-01,4.966758893101052,4.9071774,4.918675251596585,4.915934163350552,4.895873468715723,5.5,0.44535888823696634,3,110.0,-146.0,0.4386772023651285,4.0,125.0,-125.0,-0.006681685871837817,1.0,0.0,0.34208798424162834,0.3919694072657744,0.4066820276497696,0.395738203957382,0.3813451776649746,0.3835645601559058,0.3835645601559058,under,0.6164354398440942,0.06179432808106056,-146.0,,False,0.006681685871837817,0.03865149453182998,-1.0,-0.014107795504117922,2026-04
2026-04-12,676440,11,2026-01-01,4.929545730709844,4.8956604,4.925308049086294,4.971122258529944,4.982005424778323,5.5,0.43647072613256754,2,115.0,-150.0,0.43348916277093075,1.0,115.0,-155.0,-0.0029815633616367965,1.0,0.0,0.34208798424162834,0.3919694072657744,0.4066820276497696,0.395738203957382,0.4146919431279621,0.39023391324850326,0.39023391324850326,under,0.6097660867514967,0.04623681288406428,-150.0,,False,0.0029815633616367965,0.016276811252494472,-1.0,-0.006103804219685427,2026-04
2026-04-12,700249,5,2026-01-01,4.056136832520344,4.4698515,4.1568954905279725,4.502344915013714,4.257197772436663,4.5,0.5384615384615384,1,-140.0,100.0,0.5392137741435863,4.0,-120.0,115.0,0.0007522356820478526,1.0,0.0,0.3849056603773585,0.4619164619164619,0.41466498103666244,0.5104895104895105,0.4326171875,0.4409187602639987,0.4409187602639987,under,0.5590812397360013,0.09754277819753976,100.0,,False,-0.0007522356820478526,0.11816247947200265,-1.0,-0.02954061986800066,2026-04
2026-04-13,668909,5,2026-01-01,4.482659603371738,4.2223554,3.959993272303279,4.084190013953038,4.27084003315784,4.5,0.5162899261887252,4,-105.0,-102.0,0.4622511550985712,4.0,110.0,-130.0,-0.05403877109015398,1.0,0.0,0.47294716740929343,0.43766066838046275,0.4066820276497696,0.44601962922573607,0.4326171875,0.4391853360330524,0.4391853360330524,under,0.5608146639669476,0.07710459015567278,-102.0,,False,0.05403877109015398,0.11063296197375894,-1.0,-0.02821140530330853,2026-04
2026-04-13,691587,7,2026-01-01,4.03369622244102,4.018303,3.7648003023242977,3.9794089779004302,4.180768099154645,4.5,0.46431047699597583,2,108.0,-125.0,0.4458740569671941,3.0,115.0,-130.0,-0.018436420028781708,1.0,0.0,0.34208798424162834,0.3919694072657744,0.3417910447761194,0.395738203957382,0.4326171875,0.3808407655481808,0.3808407655481808,under,0.6191592344518192,0.08346971144779503,-125.0,,False,0.018436420028781708,0.11448662201327459,-1.0,-0.03577706937914829,2026-04
2026-04-13,669194,3,2026-01-01,4.610236514524471,4.5088267,4.467141500944662,4.848875276633943,4.464995880954266,5.5,0.44883519038303765,3,110.0,-140.0,0.42759177087535294,1.0,115.0,-165.0,-0.021243419507684713,0.0,0.0,0.3029661016949153,0.2880886426592798,0.3241895261845385,0.395738203957382,0.3030303030303031,0.3228025555052837,0.3228025555052837,under,0.6771974444947163,0.12603263487775396,-140.0,,True,0.021243419507684713,0.1609099048480851,0.7142857142857143,0.03571428571428572,2026-04
2026-04-13,669461,6,2026-01-01,4.786057220185027,4.9424205,5.114329700980321,5.120184424844678,4.993823793050734,5.5,0.441639731141895,2,112.0,-149.0,0.4516820994512419,2.0,107.0,-142.0,0.010042368309346905,1.0,0.0,0.32905982905982906,0.3919694072657744,0.41466498103666244,0.4542483660130719,0.4146919431279621,0.40092690530066,0.40092690530066,under,0.59907309469934,0.04071282584123498,-149.0,,False,-0.010042368309346905,0.001135574363326619,-1.0,-0.00042300145033914493,2026-04
2026-04-13,656550,3,2026-01-01,4.676018959730915,4.6005197,4.588021736183416,4.7936326095200625,4.646879078466041,5.5,0.42720202820476305,3,120.0,-155.0,0.43235293515227013,2.0,117.0,-155.0,0.0051509069475070834,0.0,0.0,0.3177570093457944,0.322654462242563,0.3417910447761194,0.395738203957382,0.3493282149712092,0.34545378705861357,0.34545378705861357,under,0.6545462129413864,0.08174824114614948,-155.0,,True,-0.0051509069475070834,0.07683409225840981,0.6451612903225806,0.019208523064602412,2026-04
2026-04-14,663903,6,2026-01-01,4.494259881917104,4.4782352,4.313105600576488,4.857509661909447,4.54146131058556,5.5,0.5,1,-120.0,-120.0,0.46888037661305454,4.0,104.0,-125.0,-0.03111962338694546,1.0,0.0,0.2984218077474892,0.2880886426592798,0.2900763358778626,0.395738203957382,0.31346351490236385,0.3171577010288755,0.3171577010288755,under,0.6828422989711245,0.18284229897112447,-120.0,,False,0.03111962338694546,0.2518775481137282,-1.0,-0.05,2026-04
2026-04-14,664285,4,2026-01-01,5.287816245775878,5.1728387,5.054986153894966,5.106699218913953,5.136477321700292,5.5,0.48094132016844515,3,-106.0,-125.0,0.47265465002161,4.0,105.0,-124.0,-0.008286670146835151,0.0,0.0,0.45307443365695793,0.43766066838046275,0.41466498103666244,0.4542483660130719,0.4326171875,0.43845312731743097,0.43845312731743097,under,0.561546872682569,0.042488192851014184,-125.0,,True,0.008286670146835151,0.010784370828624157,0.8,0.002696092707156039,2026-04
2026-04-14,676974,5,2026-01-01,4.800146656590308,4.914529,4.980933028309439,5.096710070581018,4.920260112215298,5.5,0.45860729862064825,3,105.0,-137.0,0.45993940194933697,3.0,105.0,-135.0,0.0013321033286887163,0.0,0.0,0.34208798424162834,0.3919694072657744,0.41466498103666244,0.4542483660130719,0.3813451776649746,0.3968631832444223,0.3968631832444223,under,0.6031368167555777,0.06174411537622593,-137.0,,True,-0.0013321033286887163,0.04338266840198485,0.7299270072992701,0.010845667100496226,2026-04
2026-04-14,694819,5,2026-01-01,4.013231894371017,4.0218873,3.8622923835039327,4.1606800373921535,3.9754956321149977,4.5,0.4554079696394686,1,105.0,-140.0,0.4165029469548134,1.0,125.0,-165.0,-0.03890502268465523,1.0,0.0,0.34208798424162834,0.3919694072657744,0.3722871452420701,0.4542483660130719,0.3813451776649746,0.3883876160855039,0.3883876160855039,under,0.6116123839144961,0.06702035355396474,-140.0,,False,0.03890502268465523,0.048478372424850535,-1.0,-0.016967430348697687,2026-04
2026-04-15,663623,4,2026-01-01,5.512440127671524,5.2326818,5.377478620409401,5.420253910968838,5.404352273637903,5.5,0.5505994375334415,4,-115.0,120.0,0.535585752862465,3.0,-120.0,107.0,-0.015013684670976524,0.0,0.0,0.47294716740929343,0.43766066838046275,0.47172619047619047,0.5080213903743316,0.4806701030927835,0.47420510394661236,0.47420510394661236,under,0.5257948960533876,0.07639433358682918,120.0,,True,0.015013684670976524,0.15674877131745268,1.2,0.03918719282936317,2026-04
2026-04-15,695076,5,2026-01-01,4.638102576907227,4.8228483,4.64975912186542,4.964479640603886,4.760329672662209,5.5,0.5088177078917907,4,-113.0,-105.0,0.4983996650000899,4.0,-110.0,-102.0,-0.010418042891700785,0.0,0.0,0.3029661016949153,0.361846571622539,0.3417910447761194,0.395738203957382,0.3813451776649746,0.35673741994318603,0.35673741994318603,under,0.6432625800568139,0.15208028794860468,-105.0,,True,0.010418042891700785,0.2558936086823509,0.9523809523809523,0.047619047619047616,2026-04
2026-04-15,656302,2,2026-01-01,4.0005258655094,3.9507835,3.579089266890211,3.9003305076798505,3.47480283845043,4.5,0.4059040590405904,1,130.0,-175.0,,,,,,0.0,0.0,0.34208798424162834,0.3919694072657744,0.3241895261845385,0.395738203957382,0.2704590818363273,0.3448888406971301,0.3448888406971301,under,0.6551111593028699,0.0610152183434603,-175.0,,True,,0.029460393190224088,0.5714285714285714,0.00736509829755605,2026-04
2026-04-15,663978,5,2026-01-01,5.060468202377319,5.076177,4.960051719461436,5.118651309780993,5.181226631696219,5.5,0.5268992538422214,3,-127.0,100.0,0.5090261818267561,4.0,-110.0,-105.0,-0.017873072015465286,0.0,0.0,0.3885350318471338,0.4061662198391421,0.40860215053763443,0.4542483660130719,0.4326171875,0.41803379114739647,0.41803379114739647,under,0.5819662088526035,0.10886546269482489,100.0,,True,0.017873072015465286,0.16393241770520706,1.0,0.040983104426301764,2026-04
2026-04-15,666200,12,2026-01-01,4.893137248702668,4.5157332,4.504728576928619,4.413383600037417,4.483864141624719,5.5,0.43235293515227013,2,117.0,-155.0,0.435332382270267,2.0,115.0,-151.0,0.0029794471179968585,1.0,0.0,0.34208798424162834,0.2880886426592798,0.3277310924369748,0.32982086406743943,0.3047337278106509,0.31849246224319466,0.31849246224319466,under,0.6815075377568054,0.11386047290907547,-155.0,,False,-0.0029794471179968585,0.1211898201805508,-1.0,-0.04696105531996344,2026-04
2026-04-16,677952,5,2026-01-01,4.805279683446999,4.494101,4.520423605611881,4.536202788515007,4.334711621263202,4.5,0.5515695067264573,1,-150.0,105.0,0.5346534653465347,1.0,-135.0,100.0,-0.01691604137992264,1.0,0.0,0.5044534412955467,0.4786885245901639,0.5158437730287401,0.5104895104895105,0.4623541887592789,0.494365887632648,0.494365887632648,under,0.505634112367352,0.05720361909380933,105.0,,False,0.01691604137992264,0.036549930353071636,-1.0,-0.008702364369778908,2026-04
2026-04-16,669358,6,2026-01-01,4.597775773382271,4.3099637,4.180805856275498,4.382794708771118,4.32449206605231,4.5,0.5286532951289399,1,-135.0,-105.0,0.5500382530498006,3.0,-143.0,108.0,0.021384957920860703,1.0,0.0,0.5,0.43766066838046275,0.41466498103666244,0.4948216340621403,0.4623541887592789,0.46190029444770886,0.46190029444770886,under,0.5380997055522911,0.06675300068123102,-105.0,,False,-0.021384957920860703,0.05057561560209223,-1.0,-0.01327609909554921,2026-04
2026-04-16,695505,2,2026-01-01,4.025179591836096,4.0036306,3.951044708915444,4.3407759736847,4.028605322523151,4.5,0.4713467048710602,1,-105.0,-135.0,0.42507417098656947,3.0,125.0,-154.0,-0.04627253388449071,0.0,0.0,0.34208798424162834,0.3919694072657744,0.4066820276497696,0.4948216340621403,0.3948220064724919,0.40607661193836087,0.40607661193836087,under,0.5939233880616391,0.06527009293269931,-135.0,,True,0.04627253388449071,0.033866638477668076,0.7407407407407407,0.008466659619417005,2026-04
2026-04-16,683004,7,2026-01-01,4.6549341736803305,4.425047,4.515815742202235,4.395074273342056,4.324731437515172,4.5,0.5695364238410596,1,-160.0,115.0,0.5532391791791885,4.0,-141.0,110.0,-0.016297244661871102,1.0,0.0,0.5,0.4601449275362319,0.5158437730287401,0.4948216340621403,0.4623541887592789,0.48663290467727827,0.48663290467727827,under,0.5133670953227217,0.08290351916378136,115.0,,False,0.016297244661871102,0.10373925494385172,-1.0,-0.02255201194431557,2026-04
2026-04-17,696149,3,2026-01-01,4.567551471696697,4.1368155,3.9956205800129823,4.322443470321333,4.132804083082876,4.5,0.5131840089108478,3,-121.0,-110.0,0.5104836004873806,4.0,-120.0,-105.0,-0.0027004084234671932,0.0,0.0,0.4909560723514212,0.4061662198391421,0.4066820276497696,0.4948216340621403,0.4326171875,0.4462486282804946,0.4462486282804946,under,0.5537513717195054,0.0669353806303532,-110.0,,True,0.0027004084234671932,0.057161709646328496,0.9090909090909091,0.014290427411582152,2026-04
2026-04-17,605135,4,2026-01-01,4.694478257633753,4.7807245,4.663009025020452,4.911632079739019,4.733658908135041,5.5,0.4329195559531155,2,116.0,-155.0,0.4251318354761966,2.0,120.0,-159.0,-0.007787720476918891,0.0,0.0,0.3250620347394541,0.361846571622539,0.3417910447761194,0.395738203957382,0.3493282149712092,0.35475321401334076,0.35475321401334076,under,0.6452467859866593,0.07816634193977473,-155.0,,True,0.007787720476918891,0.061535035010310435,0.6451612903225806,0.01538375875257758,2026-04
2026-04-17,624133,2,2026-01-01,4.913535970384062,4.966279,4.834811955565385,4.9431754414200215,4.91334985441977,5.5,0.4325369557091456,3,115.0,-152.0,0.4572530219163568,4.0,115.0,-123.0,0.02471606620721123,0.0,0.0,0.34208798424162834,0.3935309973045822,0.38767395626242546,0.395738203957382,0.3813451776649746,0.3800752638861985,0.3800752638861985,under,0.6199247361138015,0.052461691822947076,-152.0,,True,-0.02471606620721123,0.02776995724130249,0.6578947368421053,0.006942489310325651,2026-04
2026-04-17,665795,8,2026-01-01,4.66042557884938,4.437519,4.257763074501062,4.364404610415496,4.372767818837716,4.5,0.5676470648477299,2,-155.0,117.0,0.49132846102192995,3.0,-107.0,-110.0,-0.07631860382579991,1.0,0.0,0.5,0.4601449275362319,0.4643854748603352,0.4948216340621403,0.4623541887592789,0.47634124504359726,0.47634124504359726,under,0.5236587549564027,0.0913058198041326,117.0,,False,0.07631860382579991,0.13633949825539382,-1.0,-0.029132371422092698,2026-04
2026-04-17,641793,11,2026-01-01,4.82067858860419,5.0647182,4.961851906010986,5.147124617464817,4.96834870439763,5.5,0.4907371411910656,2,-111.0,-120.0,0.4988107619131387,4.0,-105.0,-112.0,0.008073620722073127,1.0,0.0,0.34208798424162834,0.4061662198391421,0.40860215053763443,0.4542483660130719,0.4146919431279621,0.4051593327518878,0.4051593327518878,under,0.5948406672481121,0.08557780843917778,-120.0,,False,-0.008073620722073127,0.09054122328820557,-1.0,-0.027162366986461704,2026-04
2026-04-17,527048,4,2026-01-01,5.286070354733807,5.0151668,5.006187947758996,4.847226119080411,4.985526277005628,5.5,0.5,1,-120.0,-120.0,0.49797701893510277,3.0,-112.0,-115.0,-0.0020229810648972335,0.0,0.0,0.45307443365695793,0.4061662198391421,0.41466498103666244,0.395738203957382,0.4146919431279621,0.4168671563236213,0.4168671563236213,under,0.5831328436763787,0.08313284367637869,-120.0,,True,0.0020229810648972335,0.06907688007336105,0.8333333333333334,0.017269220018340303,2026-04
2026-04-18,607200,2,2026-01-01,5.119679866515621,5.0235667,5.0491104822136625,4.953901498832159,5.153790113077872,5.5,0.5262290126850084,3,-130.0,-101.0,0.4918834292224063,3.0,-105.0,-117.0,-0.034345583462602136,0.0,0.0,0.40625,0.4061662198391421,0.41466498103666244,0.395738203957382,0.4326171875,0.41108731846663726,0.41108731846663726,under,0.5889126815333627,0.11514169421837117,-101.0,,True,0.034345583462602136,0.17199454443768225,0.9900990099009901,0.04299863610942056,2026-04
2026-04-18,605288,7,2026-01-01,5.5766766392670135,5.6938663,5.734183347005699,5.8391896380314225,5.682197203136535,6.5,0.44230755240849007,3,110.0,-146.0,0.4483396193551413,2.0,110.0,-140.0,0.0060320669466512045,1.0,0.0,0.3177570093457944,0.361846571622539,0.38767395626242546,0.395738203957382,0.3813451776649746,0.3688721837706231,0.3688721837706231,under,0.631127816229377,0.07343536863786698,-146.0,,False,-0.0060320669466512045,0.06340714241388173,-1.0,-0.023143606981066853,2026-04
2026-04-19,663556,8,2026-01-01,4.50384994961976,4.5265737,4.615096426926936,4.462476729030555,4.422750250463606,4.5,0.5515695067264573,1,-150.0,105.0,0.5089687389509138,4.0,-110.0,100.0,-0.04260076777554356,1.0,0.0,0.47294716740929343,0.4786885245901639,0.5158437730287401,0.5104895104895105,0.47058823529411764,0.48971144216236506,0.48971144216236506,under,0.5102885578376349,0.06185806456409226,105.0,,False,0.04260076777554356,0.046091543567151616,-1.0,-0.010974177039798003,2026-04
2026-04-19,547179,7,2026-01-01,5.021073501347361,5.0385747,4.804497198728776,5.257939646512628,5.038200709076176,5.5,0.5607235142118863,1,-155.0,110.0,0.5310310670009875,4.0,-125.0,110.0,-0.02969244721089881,1.0,0.0,0.3885350318471338,0.4061662198391421,0.38767395626242546,0.47183098591549294,0.4326171875,0.41736467627283885,0.41736467627283885,under,0.5826353237271611,0.1433588379390474,110.0,,False,0.02969244721089881,0.22353417982703838,-1.0,-0.05,2026-04
2026-04-19,681347,3,2026-01-01,4.753035555078504,4.7850103,4.771843461679467,4.720160119323927,4.770003710908069,5.5,0.4103252143317798,2,130.0,-169.0,0.4332316944360586,2.0,116.0,-154.0,0.02290648010427876,0.0,0.0,0.3250620347394541,0.361846571622539,0.3722871452420701,0.361782835467046,0.3813451776649746,0.3604647529472168,0.3604647529472168,under,0.6395352470527832,0.049860461384563015,-169.0,,True,-0.02290648010427876,0.017958470160938933,0.591715976331361,0.004489617540234692,2026-04
2026-04-20,680694,10,2026-01-01,4.698829836334269,4.4683204,4.217722232413967,4.565347930985973,4.3889693024937015,5.5,0.43015312268680767,3,121.0,-150.0,0.4554079696394686,1.0,105.0,-140.0,0.025254846952660948,1.0,0.0,0.3250620347394541,0.2880886426592798,0.2900763358778626,0.361782835467046,0.2704590818363273,0.30709378611599397,0.30709378611599397,under,0.6929062138840061,0.1230593365708137,-150.0,,False,-0.025254846952660948,0.1548436898066768,-1.0,-0.05,2026-04
2026-04-20,607625,1,2026-01-01,4.851891189468383,4.9358883,5.071695283967635,4.968909270571967,4.948073428880276,5.5,0.4308662672456439,2,120.0,-150.0,0.45688851396350394,2.0,105.0,-135.0,0.02602224671786002,0.0,0.0,0.34208798424162834,0.3919694072657744,0.41466498103666244,0.395738203957382,0.3948220064724919,0.3878565165947878,0.3878565165947878,under,0.6121434834052122,0.043009750650856104,-150.0,,True,-0.02602224671786002,0.020239139008686957,0.6666666666666666,0.005059784752171725,2026-04
2026-04-21,656492,5,2026-01-01,4.788737986602316,4.956337,4.924094371519239,4.9718013858537855,4.831535330086621,5.5,0.44348115507667124,2,110.0,-147.0,0.4582369679245146,3.0,107.0,-135.0,0.014755812847843386,0.0,0.0,0.32905982905982906,0.3935309973045822,0.4066820276497696,0.395738203957382,0.3813451776649746,0.3812712471273075,0.3812712471273075,under,0.6187287528726926,0.06220990794936376,-147.0,,True,-0.014755812847843386,0.03963266639153107,0.6802721088435374,0.00990816659788274,2026-04
2026-04-21,669160,6,2026-01-01,5.008983472122295,4.9077177,4.993777683459677,4.900998210970084,4.979007161149653,5.5,0.46321648312350416,2,101.0,-134.0,0.4626571425951566,3.0,101.0,-134.0,-0.0005593405283475517,1.0,0.0,0.3885350318471338,0.3919694072657744,0.41466498103666244,0.395738203957382,0.4146919431279621,0.40111991344698295,0.40111991344698295,under,0.598880086553017,0.06209656967652122,-134.0,,False,0.0005593405283475517,0.04580552427914919,-1.0,-0.01534485063351494,2026-04
2026-04-21,669358,8,2026-01-01,4.992956204727552,4.594775,4.525429769497432,4.727544309252467,4.615729118852069,5.5,0.4590141110080459,3,105.0,-137.0,0.45228184607548716,4.0,106.0,-140.0,-0.00673226493255874,1.0,0.0,0.3849056603773585,0.322654462242563,0.32857142857142857,0.361782835467046,0.31346351490236385,0.342275580312152,0.342275580312152,under,0.657724419687848,0.1167385306958939,-137.0,,False,0.00673226493255874,0.137815236978248,-1.0,-0.047201718665049915,2026-04
2026-04-21,666200,5,2026-01-01,5.149320480439321,4.596267,4.5612793570491625,4.5016996261792706,4.695248166320316,5.5,0.43204431898891016,2,117.0,-155.0,0.4372490704444693,3.0,115.0,-150.0,0.005204751455559153,0.0,0.0,0.4110718492343934,0.322654462242563,0.3417910447761194,0.361782835467046,0.3493282149712092,0.3573256813382662,0.3573256813382662,under,0.6426743186617339,0.07471863765064396,-155.0,,True,-0.005204751455559153,0.05730291134672344,0.6451612903225806,0.014325727836680848,2026-04
2026-04-22,605135,8,2026-01-01,4.870338295094865,4.93229,4.94460672514806,4.965289131978741,4.951409564386462,5.5,0.4809885931558936,1,-110.0,-130.0,0.5166725837052492,4.0,-122.0,100.0,0.03568399054935556,1.0,0.0,0.34208798424162834,0.3919694072657744,0.4066820276497696,0.395738203957382,0.3948220064724919,0.3862599259174092,0.3862599259174092,under,0.6137400740825908,0.09472866723848439,-130.0,,False,-0.03568399054935556,0.08584782337689145,-1.0,-0.027900542597489683,2026-04
2026-04-22,641793,7,2026-01-01,4.934890436136876,5.0709605,5.165947886422697,5.1263928303949005,5.156297698941716,5.5,0.5415785120989063,4,-105.0,115.0,0.5427799838880252,4.0,-125.0,110.0,0.0012014717891188909,1.0,0.0,0.34208798424162834,0.4061662198391421,0.4263565891472868,0.4542483660130719,0.4326171875,0.4122952693482258,0.4122952693482258,under,0.5877047306517742,0.12928324275068048,115.0,,False,-0.0012014717891188909,0.2635651709013145,-1.0,-0.05,2026-04
2026-04-22,676083,1,2026-01-01,5.437266350782245,5.479356,5.592147571435123,5.507357811581332,5.495971840389196,5.5,0.5515695067264573,1,-150.0,105.0,0.4432143590602801,4.0,115.0,-135.0,-0.10835514766617721,0.0,0.0,0.47294716740929343,0.4786885245901639,0.5158437730287401,0.5104895104895105,0.4806701030927835,0.4917278157220982,0.4917278157220982,under,0.5082721842779018,0.0598416910043591,105.0,,True,0.10835514766617721,0.04195797776969867,1.05,0.01048949444242464,2026-04
2026-04-23,693645,4,2026-01-01,4.763053972683283,3.9659097,3.598460104133798,4.209659254755327,4.113712875852933,4.5,0.5327626484032255,4,-125.0,107.0,0.5180572623995325,4.0,-120.0,-104.0,-0.014705386003692977,0.0,0.0,0.5044534412955467,0.3919694072657744,0.3241895261845385,0.4542483660130719,0.4326171875,0.42149558565178624,0.42149558565178624,under,0.5785044143482138,0.11126706275143927,107.0,,True,0.014705386003692977,0.19750413770080255,1.07,0.049376034425200666,2026-04
2026-04-23,676917,7,2026-01-01,4.92267000295443,4.844694,4.9103891576558345,4.8378415477235555,4.765791933891903,5.5,0.4361326871633478,3,115.0,-150.0,0.4440528256401274,4.0,111.0,-145.0,0.007920138476779581,1.0,0.0,0.34208798424162834,0.3919694072657744,0.4066820276497696,0.395738203957382,0.3813451776649746,0.3835645601559058,0.3835645601559058,under,0.6164354398440942,0.05256812700744201,-150.0,,False,-0.007920138476779581,0.027392399740157003,-1.0,-0.010272149902558814,2026-04
2026-04-24,547179,7,2026-01-01,4.711286168739186,4.893376,4.833087792536703,4.997314792809042,4.871160762731078,5.5,0.47540574814155717,3,-103.0,-129.0,0.44110716013696366,3.0,120.0,-135.0,-0.03429858800459351,1.0,0.0,0.3250620347394541,0.3919694072657744,0.38767395626242546,0.44601962922573607,0.3813451776649746,0.38641404103167293,0.38641404103167293,under,0.613585958968327,0.08899170710988424,-129.0,,False,0.03429858800459351,0.08923398917633246,-1.0,-0.028777961509367234,2026-04
2026-04-24,668909,7,2026-01-01,4.703118937543444,4.343599,4.2354838330082965,4.184432306562358,4.2475752786229215,5.5,0.4912135551660187,2,-111.0,-119.0,0.41815107283254405,2.0,125.0,-163.0,-0.07306248233347468,1.0,0.0,0.3250620347394541,0.2780203784570597,0.2900763358778626,0.29806070826306913,0.2673421667965706,0.2917123248268032,0.2917123248268032,under,0.7082876751731968,0.19950123033921552,-119.0,,False,0.07306248233347468,0.30348740220949666,-1.0,-0.05,2026-04
2026-04-24,579328,5,2026-01-01,4.583658329171538,4.7626457,4.793987057151547,4.850452455417632,4.6667443183875115,5.5,0.468262841858313,4,103.0,-120.0,0.45753097972429924,3.0,115.0,-130.0,-0.010731862134013781,0.0,0.0,0.3029661016949153,0.361846571622539,0.375,0.395738203957382,0.3493282149712092,0.35697581844920906,0.35697581844920906,under,0.6430241815507909,0.11128702340910396,-120.0,,True,0.010731862134013781,0.17887766617644996,0.8333333333333334,0.04166666666666667,2026-04
2026-04-24,691725,9,2026-01-01,4.553785770448002,4.7202373,4.642278600605432,4.874405647628086,4.758785605140377,5.5,0.4653465346534653,1,100.0,-135.0,0.42983226582137374,3.0,125.0,-140.0,-0.03551426883209158,1.0,0.0,0.2984218077474892,0.361846571622539,0.3417910447761194,0.395738203957382,0.3813451776649746,0.3558285611537008,0.3558285611537008,under,0.6441714388462991,0.1095179734997645,-135.0,,False,0.03551426883209158,0.12133546762133551,-1.0,-0.0409507203222007,2026-04
2026-04-24,671096,6,2026-01-01,5.082044754500985,5.001307,4.857777888966007,4.741706290765998,4.921372794103623,5.5,0.5,1,-120.0,-120.0,0.4923934934955507,4.0,-105.0,-115.0,-0.007606506504449273,1.0,0.0,0.3885350318471338,0.4061662198391421,0.4066820276497696,0.395738203957382,0.3813451776649746,0.3956933321916804,0.3956933321916804,under,0.6043066678083195,0.1043066678083196,-120.0,,False,0.007606506504449273,0.10789555764858583,-1.0,-0.03236866729457575,2026-04
2026-04-25,554430,3,2026-01-01,4.183758039804387,3.9215806,3.860226642228205,4.002572057168013,3.8694694597927954,4.5,0.4809885931558936,1,-110.0,-130.0,0.46525231369320075,3.0,102.0,-135.0,-0.015736279462692848,0.0,0.0,0.40625,0.3919694072657744,0.3722871452420701,0.395738203957382,0.3813451776649746,0.3895179868260402,0.3895179868260402,under,0.6104820131739598,0.09147060632985338,-130.0,,True,0.015736279462692848,0.08008356176931347,0.7692307692307693,0.020020890442328354,2026-04
2026-04-25,663903,8,2026-01-01,5.049541205474759,4.8093147,4.612895171857095,4.97384151840332,4.768606492751885,5.5,0.4547560184798945,3,112.0,-130.0,0.466258811779265,4.0,105.0,-133.0,0.011502793299370484,1.0,0.0,0.3885350318471338,0.361846571622539,0.3417910447761194,0.395738203957382,0.3813451776649746,0.37385120597362975,0.37385120597362975,under,0.6261487940263702,0.08090481250626474,-130.0,,False,-0.011502793299370484,0.10780171250819354,-1.0,-0.03503555656516284,2026-04
2026-04-25,592662,4,2026-01-01,4.760405339988206,4.6822653,4.572700250059222,4.729138192978145,4.813014191542665,5.5,0.4449880505633648,3,115.0,-134.0,0.40112596762843067,1.0,130.0,-185.0,-0.043862082934934155,0.0,0.0,0.3250620347394541,0.361846571622539,0.3417910447761194,0.361782835467046,0.3813451776649746,0.3543655328540266,0.3543655328540266,under,0.6456344671459734,0.09062251770933821,-134.0,,True,0.043862082934934155,0.12745123367281924,0.746268656716418,0.03186280841820477,2026-04
2026-04-25,676979,3,2026-01-01,4.249373385638961,4.3108315,4.100419634924177,4.194820566422357,4.360614179661806,4.5,0.5515695067264573,1,-150.0,105.0,0.5486766973774833,4.0,-140.0,108.0,-0.002892809348974068,0.0,0.0,0.4110718492343934,0.43766066838046275,0.41466498103666244,0.4542483660130719,0.4623541887592789,0.4360000106847739,0.4360000106847739,under,0.5639999893152261,0.11556949604168343,105.0,,True,0.002892809348974068,0.15619997809621355,1.05,0.03904999452405333,2026-04
2026-04-26,669194,7,2026-01-01,5.44301124138254,5.162302,4.828644167279785,5.070779754845531,5.277810071708442,6.5,0.490521327014218,1,-115.0,-125.0,0.48592125897829136,3.0,-104.0,-120.0,-0.004600068035926663,1.0,0.0,0.2984218077474892,0.2780203784570597,0.23149394347240915,0.29806070826306913,0.2704590818363273,0.27529118395527086,0.27529118395527086,under,0.7247088160447291,0.21523014305894717,-125.0,,False,0.004600068035926663,0.3044758688805125,-1.0,-0.05,2026-04
2026-04-26,677944,6,2026-01-01,5.210652096507655,4.9227276,4.561793986513132,4.920142602528315,5.005821276038291,5.5,0.5094786729857821,1,-125.0,-115.0,0.515462131077635,4.0,-115.0,-105.0,0.005983458091852967,1.0,0.0,0.4110718492343934,0.3919694072657744,0.3417910447761194,0.395738203957382,0.4146919431279621,0.39105248967232625,0.39105248967232625,under,0.6089475103276738,0.11842618331345584,-115.0,,False,-0.005983458091852967,0.13846708452565104,-1.0,-0.03980928680112467,2026-04
2026-04-26,605400,7,2026-01-01,4.901248013757012,5.0392528,4.947036364390012,5.010933240012774,4.99271665602117,5.5,0.5190114068441064,1,-130.0,-110.0,0.5315374385215537,4.0,-128.0,105.0,0.012526031677447258,1.0,0.0,0.34208798424162834,0.4061662198391421,0.4066820276497696,0.44601962922573607,0.4146919431279621,0.40312956081684764,0.40312956081684764,under,0.5968704391831523,0.11588184602725876,-110.0,,False,-0.012526031677447258,0.13947992934965436,-1.0,-0.03835698057115498,2026-04
2026-04-26,672282,5,2026-01-01,4.932464829205571,4.9050884,4.73744851940761,4.95462091281153,4.898674954023147,5.5,0.4713467048710602,1,-105.0,-135.0,,,,,,0.0,0.0,0.34208798424162834,0.3919694072657744,0.3722871452420701,0.395738203957382,0.3813451776649746,0.3766855836743659,0.3766855836743659,under,0.6233144163256341,0.09466112119669429,-135.0,,True,,0.08502879878906677,0.7407407407407407,0.021257199697266693,2026-04
2026-05-04,608372,3,2026-05-01,5.310127786505968,5.330409,5.50192633228798,5.361340797318685,5.326886518382678,6.5,0.4713467048710602,1,-105.0,-135.0,0.4596196919106259,3.0,110.0,-125.0,-0.011727012960434269,0.0,0.0,0.27497314715359816,0.2880886426592798,0.3417910447761194,0.32982086406743943,0.3030303030303031,0.307540800337348,0.3915435206266849,under,0.6084564793733152,0.07980318424437527,-135.0,,True,0.011727012960434269,0.05916498261280784,0.7407407407407407,0.014791245653201945,2026-05
2026-05-05,645261,8,2026-05-01,5.379801740728422,5.0450377,5.208533092712471,5.249855291284233,5.240896734336301,5.5,0.5397930368887618,2,-137.0,104.0,0.5161441119335631,2.0,-118.0,-104.0,-0.023648924955198658,1.0,0.0,0.47294716740929343,0.4061662198391421,0.4643854748603352,0.45426829268292684,0.4326171875,0.4460768684583396,0.498944493951873,under,0.501055506048127,0.040848542936888776,104.0,,False,0.023648924955198658,0.02215323233817912,-1.0,-0.005325296235139184,2026-05
2026-05-05,695684,6,2026-05-01,4.212046506416792,4.0246625,3.9287735535652986,4.101065788647572,4.175246594258024,4.5,0.5165976145908002,2,-122.0,-108.0,0.5112058624262102,3.0,-105.0,-103.0,-0.00539175216458998,1.0,0.0,0.4110718492343934,0.3935309973045822,0.38767395626242546,0.44601962922573607,0.4326171875,0.41418272390542743,0.4750906948902219,under,0.5249093051097782,0.04150691970057835,-108.0,,False,0.00539175216458998,0.0109364394706839,-1.0,-0.0029528386570846533,2026-05
2026-05-06,687064,4,2026-05-01,5.240782185176306,4.9413395,4.988110172872425,4.8603697216239174,5.119138876297236,5.5,0.5131840089108478,3,-121.0,-110.0,0.44412176579748763,4.0,115.0,-140.0,-0.06906224311336018,0.0,0.0,0.4110718492343934,0.3919694072657744,0.41466498103666244,0.395738203957382,0.4326171875,0.4092123257988424,0.4713374963247885,under,0.5286625036752115,0.041846512586059315,-110.0,,True,0.06906224311336018,0.009264779743585583,0.9090909090909091,0.0023161949358964096,2026-05
2026-05-07,681035,3,2026-05-01,4.47102611317481,4.5879946,4.605045561411173,4.653857030228758,4.652675631680962,5.5,0.46567602139069025,3,103.0,-130.0,0.4767343037664009,3.0,-101.0,-120.0,0.01105828237571066,0.0,0.0,0.27497314715359816,0.322654462242563,0.3417910447761194,0.361782835467046,0.3493282149712092,0.33010594092210716,0.40985248743258973,under,0.5901475125674103,0.055823533958100524,-130.0,,True,-0.01105828237571066,0.044107137619264325,0.7692307692307693,0.011026784404816081,2026-05
2026-05-07,687562,6,2026-05-01,4.916755754846133,4.7867436,4.715083256477659,4.886976982342078,4.726692125670316,5.5,0.5346534653465347,1,-135.0,100.0,0.4248366013071895,1.0,120.0,-160.0,-0.10981686403934521,1.0,0.0,0.34208798424162834,0.361846571622539,0.36,0.395738203957382,0.3493282149712092,0.3618001949585517,0.4349323142567005,under,0.5650676857432995,0.0997211510898342,100.0,,False,0.10981686403934521,0.13013537148659893,-1.0,-0.03253384287164973,2026-05
2026-05-07,500779,5,2026-05-01,5.1497609756627645,5.0502872,4.961605677516316,5.1454957059444055,5.028228937747429,5.5,0.5459561597030902,3,-138.0,110.0,0.5207216400094979,3.0,-119.0,105.0,-0.02523451969359225,0.0,0.0,0.4110718492343934,0.4061662198391421,0.40860215053763443,0.4542483660130719,0.4326171875,0.4225411546248484,0.4813790518252496,under,0.5186209481747504,0.0645771078778406,110.0,,True,0.02523451969359225,0.08910399116697576,1.1,0.02227599779174394,2026-05
2026-05-09,693645,2,2026-05-01,4.463578005507463,3.953644,3.861053916952777,4.022393708909041,3.9744927959743643,4.5,0.5079935513737931,3,-118.0,-113.0,0.5121390015610743,4.0,-114.0,105.0,0.0041454501872811855,0.0,0.0,0.47294716740929343,0.3919694072657744,0.3722871452420701,0.395738203957382,0.3813451776649746,0.4028574203078989,0.4665230811369594,under,0.5334769188630406,0.0414704702368337,-113.0,,True,-0.0041454501872811855,0.005580386883430544,0.8849557522123894,0.001395096720857636,2026-05
2026-05-10,593958,4,2026-05-01,5.39430974195765,5.369849,5.451419113612012,5.292202838721313,5.278551672433981,5.5,0.5607235142118863,1,-155.0,110.0,0.5530255548918925,4.0,-145.0,110.0,-0.00769795931999373,0.0,0.0,0.47294716740929343,0.4601449275362319,0.47172619047619047,0.4948216340621403,0.4623541887592789,0.472398821648627,0.5183814421153607,under,0.48161855788463925,0.04234207209652552,110.0,,True,0.00769795931999373,0.011398971557742499,1.1,0.0028497428894356247,2026-05
2026-05-12,554430,6,2026-05-01,4.890401455452736,4.7584143,4.678784525559002,4.826594216744943,4.713327592564241,5.5,0.4424778761061947,1,110.0,-150.0,0.4336944756179282,3.0,125.0,-135.0,-0.008783400488266535,1.0,0.0,0.34208798424162834,0.361846571622539,0.3417910447761194,0.395738203957382,0.3493282149712092,0.3581584039137756,0.3978860131766058,under,0.6021139868233942,0.04459186292958889,-150.0,,False,0.008783400488266535,0.003523311372323701,-1.0,-0.001321241764621367,2026-05
2026-05-14,641743,6,2026-05-01,4.6225448241005775,4.719503,4.814015321323834,4.734874471661695,4.805073935288844,5.5,0.4554079696394686,1,105.0,-140.0,,,,,,1.0,0.0,0.3029661016949153,0.361846571622539,0.38767395626242546,0.395738203957382,0.3813451776649746,0.3659140022404473,0.40479179393457626,under,0.5952082060654238,0.05061617570489235,-140.0,,False,,0.020356924683583633,-1.0,-0.00712492363925431,2026-05
2026-05-16,608372,7,2026-05-01,5.5041459742801075,5.5425296,5.528293514481693,5.386316405204189,5.146718204858792,6.5,0.490521327014218,1,-115.0,-125.0,0.436633547290366,2.0,120.0,-150.0,-0.053887779723852,1.0,0.0,0.3029661016949153,0.33448275862068966,0.3417910447761194,0.361782835467046,0.2673421667965706,0.3216729814710682,0.36503692426101103,under,0.634963075738989,0.125484402753207,-125.0,,False,0.053887779723852,0.14293353633018024,-1.0,-0.044666730103181326,2026-05
2026-05-16,702070,5,2026-05-01,4.932457401768759,5.144324,5.1934791332478225,5.102141107997863,5.032324074548325,5.5,0.572408229124647,1,-165.0,115.0,0.5548814830928286,4.0,-140.0,111.0,-0.017526746031818363,0.0,0.0,0.34208798424162834,0.43766066838046275,0.4643854748603352,0.4542483660130719,0.4326171875,0.4261999361990997,0.45773000731783836,under,0.5422699926821617,0.11467822180680859,115.0,,True,0.017526746031818363,0.1658804842666476,1.15,0.041470121066661925,2026-05
2026-05-16,645261,7,2026-05-01,5.76565080637099,5.4729605,5.637569385538996,5.328427248892407,5.695395416224045,6.5,0.4675603287169913,3,100.0,-131.0,0.44843049327354256,1.0,105.0,-150.0,-0.01912983544344876,1.0,0.0,0.34208798424162834,0.32,0.3722871452420701,0.32982086406743943,0.3813451776649746,0.34910823424322246,0.38979529639730887,under,0.6102047036026912,0.07776503231968246,-131.0,,False,0.01912983544344876,0.07600982085665398,-1.0,-0.024893216330554177,2026-05
2026-05-16,607259,5,2026-05-01,5.503687967017487,5.527433,5.441124831231221,5.429446730974038,5.379667226827891,5.5,0.5486761845002299,2,-143.0,107.0,0.5095490583692491,3.0,-120.0,-110.0,-0.039127126130980794,0.0,0.0,0.47294716740929343,0.4786885245901639,0.47172619047619047,0.5080213903743316,0.4623541887592789,0.47874749232185165,0.5030608353021664,under,0.4969391646978336,0.04561534919806354,107.0,,True,0.039127126130980794,0.028664070924515617,1.07,0.007166017731128904,2026-05
2026-05-16,801139,4,2026-05-01,4.713384185077934,4.5049534,4.3237414622872485,4.281232535144297,4.374601360813333,4.5,0.5595431070280787,4,-144.0,115.0,0.5216976053995591,4.0,-120.0,105.0,-0.03784550162851963,0.0,0.0,0.5,0.4786885245901639,0.4643854748603352,0.45426829268292684,0.4623541887592789,0.471939296178541,0.4972191210453981,under,0.5027808789546019,0.06232398598268063,115.0,,True,0.03784550162851963,0.08097888975239398,1.15,0.020244722438098495,2026-05
2026-05-17,678394,8,2026-05-01,4.874330688624398,5.0611715,4.986981168732935,5.0378607325639555,5.083352875317165,5.5,0.5094786729857821,1,-125.0,-115.0,0.509317972981008,4.0,-110.0,100.0,-0.00016070000477408364,1.0,0.0,0.34208798424162834,0.4061662198391421,0.41466498103666244,0.44601962922573607,0.4326171875,0.40831120036863383,0.44214422484165655,under,0.5578557751583435,0.06733444814412554,-115.0,,False,0.00016070000477408364,0.04294775355690306,-1.0,-0.012347479147609598,2026-05
2026-05-17,647336,6,2026-05-01,5.004115489253669,4.969864,4.877093882601784,5.068743938537913,4.892490600494975,5.5,0.5094786729857821,1,-125.0,-115.0,0.49788601101588936,4.0,105.0,-107.0,-0.011592661969892726,1.0,0.0,0.3849056603773585,0.3935309973045822,0.4066820276497696,0.44601962922573607,0.3813451776649746,0.4024966984444842,0.4370578379716032,under,0.5629421620283968,0.0724208350141789,-115.0,,False,0.011592661969892726,0.05245708553135042,-1.0,-0.015081412090263247,2026-05
2026-05-17,605288,4,2026-05-01,5.15618139333413,5.4181285,5.42040529177823,5.374396795436171,5.394794807982403,6.5,0.4192546583850932,1,120.0,-170.0,,,,,,0.0,0.0,0.26161616161616164,0.2880886426592798,0.32857142857142857,0.32982086406743943,0.3047337278106509,0.3025661649449921,0.34756503816566414,under,0.6524349618343359,0.07168962021942904,-170.0,,True,,0.03622023350159237,0.5882352941176471,0.009055058375398106,2026-05
2026-05-17,669467,8,2026-05-01,5.025242419786826,5.040093,4.9894463192715355,5.192791707160095,5.134710408432711,5.5,0.5286532951289399,1,-135.0,-105.0,0.5466656431835788,4.0,-135.0,109.0,0.018012348054638916,1.0,0.0,0.3885350318471338,0.4061662198391421,0.41466498103666244,0.4542483660130719,0.4326171875,0.419246357247202,0.45168243533101565,under,0.5483175646689844,0.07697085979792423,-105.0,,False,-0.018012348054638916,0.07052476911563621,-1.0,-0.018512751892854475,2026-05
2026-05-18,666157,3,2026-05-01,4.737941143750078,4.818402,4.9533348226040586,4.8813573575372535,4.866161923109593,5.5,0.5273856743656111,2,-129.0,-103.0,0.49849324975891995,2.0,-114.0,-117.0,-0.02889242460669117,0.0,0.0,0.3250620347394541,0.361846571622539,0.4066820276497696,0.395738203957382,0.3813451776649746,0.37413480312682384,0.41376040811764314,under,0.5862395918823569,0.11362526624796798,-103.0,,True,0.02889242460669117,0.15540424419532473,0.970873786407767,0.03885106104883118,2026-05
2026-05-18,684007,9,2026-05-01,5.051090429073748,4.8772287,4.788848123704248,5.04672511261061,4.796944516877688,5.5,0.4986434603273512,4,-112.0,-110.0,0.5023696682464456,4.0,-115.0,-115.0,0.003726207919094393,1.0,0.0,0.3885350318471338,0.3919694072657744,0.375,0.44601962922573607,0.3813451776649746,0.39657384920072375,0.4338871327882421,under,0.5661128672117579,0.0647563275391091,-110.0,,False,-0.003726207919094393,0.08076092831335602,-1.0,-0.022209255286172937,2026-05
2026-05-18,607625,5,2026-05-01,5.30743030535477,5.4793763,5.2852738836658295,5.570232858144972,5.296870125353157,6.5,0.44087295242919233,3,120.0,-142.0,,,,,,0.0,0.0,0.27497314715359816,0.322654462242563,0.31999999999999995,0.361782835467046,0.29896907216494845,0.3156759034056311,0.36033169819004085,under,0.6396683018099592,0.08054125423915148,-142.0,,True,,0.09013893688739516,0.704225352112676,0.022534734221848766,2026-05
2026-05-18,677944,5,2026-05-01,5.111077906489379,5.0491433,4.985331941540466,5.142180694068631,5.127261602664715,5.5,0.5,1,-115.0,-115.0,0.4873741806013729,3.0,-105.0,-119.0,-0.012625819398627114,0.0,0.0,0.40594059405940597,0.4061662198391421,0.41466498103666244,0.4542483660130719,0.4326171875,0.42272746968965647,0.45712937513431073,under,0.5428706248656893,0.042870624865689266,-115.0,,True,0.012625819398627114,0.014932037792375563,0.8695652173913043,0.0037330094480939047,2026-05
2026-05-18,543243,5,2026-05-01,4.799328766656249,4.8278546,4.705625192949216,4.825898991938268,5.018180888938477,5.5,0.49785753409667555,3,105.0,-106.0,,,,,,0.0,0.0,0.34208798424162834,0.3919694072657744,0.3417910447761194,0.395738203957382,0.4326171875,0.3808407655481808,0.41979484029419123,under,0.5802051597058088,0.07806269380248432,-106.0,,True,,0.12756851791883594,0.9433962264150944,0.031892129479708986,2026-05
2026-05-19,690997,8,2026-05-01,4.79411965431907,4.5764704,4.423660350495079,4.851257723458633,4.598376179429209,5.5,0.4516820994512419,2,107.0,-142.0,0.41704441391232633,2.0,125.0,-165.0,-0.03463768553891555,1.0,0.0,0.32905982905982906,0.32,0.3241895261845385,0.395738203957382,0.31346351490236385,0.3364902148208227,0.37953871481343093,under,0.6204612851865691,0.07214338463781095,-142.0,,False,0.03463768553891555,0.05740585221936417,-1.0,-0.02037907753787426,2026-05
2026-05-19,695505,3,2026-05-01,4.425874875309367,4.157955,4.14322598837849,4.0033615094220805,4.3639025113030065,4.5,0.5579028837052515,3,-143.0,120.0,,,,,,0.0,0.0,0.47294716740929343,0.43766066838046275,0.41466498103666244,0.395738203957382,0.4623541887592789,0.4366730419086159,0.4694392258389354,under,0.5305607741610646,0.08846365786631616,120.0,,True,,0.16723370315434216,1.2,0.04180842578858557,2026-05
2026-05-20,683004,7,2026-05-01,5.079022192397818,4.8778634,4.960756671924822,4.667150837209174,4.696707857379273,5.5,0.5094786729857821,1,-125.0,-115.0,0.5248658709618758,3.0,-124.0,100.0,0.01538719797609367,1.0,0.0,0.3885350318471338,0.3919694072657744,0.40860215053763443,0.361782835467046,0.3493282149712092,0.38004352801775954,0.41907833714472037,under,0.5809216628552796,0.09040033584106172,-115.0,,False,-0.01538719797609367,0.08607093490334872,-1.0,-0.024745393784712726,2026-05
2026-05-20,518876,8,2026-05-01,5.362292620747894,5.208569,5.371119481542262,5.316079299755255,5.178849769285676,5.5,0.562820228752282,3,-148.0,115.0,0.546394469428962,4.0,-120.0,120.0,-0.01642575932332002,1.0,0.0,0.47294716740929343,0.43766066838046275,0.47172619047619047,0.4948216340621403,0.4326171875,0.4619545695656174,0.4916283934839475,under,0.5083716065160525,0.0711918352683345,115.0,,False,0.01642575932332002,0.09299895400951286,-1.0,-0.020217163915111493,2026-05
2026-05-21,645261,9,2026-05-01,5.743486596719849,5.513349,5.485703666520962,5.35011826853449,5.658592535688019,6.5,0.43997381773553984,4,125.0,-135.0,,,,,,1.0,0.0,0.34208798424162834,0.322654462242563,0.3417910447761194,0.32982086406743943,0.3813451776649746,0.34353990659854494,0.3859954094851274,under,0.6140045905148726,0.053978408250412446,-135.0,,False,,0.06882280571107441,-1.0,-0.023227696927487634,2026-05
2026-05-22,543037,2,2026-05-01,4.552314036631851,4.034245,3.813045255565287,3.9723429205538787,4.02289161613999,4.5,0.48712948756007773,3,-110.0,-120.0,0.4560848527404705,4.0,110.0,-135.0,-0.03104463481960723,0.0,0.0,0.4909560723514212,0.3935309973045822,0.36,0.395738203957382,0.3948220064724919,0.40700945601717553,0.4431871151256383,under,0.5568128848743616,0.043942372434439436,-120.0,,True,0.03104463481960723,0.020823622269663056,0.8333333333333334,0.005205905567415792,2026-05
2026-05-22,668909,5,2026-05-01,4.935566687436071,4.5617146,4.452867246122872,4.631705919776418,4.368728317978668,5.5,0.4809885931558936,1,-110.0,-130.0,0.41414961153226626,3.0,145.0,-154.0,-0.06683898162362734,0.0,0.0,0.34208798424162834,0.2880886426592798,0.3241895261845385,0.361782835467046,0.2704590818363273,0.317321614077764,0.3618585084753639,under,0.6381414915246362,0.11913008468052971,-130.0,,True,0.06683898162362734,0.12901956192820246,0.7692307692307693,0.0322548904820506,2026-05
2026-05-23,694973,9,2026-05-01,4.726741425144337,4.538253,4.384134291510396,4.156777253841271,4.881763536284747,5.5,0.44289480610055143,2,111.0,-147.0,,,,,,1.0,0.0,0.3250620347394541,0.2880886426592798,0.2900763358778626,0.29806070826306913,0.3813451776649746,0.316526579840928,0.36112109614115556,under,0.6388789038588445,0.08177370995939587,-147.0,,False,,0.07349040308254823,-1.0,-0.027007723132836413,2026-05
2026-05-24,656492,3,2026-05-01,5.298833417965596,5.3049097,5.3956317160328515,5.5159946526597,5.345088013045666,5.5,0.5515695067264573,1,-150.0,105.0,0.5414190421599875,4.0,-130.0,110.0,-0.010150464566469841,0.0,0.0,0.45307443365695793,0.4601449275362319,0.47172619047619047,0.5104895104895105,0.4623541887592789,0.47155785018363394,0.5000191615738538,under,0.49998083842614616,0.05155034515260348,105.0,,True,0.010150464566469841,0.02496071877359962,1.05,0.006240179693399905,2026-05
2026-05-24,693433,6,2026-05-01,5.197743393408544,4.920614,5.310752610218564,4.979046851836056,4.71132904388154,5.5,0.5094786729857821,1,-125.0,-115.0,0.4908310520422694,4.0,100.0,-116.0,-0.01864762094351269,1.0,0.0,0.4110718492343934,0.3919694072657744,0.4643854748603352,0.43434343434343436,0.3493282149712092,0.4102196761350293,0.4460408508625888,under,0.5539591491374112,0.06343782212319327,-115.0,,False,0.01864762094351269,0.03566275708298611,-1.0,-0.010253042661358458,2026-05
2026-05-25,837227,0,2026-05-01,3.993036825180787,3.9875762,3.9520052286403446,4.0996816103886875,4.027979532260348,4.5,0.4939976708671514,3,-110.0,-115.0,0.43094307252981395,4.0,125.0,-140.0,-0.06305459833733745,0.0,0.0,0.34208798424162834,0.3919694072657744,0.4066820276497696,0.44601962922573607,0.3948220064724919,0.39631621097108005,0.4326427117801555,under,0.5673572882198445,0.0613549590869959,-115.0,,True,0.06305459833733745,0.06071145188927457,0.8695652173913043,0.0151778629723186,2026-05
2026-05-25,676083,8,2026-05-01,5.5088915529392635,5.5586314,5.567332398968177,5.359323468186151,5.478622176527404,6.5,0.4424778761061947,1,110.0,-150.0,,,,,,1.0,0.0,0.3029661016949153,0.33448275862068966,0.3417910447761194,0.32982086406743943,0.31346351490236385,0.32450485681230556,0.37110854329536985,under,0.6288914567046302,0.07136933281082486,-150.0,,False,,0.04815242784105034,-1.0,-0.018057160440393877,2026-05
2026-05-26,693645,4,2026-05-01,4.631484053144888,4.118161,4.014608542117659,4.051139120810283,4.36355331978643,5.5,0.43348916277093075,1,115.0,-155.0,,,,,,0.0,0.0,0.3029661016949153,0.23792486583184264,0.23149394347240915,0.23303834808259588,0.2704590818363273,0.25517646818361805,0.3089609116600511,under,0.6910390883399489,0.12452825111087967,-155.0,,True,,0.13687075823669004,0.6451612903225806,0.03225806451612903,2026-05
2026-05-26,686799,6,2026-05-01,5.552733512207475,5.3925166,5.4330241231667005,5.116003214266085,5.520762076759939,6.5,0.4360497335786541,3,115.0,-152.0,0.43524662488674365,3.0,116.0,-154.0,-0.0008031086919104702,0.0,0.0,0.3029661016949153,0.2880886426592798,0.32857142857142857,0.29806070826306913,0.3493282149712092,0.3134030192319804,0.36136968349810095,under,0.638630316501899,0.07468005008055317,-152.0,,True,0.0008031086919104702,0.05878184051630636,0.6578947368421053,0.014695460129076576,2026-05
2026-05-26,645261,10,2026-05-01,5.707981339417446,5.4796004,5.598101521246925,5.215214803954662,5.707835070712965,6.5,0.4573910211729429,4,120.0,-130.0,0.4392764857881137,1.0,110.0,-155.0,-0.01811453538482921,1.0,0.0,0.32905982905982906,0.322654462242563,0.3417910447761194,0.29806070826306913,0.3813451776649746,0.334582244401311,0.37988927594916555,under,0.6201107240508344,0.07750174522377734,-130.0,,False,0.01811453538482921,0.09711897332070712,-1.0,-0.03156366632922976,2026-05
2026-05-27,702070,4,2026-05-01,4.908356628095922,5.1329355,5.231411200355327,4.957681358129931,4.932112597667287,5.5,0.5072223366223645,4,-105.0,-105.0,0.4540797047030628,4.0,110.0,-137.0,-0.053142631919301686,0.0,0.0,0.34208798424162834,0.43766066838046275,0.4643854748603352,0.395738203957382,0.3948220064724919,0.40693886758246,0.44157109575739545,under,0.5584289042426045,0.06565124086496904,-105.0,,True,0.053142631919301686,0.09026595590222775,0.9523809523809523,0.022566488975556964,2026-05
2026-05-27,592332,6,2026-05-01,5.259796683690621,5.1558547,5.277949092134431,4.866247302874363,5.456021594529666,5.5,0.5384615384615384,1,-140.0,100.0,0.4232121143106396,4.0,127.0,-140.0,-0.11524942415089884,1.0,0.0,0.45307443365695793,0.43766066838046275,0.4643854748603352,0.395738203957382,0.4806701030927835,0.4463057767895843,0.47437381854935357,under,0.5256261814506464,0.06408771991218487,100.0,,False,0.11524942415089884,0.05125236290129287,-1.0,-0.012813090725323217,2026-05
2026-05-27,543037,4,2026-05-01,4.740968923752868,4.455014,4.280948305181453,4.5839115179222425,4.685281653116256,5.5,0.46081718169233454,2,103.0,-137.0,,,,,,0.0,0.0,0.3250620347394541,0.2880886426592798,0.2900763358778626,0.361782835467046,0.3493282149712092,0.3228676127429703,0.3696767268225705,under,0.6303232731774295,0.09114045486976402,-137.0,,True,,0.09041325359891095,0.7299270072992701,0.02260331339972771,2026-05
2026-05-28,607067,4,2026-05-01,5.374884807583357,5.2611904,5.184339107496943,5.242424321700694,5.2419204457418465,5.5,0.5334798668871077,3,-115.0,109.0,0.5376730339872885,3.0,-135.0,103.0,0.004193167100180806,0.0,0.0,0.47294716740929343,0.43766066838046275,0.4643854748603352,0.45426829268292684,0.4326171875,0.4523757581666036,0.4793978852156986,under,0.5206021147843014,0.054081981671409096,109.0,,True,-0.004193167100180806,0.08805841989918994,1.09,0.02201460497479746,2026-05
2026-05-28,680570,2,2026-05-01,4.562617679842589,5.0135593,5.166226861284354,4.993466536363364,4.856967590088742,5.5,0.5094786729857821,1,-125.0,-115.0,0.4544825462989402,4.0,110.0,-136.0,-0.054996126686841895,0.0,0.0,0.2984218077474892,0.4061662198391421,0.4263565891472868,0.44601962922573607,0.3813451776649746,0.39166188472492575,0.42871880265624723,under,0.5712811973437528,0.08075987032953486,-115.0,,True,0.054996126686841895,0.06804745590353789,0.8695652173913043,0.017011863975884445,2026-05
2026-05-29,669432,6,2026-05-01,4.8794931573185325,5.021303,5.047296266294041,5.032645789928173,5.012110050768297,5.5,0.48161750624393496,3,-107.0,-124.0,0.5036890260731213,4.0,100.0,-104.0,0.022071519829186315,1.0,0.0,0.34208798424162834,0.4061662198391421,0.41466498103666244,0.44601962922573607,0.4146919431279621,0.4047261514942262,0.4397143171140944,under,0.5602856828859055,0.041903189129840535,-124.0,,False,-0.022071519829186315,0.012128975535829312,-1.0,-0.003759982416107104,2026-05
2026-05-29,700712,5,2026-05-01,4.740313397365079,4.2934976,4.189474724085111,4.220068210258918,4.327579254252066,4.5,0.5829555860876737,2,-165.0,125.0,0.5740126122300846,2.0,-158.0,120.0,-0.008942973857589132,1.0,0.0,0.5044534412955467,0.43766066838046275,0.41466498103666244,0.4542483660130719,0.4623541887592789,0.45467632909700456,0.4813000442050976,under,0.5186999557949024,0.10165554188257614,125.0,,False,0.008942973857589132,0.16707490053853036,-1.0,-0.03341498010770607,2026-05
2026-05-29,684007,5,2026-05-01,5.13009384863196,5.11142,4.964574687748093,4.901210047991689,4.979001545122484,5.5,0.5038858732196505,4,100.0,-101.0,0.45410059399825997,4.0,110.0,-135.0,-0.04978527922139053,0.0,0.0,0.40625,0.43766066838046275,0.40860215053763443,0.395738203957382,0.4146919431279621,0.41258859320068825,0.4463051086158262,under,0.5536948913841738,0.05758076460382433,-101.0,,True,0.04978527922139053,0.10190765513088063,0.9900990099009901,0.025476913782720156,2026-05
2026-05-30,672282,5,2026-05-01,5.195913288445054,4.9589505,4.951398258796995,4.961879269552686,4.8018894405337935,5.5,0.480917683674721,2,-106.0,-125.0,0.4516561229927152,3.0,109.0,-140.0,-0.029261560682005805,0.0,0.0,0.4110718492343934,0.3935309973045822,0.4066820276497696,0.395738203957382,0.3813451776649746,0.39767365116222037,0.43378572303946844,under,0.5662142769605316,0.047131960635252546,-125.0,,True,0.029261560682005805,0.019185698528956907,0.8,0.004796424632239227,2026-05
2026-05-30,687075,6,2026-05-01,4.630681385472021,4.2214823,4.305428189098122,4.1721283483191565,4.326339088214266,4.5,0.5384615384615384,1,-140.0,100.0,0.49011199331686417,4.0,-110.0,-115.0,-0.048349545144674266,1.0,0.0,0.5,0.43766066838046275,0.4643854748603352,0.4542483660130719,0.4623541887592789,0.46372973960262975,0.4887755787626028,under,0.5112244212373972,0.04968595969893563,100.0,,False,0.048349545144674266,0.022448842474794395,-1.0,-0.005612210618698599,2026-05
2026-05-31,666157,5,2026-05-01,5.008105199679142,5.0295134,5.171201035799027,5.180462814637969,4.988513168130699,5.5,0.5,1,-120.0,-120.0,0.47740681936939783,4.0,100.0,-115.0,-0.022593180630602172,0.0,0.0,0.3885350318471338,0.4061662198391421,0.4263565891472868,0.4542483660130719,0.4146919431279621,0.41799962999491935,0.45083015617497285,under,0.5491698438250272,0.04916984382502715,-120.0,,True,0.022593180630602172,0.0068113803458832445,0.8333333333333334,0.0017028450864708389,2026-05
2026-05-31,641793,5,2026-05-01,5.22839117715506,5.2959566,5.350268010325466,5.322067161631626,5.423281389748867,5.5,0.5607235142118863,1,-155.0,110.0,0.5636171757204778,2.0,-155.0,115.0,0.002893661508591494,0.0,0.0,0.4110718492343934,0.4601449275362319,0.4643854748603352,0.4948216340621403,0.4806701030927835,0.4622187977571769,0.48752903947992715,under,0.5124709605200728,0.07319447473195911,110.0,,True,-0.002893661508591494,0.07618901709215287,1.1,0.019047254273038217,2026-05
2026-05-31,592662,5,2026-05-01,4.70145264443469,4.581221,4.257178951892123,4.4767872046755715,4.66953881859001,5.5,0.5094786729857821,1,-125.0,-115.0,0.5312565469672359,4.0,-133.0,100.0,0.02177787398145381,0.0,0.0,0.3250620347394541,0.322654462242563,0.2900763358778626,0.32982086406743943,0.3493282149712092,0.32338838237970563,0.370132317161869,under,0.629867682838131,0.13934635582391308,-115.0,,True,-0.02177787398145381,0.1775787113930275,0.8695652173913043,0.043478260869565216,2026-05
2026-05-31,680694,4,2026-05-01,4.589941330248696,4.6193485,4.824393885596232,4.704360650048112,4.586625480162317,5.5,0.4713467048710602,1,-105.0,-135.0,0.4642812118515603,3.0,105.0,-135.0,-0.00706549301949988,0.0,0.0,0.3029661016949153,0.322654462242563,0.38767395626242546,0.361782835467046,0.31346351490236385,0.3377081741138627,0.38260207277858516,under,0.6173979272214148,0.08874463209247502,-135.0,,True,0.00706549301949988,0.07472972516320359,0.7407407407407407,0.018682431290800883,2026-05
2026-06-02,669358,4,2026-06-01,5.184793363232663,5.224034,5.371520598024714,5.24726974752919,5.279495627756439,5.5,0.512194765504023,3,-119.0,-110.0,0.5243546082710646,4.0,-123.0,100.0,0.012159842767041629,0.0,0.0,0.4110718492343934,0.43766066838046275,0.47172619047619047,0.45426829268292684,0.4623541887592789,0.4474162379066505,0.4684755615203631,under,0.5315244384796369,0.04371920398365986,-110.0,,True,-0.012159842767041629,0.014728473461125047,0.9090909090909091,0.0036821183652812617,2026-06
2026-06-03,669022,9,2026-06-01,4.720123724388382,4.6381,4.680865696266264,4.549543308726429,4.858991374207472,5.5,0.42552223464361577,3,125.0,-150.0,,,,,,1.0,0.0,0.3250620347394541,0.33448275862068966,0.3417910447761194,0.361782835467046,0.3813451776649746,0.3488927702536567,0.3830684822025972,under,0.6169315177974029,0.042453752441018566,-150.0,,False,,0.028219196329004714,-1.0,-0.010582198623376726,2026-06
2026-06-03,656550,5,2026-06-01,4.492040159179876,4.6947193,4.681483566448281,5.005144331154306,4.691492396349863,5.5,0.4333536496665946,3,120.0,-150.0,0.46153846153846145,1.0,100.0,-140.0,0.028184811871866833,0.0,0.0,0.2984218077474892,0.361846571622539,0.3417910447761194,0.44601962922573607,0.3493282149712092,0.35948145366861856,0.39239381465371076,under,0.6076061853462893,0.04095983501288386,-150.0,,True,-0.028184811871866833,0.012676975577148808,0.6666666666666666,0.003169243894287188,2026-06
2026-06-03,571578,6,2026-06-01,5.189900115612088,5.13697,5.210712406067771,5.080014034766245,5.4004876546966525,5.5,0.5072509905677987,2,-118.0,-113.0,,,,,,1.0,0.0,0.4110718492343934,0.43766066838046275,0.4643854748603352,0.44601962922573607,0.47058823529411764,0.4459451713990091,0.4672181412838112,under,0.5327818587161888,0.04003284928398748,-113.0,,False,,0.004270229261488567,-1.0,-0.0012063397663705515,2026-06
2026-06-03,695505,4,2026-06-01,4.336607161984948,3.778329,3.6403173328495586,3.936566540940886,3.7127222530507424,4.5,0.4660692432787757,3,110.0,-127.0,0.4192546583850932,1.0,120.0,-170.0,-0.04681458489368251,0.0,0.0,0.45307443365695793,0.361846571622539,0.32857142857142857,0.395738203957382,0.31346351490236385,0.3705388305421343,0.40208701151385356,under,0.5979129884861465,0.06398223176492213,-127.0,,True,0.04681458489368251,0.06871061721539573,0.7874015748031497,0.017177654303848933,2026-06
2026-06-03,669467,3,2026-06-01,5.053786530130162,5.1539016,5.239535743549059,5.211948380040553,5.226700400022091,5.5,0.531322274056614,4,-115.0,107.0,0.490521327014218,1.0,-115.0,-125.0,-0.04080094704239601,0.0,0.0,0.3885350318471338,0.43766066838046275,0.4643854748603352,0.45426829268292684,0.4326171875,0.43549333105417176,0.458272553802799,under,0.541727446197201,0.07304972025381501,107.0,,True,0.04080094704239601,0.12137581362820615,1.07,0.030343953407051594,2026-06
2026-06-05,687064,7,2026-06-01,5.157517660733415,5.3485627,5.339861570701651,5.361134661438156,5.442303265463838,5.5,0.5338144994923318,4,-120.0,105.0,0.5023696682464456,4.0,-115.0,-115.0,-0.03144483124588626,1.0,0.0,0.4110718492343934,0.4601449275362319,0.4643854748603352,0.4948216340621403,0.4806701030927835,0.4622187977571769,0.4811078719892971,under,0.5188921280107028,0.05270662750303473,105.0,,False,0.03144483124588626,0.06372886242194087,-1.0,-0.015173538671890656,2026-06
2026-06-05,666200,7,2026-06-01,4.662262667982182,4.7049627,4.703283512432042,4.593735752617094,4.644058577001598,5.5,0.4256888330888313,2,120.0,-159.0,,,,,,1.0,0.0,0.3029661016949153,0.361846571622539,0.3417910447761194,0.361782835467046,0.3493282149712092,0.3435429537063658,0.37833996351637866,under,0.6216600364836213,0.047348869572452656,-159.0,,False,,0.012641191504766836,-1.0,-0.005024873623144817,2026-06
2026-06-05,664285,5,2026-06-01,5.186316034111179,5.3452783,5.425974202608838,5.247487228945367,5.424854955748397,5.5,0.5322119336991721,3,-115.0,107.0,0.5114036868524677,4.0,-115.0,-107.0,-0.020808246846704348,0.0,0.0,0.4110718492343934,0.4601449275362319,0.47172619047619047,0.45426829268292684,0.4806701030927835,0.45557627260450523,0.4754436538025471,under,0.524556346197453,0.056768279896624974,107.0,,True,0.020808246846704348,0.08583163662872761,1.07,0.02145790915718193,2026-06
2026-06-06,837227,5,2026-06-01,4.46985482421994,4.481733,4.398039785203852,4.453415197870966,4.5210206186519795,4.5,0.5483179005487582,2,-142.0,107.0,0.5245223445843306,3.0,-115.0,101.0,-0.023795555964427617,1.0,0.0,0.47294716740929343,0.4619164619164619,0.47172619047619047,0.5080213903743316,0.5,0.4829222420352554,0.4987225033643407,under,0.5012774966356592,0.04959539718441747,107.0,,False,0.023795555964427617,0.03764441803581464,-1.0,-0.008795424774723098,2026-06
2026-06-06,680694,9,2026-06-01,4.597336942364047,4.7923265,4.9602642027277835,4.978855181674881,4.748942749685576,5.5,0.51588110187878,3,-125.0,-106.0,0.5025303643724697,4.0,-115.0,-110.0,-0.013350737506310328,1.0,0.0,0.3029661016949153,0.361846571622539,0.40860215053763443,0.43434343434343436,0.3813451776649746,0.3778206871726995,0.4084470486277834,under,0.5915529513722166,0.10743405325099659,-106.0,,False,0.013350737506310328,0.14962177342147764,-1.0,-0.03964976995669155,2026-06
2026-06-06,666157,10,2026-06-01,5.0926972442467875,5.0988626,5.03485582658847,4.9279229259281445,5.020197583152129,5.5,0.5094786729857821,1,-125.0,-115.0,0.5536755245516076,4.0,-140.0,113.0,0.044196851565825535,1.0,0.0,0.3885350318471338,0.43766066838046275,0.41466498103666244,0.395738203957382,0.4326171875,0.4138432145443282,0.43966931054540276,under,0.5603306894545972,0.06980936244037933,-115.0,,False,-0.044196851565825535,0.04757476724120341,-1.0,-0.013677745581845997,2026-06
2026-06-06,679883,2,2026-06-01,3.7281666886448304,4.081453,4.03867144276255,4.221657163380868,4.268206520186955,4.5,0.4809885931558936,1,-110.0,-130.0,0.38236269605268935,2.0,145.0,-190.0,-0.09862589710320424,0.0,0.0,0.3029661016949153,0.4061662198391421,0.40860215053763443,0.4542483660130719,0.4326171875,0.4009200051169527,0.4285106865963266,under,0.5714893134036734,0.05247790655956702,-130.0,,True,0.09862589710320424,0.011096477560345208,0.7692307692307693,0.002774119390086316,2026-06
2026-06-06,641793,2,2026-06-01,5.442784762838191,5.5200973,5.719204264319674,5.431751514130548,5.487614676298394,5.5,0.5570687114702577,3,-145.0,110.0,0.5636495967480296,3.0,-150.0,115.0,0.006580885277771897,0.0,0.0,0.47294716740929343,0.4786885245901639,0.5547703180212014,0.5080213903743316,0.4806701030927835,0.4990195006975548,0.5123850362499538,under,0.4876149637500462,0.04468367522030392,110.0,,True,-0.006580885277771897,0.023991423875097118,1.1,0.005997855968774279,2026-06
2026-06-07,607536,7,2026-06-01,5.52371854651715,5.619615,5.5693985287549355,5.645569392385095,6.017656931164506,7.5,0.4923144831170105,3,-110.0,-117.0,,,,,,0.0,0.0,0.18329938900203666,0.22406340057636887,0.2110009017132552,0.2222222222222222,0.2673421667965706,0.22158561606209073,0.2663364261006981,under,0.7336635738993019,0.2259780570163124,-117.0,,True,,0.36072645757391897,0.8547008547008547,0.042735042735042736,2026-06
2026-06-07,675660,5,2026-06-01,3.5212184490040337,3.526304,3.4931279876292103,3.814682297652479,3.9331075829698334,4.5,0.4534678056674068,1,106.0,-141.0,0.4957898055339285,4.0,-105.0,-110.0,0.04232199986652169,1.0,0.0,0.273972602739726,0.2880886426592798,0.2900763358778626,0.361782835467046,0.3813451776649746,0.3190531188817778,0.35653506963181536,under,0.6434649303681846,0.09693273603559144,-141.0,,False,-0.04232199986652169,0.09982303701228723,-1.0,-0.03518762054683125,2026-06
2026-06-07,693645,4,2026-06-01,4.548172583787882,4.2071505,4.246061976662019,4.376268706871079,4.34838294251225,5.5,0.4192546583850932,1,120.0,-170.0,,,,,,0.0,0.0,0.2984218077474892,0.2693156732891833,0.2900763358778626,0.29806070826306913,0.2704590818363273,0.2852667214027863,0.32596152603381706,under,0.6740384739661829,0.09329313235127612,-170.0,,True,,0.0705316939462905,0.5882352941176471,0.017632923486572638,2026-06
2026-06-09,543135,4,2026-06-01,5.2465036268583845,5.2229505,5.168211475925662,5.223966513972648,5.272078817977549,6.5,0.43148085839526273,2,118.0,-155.0,0.4529767101908828,3.0,110.0,-138.0,0.02149585179562008,0.0,0.0,0.26161616161616164,0.2780203784570597,0.2900763358778626,0.29806070826306913,0.2704590818363273,0.279646533210096,0.3243776033124609,under,0.6756223966875391,0.10710325508280183,-155.0,,True,-0.02149585179562008,0.11150781390530623,0.6451612903225806,0.027876953476326516,2026-06
2026-06-09,663568,8,2026-06-01,5.47961583660557,5.573645,5.769102815782444,5.58845670179968,5.6193989744358985,6.5,0.44012228547332904,2,120.0,-140.0,0.43348916277093075,1.0,115.0,-155.0,-0.0066331227023982975,1.0,0.0,0.3029661016949153,0.361846571622539,0.38767395626242546,0.361782835467046,0.3493282149712092,0.352719536003627,0.38984222920385664,under,0.6101577707961434,0.050280056269472406,-140.0,,False,0.0066331227023982975,0.04598474993624585,-1.0,-0.016094662477686105,2026-06
2026-06-09,669302,3,2026-06-01,4.365830566241445,4.5983353,4.463269503383086,4.613476116933076,4.599090493439883,5.5,0.43148085839526273,2,118.0,-155.0,0.4268494323827273,2.0,120.0,-157.0,-0.004631426012535411,0.0,0.0,0.26161616161616164,0.322654462242563,0.3241895261845385,0.361782835467046,0.31346351490236385,0.31674130008253465,0.35796290646387613,under,0.6420370935361239,0.0735179519313866,-155.0,,True,0.004631426012535411,0.056254573236849015,0.6451612903225806,0.014063643309212226,2026-06
2026-06-09,554430,6,2026-06-01,4.777219563842647,4.6944346,4.615530701858644,4.7786719888175995,4.90837576963618,5.5,0.4407771501239645,3,125.0,-120.0,0.4351465309655734,3.0,118.0,-150.0,-0.005630619158391137,1.0,0.0,0.32905982905982906,0.361846571622539,0.3417910447761194,0.395738203957382,0.3813451776649746,0.3619561654161688,0.3979337750475306,under,0.6020662249524694,0.04284337507643393,-120.0,,False,0.005630619158391137,0.10378807907952725,-1.0,-0.031136423723858206,2026-06
2026-06-10,666200,4,2026-06-01,4.748819110503036,4.816036,4.904480098739394,4.7979964991292166,4.836673272744071,5.5,0.4884488448844884,3,100.0,-115.0,0.4897972261527759,3.0,100.0,-113.0,0.0013483812682874574,0.0,0.0,0.3250620347394541,0.361846571622539,0.4066820276497696,0.395738203957382,0.3813451776649746,0.37413480312682384,0.40855155476258764,under,0.5914484452374124,0.07989729012190078,-115.0,,True,-0.0013483812682874574,0.10575144109603174,0.8695652173913043,0.026437860274007907,2026-06
2026-06-10,656492,6,2026-06-01,4.900873168882885,5.0180674,5.153083524300414,5.17535613048943,5.050705894918649,5.5,0.5012221727337464,2,-112.0,-115.0,0.48592125897829136,3.0,-104.0,-120.0,-0.015300913755455003,1.0,0.0,0.34208798424162834,0.4061662198391421,0.41466498103666244,0.4542483660130719,0.4326171875,0.40995694772610103,0.43948747333388943,under,0.5605125266661106,0.06173469939985693,-115.0,,False,0.015300913755455003,0.04791472376707634,-1.0,-0.013775483083034432,2026-06
2026-06-10,669923,7,2026-06-01,4.695738406583377,4.9149904,5.021750068553209,5.0040543802700315,5.1032326331713005,5.5,0.5203045685279188,1,-125.0,-105.0,0.5174525601850015,3.0,-120.0,-104.0,-0.0028520083429173226,1.0,0.0,0.3250620347394541,0.3919694072657744,0.41466498103666244,0.44601962922573607,0.4326171875,0.4020666479535254,0.43270768962709805,under,0.567292310372902,0.0875968789008208,-105.0,,False,0.0028520083429173226,0.10757070120423706,-1.0,-0.02823730906611223,2026-06
2026-06-10,519242,6,2026-06-01,4.66861266452556,4.5590158,4.495178577348913,4.597077091773699,4.636090043773595,5.5,0.44843049327354256,1,105.0,-150.0,0.44382308571867823,2.0,110.0,-146.0,-0.004607407554864329,1.0,0.0,0.3177570093457944,0.2880886426592798,0.3241895261845385,0.361782835467046,0.3493282149712092,0.32822924572557355,0.3682091447048741,under,0.6317908552951259,0.08022134856866847,-150.0,,False,0.004607407554864329,0.05298475882520981,-1.0,-0.019869284559453637,2026-06
2026-06-10,669022,8,2026-06-01,4.861837367863881,4.8306985,4.756316612794597,4.829744436406152,4.8042832716428885,5.5,0.4809885931558936,1,-110.0,-130.0,0.46336057545096493,3.0,109.0,-125.0,-0.017628017704928667,1.0,0.0,0.34208798424162834,0.3919694072657744,0.3722871452420701,0.395738203957382,0.3813451776649746,0.3766855836743659,0.4107684543713049,under,0.5892315456286952,0.07022013878458871,-130.0,,False,0.017628017704928667,0.042486580727691514,-1.0,-0.01380813873649974,2026-06
2026-06-10,592662,7,2026-06-01,4.831002440198374,4.6084194,4.494648520139515,4.6247639800147455,4.862451521362645,5.5,0.44080158617759524,1,112.0,-149.0,,,,,,1.0,0.0,0.34208798424162834,0.322654462242563,0.3241895261845385,0.361782835467046,0.3813451776649746,0.3464119971601501,0.3842962459795566,under,0.6157037540204434,0.056505340198038656,-149.0,,False,,0.02892775000731823,-1.0,-0.01077558687772602,2026-06
2026-06-10,683003,3,2026-06-01,4.27939229631301,4.1174717,4.005870539378641,4.215448373167654,4.290934141389649,4.5,0.5607235142118863,1,-155.0,110.0,0.5299113797923384,3.0,-125.0,105.0,-0.030812134419547887,0.0,0.0,0.4110718492343934,0.4061662198391421,0.4066820276497696,0.4542483660130719,0.4326171875,0.42215713004727534,0.4499369809195312,under,0.5500630190804687,0.11078653329235505,110.0,,True,0.030812134419547887,0.15513234006898435,1.1,0.03878308501724609,2026-06
2026-06-10,664285,6,2026-06-01,5.074796710635701,5.391946,5.44442775251959,5.392295584978653,5.394886853909375,6.5,0.4192546583850932,1,120.0,-170.0,,,,,,0.0,0.0,0.24752475247524755,0.2880886426592798,0.32857142857142857,0.361782835467046,0.3047337278106509,0.30614027739673055,0.34844626501022735,under,0.6515537349897726,0.07080839337486583,-170.0,,True,,0.03482063792493306,0.5882352941176471,0.008705159481233293,2026-06
2026-06-11,693433,7,2026-06-01,4.564923897108016,4.621075,4.555468534000175,4.725592169226338,4.646422928689953,5.5,0.4713467048710602,1,-105.0,-135.0,0.4392764857881137,1.0,110.0,-155.0,-0.032070219082946494,1.0,0.0,0.2984218077474892,0.322654462242563,0.32857142857142857,0.361782835467046,0.3493282149712092,0.3321517497999472,0.37169263882944104,under,0.628307361170559,0.09965406604161914,-135.0,,False,0.032070219082946494,0.09372022129689889,-1.0,-0.031630574687703354,2026-06
2026-06-11,665795,5,2026-06-01,4.149227743216322,4.4812446,4.571073089874496,4.685960437156676,4.505799748402426,5.5,0.490521327014218,1,-115.0,-125.0,0.48483277839313826,4.0,-105.0,-120.0,-0.005688548621079759,0.0,0.0,0.22580645161290322,0.2880886426592798,0.3417910447761194,0.361782835467046,0.3047337278106509,0.30444054046519986,0.3469146348359195,under,0.6530853651640804,0.14360669217829852,-125.0,,True,0.005688548621079759,0.17555365729534478,0.8,0.04000000000000001,2026-06
2026-06-11,677958,5,2026-06-01,4.766525053840502,5.0145636,5.144260880829772,4.996826465356802,5.061771932302489,5.5,0.5094786729857821,1,-125.0,-115.0,0.47004108701959796,4.0,105.0,-122.0,-0.03943758596618413,0.0,0.0,0.3250620347394541,0.4061662198391421,0.41466498103666244,0.44601962922573607,0.4326171875,0.404906010468199,0.43514948483913046,under,0.5648505151608696,0.07432918814665163,-115.0,,True,0.03943758596618413,0.056024876170321425,0.8695652173913043,0.014006219042580315,2026-06
2026-06-12,645261,5,2026-06-01,6.0131094527041045,5.8775535,5.998032524304459,5.900367671586339,6.086507196682318,6.5,0.531737158141687,4,-120.0,103.0,0.5144411907815547,4.0,-120.0,-106.0,-0.01729596736013228,0.0,0.0,0.3885350318471338,0.3919694072657744,0.41466498103666244,0.395738203957382,0.4326171875,0.40470496232139047,0.4349766645892306,under,0.5650233354107694,0.09676049355245636,103.0,,True,0.01729596736013228,0.146997370883862,1.03,0.03674934272096553,2026-06
2026-06-12,690997,3,2026-06-01,4.731340307828141,4.5807014,4.524699066334851,4.71595246234275,4.6143196195777,4.5,0.5834970530451867,1,-165.0,125.0,0.5834970530451867,1.0,-165.0,125.0,0.0,0.0,0.0,0.5044534412955467,0.5198915009041591,0.5158437730287401,0.5527950310559008,0.5431754874651809,0.5272318467499055,0.5387923859708963,under,0.4612076140291037,0.04470466707429044,125.0,,True,-0.0,0.0377171315654834,1.25,0.00942928289137085,2026-06
2026-06-12,682243,4,2026-06-01,4.752902958045313,4.978405,5.010851592967578,5.156101014413948,4.8738424548572254,5.5,0.4796954314720812,1,-105.0,-125.0,0.44100218085734794,3.0,115.0,-145.0,-0.03869325061473328,0.0,0.0,0.3250620347394541,0.3935309973045822,0.41466498103666244,0.4542483660130719,0.3813451776649746,0.39377031135174906,0.42555917794526793,under,0.5744408220547321,0.05413625352681328,-125.0,,True,0.03869325061473328,0.03399347969851785,0.8,0.00849836992462949,2026-06
2026-06-12,677952,5,2026-06-01,4.733221788305061,4.852497,4.621664983177039,4.900257001780312,4.693865140526821,5.5,0.5030692882975494,3,-116.0,-110.0,0.5141050393519572,3.0,-118.0,-108.0,0.011035751054407794,0.0,0.0,0.3250620347394541,0.3919694072657744,0.3417910447761194,0.395738203957382,0.3493282149712092,0.3607777811419878,0.3969033918046376,under,0.6030966081953624,0.1061658964929118,-110.0,,True,-0.011035751054407794,0.15136625200932818,0.9090909090909091,0.037841563002332046,2026-06
2026-06-12,683004,7,2026-06-01,5.096443275750488,5.128325,5.245240098997443,5.393290863784912,4.979933088073175,5.5,0.5238964326931745,4,-120.0,-102.0,0.5108291716678697,4.0,-120.0,-108.0,-0.013067261025304866,1.0,0.0,0.3885350318471338,0.43766066838046275,0.4643854748603352,0.49673202614379086,0.4146919431279621,0.440401028871937,0.46549474524134654,under,0.5345052547586535,0.058401687451828,-102.0,,False,0.013067261025304866,0.05853001432596083,-1.0,-0.014925153653120013,2026-06
2026-06-12,543243,5,2026-06-01,4.752907052380753,5.0229115,4.911762210436227,5.13658197029364,4.957554457400696,5.5,0.4783690645929665,3,-103.0,-120.0,0.48227360567853217,3.0,100.0,-120.0,0.0039045410855656493,0.0,0.0,0.3250620347394541,0.4061662198391421,0.4066820276497696,0.4542483660130719,0.3948220064724919,0.3973961309427859,0.4286859376253649,under,0.5713140623746351,0.04968312696760163,-120.0,,True,-0.0039045410855656493,0.047409114353497706,0.8333333333333334,0.011852278588374454,2026-06
2026-06-13,693645,6,2026-06-01,4.432260353469346,4.2055573,4.211946388691929,4.332734715099682,4.4510853189397315,4.5,0.5824141191301607,1,-165.0,124.0,,,,,,1.0,0.0,0.47294716740929343,0.43766066838046275,0.41466498103666244,0.4948216340621403,0.4806701030927835,0.4601529107962685,0.482259743402037,under,0.517740256597963,0.10015437572812375,124.0,,False,,0.15973817477943708,-1.0,-0.03220527717327361,2026-06
2026-06-13,696149,3,2026-06-01,4.191314164963517,4.0656853,3.852105211076368,4.358920227956248,4.138616458168029,4.5,0.5636199668967425,2,-146.0,115.0,0.5723164010861452,4.0,-155.0,125.0,0.00869643418940269,0.0,0.0,0.40625,0.4061662198391421,0.3722871452420701,0.4948216340621403,0.4326171875,0.4224284373286705,0.4501689190568815,under,0.5498310809431185,0.11345104783986104,115.0,,True,-0.00869643418940269,0.1821368240277047,1.15,0.0455342060069262,2026-06
2026-06-13,594798,6,2026-06-01,4.481180897619965,4.373015,4.466617493650961,4.621237501281678,4.539045512286698,4.5,0.5760092540228858,2,-160.0,121.0,0.5821315538998404,2.0,-164.0,125.0,0.006122299876954562,1.0,0.0,0.47294716740929343,0.4601449275362319,0.47172619047619047,0.5412844036697249,0.5431754874651809,0.49785563531132426,0.5140901414517142,under,0.48590985854828583,0.061919112571171664,121.0,,False,-0.006122299876954562,0.07386078739171165,-1.0,-0.01526049326275034,2026-06
2026-06-13,681190,6,2026-06-01,4.675991439718794,5.0460434,5.162233542798095,4.967016608535616,5.062638411814268,5.5,0.4901999347621698,2,-110.0,-120.0,0.47154529680561513,3.0,100.0,-127.0,-0.018654637956554643,1.0,0.0,0.3177570093457944,0.4061662198391421,0.41466498103666244,0.395738203957382,0.4326171875,0.3933887203357962,0.4252298708179263,under,0.5747701291820737,0.06497006394424348,-120.0,,False,0.018654637956554643,0.053745236833801835,-1.0,-0.01612357105014055,2026-06
2026-06-14,608372,8,2026-06-01,5.320179985370577,5.473716,5.707236033631915,5.510372292955308,5.553114530473199,7.5,0.4192546583850932,1,120.0,-170.0,0.4248366013071895,2.0,120.0,-160.0,0.005581942922096295,1.0,0.0,0.15159401431359795,0.1735408560311284,0.23149394347240915,0.2218334499650105,0.19423978566644332,0.19454040988971785,0.24349506569633647,under,0.7565049343036635,0.1757595926887567,-170.0,,False,-0.005581942922096295,0.20150783683523027,-1.0,-0.05,2026-06
2026-06-14,676106,9,2026-06-01,5.188725027170365,5.250043,5.26306645266779,5.421496214496443,5.24613328230621,5.5,0.5384615384615384,1,-140.0,100.0,0.5088811018370445,4.0,-115.0,-110.0,-0.029580436624493944,1.0,0.0,0.4110718492343934,0.43766066838046275,0.4643854748603352,0.5080213903743316,0.4326171875,0.45075131406990465,0.4742890921749762,under,0.5257109078250237,0.06417244628656221,100.0,,False,0.029580436624493944,0.05142181565004744,-1.0,-0.01285545391251186,2026-06
2026-06-14,671096,4,2026-06-01,5.468174645216843,5.3394976,5.4849424230061565,5.383762280865831,5.423828630479628,5.5,0.5515695067264573,1,-150.0,105.0,0.5607235142118863,1.0,-155.0,110.0,0.009154007485428939,0.0,0.0,0.47294716740929343,0.4601449275362319,0.5158437730287401,0.49673202614379086,0.4806701030927835,0.48526759944216796,0.5034829139033511,under,0.4965170860966489,0.04808659282310623,105.0,,True,-0.009154007485428939,0.017860026498130233,1.05,0.00446500662453253,2026-06
2026-06-14,543135,6,2026-06-01,5.361637148474374,5.316001,5.340229549812056,5.252239371375676,5.4800019699150235,6.5,0.43204431898891016,2,117.0,-155.0,0.45993940194933697,3.0,105.0,-135.0,0.02789508296042681,0.0,0.0,0.27497314715359816,0.2880886426592798,0.3241895261845385,0.29806070826306913,0.31346351490236385,0.29975510783256987,0.34268406897103665,under,0.6573159310289634,0.08936025001787351,-155.0,,True,-0.02789508296042681,0.08139072524119778,0.6451612903225806,0.020347681310299404,2026-06
2026-06-15,687765,7,2026-06-01,4.692833796488548,4.959258,4.9516162518743885,4.833772382072517,4.742317864030997,5.5,0.5,1,-115.0,-115.0,0.4165029469548134,1.0,125.0,-165.0,-0.08349705304518662,1.0,0.0,0.3250620347394541,0.3935309973045822,0.4066820276497696,0.395738203957382,0.3813451776649746,0.3804716882632325,0.42852865734223705,under,0.5714713426577629,0.07147134265776295,-115.0,,False,0.08349705304518662,0.06840294496886107,-1.0,-0.019665846678547542,2026-06
2026-06-15,695505,4,2026-06-01,4.137421168112115,3.9433637,3.7710996796271075,4.03106057112818,3.7975759408311585,4.5,0.47580033340344047,4,105.0,-122.0,0.4873282177498022,4.0,105.0,-109.0,0.011527884346361705,0.0,0.0,0.3885350318471338,0.3919694072657744,0.3417910447761194,0.395738203957382,0.3493282149712092,0.3734723805635237,0.42302876137279205,under,0.5769712386272079,0.05277157203064842,-122.0,,True,-0.011527884346361705,0.04989848340360781,0.819672131147541,0.012474620850901952,2026-06
2026-06-17,702275,5,2026-06-01,4.157379830237921,4.223363,4.038148471153406,4.406571610755547,4.1548163971445105,4.5,0.5492726262114722,2,-143.0,108.0,0.5756821589498173,3.0,-157.0,120.0,0.02640953273834512,1.0,0.0,0.40594059405940597,0.43766066838046275,0.40860215053763443,0.49673202614379086,0.4326171875,0.43631052532425885,0.47173230834672847,under,0.5282676916532716,0.07754031786474375,108.0,,False,-0.02640953273834512,0.09879679863880497,-1.0,-0.022869629314538186,2026-06
2026-06-18,640455,6,2026-06-01,4.55995087325377,4.6588836,4.639575234976469,4.5896204794155455,4.430617521250724,5.5,0.4421612479153641,3,120.0,-140.0,0.44146339561299297,3.0,111.0,-148.0,-0.0006978523023711269,1.0,0.0,0.2984218077474892,0.33448275862068966,0.3417910447761194,0.361782835467046,0.3030303030303031,0.32790174992832954,0.38661205373052127,under,0.6133879462694787,0.05554919418484283,-140.0,,False,0.0006978523023711269,0.051522193604820576,-1.0,-0.01803276776168724,2026-06
2026-06-19,695076,6,2026-06-01,4.354152568262458,4.488163,4.420788594372953,4.604947184371752,4.4366053498279685,5.5,0.4554079696394686,1,105.0,-140.0,0.4226268710441587,3.0,125.0,-159.0,-0.03278109859530992,1.0,0.0,0.26161616161616164,0.2880886426592798,0.3241895261845385,0.361782835467046,0.3030303030303031,0.3077414937914658,0.37010146693665036,under,0.6298985330633496,0.08530650270281825,-140.0,,False,0.03278109859530992,0.07982605668002796,-1.0,-0.027939119838009785,2026-06
2026-06-19,693645,4,2026-06-01,4.482377879956347,4.23776,4.204084511639068,4.279538068658931,4.320673596155865,4.5,0.5279310697461818,3,-118.0,102.0,0.5102538806452559,3.0,-118.0,-109.0,-0.01767718910092586,0.0,0.0,0.47294716740929343,0.43766066838046275,0.41466498103666244,0.45426829268292684,0.4623541887592789,0.4483790596537249,0.4809442775670171,under,0.5190557224329829,0.04698679217916468,102.0,,True,0.01767718910092586,0.04849255931462548,1.02,0.01212313982865637,2026-06
2026-06-21,672282,6,2026-06-01,4.939244142395982,5.1751895,5.282713701725958,5.0249821568920465,5.246351411160912,5.5,0.5357638353630337,2,-133.0,100.0,0.4904302148712955,4.0,-102.0,-105.0,-0.045333620491738225,1.0,0.0,0.34208798424162834,0.43766066838046275,0.4643854748603352,0.44601962922573607,0.4326171875,0.4245541888416325,0.46272178210142517,under,0.5372782178985749,0.07304205326160856,100.0,,False,0.045333620491738225,0.07455643579714977,-1.0,-0.018639108949287442,2026-06
2026-06-21,656849,6,2026-06-01,4.425434414480772,5.079852,5.289444567005403,5.217567393846248,5.2088755387564,5.5,0.5006741088281292,3,-116.0,-114.0,0.49754463097585594,4.0,-105.0,-115.0,-0.003129477852273299,1.0,0.0,0.27497314715359816,0.4061662198391421,0.4643854748603352,0.45426829268292684,0.4326171875,0.40648206440720047,0.44878868995357424,under,0.5512113100464258,0.051885418874555,-114.0,,False,0.003129477852273299,0.03473000306960622,-1.0,-0.00989805087483779,2026-06
2026-06-21,547179,7,2026-06-01,5.383338628827865,5.5876546,5.900452077297555,5.438657790910316,5.631495390754327,6.5,0.5094786729857821,1,-125.0,-115.0,0.47763528181884507,4.0,-101.0,-125.0,-0.03184339116693702,1.0,0.0,0.2984218077474892,0.361846571622539,0.40860215053763443,0.361782835467046,0.3493282149712092,0.3559963160691836,0.4091953085249467,under,0.5908046914750533,0.10028336446083541,-115.0,,False,0.03184339116693702,0.10454790145336057,-1.0,-0.030057521667841165,2026-06
2026-06-23,663567,6,2026-06-01,5.662621713335486,5.45234,5.393961260356714,5.3252480707399314,5.368197835008811,5.5,0.5740126122300846,2,-158.0,120.0,0.4933569830532256,4.0,-110.0,-110.0,-0.08065562917685898,1.0,0.0,0.5,0.4619164619164619,0.47172619047619047,0.4948216340621403,0.4623541887592789,0.4781636950428143,0.5091516700160057,under,0.4908483299839943,0.0648609422140789,120.0,,False,0.08065562917685898,0.07986632596478749,-1.0,-0.01663881790933075,2026-06
2026-06-23,669923,9,2026-06-01,5.1675301057109335,5.3009605,5.350089841356419,5.4285063423688,5.20019297236306,5.5,0.5834970530451867,1,-165.0,125.0,0.5834970530451867,1.0,-165.0,125.0,0.0,1.0,0.0,0.4110718492343934,0.4601449275362319,0.4643854748603352,0.5080213903743316,0.4326171875,0.45524816590105843,0.49400015590179136,under,0.5059998440982086,0.08949689714339537,125.0,,False,-0.0,0.13849964922096947,-1.0,-0.027699929844193873,2026-06
2026-06-23,666157,2,2026-06-01,5.135798830979352,5.165747,5.108391948367297,5.1862919380641594,5.149450784370374,5.5,0.5477124275944919,3,-140.0,108.0,0.5224915304014787,3.0,-110.0,103.0,-0.025220897193013236,0.0,0.0,0.40625,0.43766066838046275,0.41466498103666244,0.4542483660130719,0.4326171875,0.4290882405860394,0.47656094274548616,under,0.5234390572545138,0.07115148484900574,108.0,,True,0.025220897193013236,0.0887532390893887,1.08,0.022188309772347203,2026-06
2026-06-24,693433,6,2026-06-01,4.907978570911227,5.0804415,4.952063785515566,4.92358991419621,5.005928533749304,5.5,0.5225306033965065,4,-105.0,105.0,0.5107888190661343,4.0,-115.0,-105.0,-0.011741784330372207,1.0,0.0,0.34208798424162834,0.4061662198391421,0.4066820276497696,0.395738203957382,0.4146919431279621,0.39307327576317685,0.452198678429187,under,0.5478013215708131,0.07033192496731949,105.0,,False,0.011741784330372207,0.12299270922016681,-1.0,-0.029283978385754,2026-06
2026-06-24,669373,4,2026-06-01,4.3283190399562725,4.4690423,4.313314042820828,4.586443604573515,4.368067183200282,4.5,0.570487215266056,4,-150.0,121.0,0.5645890500976104,4.0,-135.0,135.0,-0.005898165168445546,0.0,0.0,0.45307443365695793,0.4619164619164619,0.4643854748603352,0.5164319248826291,0.4623541887592789,0.47163249681513253,0.5048428001433503,under,0.49515719985664974,0.06564441512270569,121.0,,True,0.005898165168445546,0.09429741168319594,1.21,0.023574352920798958,2026-06
2026-06-25,696149,5,2026-06-01,4.042926844582772,4.1256323,3.9790786240550644,4.440979804138613,3.960858015214269,4.5,0.5286532951289399,1,-135.0,-105.0,0.5059951635303448,4.0,-115.0,-113.0,-0.022658131598595088,1.0,0.0,0.3849056603773585,0.4061662198391421,0.4066820276497696,0.5080213903743316,0.3813451776649746,0.4174240951811153,0.4687217097810543,under,0.5312782902189457,0.05993158534788556,-105.0,,False,0.022658131598595088,0.037257614236989145,-1.0,-0.009780123737209651,2026-06
2026-06-25,693645,5,2026-06-01,5.048944006096107,4.389976,4.36957169873316,4.31664638828667,4.517834383146996,4.5,0.5658793740937402,3,-152.0,115.0,,,,,,1.0,0.0,0.5588235294117645,0.4601449275362319,0.4643854748603352,0.4948216340621403,0.4806701030927835,0.491769133792651,0.5181084887347864,under,0.48189151126521357,0.047770885358953796,115.0,,False,,0.03606674922020914,-1.0,-0.007840597656567205,2026-06
2026-06-27,687064,7,2026-06-01,5.023006297369629,5.4585423,5.408577632961462,5.14973693042226,5.454923033261345,5.5,0.5384615384615384,1,-140.0,100.0,0.4988177367851423,3.0,-109.0,-110.0,-0.03964380167639614,1.0,0.0,0.3885350318471338,0.4619164619164619,0.47172619047619047,0.4542483660130719,0.4806701030927835,0.45141923066912826,0.49145834531312443,under,0.5085416546868755,0.047003193148414,100.0,,False,0.03964380167639614,0.01708330937375102,-1.0,-0.004270827343437755,2026-06
2026-06-27,547179,7,2026-06-01,5.235763666065477,5.1926465,5.162367244309038,4.932693772105694,5.183122795601552,5.5,0.5526577722862087,2,-140.0,110.0,0.5359874481050257,4.0,-130.0,105.0,-0.01667032418118297,1.0,0.0,0.4110718492343934,0.43766066838046275,0.41466498103666244,0.395738203957382,0.4326171875,0.41835057802178016,0.46934601685475236,under,0.5306539831452477,0.08331175543145636,110.0,,False,0.01667032418118297,0.11437336460502023,-1.0,-0.02599394650114096,2026-06
2026-06-28,663903,9,2026-06-01,5.560746167822491,5.409299,5.575101648257903,5.154049159289484,5.3609664439027345,5.5,0.5607235142118863,1,-155.0,110.0,0.5679495687317191,4.0,-155.0,120.0,0.007226054519832825,1.0,0.0,0.4909560723514212,0.4601449275362319,0.5158437730287401,0.4542483660130719,0.4623541887592789,0.47670946553774873,0.5081928351953972,under,0.49180716480460285,0.05253067901648911,110.0,,False,-0.007226054519832825,0.03279504608966599,-1.0,-0.007453419565833179,2026-06
2026-06-29,571945,9,2026-06-01,4.962671038106503,5.2218456,4.800881500003292,4.828813082655846,5.406349882517487,5.5,0.5401731776077325,2,-138.0,104.0,0.4413124383289177,3.0,113.0,-150.0,-0.09886073927881484,1.0,0.0,0.34208798424162834,0.43766066838046275,0.38767395626242546,0.395738203957382,0.4806701030927835,0.4087661831869364,0.4618384260232002,under,0.5381615739767998,0.07833475158453235,104.0,,False,0.09886073927881484,0.09784961091267153,-1.0,-0.023521541084776783,2026-06
2026-07-03,656605,8,2026-07-01,5.629002366470681,5.4793115,5.488261878448256,5.583979799435371,5.269248625036311,6.5,0.47016218439454055,2,-101.0,-132.0,0.4636155521970884,2.0,101.0,-133.0,-0.006546632197452162,1.0,0.0,0.3250620347394541,0.322654462242563,0.3417910447761194,0.361782835467046,0.2704590818363273,0.32434989181230195,0.4044350959728524,under,0.5955649040271476,0.06572708842168817,-132.0,,False,0.006546632197452162,0.04675043738104723,-1.0,-0.015427644335745585,2026-07
2026-07-03,663903,3,2026-07-01,4.995636132269635,4.9085045,4.765131527616985,5.000500431207627,5.173156440297873,5.5,0.5122725230106634,3,-119.0,-105.0,0.5054198082410188,3.0,-113.0,-105.0,-0.006852714769644552,0.0,0.0,0.3849056603773585,0.3919694072657744,0.3722871452420701,0.44601962922573607,0.4326171875,0.4055598059221879,0.4597205950671394,under,0.5402794049328605,0.05255192794352398,-105.0,,True,0.006852714769644552,0.054831219154632405,0.9523809523809523,0.013707804788658129,2026-07
2026-07-03,669467,5,2026-07-01,5.189215983323681,5.157903,5.19260657438187,5.373478184155368,5.0402735256624664,5.5,0.5408769389344404,3,-135.0,106.0,0.522309118138788,4.0,-117.0,105.0,-0.018567820795652445,0.0,0.0,0.4110718492343934,0.43766066838046275,0.4643854748603352,0.4948216340621403,0.4326171875,0.44811136280746633,0.4875564246757228,under,0.5124435753242772,0.053320514258717644,106.0,,True,0.018567820795652445,0.05563376516801111,1.06,0.013908441292002749,2026-07
2026-07-04,805673,3,2026-07-01,5.215878275416433,5.094937,4.726937764752521,4.908780656194189,5.176395051570015,5.5,0.5384615384615384,1,-140.0,100.0,0.5132820228477938,3.0,-110.0,-101.0,-0.025179515613744652,0.0,0.0,0.4110718492343934,0.43766066838046275,0.3722871452420701,0.395738203957382,0.4326171875,0.4098750108628616,0.4625699350512881,under,0.5374300649487119,0.07589160341025036,100.0,,True,0.025179515613744652,0.07486012989742385,1.0,0.018715032474355964,2026-07
2026-07-05,641816,8,2026-07-01,5.325248172581814,5.3164444,5.2804684591988655,5.590172279034938,4.815286487269994,6.5,0.46153846153846145,1,100.0,-140.0,0.4556091276424663,3.0,106.0,-140.0,-0.005929333895995148,1.0,0.0,0.27497314715359816,0.2880886426592798,0.2900763358778626,0.361782835467046,0.23596792668957617,0.2901777775694726,0.37986600637084933,under,0.6201339936291507,0.08167245516761212,-140.0,,False,0.005929333895995148,0.06308684622140115,-1.0,-0.022080396177490403,2026-07
2026-07-05,676664,1,2026-07-01,4.971047697540907,5.0251226,4.909769592599753,4.7447145718727475,4.8770526739890885,5.5,0.5053981996826096,4,-114.0,-105.0,0.5240061792549545,4.0,-115.0,105.0,0.018607979572344946,0.0,0.0,0.34208798424162834,0.4061662198391421,0.4066820276497696,0.395738203957382,0.3813451776649746,0.3864039226705793,0.44698319214419013,under,0.5530168078558099,0.05841500753841944,-105.0,,True,-0.018607979572344946,0.07969948200420018,0.9523809523809523,0.019924870501050074,2026-07
2026-07-05,527048,6,2026-07-01,5.4171122628395425,5.1262016,4.925219952535683,5.106984958789507,5.335920454747532,5.5,0.572408229124647,1,-165.0,115.0,0.5418680530204796,4.0,-118.0,110.0,-0.03054017610416737,1.0,0.0,0.47294716740929343,0.43766066838046275,0.4066820276497696,0.4542483660130719,0.4623541887592789,0.4467784836423753,0.48669215885138567,under,0.5133078411486143,0.08571607027326128,115.0,,False,0.03054017610416737,0.10361185846952059,-1.0,-0.02252431705859146,2026-07
2026-07-05,593958,5,2026-07-01,5.645532000626909,5.354492,5.120572583300722,5.557367978726939,5.427867036092539,5.5,0.5607235142118863,1,-155.0,110.0,0.5254767786811629,4.0,-110.0,101.0,-0.03524673553072333,0.0,0.0,0.5,0.4601449275362319,0.41466498103666244,0.5104895104895105,0.4806701030927835,0.4731939044310377,0.5037525909293792,under,0.4962474090706208,0.05697092328250708,110.0,,True,0.03524673553072333,0.04211955904830378,1.1,0.010529889762075917,2026-07
2026-07-06,693645,4,2026-07-01,4.343756880395551,4.090946,4.045043059254954,4.2852347288750705,4.186325143616792,4.5,0.5681423689369236,3,-150.0,120.0,0.5665108372290693,1.0,-155.0,115.0,-0.00163153170785435,0.0,0.0,0.45307443365695793,0.4061662198391421,0.41466498103666244,0.45426829268292684,0.4326171875,0.4321582229431378,0.48098893224100175,under,0.5190110677589983,0.08715343669592185,120.0,,True,0.00163153170785435,0.14182434906979624,1.2,0.03545608726744909,2026-07
2026-07-06,571945,9,2026-07-01,5.110655247163069,5.4717026,5.139825095151174,5.259260129216666,5.239252949976311,6.5,0.44843049327354256,1,105.0,-150.0,0.44843049327354256,1.0,105.0,-150.0,0.0,1.0,0.0,0.24752475247524755,0.32,0.2900763358778626,0.29806070826306913,0.2704590818363273,0.2852241756905013,0.37256536567836473,under,0.6274346343216353,0.07586512759517783,-150.0,,False,-0.0,0.04572439053605876,-1.0,-0.017146646451022013,2026-07
2026-07-07,571510,3,2026-07-01,4.229761836823672,4.373973,4.253174018767807,4.315352263372847,4.138603721582741,4.5,0.5384615384615384,1,-140.0,100.0,0.550874346692861,4.0,-134.0,115.0,0.012412808231322514,0.0,0.0,0.4110718492343934,0.4601449275362319,0.4643854748603352,0.4948216340621403,0.4326171875,0.45260821463862017,0.4952712708973949,under,0.504728729102605,0.043190267564143514,100.0,,True,-0.012412808231322514,0.009457458205210045,1.0,0.0023643645513025113,2026-07
2026-07-07,607625,9,2026-07-01,5.046912310206928,5.091945,5.106728350540033,5.110740591843885,4.943894063732534,5.5,0.5223726849310388,3,-125.0,-102.0,0.51132316893636,4.0,-115.0,-103.0,-0.011049515994678849,1.0,0.0,0.3885350318471338,0.43766066838046275,0.41466498103666244,0.4542483660130719,0.3948220064724919,0.41798621074996456,0.47101601315925173,under,0.5289839868407482,0.0513566717717871,-102.0,,False,0.011049515994678849,0.04759573864540334,-1.0,-0.012136913354577852,2026-07
2026-07-07,693433,9,2026-07-01,4.6263821189137095,4.573449,4.593288349072729,4.853992283417709,4.584633556606271,5.5,0.5048171726150037,4,100.0,-103.0,0.5159153245213626,4.0,-110.0,-103.0,0.011098151906358877,1.0,0.0,0.3029661016949153,0.32,0.3417910447761194,0.395738203957382,0.31346351490236385,0.33479177306615615,0.4106687862703613,under,0.5893312137296387,0.0941483863446424,-103.0,,False,-0.011098151906358877,0.16149744065161808,-1.0,-0.04158559096779166,2026-07
2026-07-07,701542,7,2026-07-01,4.3012668963919385,4.641338,4.435955821081,4.80433242550726,4.27430099341273,4.5,0.5676470648477299,2,-155.0,117.0,0.5751633986928104,2.0,-160.0,120.0,0.007516333845080547,1.0,0.0,0.45307443365695793,0.5198915009041591,0.47172619047619047,0.587847730600293,0.4326171875,0.49303140862752015,0.5232227413523556,under,0.4767772586476444,0.044424323495374285,117.0,,False,-0.007516333845080547,0.03460665126538831,-1.0,-0.007394583603715475,2026-07
2026-07-08,695505,3,2026-07-01,4.323704249206157,3.96598,4.0487855226475,3.839012642218654,4.045953134226075,4.5,0.5404269714380661,3,-134.0,110.0,0.5025082518339878,4.0,-110.0,105.0,-0.03791871960407822,0.0,0.0,0.45307443365695793,0.3919694072657744,0.41466498103666244,0.395738203957382,0.4146919431279621,0.4140277938089477,0.46821794336535405,under,0.531782056634646,0.07220902807271201,110.0,,True,0.03791871960407822,0.11674231893275655,1.1,0.029185579733189138,2026-07
2026-07-08,543037,7,2026-07-01,4.581314411862654,4.6053157,4.734315258289179,4.523257404251488,4.473085768275842,5.5,0.4602069631112381,2,104.0,-137.0,0.4501200653375384,3.0,115.0,-125.0,-0.010086897773699699,1.0,0.0,0.3029661016949153,0.322654462242563,0.3722871452420701,0.361782835467046,0.3047337278106509,0.3328848544914491,0.4092387461724122,under,0.5907612538275878,0.050968216938825917,-137.0,,False,0.010086897773699699,0.021973847862323426,-1.0,-0.007526042892845792,2026-07
2026-07-09,656849,2,2026-07-01,5.029213209353403,5.0493712,4.711404857859424,5.062663410533152,4.911199103120854,5.5,0.5190114068441064,1,-130.0,-110.0,0.4859913929676247,4.0,100.0,-115.0,-0.03302001387648168,0.0,0.0,0.3885350318471338,0.4061662198391421,0.36,0.44601962922573607,0.3813451776649746,0.39641321171539734,0.45569276653451596,under,0.544307233465484,0.06331864030959045,-110.0,,True,0.03302001387648168,0.03913199116137861,0.9090909090909091,0.009782997790344694,2026-07
2026-07-12,694973,3,2026-07-01,4.521073456781217,4.523643,4.570882670930202,4.572478393877802,4.614927040687016,4.5,0.5724935596339349,3,-150.0,125.0,0.5703501038658357,3.0,-155.0,120.0,-0.002143455768099156,0.0,0.0,0.47294716740929343,0.4786885245901639,0.5158437730287401,0.5104895104895105,0.5431754874651809,0.5042288925965777,0.5309205761539092,under,0.4690794238460908,0.041572983480025694,125.0,,True,0.002143455768099156,0.055428703653704336,1.25,0.013857175913426056,2026-07
