market,mae,rmse,rows
strikeouts,1.5683301841536015,1.9596535589754462,5582
walks,0.9398919695618881,1.1645194079718064,5582
hits_allowed,1.6531879412862247,2.0661994596881383,5582
