market,mae,rmse,rows
strikeouts,1.7673127337233474,2.223535088842335,5493
walks,1.0200026113438088,1.2565020279009036,5493
hits_allowed,1.7292480285872276,2.136330474022953,5493
