bets,win_rate,staked,profit,roi,max_drawdown,max_drawdown_pct,sharpe
969,0.4757481940144479,48450.0,930.9753891065816,0.019215178309733367,-1766.664732338364,-1.766664732338364,0.5009963171618061
