target,mae,rmse,rows
innings_pitched,0.4835839446974548,0.6978154003040047,11382
