market,mae,rmse,rows
strikeouts,1.562824308735129,1.959181860513608,11382
walks,0.9569537527166425,1.1931914059301656,11382
hits_allowed,1.6639059305125325,2.0725718500299704,11382
