market,mae,rmse,rows
strikeouts,1.660085547150381,2.089135595749685,706
walks,0.9640276800676588,1.2029260401933606,706
hits_allowed,1.7734753957977025,2.2243866943957316,706
