market,brier_score,log_loss,mean_over_probability,actual_over_rate,calibration_gap,rows
strikeouts,0.24809362699665785,0.6893075398429059,0.45365680365519345,0.4694533762057878,-0.0158,311
