bets,win_rate,staked,profit,roi,max_drawdown,max_drawdown_pct,sharpe
96,0.5625,4800.0,611.1105111960671,0.12731468983251398,-261.53846153846143,-0.26153846153846144,5.688697312985902
