bets,win_rate,staked,profit,roi,max_drawdown,max_drawdown_pct,sharpe
313,0.6517571884984026,15650.0,5970.581262369471,0.3815067899277617,-726.605263157895,-0.726605263157895,7.436609567910095
