bets,win_rate,staked,profit,roi,max_drawdown,max_drawdown_pct,sharpe
794,0.6171284634760705,39700.0,10068.818697177456,0.25362263720850015,-526.6666666666667,-0.5266666666666667,8.142957728341958
