market,mae,rmse,rows
strikeouts,1.6146938504776267,2.016804366658812,2390
walks,0.9637264806266095,1.2103652237047884,2390
hits_allowed,1.5455445618329697,1.9367018897181303,2390
