market,brier_score,log_loss,mean_over_probability,actual_over_rate,calibration_gap,rows
strikeouts,0.23170135610009854,0.6550938878876704,0.4750037873623716,0.4792605951307484,-0.0043,2218
