bets,win_rate,staked,profit,roi,max_drawdown,max_drawdown_pct,sharpe
451,0.6363636363636364,22550.0,7268.642758189771,0.32233449038535567,-495.9990701332317,-0.49599907013323175,7.680501200002959
