target,mae,rmse,rows
innings_pitched,0.4983522221689864,0.7165912999124053,18979
pitches,5.444552582052371,8.6985337487971,1965
batters_faced,1.5193772649823802,2.3576423695300615,1965
