market,mae,rmse,rows
strikeouts,1.6086503088981372,2.015829522414536,18979
walks,0.9837105804430246,1.2209671104060371,18979
hits_allowed,1.676466515920902,2.0966883156409164,18979
