date,pitcher_name,side,line,projection,abs_gap,edge_pct,egp,bucket,opening_odds,odds_used,closing_odds,clv,dec_odds,mkt_prob,result_label,won,pnl_a,bet_roi,run_win_pct,run_roi,run_units,bankroll_a,source,year,month
2025-03-27,Yusei Kikuchi,under,6.5,4.987601207371816,1.5123987926281837,12.489645178060604,18.889324287653274,V2_core,,-115.0,,,1.8695652173913042,0.5348837209302325,Win,1.0,86.95652173913042,0.8695652173913042,1.0,0.8695652173913042,0.8695652173913042,10086.95652173913,2025_bt,2025,3
2025-03-27,Blake Snell,under,6.5,4.6887975668798,1.8112024331202,33.171671676037626,60.08061245030377,V2_core,,115.0,,,2.15,0.46511627906976744,Win,1.0,114.99999999999999,1.15,0.6,0.2371946169772257,2.3719461697722566,10237.194616977225,2025_bt,2025,3
2025-03-27,Garrett Crochet,under,6.5,4.902903094051059,1.5970969059489413,30.4664036158346,48.65779895024108,V2_core,,115.0,,,2.15,0.46511627906976744,Win,1.0,114.99999999999999,1.15,0.625,0.2777432712215321,2.2219461697722567,10222.194616977225,2025_bt,2025,3
2025-03-27,Zach Eflin,over,3.5,4.466459284828326,0.9664592848283258,30.360750972058405,29.342429671306462,V2_core,,130.0,,,2.3,0.43478260869565216,Loss,0.0,-100.0,-1.0,0.5714285714285714,0.1531351671103224,1.0719461697722568,10107.194616977225,2025_bt,2025,3
2025-03-27,Paul Skenes,under,6.5,4.499233443564123,2.0007665564358774,38.61080540629804,77.25120817397469,V2_core,,120.0,,,2.2,0.45454545454545453,Loss,0.0,-100.0,-1.0,0.6666666666666666,0.34532436162870944,2.0719461697722568,10207.194616977225,2025_bt,2025,3
2025-03-27,Hunter Greene,under,6.5,4.466765826437898,2.033234173562102,18.12358492347058,36.84949221385528,V2_core,,-115.0,,,1.8695652173913042,0.5348837209302325,Loss,0.0,-100.0,-1.0,0.5555555555555556,0.13577179664136185,1.2219461697722567,10122.194616977225,2025_bt,2025,3
2025-03-27,Framber Valdez,under,5.5,4.080099092506877,1.4199009074931226,22.17800160391763,31.49056460378657,V2_core,,105.0,,,2.05,0.4878048780487805,Win,1.0,104.99999999999999,1.0499999999999998,0.75,0.529891304347826,2.119565217391304,10211.95652173913,2025_bt,2025,3
2025-03-27,Tarik Skubal,under,5.5,4.941466440612239,0.5585335593877607,18.60065369645534,10.389089316020309,V4_extra,,120.0,,,2.2,0.45454545454545453,Win,1.0,120.00000000000001,1.2000000000000002,0.6666666666666666,0.3565217391304348,1.0695652173913044,10106.95652173913,2025_bt,2025,3
2025-03-27,MacKenzie Gore,under,5.5,4.113010949533233,1.3869890504667666,15.959655714067011,22.13586772463031,V2_core,,-105.0,,,1.9523809523809523,0.5121951219512195,Loss,0.0,-100.0,-1.0,0.5,-0.06521739130434788,-0.13043478260869576,9986.95652173913,2025_bt,2025,3
2025-03-27,Cole Ragans,under,5.5,4.535169243456243,0.9648307565437566,10.637060857225231,10.2629634742786,V4_extra,,-105.0,,,1.9523809523809523,0.5121951219512195,Win,1.0,95.23809523809523,0.9523809523809522,0.8,0.6143892339544513,3.0719461697722568,10307.194616977225,2025_bt,2025,3
2025-03-29,Justin Verlander,under,4.5,3.0614657424203084,1.4385342575796916,11.640324173580808,16.745005093029004,V2_core,,-115.0,,,1.8695652173913042,0.5348837209302325,Loss,0.0,-100.0,-1.0,0.5454545454545454,0.12472237907020516,1.3719461697722568,10137.194616977225,2025_bt,2025,3
2025-03-29,Bailey Falter,over,3.5,4.031982833349601,0.5319828333496011,18.19671667614705,9.680340895036643,V4_extra,,120.0,,,2.2,0.45454545454545453,Win,1.0,120.00000000000001,1.2000000000000002,0.5833333333333334,0.2143288474810214,2.5719461697722568,10257.194616977225,2025_bt,2025,3
2025-03-30,Michael Wacha,under,4.5,3.5994723164522666,0.9005276835477334,18.101249175544144,16.300675989373087,V2_core,,110.0,,,2.1,0.47619047619047616,Win,1.0,110.00000000000001,1.1,0.5882352941176471,0.22187918645719157,3.771946169772257,10377.194616977225,2025_bt,2025,3
2025-03-30,Andrew Heaney,over,4.5,4.8191508381138055,0.3191508381138055,20.160285159153705,6.43417190515722,V4_extra,,130.0,,,2.3,0.43478260869565216,Loss,0.0,-100.0,-1.0,0.5384615384615384,0.12091893613632744,1.5719461697722568,10157.194616977225,2025_bt,2025,3
2025-03-30,Jacob deGrom,under,6.5,4.175174031894287,2.3248259681057126,35.89060187681056,83.43940325415281,V2_core,,110.0,,,2.1,0.47619047619047616,Win,1.0,110.00000000000001,1.1,0.5714285714285714,0.19085329784087549,2.671946169772257,10267.194616977225,2025_bt,2025,3
2025-03-30,Nick Pivetta,under,5.5,4.780185469233933,0.719814530766067,10.03370935148422,7.222409788681713,V4_extra,,100.0,,,2.0,0.5,Win,1.0,100.0,1.0,0.6,0.24479641131815044,3.671946169772257,10367.194616977225,2025_bt,2025,3
2025-03-30,Taj Bradley,under,6.5,4.3076039944927365,2.1923960055072635,25.013143247571744,54.838715341157275,V2_core,,-105.0,,,1.9523809523809523,0.5121951219512195,Loss,0.0,-100.0,-1.0,0.5625,0.16699663561076605,2.671946169772257,10267.194616977225,2025_bt,2025,3
2025-03-31,Bowden Francis,under,4.5,3.564851948138745,0.9351480518612552,21.410713556795457,20.022187071596637,V2_core,,115.0,,,2.15,0.46511627906976744,Win,1.0,114.99999999999999,1.15,0.65,0.3635973084886128,7.2719461697722565,10727.194616977225,2025_bt,2025,3
2025-03-31,Drew Rasmussen,under,4.5,2.4141394487722776,2.0858605512277224,33.28058951869692,69.41866879865272,V2_core,,110.0,,,2.1,0.47619047619047616,Win,1.0,110.00000000000001,1.1,0.6111111111111112,0.2706636760984587,4.871946169772257,10487.194616977225,2025_bt,2025,3
2025-03-31,Chris Paddack,under,4.5,3.972070364009584,0.5279296359904162,20.819874793070447,10.991428920871723,V4_extra,,125.0,,,2.25,0.4444444444444444,Win,1.0,125.0,1.25,0.631578947368421,0.32220769314590825,6.121946169772257,10612.194616977225,2025_bt,2025,3
2025-04-02,Kyle Freeland,under,4.5,3.679867419392865,0.8201325806071349,11.395778172915394,9.346048960979562,V4_extra,,100.0,,,2.0,0.5,Win,1.0,100.0,1.0,0.6666666666666666,0.39390219856058367,8.271946169772256,10827.194616977225,2025_bt,2025,4
2025-04-02,Luis Castillo,over,6.5,7.595029455869199,1.0950294558691986,15.052411479840975,16.482833952289543,V2_core,,100.0,,,2.0,0.5,Loss,0.0,-100.0,-1.0,0.6363636363636364,0.33054300771692074,7.2719461697722565,10727.194616977225,2025_bt,2025,4
2025-04-02,Framber Valdez,over,5.5,7.195123578711154,1.6951235787111545,10.27742010030645,17.421497140349423,V2_core,,-125.0,,,1.8,0.5555555555555556,Win,1.0,80.0,0.8,0.6521739130434783,0.35095418129444594,8.071946169772257,10807.194616977225,2025_bt,2025,4
2025-04-02,Sonny Gray,over,6.5,7.036164881092637,0.5361648810926374,23.63586184002541,12.672719052979229,V2_core,,130.0,,,2.3,0.43478260869565216,Win,1.0,129.99999999999997,1.2999999999999998,0.6666666666666666,0.39049775707384404,9.371946169772256,10937.194616977225,2025_bt,2025,4
2025-04-02,Paul Skenes,under,7.5,5.585467203160444,1.914532796839556,19.368910234367387,37.0824138827377,V2_core,,-110.0,,,1.9090909090909092,0.5238095238095238,Win,1.0,90.90909090909092,0.9090909090909092,0.68,0.4112414831545267,10.281037078863166,11028.103707886316,2025_bt,2025,4
2025-04-03,Carlos Carrasco,over,3.5,4.17287572455594,0.67287572455594,23.06607613813712,15.520602694111494,V2_core,,125.0,,,2.25,0.4444444444444444,Win,1.0,125.0,1.25,0.6923076923076923,0.4435014261101218,11.531037078863166,11153.103707886316,2025_bt,2025,4
2025-04-04,Dean Kremer,over,4.5,4.997663633306712,0.4976636333067121,12.32474403482644,6.133576895946953,V4_extra,,110.0,,,2.1,0.47619047619047616,Loss,0.0,-100.0,-1.0,0.6666666666666666,0.3900384103282654,10.531037078863166,11053.103707886316,2025_bt,2025,4
2025-04-04,Brandon Pfaadt,over,5.5,6.420909466936768,0.9209094669367685,7.625070671715662,7.021999767644857,V4_extra,,-110.0,,,1.9090909090909092,0.5238095238095238,Loss,0.0,-100.0,-1.0,0.6428571428571429,0.34039418138797023,9.531037078863166,10953.103707886316,2025_bt,2025,4
2025-04-04,Yoshinobu Yamamoto,under,5.5,4.853975739510371,0.6460242604896287,19.926251925418235,12.872842164448356,V2_core,,120.0,,,2.2,0.45454545454545453,Win,1.0,120.00000000000001,1.2000000000000002,0.6551724137931034,0.3700357613401092,10.731037078863167,11073.103707886316,2025_bt,2025,4
2025-04-05,Roki Sasaki,under,4.5,1.9724089106893496,2.5275910893106506,9.498793580694596,24.00906601376487,V2_core,,-150.0,,,1.6666666666666665,0.6,Win,1.0,66.66666666666666,0.6666666666666665,0.7058823529411765,0.4635051649118146,15.759175607001696,11575.917560700167,2025_bt,2025,4
2025-04-05,Jacob deGrom,under,6.5,4.706816941965433,1.7931830580345671,39.132453471089846,70.1716525836843,V2_core,,125.0,,,2.25,0.4444444444444444,Win,1.0,125.0,1.25,0.6666666666666666,0.3993679026287722,11.981037078863167,11198.103707886316,2025_bt,2025,4
2025-04-05,Cal Quantrill,over,3.5,4.391002104256423,0.8910021042564233,7.242914123249799,6.453451724764138,V4_extra,,-110.0,,,1.9090909090909092,0.5238095238095238,Win,1.0,90.90909090909092,0.9090909090909092,0.6774193548387096,0.41581058025658313,12.890127987954077,11289.012798795406,2025_bt,2025,4
2025-04-05,Andre Pallante,over,4.5,4.965770061718096,0.4657700617180964,19.8496674380442,9.245380827701535,V4_extra,,125.0,,,2.25,0.4444444444444444,Win,1.0,125.0,1.25,0.6875,0.4418789996235649,14.140127987954077,11414.012798795406,2025_bt,2025,4
2025-04-05,Taj Bradley,over,5.5,6.385404759527879,0.8854047595278791,9.601435745453967,8.501156907326052,V4_extra,,-105.0,,,1.9523809523809523,0.5121951219512195,Win,1.0,95.23809523809523,0.9523809523809522,0.696969696969697,0.45734875576772815,15.092508940335028,11509.250894033501,2025_bt,2025,4
2025-04-06,Sean Newcomb,under,3.5,2.2436012315872333,1.2563987684127669,20.066462064173795,25.211478223829463,V2_core,,105.0,,,2.05,0.4878048780487805,Loss,0.0,-100.0,-1.0,0.7027027027027027,0.45970744883788367,17.009175607001694,11700.917560700167,2025_bt,2025,4
2025-04-06,Jackson Jobe,under,4.5,3.847743519908237,0.6522564800917632,11.837132220767565,7.7208461966986475,V4_extra,,105.0,,,2.05,0.4878048780487805,Win,1.0,104.99999999999999,1.0499999999999998,0.7105263157894737,0.4752414633421499,18.059175607001695,11805.917560700167,2025_bt,2025,4
2025-04-06,Tyler Glasnow,under,6.5,5.973097142441341,0.5269028575586594,15.434818135002793,8.132649781231189,V4_extra,,115.0,,,2.15,0.46511627906976744,Win,1.0,114.99999999999999,1.15,0.7142857142857143,0.4831193030571913,16.909175607001696,11690.917560700167,2025_bt,2025,4
2025-04-06,Drew Rasmussen,under,4.5,2.0155090978327315,2.4844909021672685,37.53749225570423,93.26155799947146,V2_core,,110.0,,,2.1,0.47619047619047616,Win,1.0,110.00000000000001,1.1,0.7222222222222222,0.5002548779722693,18.009175607001694,11800.917560700167,2025_bt,2025,4
2025-04-07,Justin Steele,under,5.5,4.545443635907849,0.9545563640921512,16.028815638922577,15.300407976993347,V2_core,,105.0,,,2.05,0.4878048780487805,Loss,0.0,-100.0,-1.0,0.6923076923076923,0.43741475915388967,17.059175607001695,11705.917560700167,2025_bt,2025,4
2025-04-07,Nathan Eovaldi,under,5.5,4.754544909630454,0.7454550903695463,13.142657273446812,9.797260765473268,V4_extra,,105.0,,,2.05,0.4878048780487805,Win,1.0,104.99999999999999,1.0499999999999998,0.7,0.4527293901750424,18.109175607001696,11810.917560700167,2025_bt,2025,4
2025-04-08,Kyle Hendricks,over,3.5,4.23617754162544,0.7361775416254401,13.013180744255216,9.58001140903332,V4_extra,,105.0,,,2.05,0.4878048780487805,Win,1.0,104.99999999999999,1.0499999999999998,0.7073170731707317,0.4672969660244316,19.159175607001696,11915.917560700167,2025_bt,2025,4
2025-04-08,Paul Skenes,under,6.5,5.505130205248912,0.9948697947510876,22.264225628457712,22.15000558127563,V2_core,,115.0,,,2.15,0.46511627906976744,Loss,0.0,-100.0,-1.0,0.6904761904761905,0.43236132397623084,18.159175607001696,11815.917560700167,2025_bt,2025,4
2025-04-08,Brad Lord,over,2.5,4.239679504772319,1.7396795047723188,29.20539813343101,50.808032561445664,V2_core,,110.0,,,2.1,0.47619047619047616,Win,1.0,110.00000000000001,1.1,0.6976744186046512,0.44788780481399293,19.259175607001694,11925.917560700167,2025_bt,2025,4
2025-04-08,Cole Ragans,under,6.5,6.061705934344861,0.438294065655139,14.1121265132084,6.185261304513791,V4_extra,,115.0,,,2.15,0.46511627906976744,Loss,0.0,-100.0,-1.0,0.6818181818181818,0.4149812637954931,18.259175607001694,11825.917560700167,2025_bt,2025,4
2025-04-09,Erick Fedde,over,4.5,5.030378596173221,0.5303785961732208,18.172286995182983,9.638192065762027,V4_extra,,120.0,,,2.2,0.45454545454545453,Loss,0.0,-100.0,-1.0,0.6875,0.4179529106159542,20.0617397095658,12006.173970956577,2025_bt,2025,4
2025-04-09,Luis Castillo,over,3.5,6.6862958009599405,3.1862958009599405,21.17218723281352,67.46085127705138,V2_core,,-130.0,,,1.7692307692307692,0.5652173913043478,Win,1.0,76.92307692307692,0.7692307692307692,0.7021276595744681,0.4481221214801234,21.0617397095658,12106.173970956577,2025_bt,2025,4
2025-04-09,Taijuan Walker,over,3.5,5.235460388902284,1.7354603889022844,12.753223882598618,22.1327148790525,V2_core,,-120.0,,,1.8333333333333335,0.5454545454545454,Win,1.0,83.33333333333334,0.8333333333333335,0.6888888888888889,0.4242779764518895,19.09250894033503,11909.250894033501,2025_bt,2025,4
2025-04-09,Max Fried,over,6.5,6.909895975041219,0.409895975041219,16.33067844474889,6.693879364194965,V4_extra,,120.0,,,2.2,0.45454545454545453,Win,1.0,120.00000000000001,1.2000000000000002,0.6956521739130435,0.4411414987029354,20.29250894033503,12029.250894033501,2025_bt,2025,4
2025-04-11,Mitchell Parker,over,4.5,5.146211559768725,0.6462115597687248,19.929080191658024,12.878401995407328,V2_core,,120.0,,,2.2,0.45454545454545453,Loss,0.0,-100.0,-1.0,0.673469387755102,0.38901509611358775,19.0617397095658,11906.173970956577,2025_bt,2025,4
2025-04-13,Kodai Senga,over,5.5,7.18924090497458,1.6892409049745796,28.58419456468858,48.285590694423995,V2_core,,110.0,,,2.1,0.47619047619047616,Loss,0.0,-100.0,-1.0,0.66,0.361234794191316,18.0617397095658,11806.173970956577,2025_bt,2025,4
2025-04-13,Colin Rea,over,3.5,3.853434547072615,0.3534345470726148,28.58439173789453,10.102711547228946,V4_extra,,145.0,,,2.45,0.40816326530612246,Win,1.0,145.00000000000003,1.4500000000000002,0.6666666666666666,0.3825831315601137,19.5117397095658,11951.173970956577,2025_bt,2025,4
2025-04-14,Brad Lord,over,3.5,4.573074453200066,1.073074453200066,34.848799166234855,37.39535610998638,V2_core,,135.0,,,2.35,0.425531914893617,Loss,0.0,-100.0,-1.0,0.660377358490566,0.37286301338803396,19.7617397095658,11976.173970956577,2025_bt,2025,4
2025-04-14,Paul Skenes,under,6.5,5.837982112756896,0.6620178872431044,22.89868662052776,15.15934013716373,V2_core,,125.0,,,2.25,0.4444444444444444,Win,1.0,125.0,1.25,0.6730769230769231,0.3992642251839577,20.7617397095658,12076.173970956577,2025_bt,2025,4
2025-04-14,Carlos Carrasco,over,3.5,4.8254641864234245,1.3254641864234245,12.650719413305625,16.768075514828162,V2_core,,-110.0,,,1.9090909090909092,0.5238095238095238,Win,1.0,90.90909090909092,0.9090909090909092,0.6666666666666666,0.3827931596047539,20.67083061865671,12067.083061865667,2025_bt,2025,4
2025-04-15,Merrill Kelly,over,4.5,5.748610444119752,1.248610444119752,7.285296324803886,9.096497079657377,V4_extra,,-120.0,,,1.8333333333333335,0.5454545454545454,Win,1.0,83.33333333333334,0.8333333333333335,0.6607142857142857,0.3661457848569651,20.504163951990044,12050.416395199001,2025_bt,2025,4
2025-04-15,Spencer Schwellenbach,over,4.5,5.917778936070365,1.4177789360703654,11.399614079515864,16.162132721268758,V2_core,,-115.0,,,1.8695652173913042,0.5348837209302325,Loss,0.0,-100.0,-1.0,0.6545454545454545,0.35765146579375834,19.67083061865671,11967.083061865667,2025_bt,2025,4
2025-04-16,Spencer Strider,under,5.5,4.169077538846398,1.3309224611536017,26.940226983331904,35.85535320069277,V2_core,,115.0,,,2.15,0.46511627906976744,Win,1.0,114.99999999999999,1.15,0.6666666666666666,0.3798976131928078,21.654163951990043,12165.416395199001,2025_bt,2025,4
2025-04-16,Aaron Nola,over,6.5,7.606792229106879,1.1067922291068788,23.846534439270783,26.393159008514463,V2_core,,115.0,,,2.15,0.46511627906976744,Win,1.0,114.99999999999999,1.15,0.6724137931034483,0.3931752405515525,22.804163951990045,12280.416395199001,2025_bt,2025,4
2025-04-16,Sean Newcomb,over,4.5,4.885737930298316,0.3857379302983164,18.59539510429474,7.172949220610099,V4_extra,,125.0,,,2.25,0.4444444444444444,Loss,0.0,-100.0,-1.0,0.6610169491525424,0.3695621008811872,21.804163951990045,12180.416395199001,2025_bt,2025,4
2025-04-16,Kris Bubic,under,5.5,4.9178307122765785,0.5821692877234215,10.848732702413264,6.315798990065719,V4_extra,,105.0,,,2.05,0.4878048780487805,Loss,0.0,-100.0,-1.0,0.65,0.34673606586650074,20.804163951990045,12080.416395199001,2025_bt,2025,4
2025-04-17,Andrew Heaney,over,4.5,5.467118371251619,0.9671183712516188,8.212938127679925,7.942883345232128,V4_extra,,-110.0,,,1.9090909090909092,0.5238095238095238,Loss,0.0,-100.0,-1.0,0.639344262295082,0.32465842544245976,19.804163951990045,11980.416395199001,2025_bt,2025,4
2025-04-18,Zack Wheeler,under,7.5,6.805605895463724,0.6943941045362756,9.686542964384737,6.726278327806099,V4_extra,,100.0,,,2.0,0.5,Loss,0.0,-100.0,-1.0,0.609375,0.26256506174984445,16.804163951990045,11680.416395199001,2025_bt,2025,4
2025-04-18,Corbin Burnes,over,5.5,6.173315861883668,0.6733158618836681,14.86800108178301,10.010860962868037,V4_extra,,110.0,,,2.1,0.47619047619047616,Loss,0.0,-100.0,-1.0,0.6290322580645161,0.30329296696758135,18.804163951990045,11880.416395199001,2025_bt,2025,4
2025-04-18,Bryan Woo,over,4.5,5.256417778226745,0.7564177782267452,16.058812488020756,12.14717126314857,V2_core,,110.0,,,2.1,0.47619047619047616,Loss,0.0,-100.0,-1.0,0.6190476190476191,0.282605777015715,17.804163951990045,11780.416395199001,2025_bt,2025,4
2025-04-19,Chase Dollander,over,4.5,5.039218172133199,0.5392181721331992,15.618073204499105,8.421548885572504,V4_extra,,115.0,,,2.15,0.46511627906976744,Win,1.0,114.99999999999999,1.15,0.6376811594202898,0.31990911839683117,22.073729169381348,12207.372916938131,2025_bt,2025,4
2025-04-19,Shane Baz,under,6.5,5.383227180058964,1.116772819941036,7.814337494054346,8.72683971920604,V4_extra,,-115.0,,,1.8695652173913042,0.5348837209302325,Win,1.0,86.95652173913042,0.8695652173913042,0.6323529411764706,0.3077018995497257,20.92372916938135,12092.372916938131,2025_bt,2025,4
2025-04-19,Logan Gilbert,over,5.5,6.29851721624252,0.7985172162425203,13.881002682971966,11.08421962106173,V4_extra,,105.0,,,2.05,0.4878048780487805,Win,1.0,104.99999999999999,1.0499999999999998,0.6212121212121212,0.2864267265453037,18.904163951990043,11890.416395199001,2025_bt,2025,4
2025-04-19,Nathan Eovaldi,over,5.5,6.362009852183832,0.8620098521838324,14.759351016184652,12.72270598779063,V2_core,,105.0,,,2.05,0.4878048780487805,Win,1.0,104.99999999999999,1.0499999999999998,0.6153846153846154,0.2746794454152315,17.854163951990046,11785.416395199001,2025_bt,2025,4
2025-04-19,Paul Skenes,under,6.5,5.613022148022559,0.8869778519774414,20.717927307578744,18.37634266070097,V2_core,,115.0,,,2.15,0.46511627906976744,Win,1.0,114.99999999999999,1.15,0.6268656716417911,0.29931587988044844,20.054163951990045,12005.416395199001,2025_bt,2025,4
2025-04-20,Grant Holmes,over,5.5,6.199319293238156,0.6993192932381556,15.241560117660535,10.658717049329224,V4_extra,,110.0,,,2.1,0.47619047619047616,Win,1.0,110.00000000000001,1.1,0.625,0.2940795717969632,21.17372916938135,12117.372916938131,2025_bt,2025,4
2025-04-20,Logan Henderson,under,4.5,2.9292409977174465,1.5707590022825535,8.94207944426838,14.045851786210331,V2_core,,-125.0,,,1.8,0.5555555555555556,Loss,0.0,-100.0,-1.0,0.6285714285714286,0.301053273848305,21.073729169381348,12107.372916938131,2025_bt,2025,4
2025-04-20,Max Fried,over,6.5,6.940917694097587,0.4409176940975872,16.80607222247925,7.410094611173064,V4_extra,,120.0,,,2.2,0.45454545454545453,Loss,0.0,-100.0,-1.0,0.6197183098591549,0.28272857985044153,20.073729169381348,12007.372916938131,2025_bt,2025,4
2025-04-22,Nick Pivetta,over,6.5,7.234778021410716,0.7347780214107162,12.993639571607652,9.547440775349857,V4_extra,,105.0,,,2.05,0.4878048780487805,Loss,0.0,-100.0,-1.0,0.6164383561643836,0.276352454375087,20.17372916938135,12017.372916938131,2025_bt,2025,4
2025-04-23,Sean Newcomb,over,4.5,5.564070462063134,1.0640704620631336,14.646792873146408,15.58521966027191,V2_core,,100.0,,,2.0,0.5,Win,1.0,100.0,1.0,0.6266666666666667,0.295649722258418,22.17372916938135,12217.372916938131,2025_bt,2025,4
2025-04-23,Ryan Gusto,over,3.5,4.485897268679248,0.9858972686792482,13.615245669698783,13.423233518152992,V2_core,,100.0,,,2.0,0.5,Win,1.0,100.0,1.0,0.6216216216216216,0.28613147526191013,21.17372916938135,12117.372916938131,2025_bt,2025,4
2025-04-23,Bowden Francis,over,4.5,5.172347845137567,0.6723478451375673,9.384836985408974,6.309874924107067,V4_extra,,100.0,,,2.0,0.5,Loss,0.0,-100.0,-1.0,0.618421052631579,0.278601699597123,21.17372916938135,12117.372916938131,2025_bt,2025,4
2025-04-24,Cole Ragans,under,8.5,6.471143325667623,2.028856674332377,26.31707887268233,53.39358111977313,V2_core,,100.0,,,2.0,0.5,Win,1.0,100.0,1.0,0.6233766233766234,0.2879705086932643,22.17372916938135,12217.372916938131,2025_bt,2025,4
2025-04-25,Carlos Carrasco,over,3.5,4.106832259680751,0.6068322596807514,16.621396348623406,10.086399505284533,V4_extra,,115.0,,,2.15,0.46511627906976744,Loss,0.0,-100.0,-1.0,0.6153846153846154,0.2714580662741199,21.17372916938135,12117.372916938131,2025_bt,2025,4
2025-04-25,Seth Lugo,over,4.5,5.07368681191928,0.5736868119192797,13.429456899208535,7.7043023143143206,V4_extra,,110.0,,,2.1,0.47619047619047616,Win,1.0,110.00000000000001,1.1,0.620253164556962,0.28194593885292846,22.27372916938135,12227.372916938131,2025_bt,2025,4
2025-04-25,Kyle Hendricks,over,3.5,3.889370143462656,0.3893701434626559,16.015711096158537,6.236039727167699,V4_extra,,120.0,,,2.2,0.45454545454545453,Loss,0.0,-100.0,-1.0,0.6125,0.2659216146172669,21.27372916938135,12127.372916938131,2025_bt,2025,4
2025-04-26,Framber Valdez,over,4.5,5.339615366067488,0.8396153660674877,14.450210329850488,12.13261863584961,V2_core,,105.0,,,2.05,0.4878048780487805,Win,1.0,104.99999999999999,1.0499999999999998,0.6172839506172839,0.27560159468372036,22.323729169381348,12232.372916938131,2025_bt,2025,4
2025-04-26,Tyler Gilbert,over,1.5,3.587375015204094,2.087375015204094,52.34019063249462,109.25360621728865,V2_core,,140.0,,,2.4,0.4166666666666667,Loss,0.0,-100.0,-1.0,0.6097560975609756,0.26004547767538233,21.323729169381348,12132.372916938131,2025_bt,2025,4
2025-04-26,Brad Lord,over,3.5,4.505489555608901,1.005489555608901,28.109084392932083,28.263390774822373,V2_core,,125.0,,,2.25,0.4444444444444444,Loss,0.0,-100.0,-1.0,0.6024096385542169,0.24486420686001625,20.323729169381348,12032.372916938131,2025_bt,2025,4
2025-04-27,Nick Lodolo,over,5.5,6.327280800081824,0.8272808000818239,19.85424492439521,16.425035626074163,V2_core,,115.0,,,2.15,0.46511627906976744,Win,1.0,114.99999999999999,1.15,0.6071428571428571,0.2556396329688256,21.47372916938135,12147.372916938131,2025_bt,2025,4
2025-04-27,Tyler Glasnow,under,6.5,5.328497557664496,1.1715024423355036,27.65161677863953,32.3939365907016,V2_core,,120.0,,,2.2,0.45454545454545453,Win,1.0,120.00000000000001,1.2000000000000002,0.611764705882353,0.26674975493389824,22.67372916938135,12267.372916938131,2025_bt,2025,4
2025-04-29,Shota Imanaga,over,5.5,6.785196357867167,1.285196357867167,7.712808740317822,9.912473701982517,V4_extra,,-120.0,,,1.8333333333333335,0.5454545454545454,Loss,0.0,-100.0,-1.0,0.6091954022988506,0.2595726445801409,22.58282007847226,12258.282007847221,2025_bt,2025,4
2025-04-29,Miles Mikolas,over,3.5,4.426696483315855,0.9266964833158546,7.698867067255999,7.134513036742382,V4_extra,,-110.0,,,1.9090909090909092,0.5238095238095238,Win,1.0,90.90909090909092,0.9090909090909092,0.6162790697674418,0.27421883812177045,23.58282007847226,12358.282007847221,2025_bt,2025,4
2025-04-30,Carlos Carrasco,over,3.5,4.438163886435751,0.9381638864357508,18.629449476009984,17.47747672257199,V2_core,,110.0,,,2.1,0.47619047619047616,Win,1.0,110.00000000000001,1.1,0.6136363636363636,0.2691229554371848,23.68282007847226,12368.282007847221,2025_bt,2025,4
2025-04-30,Tobias Myers,over,4.5,4.999058160936745,0.4990581609367446,12.345057693392892,6.160901789122667,V4_extra,,110.0,,,2.1,0.47619047619047616,Loss,0.0,-100.0,-1.0,0.6067415730337079,0.2548631469491265,22.68282007847226,12268.282007847221,2025_bt,2025,4
2025-05-01,Brad Lord,over,3.5,4.299685722048301,0.7996857220483014,11.11923825347121,8.891896071354218,V4_extra,,100.0,,,2.0,0.5,Win,1.0,100.0,1.0,0.6111111111111112,0.26314244531635844,23.68282007847226,12368.282007847221,2025_bt,2025,5
2025-05-02,Mitch Keller,over,4.5,5.35911086257369,0.8591108625736901,17.517407462663602,15.049395035303723,V2_core,,110.0,,,2.1,0.47619047619047616,Loss,0.0,-100.0,-1.0,0.6043956043956044,0.24926175910409076,22.68282007847226,12268.282007847221,2025_bt,2025,5
2025-05-02,Logan Allen,over,3.5,4.174157907508108,0.6741579075081079,14.88011066184617,10.0315442672793,V4_extra,,110.0,,,2.1,0.47619047619047616,Win,1.0,110.00000000000001,1.1,0.6086956521739131,0.2585089138964376,23.78282007847226,12378.282007847221,2025_bt,2025,5
2025-05-02,Valente Bellozo,over,2.5,4.076383694611691,1.5763836946116907,21.114664527480432,33.28481287831601,V2_core,,100.0,,,2.0,0.5,Loss,0.0,-100.0,-1.0,0.6021505376344086,0.24497655998357268,22.78282007847226,12278.282007847221,2025_bt,2025,5
2025-05-03,Jameson Taillon,over,4.5,5.066934309378731,0.5669343093787313,21.4266776699272,12.147518707080863,V2_core,,125.0,,,2.25,0.4444444444444444,Win,1.0,125.0,1.25,0.6,0.24245073766812905,23.03282007847226,12303.282007847221,2025_bt,2025,5
2025-05-03,Aaron Nola,over,5.5,6.432868537006496,0.9328685370064962,7.777519095034268,7.255402859724706,V4_extra,,-110.0,,,1.9090909090909092,0.5238095238095238,Win,1.0,90.90909090909092,0.9090909090909092,0.6041666666666666,0.24939490612044968,23.94191098756317,12394.191098756311,2025_bt,2025,5
2025-05-03,Nick Lodolo,over,5.5,6.109016400293853,0.6090164002938527,11.227969656127712,6.838017662583507,V4_extra,,105.0,,,2.05,0.4878048780487805,Loss,0.0,-100.0,-1.0,0.5957446808510638,0.23173212849438574,21.78282007847226,12178.282007847221,2025_bt,2025,5
2025-05-04,Shota Imanaga,over,5.5,6.233164195629222,0.7331641956292216,15.726495744911272,11.53010360288425,V4_extra,,110.0,,,2.1,0.47619047619047616,Loss,0.0,-100.0,-1.0,0.5979381443298969,0.23651454626353782,22.94191098756317,12294.191098756311,2025_bt,2025,5
2025-05-04,Andrew Heaney,over,3.5,5.098841386457664,1.5988413864576645,7.3790888292496355,11.79799261455175,V4_extra,,-130.0,,,1.7692307692307692,0.5652173913043478,Loss,0.0,-100.0,-1.0,0.5918367346938775,0.22389705089350173,21.94191098756317,12194.191098756311,2025_bt,2025,5
2025-05-04,Stephen Kolek,over,3.5,4.370234233974412,0.8702342339744122,12.070924193125787,10.50453146856802,V4_extra,,100.0,,,2.0,0.5,Win,1.0,100.0,1.0,0.5959595959595959,0.2317364746218502,22.94191098756317,12294.191098756311,2025_bt,2025,5
2025-05-04,Jack Kochanowicz,over,3.5,4.309115187246509,0.8091151872465092,11.246840947794778,9.09998981940668,V4_extra,,100.0,,,2.0,0.5,Loss,0.0,-100.0,-1.0,0.59,0.2194191098756317,21.94191098756317,12194.191098756311,2025_bt,2025,5
2025-05-05,Cole Ragans,under,6.5,5.827504749342444,0.6724952506575557,17.590870331990605,11.829776753196581,V4_extra,,115.0,,,2.15,0.46511627906976744,Loss,0.0,-100.0,-1.0,0.5841584158415841,0.20734565334220958,20.94191098756317,12094.191098756311,2025_bt,2025,5
2025-05-07,Hunter Greene,under,6.5,6.161758757604575,0.3382412423954246,17.848670613774598,6.037156523509825,V4_extra,,125.0,,,2.25,0.4444444444444444,Win,1.0,125.0,1.25,0.580952380952381,0.2018277236910778,21.19191098756317,12119.191098756311,2025_bt,2025,5
2025-05-07,Max Fried,over,5.5,5.959711672605561,0.459711672605561,17.09369078647637,7.858169182453319,V4_extra,,120.0,,,2.2,0.45454545454545453,Win,1.0,120.00000000000001,1.2000000000000002,0.5794392523364486,0.1999244017529268,21.39191098756317,12139.191098756311,2025_bt,2025,5
2025-05-07,Gunnar Hoglund,over,3.5,5.783701152232768,2.2837011522327684,14.118506481152547,32.24244951881388,V2_core,,-130.0,,,1.7692307692307692,0.5652173913043478,Loss,0.0,-100.0,-1.0,0.5754716981132075,0.19048972629776575,20.19191098756317,12019.191098756311,2025_bt,2025,5
2025-05-07,Robbie Ray,over,5.5,6.1920188398818174,0.6920188398818174,9.65406451278814,6.680794524283872,V4_extra,,100.0,,,2.0,0.5,Loss,0.0,-100.0,-1.0,0.5769230769230769,0.19174914411118432,19.94191098756317,11994.191098756311,2025_bt,2025,5
2025-05-07,Framber Valdez,over,5.5,6.470457222968915,0.970457222968915,13.410303710168936,13.014126097740283,V2_core,,100.0,,,2.0,0.5,Win,1.0,100.0,1.0,0.5825242718446602,0.20331952415109872,20.94191098756317,12094.191098756311,2025_bt,2025,5
2025-05-07,Grant Holmes,over,5.5,6.767653496445267,1.2676534964452673,9.6327925246385,12.211043124389828,V2_core,,-115.0,,,1.8695652173913042,0.5348837209302325,Loss,0.0,-100.0,-1.0,0.5784313725490197,0.1955089312506193,19.94191098756317,11994.191098756311,2025_bt,2025,5
2025-05-09,Jose Quintana,over,4.5,4.99441052501945,0.4944105250194504,14.950620413364534,7.391744087938072,V4_extra,,115.0,,,2.15,0.46511627906976744,Loss,0.0,-100.0,-1.0,0.5740740740740741,0.1888139906255849,20.39191098756317,12039.191098756311,2025_bt,2025,5
2025-05-10,Tobias Myers,over,3.5,4.6882528924808105,1.1882528924808105,13.495131389465598,16.035628907941074,V2_core,,-105.0,,,1.9523809523809523,0.5121951219512195,Loss,0.0,-100.0,-1.0,0.5688073394495413,0.1779074402528731,19.39191098756317,11939.191098756311,2025_bt,2025,5
2025-05-10,Cole Ragans,under,7.5,6.195896393170587,1.304103606829413,10.065825435321562,13.126879255918094,V2_core,,-115.0,,,1.8695652173913042,0.5348837209302325,Loss,0.0,-100.0,-1.0,0.5636363636363636,0.16719919079602882,18.39191098756317,11839.191098756311,2025_bt,2025,5
2025-05-10,Andrew Heaney,over,4.5,5.667772422733964,1.1677724227339636,27.598534622087826,32.22880763954267,V2_core,,120.0,,,2.2,0.45454545454545453,Loss,0.0,-100.0,-1.0,0.5585585585585585,0.15668388277083936,17.39191098756317,11739.191098756311,2025_bt,2025,5
2025-05-10,Tanner Bibee,over,5.5,5.893508665954467,0.3935086659544673,16.079242221383073,6.3273211560951985,V4_extra,,120.0,,,2.2,0.45454545454545453,Loss,0.0,-100.0,-1.0,0.5535714285714286,0.14635634810324258,16.39191098756317,11639.191098756311,2025_bt,2025,5
2025-05-11,Chris Sale,under,7.5,6.865510404947907,0.6344895950520932,11.587085105698035,7.351884936548488,V4_extra,,105.0,,,2.05,0.4878048780487805,Loss,0.0,-100.0,-1.0,0.5486725663716814,0.13621160165985105,15.39191098756317,11539.191098756311,2025_bt,2025,5
2025-05-11,Lucas Giolito,over,4.5,5.111615156755823,0.611615156755823,19.40595370127661,11.868975415002536,V4_extra,,120.0,,,2.2,0.45454545454545453,Win,1.0,120.00000000000001,1.2000000000000002,0.5526315789473685,0.14554307883827342,16.591910987563168,11659.191098756311,2025_bt,2025,5
2025-05-12,Ben Lively,over,3.5,4.628495848046376,1.1284958480463765,12.739218174321444,14.376154817078689,V2_core,,-105.0,,,1.9523809523809523,0.5121951219512195,Loss,0.0,-100.0,-1.0,0.5431034482758621,0.1257923360996825,14.59191098756317,11459.191098756311,2025_bt,2025,5
2025-05-12,Cal Quantrill,over,3.5,4.370591259463943,0.8705912594639429,20.48140156494237,17.83092918400995,V2_core,,115.0,,,2.15,0.46511627906976744,Loss,0.0,-100.0,-1.0,0.5478260869565217,0.13558183467446233,15.59191098756317,11559.191098756311,2025_bt,2025,5
2025-05-14,Davis Martin,over,4.5,4.935364594249984,0.4353645942499842,22.026532853638614,9.589572538558322,V4_extra,,130.0,,,2.3,0.43478260869565216,Win,1.0,129.99999999999997,1.2999999999999998,0.5470085470085471,0.13582829903900145,15.89191098756317,11589.191098756311,2025_bt,2025,5
2025-05-14,Will Warren,over,5.5,6.177921280642778,0.6779212806427779,17.670750872328444,11.979378061288383,V4_extra,,115.0,,,2.15,0.46511627906976744,Win,1.0,114.99999999999999,1.15,0.5508474576271186,0.14442297447087432,17.04191098756317,11704.191098756311,2025_bt,2025,5
2025-05-15,Zack Littell,over,3.5,4.387752389439157,0.8877523894391572,17.921443105534586,15.90980393913624,V2_core,,110.0,,,2.1,0.47619047619047616,Loss,0.0,-100.0,-1.0,0.5462184873949579,0.13480597468540478,16.04191098756317,11604.191098756311,2025_bt,2025,5
2025-05-15,Trevor Williams,over,4.5,5.0467542254726645,0.5467542254726645,15.730137012302825,8.600518878740523,V4_extra,,115.0,,,2.15,0.46511627906976744,Loss,0.0,-100.0,-1.0,0.5416666666666666,0.1253492582296931,15.041910987563169,11504.191098756311,2025_bt,2025,5
2025-05-15,Bryse Wilson,over,3.5,4.850744849160591,1.3507448491605911,21.291937980070287,28.759975555226703,V2_core,,105.0,,,2.05,0.4878048780487805,Loss,0.0,-100.0,-1.0,0.5371900826446281,0.11604885113688569,14.041910987563169,11404.191098756311,2025_bt,2025,5
2025-05-16,Andrew Heaney,over,4.5,5.415869331364759,0.9158693313647586,12.682699440806664,11.615695456751796,V4_extra,,100.0,,,2.0,0.5,Loss,0.0,-100.0,-1.0,0.5284552845528455,0.09790171534604203,12.041910987563169,11204.191098756311,2025_bt,2025,5
2025-05-16,Chris Sale,under,7.5,6.561332607375511,0.9386673926244892,10.296973084465034,9.665432877119336,V4_extra,,-105.0,,,1.9523809523809523,0.5121951219512195,Loss,0.0,-100.0,-1.0,0.5241935483870968,0.08904766925454169,11.041910987563169,11104.191098756311,2025_bt,2025,5
2025-05-16,Tanner Bibee,over,5.5,5.936669788606767,0.4366697886067667,16.741021636325115,7.3102983789953955,V4_extra,,120.0,,,2.2,0.45454545454545453,Loss,0.0,-100.0,-1.0,0.5327868852459017,0.10690090973412433,13.041910987563169,11304.191098756311,2025_bt,2025,5
2025-05-17,Eric Lauer,over,4.5,4.899827382706209,0.3998273827062091,21.456954056475983,8.579077781248168,V4_extra,,130.0,,,2.3,0.43478260869565216,Win,1.0,129.99999999999997,1.2999999999999998,0.528,0.09873528790050536,12.34191098756317,11234.191098756311,2025_bt,2025,5
2025-05-18,Framber Valdez,over,5.5,6.094472710644552,0.5944727106445518,16.438359900339407,9.77215636850547,V4_extra,,115.0,,,2.15,0.46511627906976744,Win,1.0,114.99999999999999,1.15,0.5317460317460317,0.10707865863145373,13.49191098756317,11349.191098756311,2025_bt,2025,5
2025-05-18,Jeffrey Springs,over,4.5,4.888459584167253,0.3884595841672533,18.63813421773289,7.240161867873973,V4_extra,,125.0,,,2.25,0.4444444444444444,Win,1.0,125.0,1.25,0.5354330708661418,0.11607803927215093,14.74191098756317,11474.191098756311,2025_bt,2025,5
2025-05-18,Justin Verlander,over,4.5,6.491817835314344,1.991817835314344,11.383237044398031,22.67333456864294,V2_core,,-130.0,,,1.7692307692307692,0.5652173913043478,Loss,0.0,-100.0,-1.0,0.53125,0.10735867959033726,13.74191098756317,11374.191098756311,2025_bt,2025,5
2025-05-19,Mitch Keller,over,5.5,7.234907440548086,1.7349074405480858,12.74730492862055,22.115394167599078,V2_core,,-120.0,,,1.8333333333333335,0.5454545454545454,Loss,0.0,-100.0,-1.0,0.5303030303030303,0.10488099954503122,13.84429193994412,11384.429193994407,2025_bt,2025,5
2025-05-19,Nick Lodolo,over,5.5,6.400673859402819,0.9006738594028194,9.801258657825429,8.827737462348926,V4_extra,,-105.0,,,1.9523809523809523,0.5121951219512195,Win,1.0,95.23809523809523,0.9523809523809522,0.5348837209302325,0.11390923984452807,14.69429193994412,11469.429193994407,2025_bt,2025,5
2025-05-19,Dean Kremer,over,4.5,5.144552780674436,0.6445527806744362,17.178939118503056,11.072732977867993,V4_extra,,115.0,,,2.15,0.46511627906976744,Win,1.0,114.99999999999999,1.15,0.5384615384615384,0.12187916876880094,15.84429193994412,11584.429193994407,2025_bt,2025,5
2025-05-19,Davis Martin,over,4.5,5.0465016976965416,0.5465016976965416,21.109005216160128,11.536107187316661,V4_extra,,125.0,,,2.25,0.4444444444444444,Loss,0.0,-100.0,-1.0,0.5343511450381679,0.11331520564842841,14.84429193994412,11484.429193994407,2025_bt,2025,5
2025-05-20,Brandon Walter,over,3.5,3.989888873960136,0.4898888739601359,28.24166787301612,13.835278873068013,V2_core,,140.0,,,2.4,0.4166666666666667,Win,1.0,140.0,1.4,0.5333333333333333,0.11403179214773423,15.394291939944122,11539.429193994407,2025_bt,2025,5
2025-05-20,Bailey Falter,over,4.5,5.014230388109054,0.5142303881090537,15.24609364195314,7.84000465064854,V4_extra,,115.0,,,2.15,0.46511627906976744,Win,1.0,114.99999999999999,1.15,0.5338345864661654,0.112739037142437,14.994291939944121,11499.429193994407,2025_bt,2025,5
2025-05-20,Nick Martinez,over,4.5,5.258080189475828,0.7580801894758276,10.554802233331785,8.001386476924047,V4_extra,,100.0,,,2.0,0.5,Loss,0.0,-100.0,-1.0,0.5298507462686567,0.10443501447719493,13.994291939944121,11399.429193994407,2025_bt,2025,5
2025-05-21,Cade Horton,under,4.5,3.0510247663087218,1.4489752336912782,14.123889290832173,20.46516578581329,V2_core,,-110.0,,,1.9090909090909092,0.5238095238095238,Win,1.0,90.90909090909092,0.9090909090909092,0.5367647058823529,0.11987781506643405,16.30338284903503,11630.338284903497,2025_bt,2025,5
2025-05-21,Ryan Yarbrough,over,3.5,4.1236014864374,0.6236014864374004,30.458935249244668,18.994237296729505,V2_core,,140.0,,,2.4,0.4166666666666667,Win,1.0,140.0,1.4,0.5401459854014599,0.12922177262069365,17.70338284903503,11770.338284903497,2025_bt,2025,5
2025-05-22,Stephen Kolek,over,3.5,4.268249265297751,0.7682492652977508,16.227617923924022,12.466855547587242,V2_core,,110.0,,,2.1,0.47619047619047616,Win,1.0,110.00000000000001,1.1,0.5434782608695652,0.1362563974567756,18.80338284903503,11880.338284903497,2025_bt,2025,5
2025-05-23,Clayton Kershaw,over,4.5,4.884891294656048,0.3848912946560476,21.21725669007226,8.1663373964916,V4_extra,,130.0,,,2.3,0.43478260869565216,Loss,0.0,-100.0,-1.0,0.539568345323741,0.12808189100025202,17.80338284903503,11780.338284903497,2025_bt,2025,5
2025-05-23,Paul Skenes,over,6.5,7.099075104265168,0.5990751042651681,13.797083612229011,8.265489303551337,V4_extra,,110.0,,,2.1,0.47619047619047616,Win,1.0,110.00000000000001,1.1,0.5428571428571428,0.13502416320739308,18.90338284903503,11890.338284903497,2025_bt,2025,5
2025-05-24,Merrill Kelly,over,4.5,5.189601948226381,0.6896019482263807,17.84258578667216,12.304281919885451,V2_core,,115.0,,,2.15,0.46511627906976744,Win,1.0,114.99999999999999,1.15,0.5460992907801419,0.14222257339741157,20.05338284903503,12005.338284903497,2025_bt,2025,5
2025-05-24,Mitch Keller,over,4.5,6.024495055335248,1.5244950553352483,8.436828107333605,12.861902732343523,V2_core,,-125.0,,,1.8,0.5555555555555556,Win,1.0,80.0,0.8,0.5492957746478874,0.14685480879602136,20.853382849035032,12085.338284903497,2025_bt,2025,5
2025-05-25,Spencer Schwellenbach,over,4.5,6.021893609042412,1.5218936090424124,29.48767265574561,44.87710056031394,V2_core,,115.0,,,2.15,0.46511627906976744,Win,1.0,114.99999999999999,1.15,0.5524475524475524,0.15386981013311213,22.003382849035034,12200.338284903497,2025_bt,2025,5
2025-05-25,Colton Gordon,over,4.5,5.650606944800866,1.1506069448008658,10.513698302297614,12.097134282164708,V2_core,,-110.0,,,1.9090909090909092,0.5238095238095238,Loss,0.0,-100.0,-1.0,0.5486111111111112,0.14585682534052105,21.003382849035034,12100.338284903497,2025_bt,2025,5
2025-05-25,Logan Henderson,over,5.5,6.66155449186675,1.1615544918667495,24.612028592751468,28.588212365863342,V2_core,,115.0,,,2.15,0.46511627906976744,Win,1.0,114.99999999999999,1.15,0.5517241379310345,0.15278195068300024,22.153382849035033,12215.338284903497,2025_bt,2025,5
2025-05-25,Sonny Gray,under,5.5,4.82036958271216,0.6796304172878402,17.695904742394298,12.026675124359308,V2_core,,115.0,,,2.15,0.46511627906976744,Win,1.0,114.99999999999999,1.15,0.5547945205479452,0.1596122112947605,23.30338284903503,12330.338284903497,2025_bt,2025,5
2025-05-25,Dean Kremer,under,4.5,3.8264837518998016,0.6735162481001984,23.075946010003644,15.542024578020397,V2_core,,125.0,,,2.25,0.4444444444444444,Win,1.0,125.0,1.25,0.5578231292517006,0.16702981529955804,24.55338284903503,12455.338284903497,2025_bt,2025,5
2025-05-26,Nick Martinez,over,3.5,4.160340942505683,0.660340942505683,14.681299235296096,9.694662974243387,V4_extra,,110.0,,,2.1,0.47619047619047616,Loss,0.0,-100.0,-1.0,0.5540540540540541,0.15914447870969617,23.55338284903503,12355.338284903497,2025_bt,2025,5
2025-05-27,Daniel Lynch IV,over,1.5,4.18871401887538,2.6887140188753804,10.736507103207716,28.867397162149686,V2_core,,-150.0,,,1.6666666666666665,0.6,Win,1.0,66.66666666666666,0.6666666666666665,0.5570469798657718,0.16255066789061542,24.2200495157017,12422.004951570163,2025_bt,2025,5
2025-05-28,Freddy Peralta,under,6.5,5.708400082370252,0.7915999176297479,19.33545195816304,15.305942177415812,V2_core,,115.0,,,2.15,0.46511627906976744,Win,1.0,114.99999999999999,1.15,0.56,0.1691336634380113,25.370049515701698,12537.004951570163,2025_bt,2025,5
2025-05-28,Drew Rasmussen,over,4.5,5.2255235301941845,0.7255235301941845,10.111569169847346,7.336181359910326,V4_extra,,100.0,,,2.0,0.5,Win,1.0,100.0,1.0,0.5629139072847682,0.17463608950795828,26.370049515701698,12637.004951570163,2025_bt,2025,5
2025-05-29,AJ Smith-Shawver,under,4.5,2.3485227824483803,2.15147721755162,12.905812523564354,27.766561618441088,V2_core,,-130.0,,,1.7692307692307692,0.5652173913043478,Win,1.0,76.92307692307692,0.7692307692307692,0.5620915032679739,0.17084496918256517,26.139280284932468,12613.92802849324,2025_bt,2025,5
2025-05-29,Jacob Lopez,over,3.5,4.990401388497925,1.4904013884979248,20.06847388332736,29.91008134074544,V2_core,,100.0,,,2.0,0.5,Loss,0.0,-100.0,-1.0,0.5592105263157895,0.1669082204980375,25.370049515701698,12537.004951570163,2025_bt,2025,5
2025-05-30,Chris Bassitt,over,5.5,6.845868143740693,1.3458681437406934,12.896240576839968,17.356639366385018,V2_core,,-110.0,,,1.9090909090909092,0.5238095238095238,Win,1.0,90.90909090909092,0.9090909090909092,0.5705128205128205,0.19069468714117552,29.74837119402338,12974.83711940233,2025_bt,2025,5
2025-05-30,DL Hall,over,2.5,4.840227508556832,2.340227508556832,58.72837318146943,137.43775445206606,V2_core,,145.0,,,2.45,0.40816326530612246,Win,1.0,145.00000000000003,1.4500000000000002,0.567741935483871,0.18605987280601594,28.83928028493247,12883.92802849324,2025_bt,2025,5
2025-05-30,Zach Eflin,over,4.5,4.995576260796254,0.4955762607962537,20.315358533898188,10.067809418964528,V4_extra,,125.0,,,2.25,0.4444444444444444,Win,1.0,125.0,1.25,0.564935064935065,0.17785246938267837,27.389280284932468,12738.92802849324,2025_bt,2025,5
2025-05-31,Bailey Ober,under,5.5,4.816278643075699,0.683721356924301,9.54055580988653,6.523081764147642,V4_extra,,100.0,,,2.0,0.5,Win,1.0,100.0,1.0,0.5732484076433121,0.19584949805110433,30.74837119402338,13074.83711940233,2025_bt,2025,5
2025-05-31,Michael Wacha,over,4.5,5.545199128592604,1.0451991285926043,9.19878051785382,9.614557381375437,V4_extra,,-110.0,,,1.9090909090909092,0.5238095238095238,Win,1.0,90.90909090909092,0.9090909090909092,0.5759493670886076,0.20036368419692588,31.65746210311429,13165.74621031142,2025_bt,2025,5
2025-07-01,Paul Skenes,over,6.5,7.429964394772032,0.929964394772032,12.871018747818509,11.969589159914516,V4_extra,,100.0,,,2.0,0.5,Loss,0.0,-100.0,-1.0,0.5723270440251572,0.1928142270636119,30.65746210311429,13065.74621031142,2025_bt,2025,7
2025-07-02,Freddy Peralta,over,5.5,6.288703690506692,0.7887036905066918,10.970474443055124,8.65245367984692,V4_extra,,100.0,,,2.0,0.5,Win,1.0,100.0,1.0,0.575,0.19785913814446432,31.65746210311429,13165.74621031142,2025_bt,2025,7
2025-07-02,Yusei Kikuchi,over,5.5,6.795444589500648,1.295444589500648,9.963184697045069,12.906753709982686,V2_core,,-115.0,,,1.8695652173913042,0.5348837209302325,Win,1.0,86.95652173913042,0.8695652173913042,0.577639751552795,0.20203122559320244,32.527027320505596,13252.70273205055,2025_bt,2025,7
2025-07-02,Mitch Keller,over,4.5,5.159716265557591,0.6597162655575914,11.942012429949056,7.878339843528329,V4_extra,,105.0,,,2.05,0.4878048780487805,Win,1.0,104.99999999999999,1.0499999999999998,0.5802469135802469,0.2072656007438617,33.57702732050559,13357.70273205055,2025_bt,2025,7
2025-07-03,Brandon Walter,over,4.5,6.994658789482414,2.494658789482414,27.96433850210964,69.7614828363493,V2_core,,-105.0,,,1.9523809523809523,0.5121951219512195,Loss,0.0,-100.0,-1.0,0.5766871165644172,0.19985906331598524,32.57702732050559,13257.70273205055,2025_bt,2025,7
2025-07-04,Reese Olson,under,4.5,2.8233888815377592,1.6766111184622408,25.36980162330983,42.535291474822664,V2_core,,105.0,,,2.05,0.4878048780487805,Win,1.0,104.99999999999999,1.0499999999999998,0.5773809523809523,0.19817674992364442,33.29369398717226,13329.369398717216,2025_bt,2025,7
2025-07-04,Spencer Strider,under,7.5,6.61304086259357,0.8869591374064303,9.621793008302426,8.534137226947141,V4_extra,,-105.0,,,1.9523809523809523,0.5121951219512195,Win,1.0,95.23809523809523,0.9523809523809522,0.5748502994011976,0.19307601189923512,32.243693987172264,13224.369398717216,2025_bt,2025,7
2025-07-04,Kyle Hendricks,over,2.5,3.570554995279784,1.070554995279784,7.249376935522917,7.760856690990111,V4_extra,,-115.0,,,1.8695652173913042,0.5348837209302325,Loss,0.0,-100.0,-1.0,0.573170731707317,0.192542849515278,31.577027320505593,13157.70273205055,2025_bt,2025,7
2025-07-04,Charlie Morton,over,4.5,6.458455345619216,1.958455345619216,7.608233403960512,14.90038538070515,V2_core,,-140.0,,,1.7142857142857144,0.5833333333333334,Win,1.0,71.42857142857144,0.7142857142857144,0.5757575757575758,0.1957049274835837,32.29131303479131,13229.13130347912,2025_bt,2025,7
2025-07-04,Michael Soroka,under,5.5,4.585777695474506,0.9142223045254942,18.2937079072089,16.724515801244777,V2_core,,110.0,,,2.1,0.47619047619047616,Loss,0.0,-100.0,-1.0,0.572289156626506,0.1885018857517549,31.29131303479131,13129.13130347912,2025_bt,2025,7
2025-07-05,Framber Valdez,over,5.5,6.540589410025844,1.0405894100258442,28.63028692291778,29.79237337798965,V2_core,,125.0,,,2.25,0.4444444444444444,Win,1.0,125.0,1.25,0.5789473684210527,0.2031794970010074,34.743693987172264,13474.369398717216,2025_bt,2025,7
2025-07-05,Chad Patrick,over,5.5,5.898482909266898,0.3984829092668978,18.795485215514564,7.489679629761208,V4_extra,,125.0,,,2.25,0.4444444444444444,Loss,0.0,-100.0,-1.0,0.5739644970414202,0.19108694666965836,32.29369398717226,13229.369398717216,2025_bt,2025,7
2025-07-05,Cal Quantrill,over,3.5,3.996763849153692,0.4967638491536918,17.659809373219737,8.772754879561083,V4_extra,,120.0,,,2.2,0.45454545454545453,Win,1.0,120.00000000000001,1.2000000000000002,0.5764705882352941,0.19702172933630743,33.493693987172264,13349.369398717216,2025_bt,2025,7
2025-07-06,Trevor Rogers,over,4.5,5.188844858150984,0.6888448581509836,17.831453395006093,12.283104984508848,V2_core,,115.0,,,2.15,0.46511627906976744,Win,1.0,114.99999999999999,1.15,0.5838150289017341,0.2132583467466605,36.89369398717226,13689.369398717216,2025_bt,2025,7
2025-07-06,Tarik Skubal,under,7.5,6.978677553229268,0.521322446770732,15.35173112502336,8.00320203226358,V4_extra,,115.0,,,2.15,0.46511627906976744,Loss,0.0,-100.0,-1.0,0.5804597701149425,0.20628559762742682,35.89369398717226,13589.369398717216,2025_bt,2025,7
2025-07-06,Paul Skenes,over,7.5,8.70670276783041,1.2067027678304107,16.5010181650143,19.911824291742644,V2_core,,100.0,,,2.0,0.5,Win,1.0,100.0,1.0,0.5813953488372093,0.2078121743440248,35.743693987172264,13574.369398717216,2025_bt,2025,7
2025-07-07,Shane Baz,over,5.5,6.877843762425991,1.3778437624259912,27.574081513707583,37.99277621828782,V2_core,,115.0,,,2.15,0.46511627906976744,Win,1.0,114.99999999999999,1.15,0.5828571428571429,0.21167825135527008,37.04369398717226,13704.369398717216,2025_bt,2025,7
2025-07-07,Richard Fitts,under,4.5,3.408776640075176,1.091223359924824,17.877702112448034,19.508566166880666,V2_core,,105.0,,,2.05,0.4878048780487805,Loss,0.0,-100.0,-1.0,0.5795454545454546,0.20479371583620604,36.04369398717226,13604.369398717216,2025_bt,2025,7
2025-07-08,Aaron Civale,over,3.5,4.091786382391808,0.5917863823918079,16.39855490351907,9.704441482806994,V4_extra,,115.0,,,2.15,0.46511627906976744,Loss,0.0,-100.0,-1.0,0.576271186440678,0.19798697167893933,35.04369398717226,13504.369398717216,2025_bt,2025,7
2025-07-08,Logan Gilbert,under,6.5,5.1582681101046095,1.3417318898953905,21.17568561091429,28.412092674562658,V2_core,,105.0,,,2.05,0.4878048780487805,Win,1.0,104.99999999999999,1.0499999999999998,0.5786516853932584,0.2027735617256869,36.093693987172266,13609.369398717216,2025_bt,2025,7
2025-07-08,Mitch Keller,over,4.5,5.19376799737167,0.6937679973716699,12.419932025978984,8.616551369155706,V4_extra,,105.0,,,2.05,0.4878048780487805,Win,1.0,104.99999999999999,1.0499999999999998,0.5810055865921788,0.20750667031939812,37.14369398717226,13714.369398717216,2025_bt,2025,7
2025-07-11,Luis Castillo,over,5.5,6.471627340084329,0.9716273400843294,24.76843350516753,24.06568716468151,V2_core,,120.0,,,2.2,0.45454545454545453,Win,1.0,120.00000000000001,1.2000000000000002,0.5833333333333334,0.21302052215095701,38.343693987172266,13834.369398717216,2025_bt,2025,7
2025-07-11,Shane Smith,under,3.5,2.167290412094997,1.3327095879050028,32.86978448863987,43.8058769403815,V2_core,,125.0,,,2.25,0.4444444444444444,Loss,0.0,-100.0,-1.0,0.580110497237569,0.206318751310344,37.343693987172266,13734.369398717216,2025_bt,2025,7
2025-07-12,Tanner Bibee,over,5.5,6.230122221611157,0.7301222216111567,15.68297014758404,11.45048500561551,V4_extra,,110.0,,,2.1,0.47619047619047616,Loss,0.0,-100.0,-1.0,0.5737704918032787,0.19313493982061347,35.343693987172266,13534.369398717216,2025_bt,2025,7
2025-07-12,Max Fried,over,5.5,6.033156413412722,0.5331564134127218,18.214586568141144,9.711223646465669,V4_extra,,120.0,,,2.2,0.45454545454545453,Loss,0.0,-100.0,-1.0,0.5769230769230769,0.1996906263031443,36.343693987172266,13634.369398717216,2025_bt,2025,7
2025-07-13,Sonny Gray,over,5.5,6.207849952003662,0.7078499520036621,20.85744689416968,14.763942782956939,V2_core,,120.0,,,2.2,0.45454545454545453,Loss,0.0,-100.0,-1.0,0.5706521739130435,0.18665051079984926,34.343693987172266,13434.369398717216,2025_bt,2025,7
2025-07-13,Clay Holmes,over,3.5,4.087183073619209,0.587183073619209,13.624970049910525,8.00035179187613,V4_extra,,110.0,,,2.1,0.47619047619047616,Loss,0.0,-100.0,-1.0,0.5675675675675675,0.18023618371444466,33.343693987172266,13334.369398717216,2025_bt,2025,7
2025-07-19,Cal Quantrill,over,3.5,3.9945699354566737,0.4945699354566737,14.952998354149006,7.395303430895222,V4_extra,,115.0,,,2.15,0.46511627906976744,Loss,0.0,-100.0,-1.0,0.5645161290322581,0.17389082788802293,32.343693987172266,13234.369398717216,2025_bt,2025,7
2025-07-19,Taijuan Walker,over,3.5,3.998269790699221,0.4982697906992208,15.00818286482205,7.478124134830515,V4_extra,,115.0,,,2.15,0.46511627906976744,Win,1.0,114.99999999999999,1.15,0.5668449197860963,0.17911066303300677,33.493693987172264,13349.369398717216,2025_bt,2025,7
2025-07-19,Mike Burrows,over,4.5,5.26180699228399,0.7618069922839901,16.13572650592221,12.292309277793656,V2_core,,110.0,,,2.1,0.47619047619047616,Win,1.0,110.00000000000001,1.1,0.5691489361702128,0.18400901057006525,34.593693987172266,13459.369398717216,2025_bt,2025,7
2025-07-20,Cade Horton,under,4.5,3.670256440726183,0.8297435592738172,8.870195405557324,7.359987507261394,V4_extra,,-105.0,,,1.9523809523809523,0.5121951219512195,Win,1.0,95.23809523809523,0.9523809523809522,0.5684210526315789,0.1818214470502801,34.54607493955322,13454.607493955311,2025_bt,2025,7
2025-07-20,Jose Quintana,over,3.5,4.573521972972385,1.0735219729723848,26.24788409717046,28.177680322344916,V2_core,,120.0,,,2.2,0.45454545454545453,Win,1.0,120.00000000000001,1.2000000000000002,0.5706806282722513,0.18715222481441476,35.74607493955322,13574.607493955311,2025_bt,2025,7
2025-07-20,Tarik Skubal,under,7.5,6.154508689804124,1.345491310195876,30.09426056271153,40.49156607389882,V2_core,,120.0,,,2.2,0.45454545454545453,Loss,0.0,-100.0,-1.0,0.5661375661375662,0.17774441263054108,33.593693987172266,13359.369398717216,2025_bt,2025,7
2025-07-20,Marcus Stroman,over,3.5,3.783648263782729,0.2836482637827289,24.787779828573385,7.03101071140339,V4_extra,,140.0,,,2.4,0.4166666666666667,Win,1.0,140.0,1.4,0.5729166666666666,0.193469140310173,37.146074939553216,13714.607493955311,2025_bt,2025,7
2025-07-21,Bryce Elder,over,4.5,5.09150905954321,0.5915090595432098,10.980750063219736,6.495213142974147,V4_extra,,105.0,,,2.05,0.4878048780487805,Loss,0.0,-100.0,-1.0,0.5721649484536082,0.19199007700800627,37.24607493955322,13724.607493955311,2025_bt,2025,7
2025-07-21,Tanner Bibee,under,5.5,4.7518881396565655,0.7481118603434345,15.94019521768406,11.925049098539139,V4_extra,,110.0,,,2.1,0.47619047619047616,Win,1.0,110.00000000000001,1.1,0.5751295336787565,0.1981661913966488,38.24607493955322,13824.607493955311,2025_bt,2025,7
2025-07-22,Chase Burns,under,5.5,4.600453553674607,0.8995464463253926,26.52226553940216,23.858009714467634,V2_core,,125.0,,,2.25,0.4444444444444444,Loss,0.0,-100.0,-1.0,0.5692307692307692,0.1858773073823242,36.24607493955322,13624.607493955311,2025_bt,2025,7
2025-07-22,Drew Rasmussen,under,3.5,3.050651745155635,0.4493482548443648,19.592745606916008,8.803966046077303,V4_extra,,125.0,,,2.25,0.4444444444444444,Loss,0.0,-100.0,-1.0,0.5663265306122449,0.17982691295690417,35.24607493955322,13524.607493955311,2025_bt,2025,7
2025-07-23,Jonathan Cannon,over,3.5,4.479204055631083,0.979204055631083,22.04093522436156,21.582573161596837,V2_core,,115.0,,,2.15,0.46511627906976744,Win,1.0,114.99999999999999,1.15,0.5685279187817259,0.18475164943935643,36.396074939553216,13639.607493955311,2025_bt,2025,7
2025-07-23,Bailey Falter,over,3.5,4.396716991626871,0.8967169916268709,15.236984217535444,13.663262649014495,V2_core,,105.0,,,2.05,0.4878048780487805,Win,1.0,104.99999999999999,1.0499999999999998,0.5707070707070707,0.18912159060380412,37.44607493955322,13744.607493955311,2025_bt,2025,7
2025-07-23,Justin Verlander,over,4.5,4.876305467542959,0.3763054675429593,18.447230670280625,6.941793762252769,V4_extra,,125.0,,,2.25,0.4444444444444444,Loss,0.0,-100.0,-1.0,0.5678391959798995,0.18314610522388552,36.44607493955322,13644.607493955311,2025_bt,2025,7
2025-07-23,Sandy Alcantara,over,3.5,4.757169058950224,1.2571690589502236,7.385526158286404,9.284854970265178,V4_extra,,-120.0,,,1.8333333333333335,0.5454545454545454,Win,1.0,83.33333333333334,0.8333333333333335,0.57,0.18639704136443278,37.279408272886556,13727.940827288645,2025_bt,2025,7
2025-07-23,Tyler Glasnow,under,6.5,5.066349604982276,1.4336503950177244,28.32132821370551,40.602883381005526,V2_core,,115.0,,,2.15,0.46511627906976744,Loss,0.0,-100.0,-1.0,0.5671641791044776,0.18049456852182366,36.279408272886556,13627.940827288645,2025_bt,2025,7
2025-07-23,Max Fried,over,4.5,5.415131719055994,0.915131719055994,7.551343514946152,6.910473972015004,V4_extra,,-110.0,,,1.9090909090909092,0.5238095238095238,Loss,0.0,-100.0,-1.0,0.5643564356435643,0.17465053600438887,35.279408272886556,13527.940827288645,2025_bt,2025,7
2025-07-25,Nick Martinez,over,3.5,4.366908281820178,0.8669082818201783,9.358925738821975,8.113330231924802,V4_extra,,-105.0,,,1.9523809523809523,0.5121951219512195,Win,1.0,95.23809523809523,0.9523809523809522,0.5665024630541872,0.17848172032151483,36.231789225267505,13623.17892252674,2025_bt,2025,7
2025-07-26,Janson Junk,over,3.5,4.2226700897922775,0.7226700897922775,10.072658716068617,7.279209178788274,V4_extra,,100.0,,,2.0,0.5,Win,1.0,100.0,1.0,0.5686274509803921,0.18250877071209562,37.231789225267505,13723.17892252674,2025_bt,2025,7
2025-07-26,Merrill Kelly,over,5.5,7.131501108515829,1.6315011085158293,24.82052628637358,40.49471615016477,V2_core,,105.0,,,2.05,0.4878048780487805,Loss,0.0,-100.0,-1.0,0.5658536585365853,0.17674043524520736,36.231789225267505,13623.17892252674,2025_bt,2025,7
2025-07-26,Tanner Bibee,over,4.5,5.282094297147116,0.7820942971471156,21.968951749550868,17.181791877623883,V2_core,,120.0,,,2.2,0.45454545454545453,Win,1.0,120.00000000000001,1.2000000000000002,0.5679611650485437,0.1817077146857646,37.43178922526751,13743.17892252674,2025_bt,2025,7
2025-07-26,Kevin Gausman,over,5.5,6.673481467690581,1.1734814676905811,8.502570222526629,9.97760858387278,V4_extra,,-115.0,,,1.8695652173913042,0.5348837209302325,Win,1.0,86.95652173913042,0.8695652173913042,0.5700483091787439,0.18503069779062228,38.30135444265881,13830.13544426587,2025_bt,2025,7
2025-07-27,Kyle Hendricks,over,3.5,4.886154362114566,1.3861543621145662,18.77750843127644,26.028525221656885,V2_core,,100.0,,,2.0,0.5,Loss,0.0,-100.0,-1.0,0.5673076923076923,0.17933343482047506,37.30135444265881,13730.13544426587,2025_bt,2025,7
2025-07-27,Zac Gallen,over,5.5,6.037951121894004,0.5379511218940038,12.910872018656184,6.945418087065996,V4_extra,,110.0,,,2.1,0.47619047619047616,Loss,0.0,-100.0,-1.0,0.5645933014354066,0.17369069111320007,36.30135444265881,13630.13544426587,2025_bt,2025,7
2025-07-27,Zack Wheeler,under,7.5,6.6031590852268565,0.8968409147731435,18.04938601470012,16.18742786451724,V2_core,,110.0,,,2.1,0.47619047619047616,Loss,0.0,-100.0,-1.0,0.5619047619047619,0.16810168782218482,35.30135444265881,13530.13544426587,2025_bt,2025,7
2025-07-27,Paul Skenes,over,6.5,7.487025056046568,0.9870250560465684,19.311710080347545,19.061141724410117,V2_core,,110.0,,,2.1,0.47619047619047616,Win,1.0,110.00000000000001,1.1,0.5639810426540285,0.17251826750075266,36.401354442658814,13640.13544426587,2025_bt,2025,7
2025-07-28,Drew Rasmussen,under,4.5,3.906797626154442,0.5932023738455579,11.004675305697544,6.527999514739373,V4_extra,,105.0,,,2.05,0.4878048780487805,Loss,0.0,-100.0,-1.0,0.5586854460093896,0.1615087063035625,34.401354442658814,13440.13544426587,2025_bt,2025,7
2025-07-28,Spencer Strider,over,6.5,7.335384788358272,0.8353847883582723,14.39172802316875,12.022630668744643,V2_core,,105.0,,,2.05,0.4878048780487805,Loss,0.0,-100.0,-1.0,0.5613207547169812,0.1669875209559378,35.401354442658814,13540.13544426587,2025_bt,2025,7
2025-07-29,Colin Rea,over,3.5,4.707154407112471,1.207154407112471,11.211064013912033,13.533485332813939,V2_core,,-110.0,,,1.9090909090909092,0.5238095238095238,Loss,0.0,-100.0,-1.0,0.5560747663551402,0.15608109552644306,33.401354442658814,13340.13544426587,2025_bt,2025,7
2025-07-30,Miles Mikolas,over,3.5,3.929166751260978,0.4291667512609778,16.626086685372233,7.1353636089445995,V4_extra,,120.0,,,2.2,0.45454545454545453,Win,1.0,120.00000000000001,1.2000000000000002,0.5581395348837209,0.16093653229143634,34.60135444265881,13460.13544426587,2025_bt,2025,7
2025-07-30,Ryan Gusto,over,4.5,5.392599558622718,0.8925995586227176,9.695634627636473,8.654319189195451,V4_extra,,-105.0,,,1.9523809523809523,0.5121951219512195,Win,1.0,95.23809523809523,0.9523809523809522,0.5601851851851852,0.16460062682888782,35.553735395039766,13555.373539503966,2025_bt,2025,7
2025-07-30,Shota Imanaga,over,4.5,5.028063373030137,0.528063373030137,15.4520932903203,8.159684503262886,V4_extra,,115.0,,,2.15,0.46511627906976744,Win,1.0,114.99999999999999,1.15,0.5622119815668203,0.16914163776516022,36.703735395039764,13670.373539503966,2025_bt,2025,7
2025-07-30,Taijuan Walker,over,3.5,4.498844491770924,0.9988444917709236,8.61467266674454,8.604718341587317,V4_extra,,-110.0,,,1.9090909090909092,0.5238095238095238,Loss,0.0,-100.0,-1.0,0.5596330275229358,0.1637786027295402,35.703735395039764,13570.373539503966,2025_bt,2025,7
2025-07-30,Shohei Ohtani,under,4.5,2.411305547684664,2.088694452315336,8.826562818956157,18.43599279296654,V2_core,,-140.0,,,1.7142857142857144,0.5833333333333334,Win,1.0,71.42857142857144,0.7142857142857144,0.5616438356164384,0.16629233383253644,36.41802110932548,13641.802110932536,2025_bt,2025,7
2025-07-30,Clay Holmes,over,3.5,4.083277980623546,0.5832779806235457,10.864408751103827,6.336970397012619,V4_extra,,105.0,,,2.05,0.4878048780487805,Loss,0.0,-100.0,-1.0,0.5590909090909091,0.16099100504238856,35.41802110932548,13541.802110932536,2025_bt,2025,7
2025-07-31,Marcus Stroman,over,3.5,4.585357077274451,1.085357077274451,20.672161176544503,22.436676435520717,V2_core,,110.0,,,2.1,0.47619047619047616,Loss,0.0,-100.0,-1.0,0.5565610859728507,0.15573765207839585,34.41802110932548,13441.802110932536,2025_bt,2025,7
2025-08-01,Trevor Rogers,over,4.5,5.212878320480306,0.7128783204803062,15.436011994911624,11.003998305846459,V4_extra,,110.0,,,2.1,0.47619047619047616,Win,1.0,110.00000000000001,1.1,0.5585585585585585,0.15999108607804272,35.51802110932548,13551.802110932536,2025_bt,2025,8
2025-08-02,Luis Castillo,over,5.5,6.422130028264387,0.9221300282643874,12.766384174162294,11.772266199354304,V4_extra,,100.0,,,2.0,0.5,Loss,0.0,-100.0,-1.0,0.5560538116591929,0.1547893323288138,34.51802110932548,13451.802110932536,2025_bt,2025,8
2025-08-02,Austin Gomber,over,3.5,4.188093228999024,0.6880932289990236,12.34038195351439,8.491333265474996,V4_extra,,105.0,,,2.05,0.4878048780487805,Win,1.0,104.99999999999999,1.0499999999999998,0.5580357142857143,0.15878580852377447,35.568021109325485,13556.802110932536,2025_bt,2025,8
2025-08-02,Tarik Skubal,under,8.5,6.811163293923824,1.6888367060761764,8.32678965521767,14.062588013506991,V2_core,,-130.0,,,1.7692307692307692,0.5652173913043478,Loss,0.0,-100.0,-1.0,0.5555555555555556,0.15363564937477991,34.568021109325485,13456.802110932536,2025_bt,2025,8
2025-08-03,Joe Boyle,over,4.5,5.918036105654527,1.4180361056545268,7.257388943333725,10.291239554425175,V4_extra,,-125.0,,,1.8,0.5555555555555556,Loss,0.0,-100.0,-1.0,0.5530973451327433,0.1485310668554225,33.568021109325485,13356.802110932536,2025_bt,2025,8
2025-08-03,Framber Valdez,over,6.5,7.125666728113054,0.6256667281130541,16.899991665500902,10.573762490491834,V4_extra,,115.0,,,2.15,0.46511627906976744,Loss,0.0,-100.0,-1.0,0.5506607929515418,0.1434714586313898,32.568021109325485,13256.802110932536,2025_bt,2025,8
2025-08-04,Quinn Priester,over,4.5,5.15100628493671,0.6510062849367104,11.81954896169952,7.694600659183557,V4_extra,,105.0,,,2.05,0.4878048780487805,Loss,0.0,-100.0,-1.0,0.5482456140350878,0.13845623293563808,31.568021109325482,13156.802110932536,2025_bt,2025,8
2025-08-04,Jason Alexander,over,3.5,4.461912101789233,0.9619121017892328,10.599174866590133,10.195474573153327,V4_extra,,-105.0,,,1.9523809523809523,0.5121951219512195,Win,1.0,95.23809523809523,0.9523809523809522,0.5502183406113537,0.14201048935242985,32.520402061706434,13252.040206170632,2025_bt,2025,8
2025-08-05,MacKenzie Gore,under,6.5,5.573537181775538,0.9264628182244624,15.644870541912992,14.494390853017583,V2_core,,105.0,,,2.05,0.4878048780487805,Win,1.0,104.99999999999999,1.0499999999999998,0.5521739130434783,0.14595826983350624,33.57040206170644,13357.040206170632,2025_bt,2025,8
2025-08-06,Tyler Anderson,over,4.5,5.017486174176611,0.5174861741766108,20.657134474627,10.6897814887265,V4_extra,,125.0,,,2.25,0.4444444444444444,Win,1.0,125.0,1.25,0.5555555555555556,0.15478804299874546,36.22040206170644,13622.040206170632,2025_bt,2025,8
2025-08-06,Spencer Strider,under,6.5,5.550408756178531,0.9495912438214686,24.44600629355278,23.213713522762237,V2_core,,120.0,,,2.2,0.45454545454545453,Win,1.0,120.00000000000001,1.2000000000000002,0.5536480686695279,0.15008756249659413,34.97040206170644,13497.040206170632,2025_bt,2025,8
2025-08-06,Robbie Ray,under,6.5,5.562809741456088,0.9371902585439118,12.967442012972796,12.152960332791158,V2_core,,100.0,,,2.0,0.5,Loss,0.0,-100.0,-1.0,0.5517241379310345,0.14556207785218292,33.770402061706434,13377.040206170632,2025_bt,2025,8
2025-08-06,Kevin Gausman,over,5.5,7.010062015897163,1.5100620158971632,32.34012717768622,48.83559764030749,V2_core,,120.0,,,2.2,0.45454545454545453,Win,1.0,120.00000000000001,1.2000000000000002,0.5541125541125541,0.1505212210463482,34.770402061706434,13477.040206170632,2025_bt,2025,8
2025-08-07,Paul Skenes,under,7.5,6.498549597236619,1.001450402763381,11.111264799233656,11.127380608403122,V4_extra,,-105.0,,,1.9523809523809523,0.5121951219512195,Loss,0.0,-100.0,-1.0,0.5531914893617021,0.14987405132641038,35.22040206170644,13522.040206170632,2025_bt,2025,8
2025-08-08,Kyle Hendricks,over,3.5,4.217285135869016,0.717285135869016,26.499080541173537,19.00739658637966,V2_core,,130.0,,,2.3,0.43478260869565216,Win,1.0,129.99999999999997,1.2999999999999998,0.5550847457627118,0.15474746636316286,36.520402061706434,13652.040206170632,2025_bt,2025,8
2025-08-08,Chase Burns,under,7.5,4.481980126125956,3.018019873874044,35.67623952613208,107.67159991495733,V2_core,,100.0,,,2.0,0.5,Loss,0.0,-100.0,-1.0,0.5527426160337553,0.14987511418441535,35.520402061706434,13552.040206170632,2025_bt,2025,8
2025-08-09,Bailey Ober,over,4.5,5.034386594721647,0.5343865947216466,12.859075146300746,6.871717378701415,V4_extra,,110.0,,,2.1,0.47619047619047616,Loss,0.0,-100.0,-1.0,0.5504201680672269,0.14504370614162368,34.520402061706434,13452.040206170632,2025_bt,2025,8
2025-08-09,Colin Rea,over,3.5,4.1636519230667535,0.6636519230667535,9.265677634411064,6.14918478059351,V4_extra,,100.0,,,2.0,0.5,Win,1.0,100.0,1.0,0.5523012552301255,0.14862092912847882,35.520402061706434,13552.040206170632,2025_bt,2025,8
2025-08-10,Jack Kochanowicz,over,3.5,4.09646102581773,0.5964610258177299,19.17637078081921,11.437957787388566,V4_extra,,120.0,,,2.2,0.45454545454545453,Loss,0.0,-100.0,-1.0,0.55,0.14383500859044349,34.520402061706434,13452.040206170632,2025_bt,2025,8
2025-08-10,Dylan Cease,under,7.5,5.875389796967072,1.624610203032928,9.524443601785752,15.47350825367282,V2_core,,-125.0,,,1.8,0.5555555555555556,Win,1.0,80.0,0.8,0.5518672199170125,0.1465576849033462,35.32040206170644,13532.040206170632,2025_bt,2025,8
2025-08-10,Eric Lauer,over,4.5,5.195697520147976,0.6956975201479763,20.67479878131084,14.383406241716354,V2_core,,120.0,,,2.2,0.45454545454545453,Loss,0.0,-100.0,-1.0,0.5495867768595041,0.1418198432301919,34.32040206170644,13432.040206170632,2025_bt,2025,8
2025-08-11,Taijuan Walker,over,3.5,4.538881548015107,1.038881548015107,28.60498091877504,29.717186857839614,V2_core,,125.0,,,2.25,0.4444444444444444,Loss,0.0,-100.0,-1.0,0.5473251028806584,0.13712099613870962,33.32040206170644,13332.040206170632,2025_bt,2025,8
2025-08-12,Ranger Suarez,over,5.5,5.915342743669412,0.4153427436694121,16.414203903341274,6.817520484362938,V4_extra,,120.0,,,2.2,0.45454545454545453,Loss,0.0,-100.0,-1.0,0.5450819672131147,0.13246066418732147,32.32040206170644,13232.040206170632,2025_bt,2025,8
2025-08-13,Hunter Greene,under,6.5,5.002305238196339,1.4976947618036611,23.161827180870866,34.68934724259196,V2_core,,105.0,,,2.05,0.4878048780487805,Win,1.0,104.99999999999999,1.0499999999999998,0.5469387755102041,0.1362057227008426,33.370402061706436,13337.040206170632,2025_bt,2025,8
2025-08-13,Mitch Keller,over,4.5,4.879712505761035,0.3797125057610353,15.867405701515002,6.0250523788492,V4_extra,,120.0,,,2.2,0.45454545454545453,Win,1.0,120.00000000000001,1.2000000000000002,0.5487804878048781,0.14053008968173347,34.57040206170644,13457.040206170632,2025_bt,2025,8
2025-08-13,Kai-Wei Teng,over,3.5,4.648095029764128,1.1480950297641277,18.637253955872023,21.397338635188497,V2_core,,105.0,,,2.05,0.4878048780487805,Loss,0.0,-100.0,-1.0,0.5465587044534413,0.13591255895427706,33.57040206170644,13357.040206170632,2025_bt,2025,8
2025-08-13,Brandon Woodruff,over,7.5,7.897256186480607,0.3972561864806065,16.13675988334996,6.410427693412842,V4_extra,,120.0,,,2.2,0.45454545454545453,Loss,0.0,-100.0,-1.0,0.5443548387096774,0.13133226637784853,32.57040206170644,13257.040206170632,2025_bt,2025,8
2025-08-14,Bailey Ober,over,5.5,6.264905342244869,0.7649053422448686,21.71230537757713,16.60785837576074,V2_core,,120.0,,,2.2,0.45454545454545453,Loss,0.0,-100.0,-1.0,0.5421686746987951,0.12678876330002584,31.570402061706435,13157.040206170632,2025_bt,2025,8
2025-08-14,Tanner Bibee,over,5.5,6.050468303148775,0.5504683031487749,13.092663086894296,7.207096033141305,V4_extra,,110.0,,,2.1,0.47619047619047616,Loss,0.0,-100.0,-1.0,0.54,0.12228160824682574,30.570402061706435,13057.040206170632,2025_bt,2025,8
2025-08-15,MacKenzie Gore,under,6.5,5.409659578930107,1.090340421069893,17.86586278267446,19.4798723492382,V2_core,,105.0,,,2.05,0.4878048780487805,Loss,0.0,-100.0,-1.0,0.5433070866141733,0.12708461799526513,32.27949297079735,13227.949297079722,2025_bt,2025,8
2025-08-15,Luis Castillo,over,4.5,5.953560938814871,1.4535609388148707,7.653516074971101,11.124852011169699,V4_extra,,-125.0,,,1.8,0.5555555555555556,Win,1.0,80.0,0.8,0.5454545454545454,0.1315394979082899,33.27949297079735,13327.949297079722,2025_bt,2025,8
2025-08-15,Sandy Alcantara,over,4.5,5.649191053034451,1.149191053034451,15.757885121118177,18.108820595933704,V2_core,,100.0,,,2.0,0.5,Win,1.0,100.0,1.0,0.5418326693227091,0.12577849426974677,31.570402061706435,13157.040206170632,2025_bt,2025,8
2025-08-15,Zack Wheeler,under,7.5,5.955002432069356,1.5449975679306442,15.246826751933906,23.556310250397768,V2_core,,-110.0,,,1.9090909090909092,0.5238095238095238,Win,1.0,90.90909090909092,0.9090909090909092,0.5436507936507936,0.12888687686824343,32.479492970797345,13247.949297079722,2025_bt,2025,8
2025-08-16,Slade Cecconi,over,4.5,5.067946607399544,0.5679466073995441,16.04496420642598,9.112682986886753,V4_extra,,115.0,,,2.15,0.46511627906976744,Loss,0.0,-100.0,-1.0,0.5411764705882353,0.12266467831685234,31.279492970797346,13127.949297079722,2025_bt,2025,8
2025-08-17,Logan Webb,over,6.5,7.06552867010623,0.5655286701062296,18.70695295525884,10.579318226527333,V4_extra,,120.0,,,2.2,0.45454545454545453,Win,1.0,120.00000000000001,1.2000000000000002,0.54296875,0.12687301941717713,32.479492970797345,13247.949297079722,2025_bt,2025,8
2025-08-17,George Kirby,over,5.5,6.368733239328429,0.8687332393284288,23.255824733150988,20.20310795368445,V2_core,,120.0,,,2.2,0.45454545454545453,Loss,0.0,-100.0,-1.0,0.5408560311284046,0.12248829949726593,31.479492970797345,13147.949297079722,2025_bt,2025,8
2025-08-17,Davis Martin,over,3.5,3.836922507088555,0.3369225070885551,25.68311001617505,8.653217816480879,V4_extra,,140.0,,,2.4,0.4166666666666667,Win,1.0,140.0,1.4,0.5426356589147286,0.12743989523564864,32.879492970797344,13287.949297079722,2025_bt,2025,8
2025-08-17,Antonio Senzatela,over,2.5,3.027317852319877,0.5273178523198769,15.440995799100588,8.142312742461964,V4_extra,,115.0,,,2.15,0.46511627906976744,Loss,0.0,-100.0,-1.0,0.5405405405405406,0.123086845447094,31.879492970797347,13187.949297079722,2025_bt,2025,8
2025-08-17,Ryan Pepiot,over,5.5,6.316231100223006,0.816231100223006,14.126631977062054,11.530596361082859,V4_extra,,105.0,,,2.05,0.4878048780487805,Win,1.0,104.99999999999999,1.0499999999999998,0.5423076923076923,0.12665189604152827,32.92949297079735,13292.949297079722,2025_bt,2025,8
2025-08-19,Tarik Skubal,over,7.5,8.508958380734224,1.0089583807342244,22.46466601076289,22.665913041954493,V2_core,,115.0,,,2.15,0.46511627906976744,Win,1.0,114.99999999999999,1.15,0.5440613026819924,0.13057277000305498,34.07949297079735,13407.949297079722,2025_bt,2025,8
2025-08-19,Hunter Brown,over,6.5,7.155546635950212,0.6555466359502118,14.612261132229545,9.57901862885911,V4_extra,,110.0,,,2.1,0.47619047619047616,Loss,0.0,-100.0,-1.0,0.5419847328244275,0.1262576067587685,33.07949297079735,13307.949297079722,2025_bt,2025,8
2025-08-19,Merrill Kelly,over,4.5,5.053895367318507,0.553895367318507,13.142408359171233,7.279519105552967,V4_extra,,110.0,,,2.1,0.47619047619047616,Loss,0.0,-100.0,-1.0,0.5399239543726235,0.12197525844409637,32.07949297079735,13207.949297079722,2025_bt,2025,8
2025-08-20,Charlie Morton,over,5.5,6.145428217125972,0.6454282171259722,17.19185916309397,11.09611100871655,V4_extra,,115.0,,,2.15,0.46511627906976744,Win,1.0,114.99999999999999,1.15,0.5416666666666666,0.12586929155605056,33.229492970797345,13322.949297079722,2025_bt,2025,8
2025-08-20,Bailey Ober,over,5.5,5.962766375565492,0.4627663755654918,17.14041028931046,7.932005545289664,V4_extra,,120.0,,,2.2,0.45454545454545453,Win,1.0,120.00000000000001,1.2000000000000002,0.5433962264150943,0.12992261498414093,34.42949297079735,13442.949297079722,2025_bt,2025,8
2025-08-20,Johan Oviedo,over,3.5,4.179649039427668,0.6796490394276677,17.69617878988653,12.02719091608665,V2_core,,115.0,,,2.15,0.46511627906976744,Win,1.0,114.99999999999999,1.15,0.5451127819548872,0.1337574923714186,35.57949297079735,13557.949297079722,2025_bt,2025,8
2025-08-21,Sean Manaea,under,5.5,4.857028146039965,0.6429718539600353,11.70650696018043,7.5269544835832685,V4_extra,,105.0,,,2.05,0.4878048780487805,Loss,0.0,-100.0,-1.0,0.5410447761194029,0.12529661556267666,33.57949297079735,13357.949297079722,2025_bt,2025,8
2025-08-21,Jack Perkins,over,5.5,6.121302947595409,0.6213029475954093,16.835479575246826,10.459933084283161,V4_extra,,115.0,,,2.15,0.46511627906976744,Loss,0.0,-100.0,-1.0,0.5430711610486891,0.12951120962845447,34.57949297079735,13457.949297079722,2025_bt,2025,8
2025-08-21,Clayton Kershaw,over,3.5,5.270477854932048,1.7704778549320483,17.801267727878322,31.51675030192511,V2_core,,-110.0,,,1.9090909090909092,0.5238095238095238,Loss,0.0,-100.0,-1.0,0.5390334572490706,0.12111335676876336,32.57949297079735,13257.949297079722,2025_bt,2025,8
2025-08-22,Antonio Senzatela,over,2.5,3.654019903554549,1.1540199035545489,10.555951728613678,12.18177839578123,V2_core,,-110.0,,,1.9090909090909092,0.5238095238095238,Win,1.0,90.90909090909092,0.9090909090909092,0.5424354243542435,0.12837115822836995,34.78858387988826,13478.858387988812,2025_bt,2025,8
2025-08-22,Braxton Ashcraft,over,4.5,4.962583611777456,0.4625836117774557,22.46205233680263,10.3905772978924,V4_extra,,130.0,,,2.3,0.43478260869565216,Win,1.0,129.99999999999997,1.2999999999999998,0.5407407407407407,0.12547960359554572,33.879492970797344,13387.949297079722,2025_bt,2025,8
2025-08-23,Chris Paddack,over,3.5,4.149259737206893,0.6492597372068927,14.521688681003742,9.428347776828797,V4_extra,,110.0,,,2.1,0.47619047619047616,Loss,0.0,-100.0,-1.0,0.5404411764705882,0.12422273485253035,33.78858387988826,13378.858387988812,2025_bt,2025,8
2025-08-23,Michael Wacha,over,4.5,4.996381029726814,0.4963810297268143,20.327920557676528,10.090394138624353,V4_extra,,125.0,,,2.25,0.4444444444444444,Loss,0.0,-100.0,-1.0,0.5384615384615384,0.12010470285673354,32.78858387988826,13278.858387988812,2025_bt,2025,8
2025-08-24,Paul Skenes,under,7.5,6.686597434360197,0.8134025656398034,22.43530104620925,18.24893143188797,V2_core,,120.0,,,2.2,0.45454545454545453,Win,1.0,120.00000000000001,1.2000000000000002,0.5401459854014599,0.12404592656893525,33.98858387988825,13398.858387988812,2025_bt,2025,8
2025-08-24,Kyle Hendricks,over,3.5,4.017338053971171,0.5173380539711712,26.017262215246028,13.459719804093062,V2_core,,135.0,,,2.35,0.425531914893617,Loss,0.0,-100.0,-1.0,0.5381818181818182,0.11995848683595729,32.98858387988825,13298.858387988812,2025_bt,2025,8
2025-08-24,Logan Gilbert,under,6.5,5.4408246241962965,1.0591753758037037,20.31162966147393,21.513577979877304,V2_core,,110.0,,,2.1,0.47619047619047616,Loss,0.0,-100.0,-1.0,0.5362318840579711,0.11590066623147918,31.988583879888257,13198.858387988812,2025_bt,2025,8
2025-08-26,Sandy Alcantara,over,4.5,5.836106340506005,1.3361063405060047,8.303528361350898,11.09439689217237,V4_extra,,-120.0,,,1.8333333333333335,0.5454545454545454,Win,1.0,83.33333333333334,0.8333333333333335,0.5340501792114696,0.11047282155276555,30.821917213221592,13082.191721322146,2025_bt,2025,8
2025-08-26,Sean Manaea,under,5.5,5.004071149174834,0.495928850825166,12.299471533715888,6.099662783472563,V4_extra,,110.0,,,2.1,0.47619047619047616,Loss,0.0,-100.0,-1.0,0.5342960288808665,0.11187214397071572,30.988583879888257,13098.858387988812,2025_bt,2025,8
2025-08-26,Luis Gil,over,5.5,6.045483935436343,0.5454839354363434,15.711251359228209,8.570235222061404,V4_extra,,115.0,,,2.15,0.46511627906976744,Loss,0.0,-100.0,-1.0,0.5323741007194245,0.10787260388449013,29.988583879888257,12998.858387988812,2025_bt,2025,8
2025-08-26,Shane Baz,over,5.5,6.49266441033543,0.99266441033543,8.536539799823373,8.473919246696598,V4_extra,,-110.0,,,1.9090909090909092,0.5238095238095238,Win,1.0,90.90909090909092,0.9090909090909092,0.5357142857142857,0.11332502900825893,31.731008122312502,13173.100812231236,2025_bt,2025,8
2025-08-27,Carmen Mlodzinski,over,2.5,3.449676814966798,0.9496768149667978,32.9323004463249,31.275042197395486,V2_core,,135.0,,,2.35,0.425531914893617,Win,1.0,135.0,1.35,0.5387323943661971,0.12088383141659331,34.331008122312504,13433.100812231236,2025_bt,2025,8
2025-08-27,Bryan Woo,over,5.5,6.342534470020378,0.8425344700203778,14.490548098344536,12.208786262343509,V2_core,,105.0,,,2.05,0.4878048780487805,Win,1.0,104.99999999999999,1.0499999999999998,0.5371024734982333,0.11654066474315371,32.9810081223125,13298.100812231236,2025_bt,2025,8
2025-08-27,Nolan McLean,over,5.5,6.020602874971183,0.5206028749711828,18.023364374037964,9.383015309777358,V4_extra,,120.0,,,2.2,0.45454545454545453,Win,1.0,120.00000000000001,1.2000000000000002,0.5373665480427047,0.11719219972353204,32.9310081223125,13293.100812231236,2025_bt,2025,8
2025-08-27,Taijuan Walker,over,3.5,3.9912568449374057,0.4912568449374057,12.231395778611889,6.008756899381579,V4_extra,,110.0,,,2.1,0.47619047619047616,Loss,0.0,-100.0,-1.0,0.5354609929078015,0.11323052525642731,31.9310081223125,13193.100812231236,2025_bt,2025,8
2025-08-28,Shota Imanaga,over,5.5,6.30735534661801,0.8073553466180101,16.7841871342005,13.550803221433991,V2_core,,110.0,,,2.1,0.47619047619047616,Loss,0.0,-100.0,-1.0,0.5368421052631579,0.11695090569232457,33.331008122312504,13333.100812231236,2025_bt,2025,8
2025-08-29,Jonah Tong,under,5.5,3.71764582304296,1.78235417695704,38.991826934146246,69.49724560326158,V2_core,,125.0,,,2.25,0.4444444444444444,Loss,0.0,-100.0,-1.0,0.534965034965035,0.1130454829451486,32.331008122312504,13233.100812231236,2025_bt,2025,8
2025-08-30,Michael McGreevy,over,3.5,4.35775140803332,0.8577514080333204,11.903046628499103,10.209855005481373,V4_extra,,100.0,,,2.0,0.5,Loss,0.0,-100.0,-1.0,0.53125,0.10531600042469619,30.3310081223125,13033.100812231236,2025_bt,2025,8
2025-08-30,Logan Gilbert,under,6.5,4.945973147217413,1.5540268527825871,23.865405216306826,37.087480558678436,V2_core,,105.0,,,2.05,0.4878048780487805,Win,1.0,104.99999999999999,1.0499999999999998,0.532871972318339,0.10858480319139274,31.3810081223125,13138.100812231236,2025_bt,2025,8
2025-08-30,Chris Sale,under,6.5,5.084605441465713,1.4153945585342873,13.726490082006473,19.428399369846826,V2_core,,-110.0,,,1.9090909090909092,0.5238095238095238,Loss,0.0,-100.0,-1.0,0.5331010452961672,0.10916727568750001,31.3310081223125,13133.100812231236,2025_bt,2025,8
2025-08-31,Brandon Pfaadt,over,4.5,5.319428268431092,0.8194282684310918,16.95557511716149,13.893877558508947,V2_core,,110.0,,,2.1,0.47619047619047616,Win,1.0,110.00000000000001,1.1,0.5306122448979592,0.10351492882548795,30.433389074693455,13043.338907469331,2025_bt,2025,8
2025-08-31,Lucas Giolito,over,5.5,6.686617922781068,1.1866179227810676,13.474536815997718,15.989126887036232,V2_core,,-105.0,,,1.9523809523809523,0.5121951219512195,Win,1.0,95.23809523809523,0.9523809523809522,0.5290102389078498,0.10011395588632578,29.333389074693454,12933.338907469331,2025_bt,2025,8
2025-08-31,Michael Wacha,over,4.5,5.285166326297828,0.7851663262978281,8.281510135291558,6.502362889125102,V4_extra,,-105.0,,,1.9523809523809523,0.5121951219512195,Loss,0.0,-100.0,-1.0,0.5310344827586206,0.10476209697349138,30.3810081223125,13038.100812231236,2025_bt,2025,8
2025-08-31,Tanner Bibee,over,5.5,5.843618039593943,0.3436180395939434,17.933281573939542,6.162199057923293,V4_extra,,125.0,,,2.25,0.4444444444444444,Loss,0.0,-100.0,-1.0,0.5292096219931272,0.10096566365055842,29.3810081223125,12938.100812231236,2025_bt,2025,8
2025-08-31,Matthew Boyd,over,5.5,6.442829303530403,0.9428293035304032,15.868699793009757,14.961475173776442,V2_core,,105.0,,,2.05,0.4878048780487805,Loss,0.0,-100.0,-1.0,0.5273972602739726,0.09719523329559075,28.3810081223125,12838.100812231236,2025_bt,2025,8
2025-09-01,Dylan Cease,under,7.5,6.154754498244063,1.3452455017559366,24.17763675221724,32.524857084009255,V2_core,,110.0,,,2.1,0.47619047619047616,Win,1.0,110.00000000000001,1.1,0.5322033898305085,0.10689284432099476,31.533389074693456,13153.338907469331,2025_bt,2025,9
2025-09-01,Kyle Bradish,over,4.5,5.781037324327301,1.2810373243273014,26.26090152573197,33.641195024946434,V2_core,,115.0,,,2.15,0.46511627906976744,Win,1.0,114.99999999999999,1.15,0.5337837837837838,0.11041685498207249,32.68338907469345,13268.338907469331,2025_bt,2025,9
2025-09-01,Chris Bassitt,over,4.5,6.312958882104556,1.812958882104556,7.839576245982194,14.21282938708931,V2_core,,-135.0,,,1.7407407407407407,0.574468085106383,Win,1.0,74.07407407407408,0.7407407407407408,0.5353535353535354,0.11253915762772455,33.42412981543419,13342.412981543406,2025_bt,2025,9
2025-09-02,Carmen Mlodzinski,over,3.5,3.869544872400464,0.3695448724004642,20.97079517213871,7.74964982602427,V4_extra,,130.0,,,2.3,0.43478260869565216,Loss,0.0,-100.0,-1.0,0.5335570469798657,0.10880580474977918,32.42412981543419,13242.412981543406,2025_bt,2025,9
2025-09-02,Clayton Kershaw,over,4.5,5.397731285963193,0.897731285963193,15.250915230591788,13.691223742074811,V2_core,,105.0,,,2.05,0.4878048780487805,Loss,0.0,-100.0,-1.0,0.5317725752508361,0.10509742413188694,31.424129815434195,13142.412981543406,2025_bt,2025,9
2025-09-02,Shota Imanaga,over,5.5,6.255020688412475,0.7550206884124746,16.038867045905402,12.109676438355649,V2_core,,110.0,,,2.1,0.47619047619047616,Loss,0.0,-100.0,-1.0,0.53,0.10141376605144731,30.424129815434195,13042.412981543406,2025_bt,2025,9
2025-09-02,Sawyer Gipson-Long,over,3.5,4.785245731714703,1.2852457317147028,23.3807853152728,30.050054530592167,V2_core,,110.0,,,2.1,0.47619047619047616,Loss,0.0,-100.0,-1.0,0.5282392026578073,0.09775458410443254,29.424129815434195,12942.412981543406,2025_bt,2025,9
2025-09-03,George Kirby,over,5.5,6.024324328301186,0.5243243283011862,12.712792145728248,6.66562620264156,V4_extra,,110.0,,,2.1,0.47619047619047616,Loss,0.0,-100.0,-1.0,0.5264900662251656,0.09411963515044434,28.424129815434195,12842.412981543406,2025_bt,2025,9
2025-09-03,Cade Povich,over,4.5,5.071755502347764,0.5717555023477638,13.401463496609322,7.662360493699083,V4_extra,,110.0,,,2.1,0.47619047619047616,Loss,0.0,-100.0,-1.0,0.5247524752475248,0.09050867925885872,27.424129815434195,12742.412981543406,2025_bt,2025,9
2025-09-04,Kyle Hendricks,over,2.5,3.6703087214326993,1.1703087214326993,18.93227072791776,22.156601549407153,V2_core,,105.0,,,2.05,0.4878048780487805,Loss,0.0,-100.0,-1.0,0.5230263157894737,0.08692147965603353,26.424129815434195,12642.412981543406,2025_bt,2025,9
2025-09-05,David Peterson,over,4.5,5.555902434883941,1.055902434883941,23.12995911388064,24.422980147112572,V2_core,,115.0,,,2.15,0.46511627906976744,Loss,0.0,-100.0,-1.0,0.521311475409836,0.08335780267355473,25.424129815434195,12542.412981543406,2025_bt,2025,9
2025-09-06,Joe Ryan,over,5.5,5.942400158428164,0.442400158428164,14.173571141222665,6.27039011836976,V4_extra,,115.0,,,2.15,0.46511627906976744,Loss,0.0,-100.0,-1.0,0.5196078431372549,0.07981741769749737,24.424129815434195,12442.412981543406,2025_bt,2025,9
2025-09-06,Sandy Alcantara,over,4.5,6.089077344374719,1.5890773443747186,7.275224310138972,11.560894126486032,V4_extra,,-130.0,,,1.7692307692307692,0.5652173913043478,Loss,0.0,-100.0,-1.0,0.5179153094462541,0.07630009711867816,23.424129815434195,12342.412981543406,2025_bt,2025,9
2025-09-07,Taijuan Walker,over,3.5,4.25033821693895,0.7503382169389496,29.77818935741164,22.343713506110657,V2_core,,135.0,,,2.35,0.425531914893617,Loss,0.0,-100.0,-1.0,0.5209003215434084,0.08197329592548391,25.4936950328255,12549.369503282536,2025_bt,2025,9
2025-09-07,Luis Castillo,over,4.5,5.551700162152793,1.0517001621527928,14.48425033416636,15.233088425104404,V2_core,,100.0,,,2.0,0.5,Win,1.0,100.0,1.0,0.5225806451612903,0.08546353236395322,26.4936950328255,12649.369503282536,2025_bt,2025,9
2025-09-07,Luis Severino,over,5.5,5.808758691562095,0.3087586915620948,19.9929327986456,6.1729917713987055,V4_extra,,130.0,,,2.3,0.43478260869565216,Win,1.0,129.99999999999997,1.2999999999999998,0.5224358974358975,0.0858772276693125,26.7936950328255,12679.369503282536,2025_bt,2025,9
2025-09-07,Bailey Ober,over,3.5,5.071374302319206,1.5713743023192055,13.159349090703753,20.67826299637948,V2_core,,-115.0,,,1.8695652173913042,0.5348837209302325,Win,1.0,86.95652173913042,0.8695652173913042,0.5194805194805194,0.07887563322345942,24.2936950328255,12429.369503282536,2025_bt,2025,9
2025-09-07,Clayton Kershaw,over,4.5,5.300657124121536,0.8006571241215363,22.24562807914233,17.811120602123395,V2_core,,120.0,,,2.2,0.45454545454545453,Win,1.0,120.00000000000001,1.2000000000000002,0.5210355987055016,0.08250386742014724,25.4936950328255,12549.369503282536,2025_bt,2025,9
2025-09-08,Nolan McLean,over,5.5,6.122947639934325,0.622947639934325,11.42445713516793,7.116838609883722,V4_extra,,105.0,,,2.05,0.4878048780487805,Loss,0.0,-100.0,-1.0,0.5207667731629393,0.08240797135088018,25.7936950328255,12579.369503282536,2025_bt,2025,9
2025-09-08,Shota Imanaga,over,4.5,5.755628622997247,1.255628622997247,7.367496030353177,9.250838895530043,V4_extra,,-120.0,,,1.8333333333333335,0.5454545454545454,Loss,0.0,-100.0,-1.0,0.5191082802547771,0.07896081220645064,24.7936950328255,12479.369503282536,2025_bt,2025,9
2025-09-09,Shane Bieber,over,5.5,6.235112344884961,0.7351123448849606,18.510420459450984,13.607238588753562,V2_core,,115.0,,,2.15,0.46511627906976744,Loss,0.0,-100.0,-1.0,0.5174603174603175,0.07553553978674761,23.7936950328255,12379.369503282536,2025_bt,2025,9
2025-09-10,Merrill Kelly,over,4.5,5.951523271673337,1.451523271673337,7.251212644854682,10.52530390185854,V4_extra,,-126.0,,,1.7936507936507935,0.5575221238938053,Win,1.0,79.36507936507935,0.7936507936507935,0.5189873417721519,0.07780805641289966,24.587345826476295,12458.734582647616,2025_bt,2025,9
2025-09-10,Jason Alexander,over,3.5,4.095763795357184,0.5957637953571844,20.24912702751125,12.063696770579844,V2_core,,122.0,,,2.2199999999999998,0.45045045045045046,Loss,0.0,-100.0,-1.0,0.5173501577287066,0.07440803099834793,23.587345826476295,12358.734582647616,2025_bt,2025,9
2025-09-10,Jameson Taillon,over,3.5,4.113369186503276,0.6133691865032764,16.175259719940637,9.921405895899204,V4_extra,,114.0,,,2.1399999999999997,0.4672897196261682,Loss,0.0,-100.0,-1.0,0.5157232704402516,0.07102938939143488,22.587345826476295,12258.734582647616,2025_bt,2025,9
2025-09-11,Tyler Holton,over,1.5,1.9095537471243604,0.4095537471243604,40.11926752829192,16.43099634809663,V2_core,,165.0,,,2.65,0.37735849056603776,Win,1.0,165.0,1.65,0.5172413793103449,0.07597914052186926,24.237345826476293,12423.734582647616,2025_bt,2025,9
2025-09-11,Ryan Weathers,under,4.5,3.7483991224175,0.7516008775824998,12.123698877991728,9.112182716244552,V4_extra,,103.0,,,2.0300000000000002,0.49261083743842365,Win,1.0,103.00000000000003,1.0300000000000002,0.51875,0.07896045570773842,25.267345826476294,12526.734582647616,2025_bt,2025,9
2025-09-12,Sandy Alcantara,over,5.5,6.250328910400498,0.7503289104004978,18.733100975356088,14.055987243261436,V2_core,,115.0,,,2.15,0.46511627906976744,Win,1.0,114.99999999999999,1.15,0.5217391304347826,0.08564393113812514,27.577345826476293,12757.734582647616,2025_bt,2025,9
2025-09-12,Tanner Bibee,over,5.5,6.108293694503526,0.6082936945035264,17.18555365719112,10.453863926221377,V4_extra,,116.0,,,2.16,0.46296296296296297,Win,1.0,116.00000000000001,1.1600000000000001,0.5202492211838006,0.08232818014478596,26.427345826476294,12642.734582647616,2025_bt,2025,9
2025-09-13,Ryan Bergert,over,4.5,5.062547847487779,0.562547847487779,20.27977566098893,11.40834414562437,V4_extra,,123.0,,,2.23,0.4484304932735426,Win,1.0,123.0,1.23,0.5232198142414861,0.08918682918413713,28.807345826476293,12880.734582647616,2025_bt,2025,9
2025-09-14,Kyle Hendricks,over,3.5,4.319091115554435,0.8190911155544347,7.738379562977271,6.338437948822692,V4_extra,,-107.0,,,1.9345794392523366,0.5169082125603864,Win,1.0,93.45794392523365,0.9345794392523366,0.5246913580246914,0.09179606563496491,29.741925265728632,12974.19252657285,2025_bt,2025,9
2025-09-15,Matthew Liberatore,over,3.5,4.555484474356898,1.0554844743568976,8.398253185938687,8.864225849476636,V4_extra,,-112.0,,,1.8928571428571428,0.5283018867924528,Win,1.0,89.28571428571428,0.8928571428571428,0.5261538461538462,0.09426086894949469,30.634782408585775,13063.478240858563,2025_bt,2025,9
2025-09-15,Mitchell Parker,over,3.5,4.106312812950087,0.6063128129500868,16.61370712081802,10.073103497952062,V4_extra,,115.0,,,2.15,0.46511627906976744,Loss,0.0,-100.0,-1.0,0.5245398773006135,0.09090424051713428,29.634782408585775,12963.478240858563,2025_bt,2025,9
2025-09-15,Jameson Taillon,over,4.5,5.004592930608338,0.5045929306083377,13.496384166318444,6.81018003909859,V4_extra,,112.0,,,2.12,0.4716981132075472,Loss,0.0,-100.0,-1.0,0.5229357798165137,0.08756814192228066,28.634782408585775,12863.478240858563,2025_bt,2025,9
2025-09-15,Kyle Bradish,over,5.5,6.678297522149293,1.1782975221492933,30.070938953986413,35.43251285818485,V2_core,,124.0,,,2.24,0.44642857142857145,Win,1.0,124.00000000000003,1.2400000000000002,0.524390243902439,0.09108165368471273,29.874782408585773,12987.478240858563,2025_bt,2025,9
2025-09-16,Dean Kremer,over,4.5,5.221517294047513,0.721517294047513,12.80835937181064,9.241452795136917,V4_extra,,105.0,,,2.05,0.4878048780487805,Loss,0.0,-100.0,-1.0,0.5180722891566265,0.07793609159212583,25.874782408585773,12587.478240858563,2025_bt,2025,9
2025-09-16,Zebby Matthews,over,5.5,6.213301166190913,0.713301166190913,11.04427910593644,7.877897166002397,V4_extra,,102.0,,,2.02,0.49504950495049505,Loss,0.0,-100.0,-1.0,0.5196374622356495,0.08119269609844645,26.874782408585773,12687.478240858563,2025_bt,2025,9
2025-09-16,Michael King,over,4.5,6.119600335323998,1.619600335323998,19.2948080776442,31.24987763256473,V2_core,,-104.0,,,1.9615384615384617,0.5098039215686274,Loss,0.0,-100.0,-1.0,0.5227963525835866,0.0877652960747288,28.874782408585773,12887.478240858563,2025_bt,2025,9
2025-09-16,Connelly Early,under,5.5,4.261698412296101,1.2383015877038988,23.92100603049203,29.621419747032817,V2_core,,112.0,,,2.12,0.4716981132075472,Loss,0.0,-100.0,-1.0,0.5212121212121212,0.08446903760177507,27.874782408585773,12787.478240858563,2025_bt,2025,9
2025-09-17,Lucas Giolito,over,5.5,6.185553209329779,0.6855532093297789,18.330872087843865,12.566788189635027,V2_core,,116.0,,,2.16,0.46296296296296297,Loss,0.0,-100.0,-1.0,0.5165165165165165,0.07469904627202935,24.874782408585773,12487.478240858563,2025_bt,2025,9
2025-09-17,Johan Oviedo,over,4.5,5.4394723808079535,0.9394723808079536,7.861610995074786,7.385766398528895,V4_extra,,-110.0,,,1.9090909090909092,0.5238095238095238,Loss,0.0,-100.0,-1.0,0.5149700598802395,0.07148138445684364,23.874782408585773,12387.478240858563,2025_bt,2025,9
2025-09-18,Tanner Bibee,over,5.5,6.580177345019868,1.0801773450198675,18.878064276376293,20.39165734917055,V2_core,,107.0,,,2.0700000000000003,0.4830917874396135,Win,1.0,107.00000000000003,1.0700000000000003,0.5164179104477612,0.07446203704055455,24.944782408585773,12494.478240858563,2025_bt,2025,9
2025-09-18,Sandy Alcantara,over,5.5,6.739465196844049,1.2394651968440489,21.598367998946166,26.770425443324015,V2_core,,108.0,,,2.08,0.4807692307692308,Win,1.0,108.0,1.08,0.5178571428571429,0.07745470954936243,26.024782408585775,12602.478240858563,2025_bt,2025,9
2025-09-18,Colin Rea,over,4.5,5.000157319615048,0.500157319615048,19.85180539749404,9.92902577713016,V4_extra,,124.0,,,2.24,0.44642857142857145,Win,1.0,124.00000000000003,1.2400000000000002,0.5192878338278932,0.08090439883853345,27.264782408585774,12726.478240858563,2025_bt,2025,9
2025-09-18,Tanner Gordon,over,3.5,4.344256759687836,0.8442567596878359,8.559385263889963,7.226318867811552,V4_extra,,-106.0,,,1.9433962264150944,0.5145631067961165,Win,1.0,94.33962264150944,0.9433962264150944,0.5207100591715976,0.08345614980769488,28.208178635000866,12820.817863500073,2025_bt,2025,9
2025-09-19,Shota Imanaga,over,4.5,6.695199226762988,2.195199226762988,8.832987276286651,19.39016683891177,V2_core,,-143.0,,,1.6993006993006992,0.588477366255144,Loss,0.0,-100.0,-1.0,0.5205882352941177,0.08328876069117902,28.31817863500087,12831.817863500073,2025_bt,2025,9
2025-09-19,Michael Lorenzen,over,3.5,4.019478127353836,0.5194781273538362,13.178696609175232,6.846044635498701,V4_extra,,111.0,,,2.1100000000000003,0.47393364928909953,Win,1.0,111.00000000000003,1.1100000000000003,0.5221238938053098,0.08648430275811465,29.31817863500087,12931.817863500073,2025_bt,2025,9
2025-09-20,Bailey Ober,over,4.5,6.25896132040051,1.75896132040051,16.186063910146743,28.470660347478756,V2_core,,-113.0,,,1.8849557522123894,0.5305164319248826,Loss,0.0,-100.0,-1.0,0.5190615835777126,0.08011196080645416,27.31817863500087,12731.817863500073,2025_bt,2025,9
2025-09-20,Framber Valdez,over,5.5,6.697820704441421,1.1978207044414209,10.619754565455333,12.720561894588702,V2_core,,-111.0,,,1.900900900900901,0.5260663507109005,Loss,0.0,-100.0,-1.0,0.5175438596491229,0.07695373869883294,26.31817863500087,12631.817863500073,2025_bt,2025,9
2025-09-20,Javier Assad,over,3.5,4.007610333368052,0.507610333368052,17.289721372272414,8.776441229619932,V4_extra,,119.0,,,2.19,0.45662100456621,Loss,0.0,-100.0,-1.0,0.5160349854227405,0.073813931880469,25.31817863500087,12531.817863500073,2025_bt,2025,9
2025-09-21,Andrew Abbott,over,4.5,5.770951807866222,1.270951807866222,16.742811342077424,21.27930634397639,V2_core,,-101.0,,,1.99009900990099,0.5024875621890548,Loss,0.0,-100.0,-1.0,0.514367816091954,0.07005223745689905,24.378178635000868,12437.817863500073,2025_bt,2025,9
2025-09-21,Emmet Sheehan,over,6.5,7.272900690524286,0.7729006905242857,11.309904221538558,8.741432782590685,V4_extra,,101.0,,,2.01,0.4975124378109453,Win,1.0,100.99999999999997,1.0099999999999998,0.515850144092219,0.07313596148415236,25.378178635000868,12537.817863500073,2025_bt,2025,9
2025-09-21,Kyle Freeland,over,4.5,5.18410566797728,0.6841056679772803,23.23904179257193,15.897960208659354,V2_core,,125.0,,,2.25,0.4444444444444444,Win,1.0,125.0,1.25,0.5157593123209169,0.07343317660458701,25.628178635000868,12562.817863500073,2025_bt,2025,9
2025-09-21,Merrill Kelly,over,4.5,5.575750099938606,1.075750099938606,12.592322997438266,13.546192722953423,V2_core,,-104.0,,,1.9615384615384617,0.5098039215686274,Loss,0.0,-100.0,-1.0,0.5130434782608696,0.06758892357971266,23.31817863500087,12331.817863500073,2025_bt,2025,9
2025-09-21,Mike Burrows,over,4.5,5.8338888342475705,1.3338888342475703,14.257564219315745,19.01800571571295,V2_core,,-107.0,,,1.9345794392523366,0.5169082125603864,Loss,0.0,-100.0,-1.0,0.5145348837209303,0.0706923797529095,24.31817863500087,12431.817863500073,2025_bt,2025,9
2025-09-21,Jake Irvin,over,3.5,4.301808739472433,0.8018087394724329,13.92667761341725,11.166531822253035,V4_extra,,105.0,,,2.05,0.4878048780487805,Win,1.0,104.99999999999999,1.0499999999999998,0.5144508670520231,0.07042826195086956,24.368178635000866,12436.817863500073,2025_bt,2025,9
2025-09-23,Brady Singer,over,5.5,6.56998634064087,1.0699863406408705,14.156489166043183,15.147250039096674,V2_core,,-101.0,,,1.99009900990099,0.5024875621890548,Loss,0.0,-100.0,-1.0,0.5128205128205128,0.06731674824786572,23.628178635000868,12362.817863500073,2025_bt,2025,9
2025-09-23,Edward Cabrera,over,4.5,5.385823470550963,0.8858234705509629,37.54331769362133,33.25675197536102,V2_core,,145.0,,,2.45,0.40816326530612246,Loss,0.0,-100.0,-1.0,0.5142857142857142,0.07036622467143105,24.628178635000868,12462.817863500073,2025_bt,2025,9
2025-09-25,Davis Martin,over,4.5,4.98168990318939,0.4816899031893902,21.16604438289974,10.195469869701313,V4_extra,,127.0,,,2.27,0.44052863436123346,Win,1.0,127.0,1.27,0.5142045454545454,0.07073346203125247,24.898178635000868,12489.817863500073,2025_bt,2025,9
2025-09-25,Framber Valdez,over,4.5,7.078029720544329,2.578029720544329,9.031315926343014,23.283000873737628,V2_core,,-153.0,,,1.65359477124183,0.6047430830039525,Win,1.0,65.359477124183,0.65359477124183,0.5155807365439093,0.07238462721315211,25.551773406242695,12555.177340624256,2025_bt,2025,9
2025-09-26,Sandy Alcantara,over,4.5,5.746556761060387,1.2465567610603872,7.261225751416889,9.051530054014513,V4_extra,,-120.0,,,1.8333333333333335,0.5454545454545454,Loss,0.0,-100.0,-1.0,0.5141242937853108,0.06935529210803021,24.551773406242695,12455.177340624256,2025_bt,2025,9
2025-09-26,Shane Bieber,over,6.5,7.176618666965207,0.676618666965207,13.82106100331344,9.351587872106746,V4_extra,,108.0,,,2.08,0.4807692307692308,Loss,0.0,-100.0,-1.0,0.5126760563380282,0.06634302367955688,23.551773406242695,12355.177340624256,2025_bt,2025,9
2025-09-26,Mitch Keller,over,4.5,4.851174942910451,0.3511749429104513,20.67554781387335,7.260734323179281,V4_extra,,130.0,,,2.3,0.43478260869565216,Win,1.0,129.99999999999997,1.2999999999999998,0.5140449438202247,0.06980835226472668,24.851773406242696,12485.177340624256,2025_bt,2025,9
2025-09-26,Brandon Sproat,over,3.5,5.058182222311258,1.5581822223112578,15.39942800625015,23.99511495310108,V2_core,,-110.0,,,1.9090909090909092,0.5238095238095238,Loss,0.0,-100.0,-1.0,0.5126050420168067,0.06681169021356498,23.851773406242696,12385.177340624256,2025_bt,2025,9
2025-09-26,Kyle Harrison,over,4.5,5.903908651355712,1.403908651355712,14.08626250895606,19.77582580159103,V2_core,,-109.0,,,1.9174311926605505,0.5215311004784688,Win,1.0,91.74311926605505,0.9174311926605505,0.5139664804469274,0.06918772234330516,24.769204598903247,12476.92045989031,2025_bt,2025,9
2025-09-27,Michael McGreevy,over,3.5,4.11191441258841,0.6119144125884102,16.69661008114287,10.216896350020267,V4_extra,,115.0,,,2.15,0.46511627906976744,Loss,0.0,-100.0,-1.0,0.5125348189415042,0.0662094835624046,23.769204598903247,12376.92045989031,2025_bt,2025,9
2025-09-27,Mick Abel,under,3.5,2.1853310699212525,1.3146689300787475,31.43464119345002,41.32614610520226,V2_core,,123.0,,,2.23,0.4484304932735426,Loss,0.0,-100.0,-1.0,0.5111111111111111,0.06324779055250902,22.769204598903247,12276.92045989031,2025_bt,2025,9
2025-09-28,Johan Oviedo,over,4.5,5.093731810280718,0.5937318102807181,12.095200641736758,7.181305372726868,V4_extra,,107.0,,,2.0700000000000003,0.4830917874396135,Loss,0.0,-100.0,-1.0,0.5123287671232877,0.06646384550357326,24.259303608804238,12425.93036088041,2025_bt,2025,9
2025-09-28,Simeon Woods Richardson,over,4.5,4.9954745427394975,0.4954745427394975,16.570675634338418,8.210347932808359,V4_extra,,118.0,,,2.1799999999999997,0.45871559633027525,Win,1.0,117.99999999999997,1.1799999999999997,0.5137362637362637,0.06939369123297869,25.259303608804238,12525.93036088041,2025_bt,2025,9
2025-09-28,Luis Gil,over,5.5,5.941165994555163,0.4411659945551633,17.34082809281651,7.650183671977511,V4_extra,,121.0,,,2.21,0.45248868778280543,Loss,0.0,-100.0,-1.0,0.5096952908587258,0.06030250581413642,21.769204598903247,12176.92045989031,2025_bt,2025,9
2025-09-28,Brady Singer,over,4.5,5.46452809655839,0.9645280965583902,12.770454809046347,12.317462469154414,V2_core,,-101.0,,,1.99009900990099,0.5024875621890548,Win,1.0,99.00990099009901,0.9900990099009901,0.511049723756906,0.06287100444421061,22.759303608804238,12275.93036088041,2025_bt,2025,9
2025-09-28,Lance McCullers Jr.,over,3.5,4.182531966568362,0.6825319665683622,27.048163022722623,18.461235899960528,V2_core,,132.0,,,2.3200000000000003,0.43103448275862066,Win,1.0,132.00000000000003,1.3200000000000003,0.512396694214876,0.0663341697212238,24.07930360880424,12407.93036088041,2025_bt,2025,9
2026-03-26,Shane Smith,over,4.5,5.9,1.4000000000000004,11.1,15.540000000000003,V2_core,,-119.0,,,1.8403361344537816,0.54337899543379,Loss,0.0,-100.0,-1.0,0.5109289617486339,0.06355000986012087,23.259303608804238,12325.93036088041,2026_bt,2026,3
2026-03-27,Sandy Alcantara,over,5.5,6.6,1.0999999999999996,14.1,15.509999999999994,V2_core,,-103.0,,,1.970873786407767,0.5073891625615764,Loss,0.0,-100.0,-1.0,0.5095367847411444,0.0606520534299843,22.259303608804238,12225.93036088041,2026_bt,2026,3
2026-03-28,Reid Detmers,under,5.5,3.1,2.4,16.8,40.32,V2_core,,-151.0,,,1.6622516556291391,0.601593625498008,Loss,0.0,-100.0,-1.0,0.5081521739130435,0.057769846763055,21.259303608804238,12125.93036088041,2026_bt,2026,3
2026-03-29,Brandon Sproat,over,4.5,5.7,1.2000000000000002,14.9,17.880000000000003,V2_core,,-105.0,,,1.9523809523809523,0.5121951219512195,Loss,0.0,-100.0,-1.0,0.5040214477211796,0.04900617589491753,18.279303608804238,11827.93036088041,2026_bt,2026,3
2026-03-29,Luis Morales,over,3.5,4.6,1.0999999999999996,7.8,8.579999999999997,V4_extra,,-122.0,,,1.819672131147541,0.5495495495495496,Win,1.0,81.9672131147541,0.819672131147541,0.5053475935828877,0.051066780053347006,19.09897573995178,11909.897573995164,2026_bt,2026,3
2026-03-29,Eric Lauer,under,4.5,3.1,1.4,31.3,43.82,V2_core,,104.0,,,2.04,0.49019607843137253,Loss,0.0,-100.0,-1.0,0.5053763440860215,0.05182608496990387,19.279303608804238,11927.93036088041,2026_bt,2026,3
2026-03-29,Anthony Kay,under,3.5,2.5,1.0,19.2,19.2,V2_core,,-109.0,,,1.9174311926605505,0.5215311004784688,Loss,0.0,-100.0,-1.0,0.5067750677506775,0.054903261812477615,20.259303608804238,12025.93036088041,2026_bt,2026,3
2026-03-29,Steven Matz,under,3.5,2.5,1.0,24.9,24.9,V2_core,,102.0,,,2.02,0.49504950495049505,Win,1.0,102.0,1.02,0.5081081081081081,0.057511631375146595,21.279303608804238,12127.93036088041,2026_bt,2026,3
2026-03-29,Jose Quintana,over,3.5,4.1,0.5999999999999996,16.8,10.079999999999995,V4_extra,,114.0,,,2.1399999999999997,0.4672897196261682,Loss,0.0,-100.0,-1.0,0.5067385444743935,0.05466119571106264,20.279303608804238,12027.93036088041,2026_bt,2026,3
2026-03-30,Kyle Leahy,under,3.5,1.8,1.7,25.1,42.67,V2_core,,-125.0,,,1.8,0.5555555555555556,Win,1.0,80.0,0.8,0.5066666666666667,0.05306393530653808,19.89897573995178,11989.897573995164,2026_bt,2026,3
2026-03-30,Kyle Harrison,under,4.5,3.8,0.7000000000000002,26.1,18.270000000000007,V2_core,,117.0,,,2.17,0.4608294930875576,Loss,0.0,-100.0,-1.0,0.5053191489361702,0.050263233350935584,18.89897573995178,11889.897573995164,2026_bt,2026,3
2026-03-30,Edward Cabrera,under,6.5,5.6,0.9000000000000004,21.9,19.710000000000008,V2_core,,109.0,,,2.09,0.4784688995215311,Win,1.0,108.99999999999999,1.0899999999999999,0.506631299734748,0.05302115580889066,19.98897573995178,11998.897573995164,2026_bt,2026,3
2026-03-30,Jacob Lopez,under,5.5,4.2,1.2999999999999998,12.3,15.989999999999998,V2_core,,-125.0,,,1.8,0.5555555555555556,Win,1.0,80.0,0.8,0.5079365079365079,0.05499729031733275,20.78897573995178,12078.897573995164,2026_bt,2026,3
2026-03-30,Chase Burns,under,6.5,4.6,1.9000000000000004,47.3,89.87,V2_core,,124.0,,,2.24,0.44642857142857145,Loss,0.0,-100.0,-1.0,0.5065963060686016,0.052213656305941374,19.78897573995178,11978.897573995164,2026_bt,2026,3
2026-03-31,Brandon Woodruff,over,5.5,6.8,1.2999999999999998,8.7,11.309999999999997,V4_extra,,-118.0,,,1.847457627118644,0.5412844036697247,Win,1.0,84.7457627118644,0.847457627118644,0.5078947368421053,0.05430640359755374,20.63643336707042,12063.643336707028,2026_bt,2026,3
2026-03-31,Andre Pallante,over,3.5,4.0,0.5,17.9,8.95,V4_extra,,118.0,,,2.1799999999999997,0.45871559633027525,Loss,0.0,-100.0,-1.0,0.5065616797900262,0.05153919518916121,19.63643336707042,11963.643336707028,2026_bt,2026,3
2026-03-31,Jacob deGrom,over,6.5,6.9,0.4000000000000003,23.0,9.200000000000006,V4_extra,,136.0,,,2.3600000000000003,0.423728813559322,Win,1.0,136.00000000000003,1.3600000000000003,0.5078534031413613,0.05496448525411105,20.996433367070424,12099.643336707028,2026_bt,2026,3
2026-04-01,Sandy Alcantara,over,5.5,6.6,1.0999999999999996,22.6,24.859999999999992,V2_core,,113.0,,,2.13,0.4694835680751174,Win,1.0,112.99999999999999,1.13,0.5103626943005182,0.059834470202637206,23.096105498217963,12309.610549821782,2026_bt,2026,4
2026-04-01,Tarik Skubal,under,6.5,5.4,1.0999999999999996,28.7,31.56999999999999,V2_core,,115.0,,,2.15,0.46511627906976744,Win,1.0,114.99999999999999,1.15,0.5091383812010444,0.057823585814805276,22.146433367070422,12214.643336707028,2026_bt,2026,4
2026-04-01,Chris Sale,under,8.5,7.3,1.2000000000000002,7.0,8.400000000000002,V4_extra,,-122.0,,,1.819672131147541,0.5495495495495496,Win,1.0,81.9672131147541,0.819672131147541,0.5104166666666666,0.05980756640160927,22.966105498217964,12296.610549821782,2026_bt,2026,4
2026-04-01,Jacob Misiorowski,under,6.5,5.4,1.0999999999999996,8.9,9.789999999999997,V4_extra,,-122.0,,,1.819672131147541,0.5495495495495496,Loss,0.0,-100.0,-1.0,0.509090909090909,0.05705481947589081,21.966105498217964,12196.610549821782,2026_bt,2026,4
2026-04-02,Taj Bradley,over,4.5,5.0,0.5,22.6,11.3,V4_extra,,130.0,,,2.3,0.43478260869565216,Loss,0.0,-100.0,-1.0,0.5090439276485789,0.05709587984035649,22.096105498217963,12209.610549821782,2026_bt,2026,4
2026-04-03,Emmet Sheehan,under,6.5,4.2,2.3,16.4,37.71999999999999,V2_core,,-140.0,,,1.7142857142857144,0.5833333333333334,Win,1.0,71.42857142857144,0.7142857142857144,0.5102564102564102,0.058153734435628164,22.679956429894983,12267.995642989483,2026_bt,2026,4
2026-04-03,MacKenzie Gore,under,6.5,5.1,1.4000000000000004,30.6,42.84000000000001,V2_core,,111.0,,,2.1100000000000003,0.47393364928909953,Loss,0.0,-100.0,-1.0,0.5089974293059126,0.056467019834471124,21.965670715609267,12196.567071560912,2026_bt,2026,4
2026-04-03,Dylan Cease,under,7.5,6.6,0.9000000000000004,8.0,7.200000000000003,V4_extra,,-115.0,,,1.8695652173913042,0.5348837209302325,Win,1.0,86.95652173913042,0.8695652173913042,0.5103092783505154,0.0591898729783744,22.965670715609267,12296.567071560912,2026_bt,2026,4
2026-04-04,Tyler Glasnow,under,6.5,4.6,1.9000000000000004,10.3,19.570000000000004,V2_core,,-145.0,,,1.6896551724137931,0.5918367346938775,Loss,0.0,-100.0,-1.0,0.5089514066496164,0.055447458899987166,21.679956429894983,12167.995642989483,2026_bt,2026,4
2026-04-04,Ryan Weathers,under,5.5,4.4,1.0999999999999996,14.4,15.839999999999995,V2_core,,-113.0,,,1.8849557522123894,0.5305164319248826,Win,1.0,88.49557522123894,0.8849557522123894,0.5102040816326531,0.057563551484967786,22.564912182107374,12256.491218210722,2026_bt,2026,4
2026-04-04,Mick Abel,under,4.5,3.3,1.2000000000000002,13.5,16.200000000000003,V2_core,,-122.0,,,1.819672131147541,0.5495495495495496,Win,1.0,81.9672131147541,0.819672131147541,0.5114503816793893,0.059502759066806396,23.384584313254912,12338.458431325476,2026_bt,2026,4
2026-04-04,Max Meyer,under,5.5,4.4,1.0999999999999996,10.9,11.989999999999997,V4_extra,,-119.0,,,1.8403361344537816,0.54337899543379,Loss,0.0,-100.0,-1.0,0.5101522842639594,0.05681366576968252,22.384584313254912,12238.458431325476,2026_bt,2026,4
2026-04-04,Michael Soroka,under,4.5,3.3,1.2000000000000002,37.7,45.24000000000001,V2_core,,121.0,,,2.21,0.45248868778280543,Win,1.0,121.0,1.21,0.5113924050632911,0.05973312484368332,23.594584313254913,12359.458431325476,2026_bt,2026,4
2026-04-05,Chase Burns,under,6.5,4.6,1.9000000000000004,33.1,62.890000000000015,V2_core,,103.0,,,2.0300000000000002,0.49261083743842365,Loss,0.0,-100.0,-1.0,0.5087281795511222,0.054003703775949666,21.655485214155814,12165.548521415567,2026_bt,2026,4
2026-04-05,Keider Montero,over,3.5,4.3,0.7999999999999998,32.6,26.079999999999995,V2_core,,133.0,,,2.33,0.4291845493562232,Loss,0.0,-100.0,-1.0,0.51,0.05663871303538954,22.655485214155814,12265.548521415567,2026_bt,2026,4
2026-04-05,Jacob Lopez,under,5.5,4.1,1.4000000000000004,10.7,14.980000000000002,V2_core,,-133.0,,,1.7518796992481203,0.5708154506437768,Loss,0.0,-100.0,-1.0,0.5112781954887218,0.05928693036129277,23.655485214155814,12365.548521415567,2026_bt,2026,4
2026-04-05,Lance McCullers Jr.,under,5.5,4.8,0.7000000000000002,23.2,16.240000000000002,V2_core,,116.0,,,2.16,0.46296296296296297,Win,1.0,116.00000000000001,1.1600000000000001,0.5113350125944585,0.0598352249704154,23.754584313254913,12375.458431325476,2026_bt,2026,4
2026-04-05,Kyle Leahy,under,3.5,2.8,0.7000000000000002,25.7,17.990000000000006,V2_core,,113.0,,,2.13,0.4694835680751174,Loss,0.0,-100.0,-1.0,0.51010101010101,0.057057031094078066,22.594584313254913,12259.458431325476,2026_bt,2026,4
2026-04-05,Taijuan Walker,over,3.5,4.5,1.0,10.1,10.1,V4_extra,,-111.0,,,1.900900900900901,0.5260663507109005,Win,1.0,90.0900900900901,0.900900900900901,0.5125628140703518,0.061948455311949285,24.655485214155814,12465.548521415567,2026_bt,2026,4
2026-04-06,Casey Mize,under,4.5,4.2,0.2999999999999998,21.1,6.3299999999999965,V4_extra,,123.0,,,2.23,0.4484304932735426,Win,1.0,123.0,1.23,0.5099009900990099,0.05721654755979162,23.115485214155814,12311.548521415567,2026_bt,2026,4
2026-04-06,Bubba Chandler,under,4.5,3.9,0.6000000000000001,26.9,16.14,V2_core,,123.0,,,2.23,0.4484304932735426,Win,1.0,123.0,1.23,0.5099502487562189,0.05692906769690501,22.885485214155814,12288.548521415567,2026_bt,2026,4
2026-04-06,Joe Ryan,under,6.5,4.6,1.9000000000000004,18.6,35.34000000000001,V2_core,,-124.0,,,1.8064516129032258,0.5535714285714286,Loss,0.0,-100.0,-1.0,0.5086848635235732,0.05430641492346356,21.885485214155814,12188.548521415567,2026_bt,2026,4
2026-04-06,Tanner Bibee,under,4.5,4.0,0.5,23.2,11.6,V4_extra,,119.0,,,2.19,0.45662100456621,Win,1.0,119.0,1.19,0.5111111111111111,0.06001354373865633,24.305485214155816,12430.548521415567,2026_bt,2026,4
2026-04-07,Tarik Skubal,under,7.5,6.8,0.7000000000000002,20.7,14.490000000000004,V2_core,,115.0,,,2.15,0.46511627906976744,Win,1.0,114.99999999999999,1.15,0.5135135135135135,0.06479832040986822,26.372916406816366,12637.291640681622,2026_bt,2026,4
2026-04-07,Paul Skenes,under,6.5,5.7,0.7999999999999998,10.6,8.479999999999999,V4_extra,,-109.0,,,1.9174311926605505,0.5215311004784688,Win,1.0,91.74311926605505,0.9174311926605505,0.5123152709359606,0.062125409869005825,25.222916406816367,12522.291640681622,2026_bt,2026,4
2026-04-08,MacKenzie Gore,under,5.5,4.8,0.7000000000000002,27.7,19.390000000000004,V2_core,,125.0,,,2.25,0.4444444444444444,Loss,0.0,-100.0,-1.0,0.5122549019607843,0.06218852060494207,25.372916406816366,12537.291640681622,2026_bt,2026,4
2026-04-08,Michael King,under,5.5,4.8,0.7000000000000002,15.2,10.640000000000002,V4_extra,,103.0,,,2.0300000000000002,0.49261083743842365,Win,1.0,103.00000000000003,1.0300000000000002,0.5134474327628362,0.06455480784062681,26.402916406816367,12640.291640681622,2026_bt,2026,4
2026-04-08,Sean Burke,under,5.5,4.8,0.7000000000000002,20.2,14.140000000000002,V2_core,,109.0,,,2.09,0.4784688995215311,Win,1.0,108.99999999999999,1.0899999999999999,0.5146341463414634,0.06705589367516186,27.492916406816367,12749.291640681622,2026_bt,2026,4
2026-04-08,Cole Ragans,under,6.5,4.9,1.5999999999999996,34.9,55.83999999999998,V2_core,,112.0,,,2.12,0.4716981132075472,Win,1.0,112.00000000000001,1.12,0.5158150851581509,0.06961780147643885,28.612916406816367,12861.291640681622,2026_bt,2026,4
2026-04-09,Anthony Kay,over,3.5,4.8,1.2999999999999998,42.3,54.98999999999999,V2_core,,136.0,,,2.3600000000000003,0.423728813559322,Win,1.0,136.00000000000003,1.3600000000000003,0.5169902912621359,0.07274979710392322,29.972916406816367,12997.291640681622,2026_bt,2026,4
2026-04-09,Max Meyer,under,5.5,5.0,0.5,20.7,10.35,V4_extra,,119.0,,,2.19,0.45662100456621,Win,1.0,119.0,1.19,0.5181598062953995,0.07545500340633503,31.162916406816365,13116.291640681622,2026_bt,2026,4
2026-04-10,Kris Bubic,under,5.5,4.6,0.9000000000000004,26.4,23.76000000000001,V2_core,,116.0,,,2.16,0.46296296296296297,Loss,0.0,-100.0,-1.0,0.5192307692307693,0.07718598081663364,32.10936801971959,13210.936801971944,2026_bt,2026,4
2026-04-10,Shane Baz,under,5.5,4.5,1.0,8.5,8.5,V4_extra,,-124.0,,,1.8064516129032258,0.5535714285714286,Win,1.0,80.64516129032258,0.8064516129032258,0.5193236714975845,0.07722069569980577,31.969368019719592,13196.936801971944,2026_bt,2026,4
2026-04-10,Landen Roupp,under,5.5,4.4,1.0999999999999996,28.9,31.78999999999999,V2_core,,114.0,,,2.1399999999999997,0.4672897196261682,Win,1.0,113.99999999999997,1.1399999999999997,0.5204819277108433,0.0797816096860713,33.10936801971959,13310.936801971944,2026_bt,2026,4
2026-04-10,Clay Holmes,under,4.5,4.1,0.4000000000000003,20.5,8.200000000000006,V4_extra,,121.0,,,2.21,0.45248868778280543,Win,1.0,121.0,1.21,0.5203836930455635,0.07990256119836832,33.31936801971959,13331.936801971944,2026_bt,2026,4
2026-04-11,Kodai Senga,under,6.5,5.2,1.2999999999999998,9.1,11.829999999999998,V4_extra,,-127.0,,,1.7874015748031495,0.5594713656387665,Win,1.0,78.74015748031495,0.7874015748031495,0.5215311004784688,0.08159514257062857,34.10676959452274,13410.67695945226,2026_bt,2026,4
2026-04-11,Chris Bassitt,under,4.5,3.4,1.1,21.1,23.210000000000004,V2_core,,-104.0,,,1.9615384615384617,0.5098039215686274,Win,1.0,96.15384615384616,0.9615384615384616,0.522673031026253,0.08369524595718664,35.0683080560612,13506.830805606105,2026_bt,2026,4
2026-04-11,Kyle Harrison,under,5.5,4.5,1.0,25.7,25.7,V2_core,,110.0,,,2.1,0.47619047619047616,Win,1.0,110.00000000000001,1.1,0.5238095238095238,0.0861150191810981,36.1683080560612,13616.830805606105,2026_bt,2026,4
2026-04-12,Nick Pivetta,under,7.5,5.4,2.1,11.2,23.52,V2_core,,-144.0,,,1.6944444444444444,0.5901639344262295,Win,1.0,69.44444444444444,0.6944444444444444,0.5283018867924528,0.09379004210523188,39.76697785261832,13976.697785261818,2026_bt,2026,4
2026-04-12,Cade Povich,under,5.5,4.0,1.5,9.3,13.950000000000001,V2_core,,-142.0,,,1.704225352112676,0.5867768595041323,Win,1.0,70.4225352112676,0.704225352112676,0.5271867612293144,0.09237005533847252,39.072533408173875,13907.253340817373,2026_bt,2026,4
2026-04-12,Freddy Peralta,under,6.5,5.8,0.7000000000000002,14.6,10.220000000000002,V4_extra,,104.0,,,2.04,0.49019607843137253,Win,1.0,104.0,1.04,0.5294117647058824,0.096016418476749,40.80697785261832,14080.697785261818,2026_bt,2026,4
2026-04-12,Tarik Skubal,under,7.5,4.9,2.6,40.6,105.56,V2_core,,105.0,,,2.05,0.4878048780487805,Win,1.0,104.99999999999999,1.0499999999999998,0.5249406175771971,0.08840453219967032,37.218308056061204,13721.830805606105,2026_bt,2026,4
2026-04-12,Chris Sale,under,6.5,5.7,0.7999999999999998,24.0,19.199999999999996,V2_core,,115.0,,,2.15,0.46511627906976744,Win,1.0,114.99999999999999,1.15,0.5260663507109005,0.09092016127028721,38.3683080560612,13836.830805606105,2026_bt,2026,4
2026-04-13,Garrett Crochet,under,7.5,6.5,1.0,14.0,14.0,V2_core,,-104.0,,,1.9615384615384617,0.5098039215686274,Win,1.0,96.15384615384616,0.9615384615384616,0.531615925058548,0.10037123258584725,42.85851631415678,14285.851631415664,2026_bt,2026,4
2026-04-13,Will Warren,under,5.5,4.9,0.5999999999999996,17.7,10.619999999999994,V4_extra,,109.0,,,2.09,0.4784688995215311,Loss,0.0,-100.0,-1.0,0.530373831775701,0.09780027176204854,41.85851631415678,14185.851631415664,2026_bt,2026,4
2026-04-13,Paul Skenes,under,6.5,4.4,2.1,39.5,82.95,V2_core,,109.0,,,2.09,0.4784688995215311,Win,1.0,108.99999999999999,1.0899999999999999,0.5305164319248826,0.09834971326905709,41.89697785261832,14189.697785261818,2026_bt,2026,4
2026-04-14,Cole Ragans,under,6.5,4.9,1.5999999999999996,34.5,55.19999999999999,V2_core,,113.0,,,2.13,0.4694835680751174,Win,1.0,112.99999999999999,1.13,0.5314685314685315,0.10020633173463118,42.988516314156776,14298.851631415664,2026_bt,2026,4
2026-04-14,Jacob Misiorowski,under,6.5,5.2,1.2999999999999998,24.3,31.589999999999996,V2_core,,103.0,,,2.0300000000000002,0.49261083743842365,Win,1.0,103.00000000000003,1.0300000000000002,0.5325581395348837,0.10236864259106228,44.01851631415678,14401.851631415664,2026_bt,2026,4
2026-04-15,Bryce Elder,over,4.5,5.3,0.7999999999999998,17.6,14.079999999999998,V2_core,,111.0,,,2.1100000000000003,0.47393364928909953,Win,1.0,111.00000000000003,1.1100000000000003,0.5336426914153132,0.10470653437159345,45.128516314156776,14512.851631415664,2026_bt,2026,4
2026-04-15,Dylan Cease,under,6.5,5.8,0.7000000000000002,22.1,15.470000000000004,V2_core,,116.0,,,2.16,0.46296296296296297,Win,1.0,116.00000000000001,1.1600000000000001,0.5347222222222222,0.10714934331980736,46.28851631415678,14628.851631415664,2026_bt,2026,4
2026-04-15,Jack Kochanowicz,over,3.5,4.1,0.5999999999999996,24.8,14.879999999999992,V2_core,,127.0,,,2.27,0.44052863436123346,Win,1.0,127.0,1.27,0.535796766743649,0.10983491065625121,47.558516314156776,14755.851631415664,2026_bt,2026,4
2026-04-16,Patrick Corbin,over,4.5,4.9,0.4000000000000003,16.3,6.520000000000005,V4_extra,,122.0,,,2.2199999999999998,0.45045045045045046,Win,1.0,121.99999999999997,1.2199999999999998,0.5368663594470046,0.11239289473308013,48.778516314156775,14877.851631415664,2026_bt,2026,4
2026-04-16,Brandon Sproat,over,3.5,4.4,0.9000000000000004,22.2,19.980000000000008,V2_core,,114.0,,,2.1399999999999997,0.4672897196261682,Win,1.0,113.99999999999997,1.1399999999999997,0.5379310344827586,0.11475520991760178,49.918516314156776,14991.851631415664,2026_bt,2026,4
2026-04-17,Cam Schlittler,under,6.5,4.7,1.7999999999999998,8.9,16.02,V2_core,,-148.0,,,1.6756756756756757,0.5967741935483871,Win,1.0,67.56756756756756,0.6756756756756757,0.5421412300683371,0.12224539966143715,53.66573045137091,15366.573045137078,2026_bt,2026,4
2026-04-17,Tanner Bibee,under,5.5,4.9,0.5999999999999996,16.1,9.659999999999995,V4_extra,,108.0,,,2.08,0.4807692307692308,Win,1.0,108.0,1.08,0.541095890410959,0.12098186021848227,52.990054775695235,15299.00547756951,2026_bt,2026,4
2026-04-17,Ranger Suarez,under,4.5,3.8,0.7000000000000002,17.1,11.970000000000004,V4_extra,,103.0,,,2.0300000000000002,0.49261083743842365,Win,1.0,103.00000000000003,1.0300000000000002,0.540045766590389,0.11878731069953143,51.91005477569524,15191.00547756951,2026_bt,2026,4
2026-04-17,Bubba Chandler,under,4.5,3.7,0.7999999999999998,16.3,13.039999999999997,V2_core,,-104.0,,,1.9615384615384617,0.5098039215686274,Win,1.0,96.15384615384616,0.9615384615384616,0.5389908256880734,0.11669737333875053,50.880054775695235,15088.00547756951,2026_bt,2026,4
2026-04-18,Gavin Williams,under,6.5,6.0,0.5,15.3,7.65,V4_extra,,109.0,,,2.09,0.4784688995215311,Loss,0.0,-100.0,-1.0,0.5409090909090909,0.11969484193493389,52.66573045137091,15266.573045137078,2026_bt,2026,4
2026-04-18,Paul Skenes,under,6.5,5.0,1.5,10.9,16.35,V2_core,,-130.0,,,1.7692307692307692,0.5652173913043478,Win,1.0,76.92307692307692,0.7692307692307692,0.5419501133786848,0.12116771251837116,53.43496122060168,15343.496122060154,2026_bt,2026,4
2026-04-18,Tarik Skubal,under,7.5,6.7,0.7999999999999998,13.1,10.479999999999997,V4_extra,,100.0,,,2.0,0.5,Loss,0.0,-100.0,-1.0,0.5407239819004525,0.11863113398326172,52.43496122060168,15243.496122060154,2026_bt,2026,4
2026-04-18,Andre Pallante,over,3.5,3.8,0.2999999999999998,21.9,6.569999999999996,V4_extra,,133.0,,,2.33,0.4291845493562232,Win,1.0,133.0,1.33,0.5417607223476298,0.12136560094943946,53.764961220601684,15376.496122060154,2026_bt,2026,4
2026-04-18,Brandon Woodruff,over,5.5,6.0,0.5,19.0,9.5,V4_extra,,123.0,,,2.23,0.4484304932735426,Loss,0.0,-100.0,-1.0,0.5405405405405406,0.11884000274910289,52.764961220601684,15276.496122060154,2026_bt,2026,4
2026-04-19,Cole Ragans,under,6.5,5.4,1.0999999999999996,7.9,8.689999999999998,V4_extra,,-124.0,,,1.8064516129032258,0.5535714285714286,Win,1.0,80.64516129032258,0.8064516129032258,0.5415730337078651,0.12038519737866273,53.57141283350491,15357.141283350476,2026_bt,2026,4
2026-04-19,Shane McClanahan,over,5.5,6.2,0.7000000000000002,14.8,10.360000000000003,V4_extra,,111.0,,,2.1100000000000003,0.47393364928909953,Loss,0.0,-100.0,-1.0,0.5403587443946188,0.11787312294507828,52.57141283350491,15257.141283350476,2026_bt,2026,4
2026-04-22,Logan Gilbert,under,6.5,5.3,1.2000000000000002,20.5,24.600000000000005,V2_core,,100.0,,,2.0,0.5,Win,1.0,100.0,1.0,0.5413870246085011,0.11984656114878056,53.57141283350491,15357.141283350476,2026_bt,2026,4
2026-04-23,Payton Tolle,under,4.5,2.6,1.9,34.1,64.79,V2_core,,-104.0,,,1.9615384615384617,0.5098039215686274,Loss,0.0,-100.0,-1.0,0.5401785714285714,0.11734690364621632,52.57141283350491,15257.141283350476,2026_bt,2026,4
2026-04-24,Paul Skenes,under,6.5,5.1,1.4000000000000004,11.0,15.400000000000004,V2_core,,-125.0,,,1.8,0.5555555555555556,Loss,0.0,-100.0,-1.0,0.5389755011135857,0.11485838047551204,51.57141283350491,15157.141283350476,2026_bt,2026,4
2026-04-24,Framber Valdez,under,5.5,4.8,0.7000000000000002,10.9,7.630000000000003,V4_extra,,-106.0,,,1.9433962264150944,0.5145631067961165,Win,1.0,94.33962264150944,0.9433962264150944,0.54,0.11669957568871113,52.514809059920005,15251.480905991986,2026_bt,2026,4
2026-04-24,Freddy Peralta,under,6.5,5.1,1.4000000000000004,34.6,48.44000000000001,V2_core,,116.0,,,2.16,0.46296296296296297,Loss,0.0,-100.0,-1.0,0.5388026607538803,0.11422352341445678,51.514809059920005,15151.480905991986,2026_bt,2026,4
2026-04-25,Cole Ragans,under,6.5,5.6,0.9000000000000004,7.9,7.110000000000003,V4_extra,,-118.0,,,1.847457627118644,0.5412844036697247,Loss,0.0,-100.0,-1.0,0.5349344978165939,0.10609036790212302,48.589388499172344,14858.93884991722,2026_bt,2026,4
2026-04-25,Bryan Woo,over,5.5,6.0,0.5,15.5,7.75,V4_extra,,118.0,,,2.1799999999999997,0.45871559633027525,Loss,0.0,-100.0,-1.0,0.5361050328227571,0.10851069693473162,49.589388499172344,14958.93884991722,2026_bt,2026,4
2026-04-25,Zac Gallen,over,3.5,4.9,1.4000000000000004,33.9,47.46000000000001,V2_core,,119.0,,,2.19,0.45662100456621,Loss,0.0,-100.0,-1.0,0.5384615384615384,0.1133832714267524,51.589388499172344,15158.93884991722,2026_bt,2026,4
2026-04-25,Jacob Misiorowski,under,7.5,6.3,1.2000000000000002,11.1,13.320000000000002,V2_core,,-117.0,,,1.8547008547008548,0.5391705069124424,Loss,0.0,-100.0,-1.0,0.5372807017543859,0.1109416414455534,50.589388499172344,15058.93884991722,2026_bt,2026,4
2026-04-25,MacKenzie Gore,under,6.5,5.6,0.9000000000000004,16.5,14.850000000000005,V2_core,,101.0,,,2.01,0.4975124378109453,Loss,0.0,-100.0,-1.0,0.5386313465783664,0.11402827607046359,51.654809059920005,15165.480905991986,2026_bt,2026,4
2026-04-25,Zack Wheeler,over,5.5,6.6,1.0999999999999996,23.0,25.29999999999999,V2_core,,114.0,,,2.1399999999999997,0.4672897196261682,Win,1.0,113.99999999999997,1.1399999999999997,0.5398230088495575,0.11649294039805311,52.654809059920005,15265.480905991986,2026_bt,2026,4
2026-04-25,Garrett Crochet,under,7.5,6.0,1.5,20.0,30.0,V2_core,,-107.0,,,1.9345794392523366,0.5169082125603864,Win,1.0,93.45794392523365,0.9345794392523366,0.539647577092511,0.11583565748716376,52.589388499172344,15258.93884991722,2026_bt,2026,4
2026-04-26,Ryne Nelson,over,3.5,4.5,1.0,30.0,30.0,V2_core,,122.0,,,2.2199999999999998,0.45045045045045046,Win,1.0,121.99999999999997,1.2199999999999998,0.5359477124183006,0.10851718627270664,49.80938849917234,14980.93884991722,2026_bt,2026,4
2026-04-26,Michael King,over,3.5,5.0,1.5,17.5,26.25,V2_core,,-113.0,,,1.8849557522123894,0.5305164319248826,Win,1.0,88.49557522123894,0.8849557522123894,0.5369565217391304,0.11020509619866248,50.694344251384734,15069.43442513846,2026_bt,2026,4
2026-04-27,Dylan Cease,under,7.5,6.0,1.5,17.8,26.700000000000003,V2_core,,-110.0,,,1.9090909090909092,0.5238095238095238,Win,1.0,90.90909090909092,0.9090909090909092,0.5379609544468547,0.11193803722445911,51.60343516047565,15160.34351604755,2026_bt,2026,4
2026-04-29,Matt Waldron,over,3.5,4.4,0.9000000000000004,8.0,7.200000000000003,V4_extra,,-114.0,,,1.8771929824561404,0.5327102803738317,Loss,0.0,-100.0,-1.0,0.5356371490280778,0.1071348491586947,49.60343516047565,14960.34351604755,2026_bt,2026,4
2026-04-29,Eduardo Rodriguez,over,4.5,5.2,0.7000000000000002,16.2,11.340000000000002,V4_extra,,111.0,,,2.1100000000000003,0.47393364928909953,Loss,0.0,-100.0,-1.0,0.5367965367965368,0.10953124493609448,50.60343516047565,15060.34351604755,2026_bt,2026,4
2026-05-01,Brady Singer,over,4.5,5.2,0.7000000000000002,9.6,6.7200000000000015,V4_extra,,-101.0,,,1.99009900990099,0.5024875621890548,Loss,0.0,-100.0,-1.0,0.5344827586206896,0.1047487826734389,48.60343516047565,14860.34351604755,2026_bt,2026,5
2026-05-02,Griffin Jax,under,2.5,1.5,1.0,29.8,29.8,V2_core,,101.0,,,2.01,0.4975124378109453,Win,1.0,100.99999999999997,1.0099999999999998,0.5343347639484979,0.10432067631003358,48.613435160475646,14861.34351604755,2026_bt,2026,5
2026-05-02,Landen Roupp,under,4.5,4.1,0.4000000000000003,15.0,6.000000000000004,V4_extra,,110.0,,,2.1,0.47619047619047616,Loss,0.0,-100.0,-1.0,0.5333333333333333,0.10237297883973258,47.60343516047565,14760.34351604755,2026_bt,2026,5
2026-05-03,Spencer Strider,over,5.5,6.7,1.2000000000000002,18.4,22.080000000000002,V2_core,,104.0,,,2.04,0.49019607843137253,Win,1.0,104.0,1.04,0.5341880341880342,0.10396033153947788,48.653435160475645,14865.34351604755,2026_bt,2026,5
2026-05-03,Dustin May,over,4.5,5.0,0.5,12.5,6.25,V4_extra,,111.0,,,2.1100000000000003,0.47393364928909953,Loss,0.0,-100.0,-1.0,0.5331905781584583,0.10195596394106134,47.613435160475646,14761.34351604755,2026_bt,2026,5
2026-05-05,Cade Cavalli,under,4.5,4.2,0.2999999999999998,22.0,6.599999999999996,V4_extra,,127.0,,,2.27,0.44052863436123346,Win,1.0,127.0,1.27,0.535181236673774,0.10644655684536385,49.92343516047565,14992.34351604755,2026_bt,2026,5
2026-05-06,Sonny Gray,over,4.5,5.0,0.5,14.6,7.3,V4_extra,,116.0,,,2.16,0.46296296296296297,Loss,0.0,-100.0,-1.0,0.5340425531914894,0.10409241523505457,48.92343516047565,14892.34351604755,2026_bt,2026,5
2026-05-07,Andrew Painter,under,4.5,3.6,0.8999999999999999,12.4,11.159999999999998,V4_extra,,-115.0,,,1.8695652173913042,0.5348837209302325,Win,1.0,86.95652173913042,0.8695652173913042,0.535031847133758,0.10571762288294469,49.793000377866946,14979.30003778668,2026_bt,2026,5
2026-05-07,MacKenzie Gore,under,5.5,4.1,1.4000000000000004,29.9,41.86000000000001,V2_core,,106.0,,,2.06,0.4854368932038835,Win,1.0,106.0,1.06,0.5360169491525424,0.10773940758022658,50.85300037786695,15085.30003778668,2026_bt,2026,5
2026-05-07,Seth Lugo,under,4.5,3.3,1.2000000000000002,14.9,17.880000000000003,V2_core,,-119.0,,,1.8403361344537816,0.54337899543379,Loss,0.0,-100.0,-1.0,0.5348837209302325,0.1053974638009872,49.85300037786695,14985.30003778668,2026_bt,2026,5
2026-05-07,Jake Irvin,under,4.5,3.6,0.8999999999999999,19.2,17.279999999999998,V2_core,,100.0,,,2.0,0.5,Win,1.0,100.0,1.0,0.5358649789029536,0.10728481092376993,50.85300037786695,15085.30003778668,2026_bt,2026,5
2026-05-08,Mike Burrows,over,5.5,5.9,0.4000000000000003,18.3,7.320000000000006,V4_extra,,126.0,,,2.26,0.4424778761061947,Win,1.0,125.99999999999997,1.2599999999999998,0.5376569037656904,0.11029434447459975,52.72069665885868,15272.069665885852,2026_bt,2026,5
2026-05-08,Nick Lodolo,over,5.5,7.0,1.5,17.2,25.799999999999997,V2_core,,-105.0,,,1.9523809523809523,0.5121951219512195,Loss,0.0,-100.0,-1.0,0.5366876310272537,0.10788406008146473,51.46069665885868,15146.069665885852,2026_bt,2026,5
2026-05-08,Jacob Lopez,over,4.5,6.1,1.5999999999999996,9.4,15.039999999999997,V2_core,,-128.0,,,1.78125,0.5614035087719298,Win,1.0,78.125,0.78125,0.5368421052631579,0.10870368500603568,51.63425037786695,15163.42503778668,2026_bt,2026,5
2026-05-08,Keider Montero,over,3.5,4.7,1.2000000000000002,9.4,11.280000000000003,V4_extra,,-121.0,,,1.8264462809917354,0.5475113122171946,Win,1.0,82.64462809917354,0.8264462809917354,0.5378151260504201,0.11021154760264429,52.46069665885868,15246.069665885852,2026_bt,2026,5
2026-05-09,Edward Cabrera,over,5.5,6.4,0.9000000000000004,25.2,22.680000000000007,V2_core,,122.0,,,2.2199999999999998,0.45045045045045046,Win,1.0,121.99999999999997,1.2199999999999998,0.5386221294363257,0.11261105774291999,53.94069665885868,15394.069665885852,2026_bt,2026,5
2026-05-09,Luis Castillo,over,4.5,5.9,1.4000000000000004,8.5,11.900000000000002,V4_extra,,-125.0,,,1.8,0.5555555555555556,Win,1.0,80.0,0.8,0.5395833333333333,0.11404311803928892,54.74069665885868,15474.069665885852,2026_bt,2026,5
2026-05-09,Jack Kochanowicz,over,3.5,4.4,0.9000000000000004,23.2,20.880000000000006,V2_core,,114.0,,,2.1399999999999997,0.4672897196261682,Loss,0.0,-100.0,-1.0,0.5384615384615384,0.11172702008078728,53.74069665885868,15374.069665885852,2026_bt,2026,5
2026-05-10,Payton Tolle,under,5.5,4.3,1.2000000000000002,12.4,14.880000000000003,V2_core,,-122.0,,,1.819672131147541,0.5495495495495496,Win,1.0,81.9672131147541,0.819672131147541,0.5394190871369294,0.11319578587138221,54.56036879000622,15456.036879000607,2026_bt,2026,5
2026-05-11,Brandon Young,over,4.5,5.0,0.5,20.4,10.2,V4_extra,,127.0,,,2.27,0.44052863436123346,Win,1.0,127.0,1.27,0.5403726708074534,0.1155908256521868,55.830368790006226,15583.036879000607,2026_bt,2026,5
2026-05-12,Paul Skenes,under,7.5,6.4,1.0999999999999996,12.7,13.969999999999995,V2_core,,-109.0,,,1.9174311926605505,0.5215311004784688,Loss,0.0,-100.0,-1.0,0.5392561983471075,0.11328588592976492,54.830368790006226,15483.036879000607,2026_bt,2026,5
2026-05-13,Simeon Woods Richardson,over,3.5,4.7,1.2000000000000002,13.6,16.32,V2_core,,-113.0,,,1.8849557522123894,0.5305164319248826,Loss,0.0,-100.0,-1.0,0.5379876796714579,0.1109247819096637,54.02036879000622,15402.036879000607,2026_bt,2026,5
2026-05-13,Griffin Jax,under,3.5,2.3,1.2000000000000002,40.6,48.720000000000006,V2_core,,119.0,,,2.19,0.45662100456621,Win,1.0,119.0,1.19,0.5390946502057613,0.11321063537038317,55.02036879000622,15502.036879000607,2026_bt,2026,5
2026-05-13,Jacob Misiorowski,under,7.5,6.9,0.5999999999999996,22.1,13.259999999999993,V2_core,,122.0,,,2.2199999999999998,0.45045045045045046,Loss,0.0,-100.0,-1.0,0.5381443298969072,0.11099045111341489,53.830368790006226,15383.036879000607,2026_bt,2026,5
2026-05-15,Zack Littell,over,3.5,4.5,1.0,28.2,28.2,V2_core,,121.0,,,2.21,0.45248868778280543,Loss,0.0,-100.0,-1.0,0.5368852459016393,0.10864829670083243,53.02036879000622,15302.036879000607,2026_bt,2026,5
2026-05-19,Will Warren,over,5.5,6.0,0.5,16.9,8.45,V4_extra,,119.0,,,2.19,0.45662100456621,Loss,0.0,-100.0,-1.0,0.5357873210633947,0.10638112226995138,52.02036879000622,15202.036879000607,2026_bt,2026,5
2026-05-19,Ranger Suarez,over,4.5,5.2,0.7000000000000002,13.1,9.170000000000002,V4_extra,,106.0,,,2.06,0.4854368932038835,Loss,0.0,-100.0,-1.0,0.5346938775510204,0.1041232016122576,51.02036879000622,15102.036879000607,2026_bt,2026,5
2026-05-19,Mitch Keller,over,4.5,5.2,0.7000000000000002,19.4,13.580000000000002,V2_core,,116.0,,,2.16,0.46296296296296297,Loss,0.0,-100.0,-1.0,0.5336048879837068,0.10187447818738539,50.02036879000622,15002.036879000607,2026_bt,2026,5
2026-05-20,Trey Yesavage,under,5.5,4.9,0.5999999999999996,22.4,13.43999999999999,V2_core,,118.0,,,2.1799999999999997,0.45871559633027525,Loss,0.0,-100.0,-1.0,0.532520325203252,0.09963489591464679,49.02036879000622,14902.036879000607,2026_bt,2026,5
2026-05-22,Logan Henderson,over,5.5,6.2,0.7000000000000002,13.9,9.730000000000002,V4_extra,,108.0,,,2.08,0.4807692307692308,Win,1.0,108.0,1.08,0.5334685598377282,0.1016234661054893,50.10036879000622,15010.036879000607,2026_bt,2026,5
2026-05-22,Spencer Arrighetti,over,5.5,6.1,0.5999999999999996,20.0,11.999999999999993,V4_extra,,124.0,,,2.24,0.44642857142857145,Loss,0.0,-100.0,-1.0,0.5323886639676113,0.09939345908908143,49.10036879000622,14910.036879000607,2026_bt,2026,5
2026-05-23,Max Meyer,under,5.5,4.9,0.5999999999999996,14.3,8.579999999999995,V4_extra,,104.0,,,2.04,0.49019607843137253,Loss,0.0,-100.0,-1.0,0.5321285140562249,0.09929792929720126,49.45036879000622,14945.036879000607,2026_bt,2026,5
2026-05-23,Taj Bradley,over,4.5,5.6,1.0999999999999996,21.1,23.209999999999994,V2_core,,108.0,,,2.08,0.4807692307692308,Win,1.0,108.0,1.08,0.5331991951710262,0.10150979635816142,50.45036879000622,15045.036879000607,2026_bt,2026,5
2026-05-23,Roki Sasaki,under,4.5,4.0,0.5,27.5,13.75,V2_core,,127.0,,,2.27,0.44052863436123346,Win,1.0,127.0,1.27,0.5333333333333333,0.10175832078789136,50.370368790006225,15037.036879000607,2026_bt,2026,5
2026-05-23,Robert Gasser,under,3.5,2.8,0.7000000000000002,26.9,18.830000000000005,V2_core,,115.0,,,2.15,0.46511627906976744,Loss,0.0,-100.0,-1.0,0.532258064516129,0.099537033850819,49.370368790006225,14937.036879000607,2026_bt,2026,5
2026-05-24,Reid Detmers,under,6.5,5.3,1.2000000000000002,19.1,22.920000000000005,V2_core,,-104.0,,,1.9615384615384617,0.5098039215686274,Loss,0.0,-100.0,-1.0,0.5338645418326693,0.10323459166617793,51.82376501642132,15182.376501642117,2026_bt,2026,5
2026-05-24,Ryan Weathers,under,5.5,4.8,0.7000000000000002,11.8,8.260000000000003,V4_extra,,-106.0,,,1.9433962264150944,0.5145631067961165,Win,1.0,94.33962264150944,0.9433962264150944,0.533066132264529,0.10098950905094453,50.39376501642132,15039.376501642117,2026_bt,2026,5
2026-05-24,Ryne Nelson,under,4.5,4.0,0.5,24.9,12.45,V2_core,,125.0,,,2.25,0.4444444444444444,Win,1.0,125.0,1.25,0.534,0.10328753003284265,51.64376501642132,15164.376501642117,2026_bt,2026,5
2026-05-24,Seth Lugo,under,4.5,4.1,0.4000000000000003,20.7,8.280000000000006,V4_extra,,118.0,,,2.1799999999999997,0.45871559633027525,Win,1.0,117.99999999999997,1.1799999999999997,0.5349301397205589,0.10543665671940383,52.82376501642132,15282.376501642117,2026_bt,2026,5
2026-05-25,Jacob Misiorowski,under,8.5,6.0,2.5,22.1,55.25,V2_core,,-121.0,,,1.8264462809917354,0.5475113122171946,Loss,0.0,-100.0,-1.0,0.5335968379446641,0.10205179735348965,51.63820946086577,15163.820946086562,2026_bt,2026,5
2026-05-25,Nick Lodolo,over,4.5,7.0,2.5,13.1,32.75,V2_core,,-144.0,,,1.6944444444444444,0.5901639344262295,Win,1.0,69.44444444444444,0.6944444444444444,0.5346534653465347,0.10423407814032824,52.63820946086577,15263.820946086562,2026_bt,2026,5
2026-05-25,Trey Yesavage,under,5.5,4.9,0.5999999999999996,23.2,13.919999999999991,V2_core,,120.0,,,2.2,0.45454545454545453,Loss,0.0,-100.0,-1.0,0.532803180914513,0.10104128233880978,50.82376501642132,15082.376501642117,2026_bt,2026,5
2026-05-25,Anthony Kay,over,4.5,5.2,0.7000000000000002,16.0,11.200000000000003,V4_extra,,112.0,,,2.12,0.4716981132075472,Win,1.0,112.00000000000001,1.12,0.5337301587301587,0.10306302582623278,51.943765016421324,15194.376501642117,2026_bt,2026,5
2026-05-26,Jordan Wicks,under,3.5,2.8,0.7000000000000002,34.7,24.29000000000001,V2_core,,130.0,,,2.3,0.43478260869565216,Loss,0.0,-100.0,-1.0,0.5325443786982249,0.09987812516936048,50.63820946086577,15063.820946086562,2026_bt,2026,5
2026-05-26,Jack Kochanowicz,over,3.5,4.6,1.0999999999999996,10.5,11.549999999999997,V4_extra,,-115.0,,,1.8695652173913042,0.5348837209302325,Win,1.0,86.95652173913042,0.8695652173913042,0.5334645669291339,0.10139325724066352,51.507774678257064,15150.777467825692,2026_bt,2026,5
2026-05-26,Kyle Harrison,under,6.5,4.9,1.5999999999999996,11.3,18.08,V2_core,,-133.0,,,1.7518796992481203,0.5708154506437768,Win,1.0,75.18796992481202,0.7518796992481203,0.5343811394891945,0.10267122667486284,52.259654377505186,15225.965437750503,2026_bt,2026,5
2026-05-26,Sandy Alcantara,over,4.5,5.3,0.7999999999999998,27.3,21.839999999999996,V2_core,,127.0,,,2.27,0.44052863436123346,Loss,0.0,-100.0,-1.0,0.5333333333333333,0.10050912623040233,51.259654377505186,15125.965437750503,2026_bt,2026,5
2026-05-27,Gavin Williams,under,6.5,5.3,1.2000000000000002,16.4,19.68,V2_core,,-108.0,,,1.925925925925926,0.5192307692307693,Win,1.0,92.59259259259261,0.925925925925926,0.5342465753424658,0.10212442329438573,52.18558030343111,15218.558030343096,2026_bt,2026,5
2026-05-27,Logan Gilbert,under,5.5,5.0,0.5,19.7,9.85,V4_extra,,115.0,,,2.15,0.46511627906976744,Loss,0.0,-100.0,-1.0,0.533203125,0.09997183653013889,51.18558030343111,15118.558030343096,2026_bt,2026,5
2026-05-28,Grayson Rodriguez,over,5.5,6.6,1.0999999999999996,20.0,21.999999999999993,V2_core,,108.0,,,2.08,0.4807692307692308,Loss,0.0,-100.0,-1.0,0.5321637426900585,0.0978276419170197,50.18558030343111,15018.558030343096,2026_bt,2026,5
2026-05-29,Grant Holmes,under,5.5,4.5,1.0,8.7,8.7,V4_extra,,-122.0,,,1.819672131147541,0.5495495495495496,Win,1.0,81.9672131147541,0.819672131147541,0.5330739299610895,0.09923200862758493,51.00525243457865,15100.52524345785,2026_bt,2026,5
2026-05-29,Taj Bradley,under,5.5,5.0,0.5,12.7,6.35,V4_extra,,102.0,,,2.02,0.49504950495049505,Loss,0.0,-100.0,-1.0,0.5320388349514563,0.09709757754287117,50.00525243457865,15000.52524345785,2026_bt,2026,5
2026-05-29,Max Meyer,under,5.5,4.3,1.2000000000000002,36.4,43.68000000000001,V2_core,,122.0,,,2.2199999999999998,0.45045045045045046,Loss,0.0,-100.0,-1.0,0.5310077519379846,0.09497141944685786,49.00525243457865,14900.52524345785,2026_bt,2026,5
2026-05-29,Freddy Peralta,under,5.5,4.5,1.0,10.2,10.2,V4_extra,,-118.0,,,1.847457627118644,0.5412844036697247,Win,1.0,84.7457627118644,0.847457627118644,0.5319148936170213,0.09642690534177427,49.8527100616973,14985.271006169714,2026_bt,2026,5
2026-05-29,Slade Cecconi,under,4.5,3.3,1.2000000000000002,8.4,10.080000000000002,V4_extra,,-138.0,,,1.7246376811594204,0.5798319327731093,Win,1.0,72.46376811594205,0.7246376811594204,0.5328185328185329,0.09763966745725235,50.577347742856716,15057.734774285656,2026_bt,2026,5
2026-05-29,Trevor Rogers,under,4.5,3.3,1.2000000000000002,8.2,9.84,V4_extra,,-139.0,,,1.7194244604316546,0.5815899581589958,Win,1.0,71.94244604316546,0.7194244604316546,0.5337186897880539,0.09883771137435139,51.29677220328838,15129.677220328822,2026_bt,2026,5
2026-05-30,Framber Valdez,under,5.5,3.9,1.6,10.6,16.96,V2_core,,-141.0,,,1.7092198581560285,0.5850622406639004,Win,1.0,70.92198581560285,0.7092198581560285,0.5334608030592735,0.0970845560815969,50.775222830675176,15077.522283067501,2026_bt,2026,5
2026-05-30,Parker Messick,under,6.5,4.3,2.2,19.7,43.34,V2_core,,-130.0,,,1.7692307692307692,0.5652173913043478,Win,1.0,76.92307692307692,0.7692307692307692,0.5325670498084292,0.09591188308911713,50.066002972519144,15006.600297251898,2026_bt,2026,5
2026-05-30,Reid Detmers,under,5.5,4.7,0.7999999999999998,13.2,10.559999999999997,V4_extra,,-104.0,,,1.9615384615384617,0.5098039215686274,Loss,0.0,-100.0,-1.0,0.5326923076923077,0.09672456192940072,50.29677220328838,15029.677220328822,2026_bt,2026,5
2026-05-30,Christian Scott,under,5.5,4.0,1.5,10.4,15.600000000000001,V2_core,,-139.0,,,1.7194244604316546,0.5815899581589958,Loss,0.0,-100.0,-1.0,0.5316698656429942,0.09461952438251127,49.29677220328838,14929.677220328822,2026_bt,2026,5
2026-05-31,Jacob Misiorowski,under,8.5,6.6,1.9000000000000004,22.3,42.37000000000001,V2_core,,-109.0,,,1.9174311926605505,0.5215311004784688,Win,1.0,91.74311926605505,0.9174311926605505,0.5343511450381679,0.09865010309796894,51.69265402333573,15169.265402333556,2026_bt,2026,5
2026-06-09,Nathan Eovaldi,over,5.5,5.691603255531575,0.1916,13.0369,2.4978700399999996,Filtered,116.0,125.0,130.0,-2.82,2.25,0.4444444444444444,Loss,0.0,-100.0,-1.0,0.3333333333333333,-0.26333333333333336,-1.5800000000000003,9842.0,picks_log,2026,6
2026-06-09,Dylan Cease,under,6.5,5.966378769107853,0.5336,9.8768,5.270260479999999,Filtered,106.0,111.0,115.0,-2.03,2.1100000000000003,0.47393364928909953,Loss,0.0,-100.0,-1.0,0.0,-1.0,-1.0,9900.0,picks_log,2026,6
2026-06-09,Chase Burns,under,6.5,6.401268000431931,0.0987,8.973,0.8856351,Filtered,,115.0,,,2.15,0.46511627906976744,Loss,0.0,-100.0,-1.0,0.0,-1.0,-2.0,9800.0,picks_log,2026,6
2026-06-09,Zac Gallen,over,4.5,4.7441388243680205,0.2441,8.9773,2.19135893,Filtered,110.0,116.0,125.0,-3.17,2.16,0.46296296296296297,Loss,0.0,-100.0,-1.0,0.0,-1.0,-3.0,9700.0,picks_log,2026,6
2026-06-09,J.T. Ginn,over,4.5,4.777975515668123,0.278,11.266,3.1319480000000004,Filtered,,120.0,,,2.2,0.45454545454545453,Win,1.0,120.00000000000001,1.2000000000000002,0.25,-0.45,-1.8,9820.0,picks_log,2026,6
2026-06-09,Trevor Rogers,under,4.5,4.358195985375114,0.1418,13.2052,1.87249736,Filtered,110.0,122.0,142.0,-6.3,2.2199999999999998,0.45045045045045046,Win,1.0,121.99999999999997,1.2199999999999998,0.4,-0.11600000000000006,-0.5800000000000003,9942.0,picks_log,2026,6
2026-06-09,Eric Lauer,over,4.5,4.749035660423278,0.249,16.0817,4.0043433,Filtered,126.0,130.0,,,2.3,0.43478260869565216,Win,1.0,129.99999999999997,1.2999999999999998,0.42857142857142855,-0.040000000000000084,-0.2800000000000006,9972.0,picks_log,2026,6
2026-06-09,Tomoyuki Sugano,over,3.5,3.787668769548594,0.2877,19.1044,5.496335879999999,Filtered,,135.0,,,2.35,0.425531914893617,Loss,0.0,-100.0,-1.0,0.375,-0.16000000000000006,-1.2800000000000005,9872.0,picks_log,2026,6
2026-06-10,Ryne Nelson,over,4.5,4.505243233216035,0.0052,7.0624,0.03672448,Filtered,-110.0,116.0,118.0,-6.51,2.16,0.46296296296296297,Loss,0.0,-100.0,-1.0,0.3333333333333333,-0.2533333333333334,-2.2800000000000007,9772.0,picks_log,2026,6
2026-06-10,Brady Singer,over,4.5,4.680655447194937,0.1807,8.475,1.5314325,Filtered,116.0,116.0,125.0,-1.85,2.16,0.46296296296296297,Win,1.0,116.00000000000001,1.1600000000000001,0.4,-0.11200000000000004,-1.1200000000000003,9888.0,picks_log,2026,6
2026-06-10,Shota Imanaga,over,5.5,5.520803538630247,0.0208,10.251,0.2132208,Filtered,,122.0,,,2.2199999999999998,0.45045045045045046,Win,1.0,121.99999999999997,1.2199999999999998,0.45454545454545453,0.009090909090909026,0.09999999999999928,10010.0,picks_log,2026,6
2026-06-11,Martín Pérez,over,4.5,4.57858215446465,0.0786,9.6508,0.7585528800000001,Filtered,,120.0,,,2.2,0.45454545454545453,Pending,,,,0.38461538461538464,,,,picks_log,2026,6
2026-06-11,Mitch Keller,over,4.5,4.86763171974656,0.3676,12.993,4.7762268,Filtered,120.0,122.0,132.0,-2.35,2.2199999999999998,0.45045045045045046,Loss,0.0,-100.0,-1.0,0.35714285714285715,-0.13571428571428576,-1.9000000000000006,,picks_log,2026,6
2026-06-11,Merrill Kelly,over,4.5,4.713357523765165,0.2134,10.748,2.2936232,Filtered,125.0,120.0,134.0,-1.71,2.2,0.45454545454545453,Loss,0.0,-100.0,-1.0,0.4166666666666667,-0.07500000000000005,-0.9000000000000007,9910.0,picks_log,2026,6
2026-06-12,Luinder Avila,over,3.5,4.46,0.96,11.7,11.232,V4_extra,,110.0,,,2.1,0.47619047619047616,Loss,0.0,-100.0,-1.0,0.38095238095238093,-0.0990476190476191,-2.080000000000001,,picks_log,2026,6
2026-06-12,Sonny Gray,over,5.5,5.58,0.08,12.7,1.016,Filtered,124.0,126.0,136.0,-2.27,2.26,0.4424778761061947,Win,1.0,125.99999999999997,1.2599999999999998,0.4,-0.054000000000000055,-1.0800000000000012,,picks_log,2026,6
2026-06-12,Shane Baz,over,5.5,5.56,0.06,8.5,0.51,Filtered,118.0,118.0,138.0,-3.85,2.1799999999999997,0.45871559633027525,Loss,0.0,-100.0,-1.0,0.34782608695652173,-0.17739130434782613,-4.080000000000001,,picks_log,2026,6
2026-06-12,Javier Assad,over,3.5,4.15,0.65,13.6,8.84,V4_extra,,118.0,,,2.1799999999999997,0.45871559633027525,Win,1.0,117.99999999999997,1.1799999999999997,0.3684210526315789,-0.12315789473684215,-2.3400000000000007,,picks_log,2026,6
2026-06-12,Nolan McLean,under,5.5,5.46,0.04,10.7,0.428,Filtered,118.0,119.0,104.0,3.15,2.19,0.45662100456621,Loss,0.0,-100.0,-1.0,0.36363636363636365,-0.14000000000000004,-3.080000000000001,,picks_log,2026,6
2026-06-12,Zack Littell,over,3.5,4.12,0.62,7.1,4.402,Filtered,100.0,106.0,128.0,-6.14,2.06,0.4854368932038835,Loss,0.0,-100.0,-1.0,0.35294117647058826,-0.1482352941176471,-2.5200000000000005,,picks_log,2026,6
2026-06-12,Anthony Kay,over,4.5,4.69,0.19,19.6,3.724,Filtered,138.0,138.0,,,2.38,0.42016806722689076,Win,1.0,138.0,1.38,0.375,-0.09500000000000003,-1.5200000000000005,,picks_log,2026,6
2026-06-12,Shane McClanahan,under,5.5,5.23,0.27,19.1,5.157000000000001,Filtered,,132.0,,,2.3200000000000003,0.43103448275862066,Loss,0.0,-100.0,-1.0,0.3333333333333333,-0.1955555555555556,-3.5200000000000005,,picks_log,2026,6
2026-06-12,Jacob Misiorowski,under,8.5,6.33,2.17,8.1,17.576999999999998,V2_core,102.0,-108.0,-110.0,2.88,1.925925925925926,0.5192307692307693,Loss,0.0,-100.0,-1.0,0.3333333333333333,-0.19333333333333338,-2.9000000000000004,,picks_log,2026,6
2026-06-13,Javier Assad,over,3.5,4.15,0.65,13.6,8.84,V4_extra,,118.0,,,2.1799999999999997,0.45871559633027525,Win,1.0,117.99999999999997,1.1799999999999997,0.375,-0.12083333333333338,-2.9000000000000012,,picks_log,2026,6
2026-06-13,Shane McClanahan,under,5.5,5.23,0.27,19.1,5.157000000000001,Filtered,,132.0,,,2.3200000000000003,0.43103448275862066,Loss,0.0,-100.0,-1.0,0.36,-0.15600000000000006,-3.9000000000000012,,picks_log,2026,6
2026-06-13,Luinder Avila,over,3.5,4.46,0.96,11.7,11.232,V4_extra,,110.0,,,2.1,0.47619047619047616,Loss,0.0,-100.0,-1.0,0.34615384615384615,-0.1884615384615385,-4.900000000000001,,picks_log,2026,6
2026-06-14,Freddy Peralta,over,5.5,6.117,0.617,8.4,5.1828,Filtered,-115.0,110.0,119.0,-7.83,2.1,0.47619047619047616,Loss,0.0,-100.0,-1.0,0.29411764705882354,-0.1970588235294118,-6.700000000000001,,picks_log,2026,6
2026-06-14,Gavin Williams,under,6.5,5.889,0.611,12.0,7.332,V4_extra,122.0,114.0,,,2.1399999999999997,0.4672897196261682,Pending,,,,0.30303030303030304,,,,picks_log,2026,6
2026-06-14,Miles Mikolas,over,3.5,3.642,0.142,12.7,1.8033999999999997,Filtered,130.0,125.0,125.0,0.97,2.25,0.4444444444444444,Pending,,,,0.3125,,,,picks_log,2026,6
2026-06-14,Casey Mize,over,4.5,4.756,0.256,13.6,3.4816,Filtered,,125.0,,,2.25,0.4444444444444444,Pending,,,,0.3225806451612903,,,,picks_log,2026,6
2026-06-14,Emerson Hancock,over,4.5,5.202,0.702,17.1,12.0042,V2_core,115.0,125.0,130.0,-3.03,2.25,0.4444444444444444,Loss,0.0,-100.0,-1.0,0.35714285714285715,-0.1678571428571429,-4.700000000000001,,picks_log,2026,6
2026-06-14,Tomoyuki Sugano,over,3.5,3.841,0.341,17.1,5.831100000000001,Filtered,139.0,130.0,135.0,0.71,2.3,0.43478260869565216,Loss,0.0,-100.0,-1.0,0.3448275862068966,-0.19655172413793107,-5.700000000000001,,picks_log,2026,6
2026-06-14,Kyle Harrison,under,6.5,5.382,1.118,18.7,20.9066,V2_core,120.0,120.0,118.0,0.42,2.2,0.45454545454545453,Win,1.0,120.00000000000001,1.2000000000000002,0.37037037037037035,-0.13703703703703707,-3.700000000000001,,picks_log,2026,6
2026-06-14,Cristopher Sanchez,under,6.5,6.011,0.489,15.3,7.4817,V4_extra,,122.0,105.0,,2.2199999999999998,0.45045045045045046,Pending,,,,0.3333333333333333,,,,picks_log,2026,6
2026-06-15,Eric Lauer,over,4.5,4.687776479972253,0.1877764799722534,73.3492,13.77325458478081,V2_core,,245.0,,,3.45,0.2898550724637681,Loss,0.0,-100.0,-1.0,0.275,-0.265,-10.6,,picks_log,2026,6
2026-06-15,Mitch Spence,over,3.5,4.108764213448092,0.608764213448092,19.4558,11.843994784003387,V4_extra,135.0,130.0,123.0,2.29,2.3,0.43478260869565216,Loss,0.0,-100.0,-1.0,0.28205128205128205,-0.2461538461538462,-9.600000000000001,,picks_log,2026,6
2026-06-15,Walbert Ureña,over,4.5,5.052938514478838,0.5529385144788383,15.98,8.835957461371837,V4_extra,,125.0,,,2.25,0.4444444444444444,Loss,0.0,-100.0,-1.0,0.2894736842105263,-0.22631578947368425,-8.600000000000001,,picks_log,2026,6
2026-06-15,Shota Imanaga,under,5.5,5.115106127316874,0.3848938726831257,8.6567,3.3319107876560143,Filtered,,110.0,,,2.1,0.47619047619047616,Win,1.0,110.00000000000001,1.1,0.3055555555555556,-0.18333333333333338,-6.600000000000001,,picks_log,2026,6
2026-06-15,Chase Burns,under,6.5,6.141259663634203,0.3587403363657966,15.3894,5.52079853246779,Filtered,,124.0,,,2.24,0.44642857142857145,Loss,0.0,-100.0,-1.0,0.2857142857142857,-0.22000000000000003,-7.700000000000001,,picks_log,2026,6
2026-06-15,MacKenzie Gore,under,5.5,5.0232600625003005,0.4767399374996994,9.3326,4.4492231407096945,Filtered,,110.0,,,2.1,0.47619047619047616,Loss,0.0,-100.0,-1.0,0.2972972972972973,-0.20540540540540544,-7.600000000000001,,picks_log,2026,6
2026-06-16,Adrian Houser,over,3.5,4.264589715763401,0.7645897157634014,9.2172,7.0473763281344235,V4_extra,105.0,108.0,120.0,-3.33,2.08,0.4807692307692308,Loss,0.0,-100.0,-1.0,0.2553191489361702,-0.32468085106382977,-15.26,,picks_log,2026,6
2026-06-16,Mitch Keller,over,4.5,4.753084406422246,0.2530844064222464,7.0283,1.7787531336574742,Filtered,,112.0,,,2.12,0.4716981132075472,Win,1.0,112.00000000000001,1.12,0.2708333333333333,-0.2945833333333333,-14.14,,picks_log,2026,6
2026-06-16,Michael King,over,4.5,5.458345162755169,0.9583451627551688,13.6807,13.110832668104637,V2_core,110.0,115.0,105.0,1.16,2.15,0.46511627906976744,Loss,0.0,-100.0,-1.0,0.26666666666666666,-0.2946666666666667,-13.26,,picks_log,2026,6
2026-06-16,Logan Gilbert,under,6.5,5.733879026846312,0.7661209731536882,13.5636,10.391358431467365,V4_extra,,115.0,,,2.15,0.46511627906976744,Loss,0.0,-100.0,-1.0,0.2608695652173913,-0.31,-14.26,,picks_log,2026,6
2026-06-16,Michael Wacha,over,4.5,4.827017945934577,0.3270179459345765,16.7305,5.471173744458432,Filtered,135.0,130.0,130.0,0.93,2.3,0.43478260869565216,Loss,0.0,-100.0,-1.0,0.27906976744186046,-0.2618604651162791,-11.26,,picks_log,2026,6
2026-06-16,Justin Wrobleski,over,4.5,4.661182010153752,0.1611820101537517,17.3466,2.795959857333069,Filtered,,134.0,,,2.34,0.42735042735042733,Win,1.0,134.0,1.34,0.2857142857142857,-0.24428571428571427,-10.26,,picks_log,2026,6
2026-06-16,Reid Detmers,over,5.5,6.042825365866702,0.5428253658667019,18.1772,9.867045240432214,V4_extra,,130.0,,,2.3,0.43478260869565216,Loss,0.0,-100.0,-1.0,0.2682926829268293,-0.28292682926829266,-11.6,,picks_log,2026,6
2026-06-16,Robert Gasser,under,4.5,4.170126663523698,0.329873336476302,16.3686,5.3995646954459975,Filtered,125.0,125.0,128.0,-0.58,2.25,0.4444444444444444,Loss,0.0,-100.0,-1.0,0.2727272727272727,-0.2786363636363636,-12.26,,picks_log,2026,6
2026-06-17,Zack Littell,over,3.5,4.276183640510386,0.7761836405103857,24.3624,18.90969632357022,V2_core,120.0,120.0,,,2.2,0.45454545454545453,Loss,0.0,-100.0,-1.0,0.24528301886792453,-0.34226415094339624,-18.14,,picks_log,2026,6
2026-06-17,Casey Mize,over,4.5,4.936691496233824,0.4366914962338235,14.3155,6.2514571143353,V4_extra,120.0,120.0,,,2.2,0.45454545454545453,Loss,0.0,-100.0,-1.0,0.2653061224489796,-0.3089795918367347,-15.14,,picks_log,2026,6
2026-06-17,Shane McClanahan,over,4.5,5.363844199374957,0.8638441993749568,12.7344,11.00053757252045,V4_extra,100.0,100.0,,,2.0,0.5,Loss,0.0,-100.0,-1.0,0.26,-0.3228,-16.14,,picks_log,2026,6
2026-06-17,Aaron Civale,over,3.5,4.472696883583999,0.9726968835839988,14.5687,14.170929087870203,V2_core,-105.0,-105.0,,,1.9523809523809523,0.5121951219512195,Loss,0.0,-100.0,-1.0,0.2549019607843137,-0.336078431372549,-17.14,,picks_log,2026,6
2026-06-17,Max Scherzer,over,3.5,4.754548912373785,1.2545489123737852,20.1686,25.302495194101926,V2_core,-105.0,-105.0,,,1.9523809523809523,0.5121951219512195,Pending,,,,0.25,,,,picks_log,2026,6
2026-06-17,Nick Lodolo,over,5.5,6.113245032223233,0.613245032223233,17.0705,10.468399322566698,V4_extra,120.0,120.0,,,2.2,0.45454545454545453,Loss,0.0,-100.0,-1.0,0.24074074074074073,-0.35444444444444445,-19.14,,picks_log,2026,6
2026-06-18,Shane Baz,under,5.5,5.093334794282336,0.4066652057176645,16.6632,6.776343655914587,V4_extra,-104.0,-104.0,,,1.9615384615384617,0.5098039215686274,Loss,0.0,-100.0,-1.0,0.2413793103448276,-0.3682543103448276,-21.35875,,picks_log,2026,6
2026-06-18,Shane Drohan,under,5.5,4.676059498195911,0.8239405018040893,19.8289,16.337833816223107,V2_core,-128.0,-128.0,,,1.78125,0.5614035087719298,Win,1.0,78.125,0.78125,0.24561403508771928,-0.35717105263157894,-20.35875,,picks_log,2026,6
2026-06-18,Noah Cameron,over,4.5,4.8665081110708925,0.3665081110708925,15.8184,5.797571904163806,Filtered,109.0,109.0,,,2.09,0.4784688995215311,Win,1.0,108.99999999999999,1.0899999999999999,0.2542372881355932,-0.34353813559322033,-20.26875,,picks_log,2026,6
2026-06-18,Sonny Gray,over,4.5,5.6778817930335865,1.1778817930335863,47.7919,56.293208864481855,V2_core,113.0,113.0,,,2.13,0.4694835680751174,Loss,0.0,-100.0,-1.0,0.23636363636363636,-0.36618181818181816,-20.14,,picks_log,2026,6
2026-06-18,Gage Jump,under,5.5,4.801153312960395,0.6988466870396053,26.8531,18.766199971743227,V2_core,-105.0,-105.0,,,1.9523809523809523,0.5121951219512195,Loss,0.0,-100.0,-1.0,0.23214285714285715,-0.3775,-21.14,,picks_log,2026,6
2026-06-19,Jeffrey Springs,under,4.5,4.336782023233518,0.1632179767664823,27.8215,4.540968940608687,Filtered,130.0,130.0,130.0,0.0,2.3,0.43478260869565216,Win,1.0,129.99999999999997,1.2999999999999998,0.26666666666666666,-0.31614583333333335,-18.96875,,picks_log,2026,6
2026-06-19,Ranger Suarez,under,5.5,4.76564003795078,0.7343599620492203,43.7318,32.11488298834409,V2_core,119.0,119.0,128.0,-1.8,2.19,0.45662100456621,Win,1.0,119.0,1.19,0.26865671641791045,-0.3280410447761194,-21.97875,,picks_log,2026,6
2026-06-19,Michael McGreevy,over,3.5,4.192460906842081,0.6924609068420811,29.2829,20.277263488965975,V2_core,105.0,105.0,110.0,-1.16,2.05,0.4878048780487805,Loss,0.0,-100.0,-1.0,0.25757575757575757,-0.35104166666666664,-23.16875,,picks_log,2026,6
2026-06-19,Jacob Misiorowski,under,8.5,6.5410430896782445,1.9589569103217557,39.5104,77.39917110957668,V2_core,-125.0,-125.0,-116.0,-1.85,1.8,0.5555555555555556,Win,1.0,80.0,0.8,0.26153846153846155,-0.3410576923076923,-22.16875,,picks_log,2026,6
2026-06-19,Connor Prielipp,over,3.5,4.96649341679559,1.46649341679559,28.0043,41.06812159196875,V2_core,-145.0,-145.0,-135.0,-1.74,1.6896551724137931,0.5918367346938775,Win,1.0,68.96551724137932,0.6896551724137931,0.2753623188405797,-0.32303035982008993,-22.289094827586204,,picks_log,2026,6
2026-06-19,Griffin Jax,under,4.5,3.993747694377869,0.5062523056221306,25.2941,12.805196443636735,V2_core,-101.0,-101.0,100.0,-0.25,1.99009900990099,0.5024875621890548,Loss,0.0,-100.0,-1.0,0.25396825396825395,-0.34871031746031744,-21.96875,,picks_log,2026,6
2026-06-19,Jacob deGrom,under,6.5,5.619669456532884,0.8803305434671156,25.228,22.208978950588392,V2_core,-113.0,-113.0,-106.0,-1.6,1.8849557522123894,0.5305164319248826,Loss,0.0,-100.0,-1.0,0.25806451612903225,-0.3382056451612903,-20.96875,,picks_log,2026,6
2026-06-19,Ben Brown,over,4.5,5.29632523755255,0.7963252375525496,20.9311,16.66796317973617,V2_core,-110.0,-110.0,-111.0,0.23,1.9090909090909092,0.5238095238095238,Loss,0.0,-100.0,-1.0,0.26229508196721313,-0.32735655737704916,-19.96875,,picks_log,2026,6
2026-06-19,Cam Schlittler,under,6.5,5.932077484605915,0.567922515394085,27.3212,15.516324627584876,V2_core,108.0,108.0,117.0,-1.99,2.08,0.4807692307692308,Loss,0.0,-100.0,-1.0,0.25,-0.35888671875,-22.96875,,picks_log,2026,6
2026-06-19,Roki Sasaki,under,5.5,4.348652220042084,1.1513477799579164,60.624,69.79930781216872,V2_core,120.0,120.0,120.0,0.0,2.2,0.45454545454545453,Loss,0.0,-100.0,-1.0,0.2647058823529412,-0.3379227941176471,-22.97875,,picks_log,2026,6
2026-06-20,Trevor McDonald,over,4.5,5.128048092862331,0.6280480928623309,26.7401,16.794068807948015,V2_core,110.0,110.0,100.0,2.38,2.1,0.47619047619047616,Loss,0.0,-100.0,-1.0,0.31645569620253167,-0.2596566887648407,-20.512878412422413,,picks_log,2026,6
2026-06-20,Cristopher Sánchez,under,7.5,6.424946519564463,1.0750534804355372,18.4868,19.874298682115686,V2_core,-134.0,-134.0,-139.0,0.89,1.7462686567164178,0.5726495726495726,Win,1.0,74.62686567164178,0.7462686567164178,0.3218390804597701,-0.2673466342664397,-23.259157181180253,,picks_log,2026,6
2026-06-20,Tomoyuki Sugano,over,2.5,3.8639254147845703,1.3639254147845707,40.3555,55.04189207633874,V2_core,-123.0,-123.0,-123.0,0.0,1.8130081300813008,0.5515695067264574,Win,1.0,81.30081300813008,0.8130081300813008,0.313953488372093,-0.2791328585801938,-24.00542583789667,,picks_log,2026,6
2026-06-20,Walbert Ureña,over,3.5,5.467458915070207,1.9674589150702069,37.8413,74.45120304284622,V2_core,-144.0,-144.0,-145.0,0.17,1.6944444444444444,0.5901639344262295,Win,1.0,69.44444444444444,0.6944444444444444,0.3058823529411765,-0.2919815760938585,-24.81843396797797,,picks_log,2026,6
2026-06-20,Cade Cavalli,over,4.5,5.468053555385035,0.9680535553850352,35.6277,34.48952165519142,V2_core,105.0,105.0,100.0,1.22,2.05,0.4878048780487805,Loss,0.0,-100.0,-1.0,0.2976190476190476,-0.3037247430050288,-25.512878412422413,,picks_log,2026,6
2026-06-20,Colin Rea,over,3.5,4.761324568204385,1.261324568204385,32.6145,41.13747012970192,V2_core,-122.0,-122.0,-121.0,-0.2,1.819672131147541,0.5495495495495496,Loss,0.0,-100.0,-1.0,0.30120481927710846,-0.29533588448701703,-24.512878412422413,,picks_log,2026,6
2026-06-20,J.T. Ginn,over,5.5,5.964630181619434,0.4646301816194338,28.3572,13.175610986218608,V2_core,127.0,127.0,128.0,-0.19,2.27,0.44052863436123346,Loss,0.0,-100.0,-1.0,0.3048780487804878,-0.28674241966368796,-23.512878412422413,,picks_log,2026,6
2026-06-20,Freddy Peralta,over,5.5,6.060195059449419,0.5601950594494189,25.0509,14.033390414761449,V2_core,115.0,115.0,115.0,0.0,2.15,0.46511627906976744,Loss,0.0,-100.0,-1.0,0.30864197530864196,-0.2779367705237335,-22.512878412422413,,picks_log,2026,6
2026-06-20,Will Warren,under,5.5,5.307235084128272,0.1927649158717281,19.7097,3.7993386623569996,Filtered,116.0,116.0,112.0,0.87,2.16,0.46296296296296297,Loss,0.0,-100.0,-1.0,0.3125,-0.2689109801552802,-21.512878412422413,,picks_log,2026,6
2026-06-20,Ian Seymour,over,4.5,5.096415790009404,0.596415790009404,17.8082,10.621091671645468,V4_extra,-103.0,-103.0,-103.0,0.0,1.970873786407767,0.5073891625615764,Loss,0.0,-100.0,-1.0,0.32051282051282054,-0.2501651078515694,-19.512878412422417,,picks_log,2026,6
2026-06-20,Zac Gallen,over,3.5,4.6562735515458655,1.1562735515458655,16.6806,19.287336603915964,V2_core,-157.0,-157.0,-150.0,-1.09,1.6369426751592355,0.6108949416342413,Loss,0.0,-100.0,-1.0,0.3157894736842105,-0.26043261068976864,-19.792878412422418,,picks_log,2026,6
2026-06-20,Trevor Rogers,over,3.5,4.455372150372209,0.9553721503722086,12.6547,12.089947951315187,V2_core,-152.0,-152.0,-152.0,0.0,1.6578947368421053,0.6031746031746031,Win,1.0,65.78947368421053,0.6578947368421053,0.32,-0.25057171216563223,-18.792878412422418,,picks_log,2026,6
2026-06-20,Taj Bradley,under,4.5,4.397000528773198,0.102999471226802,14.0135,1.4433830900367899,Filtered,110.0,110.0,122.0,-2.57,2.1,0.47619047619047616,Win,1.0,110.00000000000001,1.1,0.3108108108108108,-0.26284828580087194,-19.450773149264524,,picks_log,2026,6
2026-06-20,Emerson Hancock,under,4.5,4.400980919311168,0.0990190806888318,25.7604,2.550771126176583,Filtered,132.0,132.0,118.0,2.77,2.3200000000000003,0.43103448275862066,Loss,0.0,-100.0,-1.0,0.3013698630136986,-0.2815174404008839,-20.550773149264522,,picks_log,2026,6
2026-06-20,Paul Skenes,over,6.5,7.2596192018774115,0.7596192018774115,15.2751,11.603259270597649,V4_extra,-110.0,-110.0,-128.0,3.76,1.9090909090909092,0.5238095238095238,Win,1.0,90.90909090909092,0.9090909090909092,0.3055555555555556,-0.2715385159620073,-19.550773149264526,,picks_log,2026,6
2026-06-20,Spencer Arrighetti,over,5.5,6.559588108952921,1.059588108952921,16.6264,17.61713573469485,V2_core,-130.0,-130.0,-130.0,0.0,1.7692307692307692,0.5652173913043478,Win,1.0,76.92307692307692,0.7692307692307692,0.29577464788732394,-0.28816709941345686,-20.459864058355436,,picks_log,2026,6
2026-06-20,Andrew Abbott,over,4.5,4.907111318614124,0.407111318614124,15.7593,6.415789403435563,V4_extra,106.0,106.0,114.0,-1.81,2.06,0.4854368932038835,Win,1.0,106.0,1.06,0.2857142857142857,-0.30327278325123147,-21.229094827586206,,picks_log,2026,6
2026-06-20,Troy Melton,over,4.5,4.610144023431211,0.1101440234312107,14.4722,1.5940263359011675,Filtered,128.0,128.0,130.0,-0.38,2.2800000000000002,0.43859649122807015,Win,1.0,128.00000000000003,1.2800000000000002,0.3246753246753247,-0.2404269923691223,-18.512878412422417,,picks_log,2026,6
2026-06-21,Slade Cecconi,over,4.5,4.704444537075331,0.2044445370753314,12.9742,2.6525043129227646,Filtered,,124.0,,,2.24,0.44642857142857145,Pending,,,,0.28865979381443296,,,,picks_log,2026,6
2026-06-21,Logan Gilbert,under,6.5,5.910275267265293,0.589724732734707,21.5756,12.723664943590947,V2_core,,108.0,,,2.08,0.4807692307692308,Pending,,,,0.2916666666666667,,,,picks_log,2026,6
2026-06-21,Robert Gasser,over,4.5,4.670166176300128,0.1701661763001283,14.9778,2.548714955388062,Filtered,,130.0,,,2.3,0.43478260869565216,Pending,,,,0.29473684210526313,,,,picks_log,2026,6
2026-06-21,Bryce Elder,over,4.5,5.394196200319681,0.8941962003196808,29.367,26.25985981478807,V2_core,,120.0,,,2.2,0.45454545454545453,Pending,,,,0.2978723404255319,,,,picks_log,2026,6
2026-06-21,Andrew Alvarez,over,4.5,4.988950799787877,0.4889507997878768,25.3487,12.394267138582954,V2_core,,132.0,,,2.3200000000000003,0.43103448275862066,Pending,,,,0.3010752688172043,,,,picks_log,2026,6
2026-06-21,Jared Jones,over,5.5,5.887796120382791,0.3877961203827906,19.7669,7.665527131994583,V4_extra,,128.0,,,2.2800000000000002,0.43859649122807015,Pending,,,,0.3146067415730337,,,,picks_log,2026,6
2026-06-21,Keider Montero,over,3.5,4.821536480262036,1.3215364802620355,20.8331,27.531701646947013,V2_core,,-115.0,,,1.8695652173913042,0.5348837209302325,Pending,,,,0.3076923076923077,,,,picks_log,2026,6
2026-06-21,Nick Martinez,over,4.5,4.819314402550558,0.3193144025505576,20.4256,6.5221882607366695,V4_extra,,132.0,,,2.3200000000000003,0.43103448275862066,Pending,,,,0.3111111111111111,,,,picks_log,2026,6
2026-06-21,Shota Imanaga,over,5.5,5.845544003950003,0.3455440039500033,16.5791,5.728808595887499,Filtered,,124.0,,,2.24,0.44642857142857145,Pending,,,,0.3181818181818182,,,,picks_log,2026,6
2026-06-21,Stephen Kolek,over,3.5,4.837416935112475,1.3374169351124747,32.8368,43.916492414901306,V2_core,,105.0,,,2.05,0.4878048780487805,Pending,,,,0.30434782608695654,,,,picks_log,2026,6
2026-06-22,Drew Rasmussen,under,5.5,5.083524841948826,0.4164751580511741,23.9106,9.958170914098403,V4_extra,,128.0,,,2.2800000000000002,0.43859649122807015,Pending,,,,0.2857142857142857,,,,picks_log,2026,6
2026-06-22,Michael Wacha,over,4.5,4.815569000538923,0.3155690005389227,12.6947,4.006053791141461,Filtered,,128.0,,,2.2800000000000002,0.43859649122807015,Pending,,,,0.2828282828282828,,,,picks_log,2026,6
