Bet ID,Date,Game Date,Pitcher,Team,Opponent,Home/Away,Sportsbook,Opening Odds,Closing Odds,Executed Odds,Exchange-adjusted Odds,Strikeout Line,Model Projection,Market Projection,Margin,Devig Edge,Model Probability,Market Implied Probability,Bet Side,Odds,Decimal Odds,American Odds,Units Risked,Units Won/Lost,Stake ($),Profit/Loss ($),ROI for Bet,CLV,Result,Running Win %,Running ROI,Running Units,Running Bankroll,Year,Month,Odds Bucket,Model Sample,Kelly Fraction
KPROP-00001,2025-07-01 18:35:37,2025-07-01,Joe Ryan,142,146,Away,bovada,,,100.0,100.0,6.5,5.897896114788809,6.5,0.6021038852111911,0.24539648054241028,0.6226982402712051,0.4894613583138174,Under,100.0,2.0,100.0,1.0,1.0,100.0,100.0,1.0,,Win,1.0,1.0,1.0,10100.0,2025,2025-07,+100 to +120,2025 Validation,0.24539648054241026
KPROP-00002,2025-07-01 15:05:37,2025-07-01,Kevin Gausman,141,147,Home,betrivers,,,-130.0,-130.0,6.5,5.843536712543805,6.5,0.6564632874561953,0.11712256410934258,0.6314171014531067,0.5542635658914729,Under,-130.0,1.7692307692307692,-130.0,1.0,0.7692307692307692,100.0,76.92307692307692,0.7692307692307692,,Win,1.0,0.8846153846153846,1.7692307692307692,10176.923076923076,2025,2025-07,-149 to -120,2025 Validation,0.15225933334214536
KPROP-00003,2025-07-02 13:05:38,2025-07-02,Clay Holmes,121,158,Home,fanduel,,,-112.0,-112.0,4.5,4.142995857204013,4.5,0.35700414279598736,0.137462637907535,0.6009236577624714,0.5137614678899083,Under,-112.0,1.8928571428571428,-112.0,1.0,0.8928571428571428,100.0,89.28571428571428,0.8928571428571428,,Win,1.0,0.8873626373626373,2.662087912087912,10266.208791208792,2025,2025-07,-119 to -101,2025 Validation,0.1539581544564392
KPROP-00004,2025-07-02 18:40:38,2025-07-02,Jack Flaherty,116,120,Away,draftkings,,,105.0,105.0,5.5,5.402234810859781,5.5,0.09776518914021892,0.11877912244449329,0.5457459133875577,0.46492659053833607,Under,105.0,2.05,105.0,1.0,-1.0,100.0,-100.0,-1.0,,Loss,0.75,0.415521978021978,1.662087912087912,10166.208791208792,2025,2025-07,+100 to +120,2025 Validation,0.11312297375666029
KPROP-00005,2025-07-02 19:05:38,2025-07-02,Nick Martinez,113,111,Away,fanduel,,,-111.0,-111.0,4.5,4.304609803978205,4.5,0.19539019602179497,0.08265287903395159,0.5695472491600408,0.4958445875753168,Under,-111.0,1.900900900900901,-111.0,1.0,0.900900900900901,100.0,90.0900900900901,0.900900900900901,,Win,0.8,0.5125977625977626,2.562988812988813,10256.29888129888,2025,2025-07,-119 to -101,2025 Validation,0.09174469572768623
KPROP-00006,2025-07-02 12:35:37,2025-07-02,Sonny Gray,138,134,Away,betonlineag,,,128.0,128.0,5.5,5.6580930121606485,5.5,-0.15809301216064853,0.14463618425590374,0.5020334141473262,0.4306601042269832,Under,128.0,2.2800000000000002,128.0,1.0,-1.0,100.0,-100.0,-1.0,,Loss,0.6666666666666666,0.2604981354981355,1.562988812988813,10156.29888129888,2025,2025-07,+121 to +150,2025 Validation,0.11299701894992478
KPROP-00007,2025-07-03 19:05:37,2025-07-03,Chris Bassitt,141,147,Home,fanduel,,,106.0,106.0,5.5,5.254391245616934,5.5,0.24560875438306606,0.17711907844064334,0.5714170283692444,0.4708904109589041,Under,106.0,2.06,106.0,1.0,-1.0,100.0,-100.0,-1.0,,Loss,0.5714285714285714,0.08042697328411615,0.562988812988813,10056.29888129888,2025,2025-07,+100 to +120,2025 Validation,0.167093470227022
KPROP-00008,2025-07-03 19:10:37,2025-07-03,David Peterson,121,158,Home,betrivers,,,116.0,116.0,4.5,4.603398741662082,4.5,-0.1033987416620823,0.10720905347111585,0.5125967840144054,0.4462590201291302,Under,116.0,2.16,116.0,1.0,1.1600000000000001,100.0,116.00000000000001,1.1600000000000001,,Win,0.625,0.21537360162360164,1.7229888129888131,10172.29888129888,2025,2025-07,+100 to +120,2025 Validation,0.09242159781992745
KPROP-00009,2025-07-04 16:10:38,2025-07-04,Chris Paddack,142,139,Home,fanduel,,,-102.0,-102.0,3.5,3.422676815985905,3.5,0.07732318401409488,0.09596135909379801,0.5534062308295415,0.48560673162090345,Under,-102.0,1.9803921568627452,-102.0,1.0,-1.0,100.0,-100.0,-1.0,,Loss,0.5555555555555556,0.08033209033209035,0.7229888129888131,10072.29888129888,2025,2025-07,-119 to -101,2025 Validation,0.09788058627567395
KPROP-00010,2025-07-04 11:05:37,2025-07-04,Lucas Giolito,111,120,Away,fanatics,,,-145.0,-145.0,5.5,4.506872689722134,5.5,0.9931273102778659,0.1857255686052805,0.7017559487663905,0.5610892153350053,Under,-145.0,1.6896551724137931,-145.0,1.0,-1.0,100.0,-100.0,-1.0,,Loss,0.5,-0.027701118701118688,-0.2770111870111869,9972.29888129888,2025,2025-07,-149 to -120,2025 Validation,0.2693020744776567
KPROP-00011,2025-07-05 16:05:37,2025-07-05,Ranger Suarez,143,113,Home,bovada,,,120.0,120.0,5.5,5.5168499129657445,5.5,-0.01684991296574445,0.15727223329606477,0.5260328333163931,0.43579626972740315,Under,120.0,2.2,120.0,1.0,-1.0,100.0,-100.0,-1.0,,Loss,0.45454545454545453,-0.11609192609192608,-1.2770111870111869,9872.29888129888,2025,2025-07,+100 to +120,2025 Validation,0.1310601944133873
KPROP-00012,2025-07-06 13:35:37,2025-07-06,Chase Burns,113,143,Away,draftkings,,,-105.0,-105.0,4.5,3.9147039170513542,4.5,0.5852960829486458,0.2602538111640714,0.6454958544986708,0.49331997327989313,Under,-105.0,1.9523809523809523,-105.0,1.0,-1.0,100.0,-100.0,-1.0,,Loss,0.4166666666666667,-0.18975093225093223,-2.277011187011187,9772.29888129888,2025,2025-07,-119 to -101,2025 Validation,0.273266501722275
KPROP-00013,2025-07-06 18:10:37,2025-07-06,Erick Fedde,138,112,Away,fanduel,,,130.0,130.0,3.5,3.7950359346191,3.5,-0.2950359346190998,0.09135221325719123,0.47450096228573535,0.4307974335472044,Under,130.0,2.3,130.0,1.0,1.2999999999999998,100.0,129.99999999999997,1.2999999999999998,,Win,0.46153846153846156,-0.07515470669316823,-0.977011187011187,9902.29888129888,2025,2025-07,+121 to +150,2025 Validation,0.0702709332747625
KPROP-00014,2025-07-06 13:30:37,2025-07-06,Garrett Crochet,111,120,Away,fanduel,,,120.0,120.0,7.5,7.742046730722975,7.5,-0.24204673072297478,0.07691974519623546,0.4895089750891979,0.43795620437956206,Under,120.0,2.2,120.0,1.0,1.2000000000000002,100.0,120.00000000000001,1.2000000000000002,,Win,0.5,0.015927772356343795,0.22298881298881312,10022.29888129888,2025,2025-07,+100 to +120,2025 Validation,0.06409978766352954
KPROP-00015,2025-07-06 16:10:37,2025-07-06,George Kirby,136,134,Home,fanduel,,,108.0,108.0,5.5,5.279102412170667,5.5,0.22089758782933266,0.17959033803795388,0.567110739441324,0.45963229416466833,Under,108.0,2.08,108.0,1.0,-1.0,100.0,-100.0,-1.0,,Loss,0.4666666666666667,-0.05180074580074579,-0.7770111870111869,9922.29888129888,2025,2025-07,+100 to +120,2025 Validation,0.16628735003514247
KPROP-00016,2025-07-06 14:10:37,2025-07-06,Joe Ryan,142,139,Home,bovada,,,120.0,120.0,5.5,5.521019626305564,5.5,-0.021019626305563754,0.1557026622684834,0.5253193919402197,0.45454545454545453,Under,120.0,2.2,120.0,1.0,-1.0,100.0,-100.0,-1.0,,Loss,0.4375,-0.11106319918819918,-1.7770111870111869,9822.29888129888,2025,2025-07,+100 to +120,2025 Validation,0.12975221855706948
KPROP-00017,2025-07-06 13:35:37,2025-07-06,Kevin Gausman,141,108,Home,draftkings,,,-125.0,-125.0,6.5,5.701976543432917,6.5,0.7980234565670834,0.1772925156614057,0.6540513975896698,0.5443037974683544,Under,-125.0,1.8,-125.0,1.0,-1.0,100.0,-100.0,-1.0,,Loss,0.4117647058823529,-0.16335359923595216,-2.777011187011187,9722.29888129888,2025,2025-07,-149 to -120,2025 Validation,0.22161564457675711
KPROP-00018,2025-07-06 18:10:37,2025-07-06,Matthew Boyd,112,138,Home,betrivers,,,132.0,132.0,4.5,4.268010108774256,4.5,0.23198989122574432,0.3377767812936643,0.576627922971407,0.4004316710212427,Under,132.0,2.3200000000000003,132.0,1.0,-1.0,100.0,-100.0,-1.0,,Loss,0.3888888888888889,-0.20983395483395484,-3.777011187011187,9622.29888129888,2025,2025-07,+121 to +150,2025 Validation,0.25589150098004865
KPROP-00019,2025-07-06 18:10:37,2025-07-06,Matthew Boyd,112,138,Home,fanatics,,,-140.0,-140.0,5.5,4.268010108774256,5.5,1.2319898912257443,0.2719416031156179,0.741965935150777,0.5675675675675677,Under,-140.0,1.7142857142857144,-140.0,1.0,-1.0,100.0,-100.0,-1.0,,Loss,0.3684210526315789,-0.2514216414216414,-4.777011187011187,9522.29888129888,2025,2025-07,-149 to -120,2025 Validation,0.38071824436186497
KPROP-00020,2025-07-07 19:10:38,2025-07-07,Brady Singer,113,146,Home,bovada,,,120.0,120.0,4.5,4.382038664619885,4.5,0.117961335380115,0.22018692084493055,0.5546304185658775,0.4409566517189835,Under,120.0,2.2,120.0,1.0,1.2000000000000002,100.0,120.00000000000001,1.2000000000000002,,Win,0.4,-0.17885055935055932,-3.5770111870111867,9642.29888129888,2025,2025-07,+100 to +120,2025 Validation,0.18348910070410873
KPROP-00021,2025-07-07 19:35:37,2025-07-07,Freddy Peralta,158,119,Home,betmgm,,,120.0,120.0,5.5,5.5034880879281065,5.5,-0.003488087928106509,0.16230602586895893,0.5283209208495268,0.44251134644478063,Under,120.0,2.2,120.0,1.0,-1.0,100.0,-100.0,-1.0,,Loss,0.38095238095238093,-0.21795291366719938,-4.577011187011187,9542.29888129888,2025,2025-07,+100 to +120,2025 Validation,0.13525502155746574
KPROP-00022,2025-07-07 19:35:37,2025-07-07,Noah Cameron,118,134,Home,bovada,,,110.0,110.0,4.5,4.428737477472014,4.5,0.07126252252798615,0.1459304057440447,0.5456811455924022,0.46424090338770385,Under,110.0,2.1,110.0,1.0,-1.0,100.0,-100.0,-1.0,,Loss,0.36363636363636365,-0.2535005085005085,-5.577011187011187,9442.29888129888,2025,2025-07,+100 to +120,2025 Validation,0.1326640052218588
KPROP-00023,2025-07-07 19:10:38,2025-07-07,Richard Fitts,111,115,Home,bovada,,,105.0,105.0,4.5,4.281809700861622,4.5,0.21819029913837795,0.17661019832885094,0.5739561943067566,0.4740160904544466,Under,105.0,2.05,105.0,1.0,-1.0,100.0,-100.0,-1.0,,Loss,0.34782608695652173,-0.2859570081309212,-6.577011187011187,9342.29888129888,2025,2025-07,+100 to +120,2025 Validation,0.16820018888461996
KPROP-00024,2025-07-07 19:35:37,2025-07-07,Yoshinobu Yamamoto,119,158,Away,betrivers,,,123.0,123.0,5.5,5.320093309730795,5.5,0.17990669026920525,0.2487555914212876,0.5599800858391424,0.41757244960197687,Under,123.0,2.23,123.0,1.0,1.23,100.0,123.0,1.23,,Win,0.375,-0.2227921327921328,-5.347011187011187,9465.29888129888,2025,2025-07,+121 to +150,2025 Validation,0.20224031822868907
KPROP-00025,2025-07-07 19:35:37,2025-07-07,Yoshinobu Yamamoto,119,158,Away,fanduel,,,-158.0,-158.0,6.5,5.320093309730795,6.5,1.1799066902692052,0.16596763125868785,0.7140421927863282,0.5794621026894865,Under,-158.0,1.6329113924050633,-158.0,1.0,0.6329113924050633,100.0,63.29113924050633,0.6329113924050633,,Win,0.4,-0.18856399178424496,-4.714099794606124,9528.590020539388,2025,2025-07,<= -150,2025 Validation,0.2622288573887268
KPROP-00026,2025-07-08 19:35:38,2025-07-08,Clayton Kershaw,119,158,Away,fanduel,,,122.0,122.0,3.5,3.6214480661120576,3.5,-0.1214480661120576,0.13368134235713447,0.5106672713320426,0.4357298474945534,Under,122.0,2.2199999999999998,122.0,1.0,1.2199999999999998,100.0,121.99999999999997,1.2199999999999998,,Win,0.4230769230769231,-0.1343884536386971,-3.4940997946061243,9650.590020539388,2025,2025-07,+121 to +150,2025 Validation,0.10957487078453647
KPROP-00027,2025-07-08 19:35:38,2025-07-08,Clayton Kershaw,119,158,Away,bovada,,,-185.0,-185.0,4.5,3.6214480661120576,4.5,0.8785519338879424,0.08197139081560045,0.7023323063188985,0.6090534979423868,Under,-185.0,1.5405405405405406,-185.0,1.0,0.5405405405405406,100.0,54.054054054054056,0.5405405405405406,,Win,0.4444444444444444,-0.10939108348391052,-2.953559254065584,9704.644074593441,2025,2025-07,<= -150,2025 Validation,0.15164707300886082
KPROP-00028,2025-07-08 18:40:37,2025-07-08,Jack Flaherty,116,139,Home,draftkings,,,125.0,125.0,5.5,5.133919309083316,5.5,0.36608069091668405,0.33307109247414834,0.5924760410996215,0.43466299862448415,Under,125.0,2.25,125.0,1.0,-1.0,100.0,-100.0,-1.0,,Loss,0.42857142857142855,-0.14119854478805657,-3.953559254065584,9604.644074593441,2025,2025-07,+121 to +150,2025 Validation,0.26645687397931866
KPROP-00029,2025-07-08 19:05:38,2025-07-08,Logan Gilbert,136,147,Away,betmgm,,,115.0,115.0,6.5,6.546505410626652,6.5,-0.04650541062665159,0.11630853176954048,0.5192132705904839,0.45142296368989204,Under,115.0,2.15,115.0,1.0,1.15,100.0,114.99999999999999,1.15,,Win,0.4482758620689655,-0.09667445703674428,-2.803559254065584,9719.644074593441,2025,2025-07,+100 to +120,2025 Validation,0.1011378537126439
KPROP-00030,2025-07-08 19:35:38,2025-07-08,Seth Lugo,118,134,Home,betmgm,,,115.0,115.0,5.5,5.057852264948694,5.5,0.44214773505130633,0.30249278127816126,0.6058105959433309,0.453954604539546,Under,115.0,2.15,115.0,1.0,1.15,100.0,114.99999999999999,1.15,,Win,0.4666666666666667,-0.05511864180218614,-1.6535592540655841,9834.644074593441,2025,2025-07,+100 to +120,2025 Validation,0.2630372011114446
KPROP-00031,2025-07-08 19:35:38,2025-07-08,Shota Imanaga,112,142,Away,fanduel,,,-106.0,-106.0,4.5,4.3407946341734025,4.5,0.1592053658265975,0.09328636784645351,0.5625648300569129,0.4903184165232359,Under,-106.0,1.9433962264150944,-106.0,1.0,0.9433962264150944,100.0,94.33962264150944,0.9433962264150944,,Win,0.4838709677419355,-0.022908484762919026,-0.7101630276504898,9928.983697234951,2025,2025-07,-119 to -101,2025 Validation,0.09888354991724072
KPROP-00032,2025-07-08 19:40:37,2025-07-08,Sonny Gray,138,120,Home,bovada,,,105.0,105.0,5.5,5.407233331924897,5.5,0.09276666807510292,0.11700885234183522,0.5448823669960172,0.48220436280137774,Under,105.0,2.05,105.0,1.0,-1.0,100.0,-100.0,-1.0,,Loss,0.46875,-0.053442594614077805,-1.7101630276504898,9828.983697234951,2025,2025-07,+100 to +120,2025 Validation,0.11143700223031928
KPROP-00033,2025-07-09 19:10:38,2025-07-09,Lucas Giolito,111,115,Home,draftkings,,,-130.0,-130.0,6.5,5.911056056640091,6.5,0.5889439433599089,0.09795998002479461,0.6205860756661883,0.5542635658914729,Under,-130.0,1.7692307692307692,-130.0,1.0,0.7692307692307692,100.0,76.92307692307692,0.7692307692307692,,Win,0.48484848484848486,-0.028513098739991534,-0.9409322584197206,9905.906774158027,2025,2025-07,-149 to -120,2025 Validation,0.127347974032233
KPROP-00034,2025-07-09 17:10:39,2025-07-09,Reese Olson,116,139,Home,draftkings,,,110.0,110.0,4.5,4.480398173459048,4.5,0.019601826540951883,0.1252391355802005,0.5358281598000955,0.4572564612326044,Under,110.0,2.1,110.0,1.0,1.1,100.0,110.00000000000001,1.1,,Win,0.5,0.004678462987655278,0.15906774158027948,10015.906774158027,2025,2025-07,+100 to +120,2025 Validation,0.11385375961836408
KPROP-00035,2025-07-09 14:10:37,2025-07-09,Tyler Glasnow,119,158,Away,bovada,,,-105.0,-105.0,5.5,4.987651645375807,5.5,0.5123483546241934,0.2068201172214874,0.6181273771134448,0.49439461883408076,Under,-105.0,1.9523809523809523,-105.0,1.0,0.9523809523809523,100.0,95.23809523809523,0.9523809523809523,,Win,0.5142857142857142,0.03175567697032091,1.1114486939612318,10111.144869396123,2025,2025-07,-119 to -101,2025 Validation,0.2171611230825618
KPROP-00036,2025-07-10 13:10:37,2025-07-10,Chris Paddack,142,112,Home,betrivers,,,132.0,132.0,3.5,3.7246161696759823,3.5,-0.2246161696759823,0.13454359639971514,0.48902741224125645,0.4090768755788824,Under,132.0,2.3200000000000003,132.0,1.0,1.3200000000000003,100.0,132.00000000000003,1.3200000000000003,,Win,0.5277777777777778,0.06754024149892311,2.431448693961232,10243.144869396123,2025,2025-07,+121 to +150,2025 Validation,0.10192696696948114
KPROP-00037,2025-07-10 13:10:37,2025-07-10,Chris Paddack,142,112,Home,fanduel,,,-156.0,-156.0,4.5,3.7246161696759823,4.5,0.7753838303240177,0.11993798724680327,0.6824622109785208,0.5782537067545305,Under,-156.0,1.641025641025641,-156.0,1.0,0.641025641025641,100.0,64.1025641025641,0.641025641025641,,Win,0.5405405405405406,0.08303984689153711,3.072474334986873,10307.247433498687,2025,2025-07,<= -150,2025 Validation,0.1871032601050131
KPROP-00038,2025-07-10 17:10:38,2025-07-10,Nick Lodolo,113,146,Home,betmgm,,,-105.0,-105.0,5.5,5.235166062390426,5.5,0.2648339376095743,0.12217174203260617,0.5747708922606032,0.4954843079701965,Under,-105.0,1.9523809523809523,-105.0,1.0,0.9523809523809523,100.0,95.23809523809523,0.9523809523809523,,Win,0.5526315789473685,0.10591724440441645,4.024855287367825,10402.485528736783,2025,2025-07,-119 to -101,2025 Validation,0.12828032913423648
KPROP-00039,2025-07-11 19:05:38,2025-07-11,Dean Kremer,110,146,Home,fanduel,,,-110.0,-110.0,4.5,4.1034769737086085,4.5,0.39652302629139147,0.1619297504370012,0.6086298692765244,0.5010897994768962,Under,-110.0,1.9090909090909092,-110.0,1.0,-1.0,100.0,-100.0,-1.0,,Loss,0.5384615384615384,0.07756039198379039,3.024855287367825,10302.485528736783,2025,2025-07,-119 to -101,2025 Validation,0.1781227254807013
KPROP-00040,2025-07-12 16:10:37,2025-07-12,Brady Singer,113,115,Home,draftkings,,,125.0,125.0,5.5,5.315113076154229,5.5,0.1848869238457711,0.2619024570501519,0.5608455364667342,0.4242424242424243,Under,125.0,2.25,125.0,1.0,-1.0,100.0,-100.0,-1.0,,Loss,0.525,0.05062138218419563,2.024855287367825,10202.485528736783,2025,2025-07,+121 to +150,2025 Validation,0.20952196564012154
KPROP-00041,2025-07-12 16:10:37,2025-07-12,Brady Singer,113,115,Home,betmgm,,,-160.0,-160.0,6.5,5.315113076154229,6.5,1.184886923845771,0.1615649715669305,0.7148092132719572,0.5817245817245817,Under,-160.0,1.625,-160.0,1.0,-1.0,100.0,-100.0,-1.0,,Loss,0.5121951219512195,0.02499647042360549,1.0248552873678252,10102.485528736783,2025,2025-07,<= -150,2025 Validation,0.2585039545070888
KPROP-00042,2025-07-12 19:35:38,2025-07-12,Framber Valdez,117,140,Home,fanduel,,,-128.0,-128.0,6.5,5.579702908189972,6.5,0.9202970918100277,0.1996191890072433,0.6734704218988032,0.5350734094616639,Under,-128.0,1.78125,-128.0,1.0,-1.0,100.0,-100.0,-1.0,,Loss,0.5,0.0005917925563767896,0.024855287367825163,10002.485528736783,2025,2025-07,-149 to -120,2025 Validation,0.2555125619292714
KPROP-00043,2025-07-12 16:10:37,2025-07-12,Garrett Crochet,111,139,Home,betrivers,,,132.0,132.0,6.5,6.713673233589651,6.5,-0.21367323358965074,0.1441870463827042,0.49318407171668277,0.4004316710212427,Under,132.0,2.3200000000000003,132.0,1.0,-1.0,100.0,-100.0,-1.0,,Loss,0.4883720930232558,-0.02267778401470174,-0.9751447126321748,9902.485528736783,2025,2025-07,+121 to +150,2025 Validation,0.109232610895988
KPROP-00044,2025-07-12 16:10:37,2025-07-12,Garrett Crochet,111,139,Home,fanduel,,,-136.0,-136.0,7.5,6.713673233589651,7.5,0.7863267664103493,0.11283101324862244,0.6412924483127654,0.5475460122699387,Under,-136.0,1.7352941176470589,-136.0,1.0,-1.0,100.0,-100.0,-1.0,,Loss,0.4772727272727273,-0.044889652559822156,-1.9751447126321748,9802.485528736783,2025,2025-07,-149 to -120,2025 Validation,0.1534501780181265
KPROP-00045,2025-07-12 14:10:38,2025-07-12,Mike Burrows,134,142,Away,bovada,,,130.0,130.0,4.5,4.803504426511019,4.5,-0.3035044265110187,0.09392837687672706,0.475621033424664,0.4270462633451957,Under,130.0,2.3,130.0,1.0,1.2999999999999998,100.0,129.99999999999997,1.2999999999999998,,Win,0.4888888888888889,-0.015003215836270557,-0.675144712632175,9932.485528736783,2025,2025-07,+121 to +150,2025 Validation,0.07225259759748236
KPROP-00046,2025-07-13 13:35:37,2025-07-13,Austin Gomber,115,113,Away,betmgm,,,-110.0,-110.0,3.5,3.3818185115066415,3.5,0.11818148849335852,0.07355061757925219,0.5623360377796083,0.5056053811659194,Under,-110.0,1.9090909090909092,-110.0,1.0,0.9090909090909092,100.0,90.90909090909092,0.9090909090909092,,Win,0.5,0.005085786879537699,0.23394619645873416,10023.394619645873,2025,2025-07,-119 to -101,2025 Validation,0.08090567933717739
KPROP-00047,2025-07-13 14:10:37,2025-07-13,Freddy Peralta,158,120,Home,betmgm,,,-135.0,-135.0,6.5,5.6716452918764215,6.5,0.8283547081235785,0.14694304342463305,0.658882173882236,0.552594002855783,Under,-135.0,1.7407407407407407,-135.0,1.0,-1.0,100.0,-100.0,-1.0,,Loss,0.48936170212765956,-0.016299017096622678,-0.7660538035412658,9923.394619645873,2025,2025-07,-149 to -120,2025 Validation,0.19837310862325463
KPROP-00048,2025-07-13 16:05:38,2025-07-13,Jeffrey Springs,133,141,Home,draftkings,,,115.0,115.0,3.5,3.6793386215791144,3.5,-0.1793386215791144,0.07171923246594492,0.4984740616120674,0.44289258476523014,Under,115.0,2.15,115.0,1.0,-1.0,100.0,-100.0,-1.0,,Loss,0.4791666666666667,-0.036792787573776374,-1.7660538035412658,9823.394619645873,2025,2025-07,+100 to +120,2025 Validation,0.06236454997038689
KPROP-00049,2025-07-13 14:10:37,2025-07-13,Nathan Eovaldi,140,117,Away,fanduel,,,130.0,130.0,4.5,4.558931977733761,4.5,-0.05893197773376091,0.19819798230286967,0.5209556444795086,0.4170073589533933,Under,130.0,2.3,130.0,1.0,-1.0,100.0,-100.0,-1.0,,Loss,0.46938775510204084,-0.05645007762329114,-2.766053803541266,9723.394619645873,2025,2025-07,+121 to +150,2025 Validation,0.15245998638682284
KPROP-00050,2025-07-13 14:10:37,2025-07-13,Nathan Eovaldi,140,117,Away,fanatics,,,-160.0,-160.0,5.5,4.558931977733761,5.5,0.9410680222662391,0.1258514712408474,0.6928316746097523,0.5806451612903226,Under,-160.0,1.625,-160.0,1.0,-1.0,100.0,-100.0,-1.0,,Loss,0.46,-0.07532107607082532,-3.766053803541266,9623.394619645873,2025,2025-07,<= -150,2025 Validation,0.20136235398535582
KPROP-00051,2025-07-13 13:35:37,2025-07-13,Shota Imanaga,112,147,Away,fanduel,,,118.0,118.0,4.5,4.71624153683377,4.5,-0.21624153683376957,0.07170755452875133,0.4916089699673172,0.4402054292002935,Under,118.0,2.1799999999999997,118.0,1.0,-1.0,100.0,-100.0,-1.0,,Loss,0.45098039215686275,-0.09345203536355423,-4.766053803541266,9523.394619645873,2025,2025-07,+100 to +120,2025 Validation,0.06076911400741639
KPROP-00052,2025-07-13 16:05:38,2025-07-13,Yoshinobu Yamamoto,119,137,Away,draftkings,,,120.0,120.0,5.5,5.298894020837397,5.5,0.20110597916260264,0.24006473601944245,0.5636657890997465,0.45940170940170943,Under,120.0,2.2,120.0,1.0,-1.0,100.0,-100.0,-1.0,,Loss,0.4423076923076923,-0.11088565006810126,-5.766053803541266,9423.394619645873,2025,2025-07,+100 to +120,2025 Validation,0.2000539466828687
KPROP-00053,2025-07-18 19:05:38,2025-07-18,Chris Bassitt,141,137,Home,betrivers,,,140.0,140.0,4.5,4.834750752150929,4.5,-0.33475075215092875,0.12788388074465562,0.4699516169769399,0.38461538461538464,Under,140.0,2.4,140.0,1.0,-1.0,100.0,-100.0,-1.0,,Loss,0.4339622641509434,-0.12766139251964653,-6.766053803541266,9323.394619645873,2025,2025-07,+121 to +150,2025 Validation,0.09134562910332544
KPROP-00054,2025-07-18 19:05:38,2025-07-18,Chris Bassitt,141,137,Home,fanduel,,,-128.0,-128.0,5.5,4.834750752150929,5.5,0.6652492478490712,0.14878101004680178,0.6449296898508361,0.5410628019323671,Under,-128.0,1.78125,-128.0,1.0,0.78125,100.0,78.125,0.78125,,Win,0.4444444444444444,-0.110829700065579,-5.984803803541266,9401.519619645873,2025,2025-07,-149 to -120,2025 Validation,0.19043969285990628
KPROP-00055,2025-07-18 19:10:38,2025-07-18,Seth Lugo,118,146,Away,fanduel,,,124.0,124.0,4.5,4.53226734711435,4.5,-0.032267347114349754,0.1782179642923729,0.5259901626305236,0.4335260115606936,Under,124.0,2.24,124.0,1.0,-1.0,100.0,-100.0,-1.0,,Loss,0.43636363636363634,-0.12699643279165937,-6.984803803541266,9301.519619645873,2025,2025-07,+121 to +150,2025 Validation,0.1437241647519136
KPROP-00056,2025-07-19 16:05:38,2025-07-19,Clay Holmes,121,113,Home,bovada,,,115.0,115.0,4.5,4.419171370725206,4.5,0.0808286292747944,0.17714910934023353,0.5475112136466203,0.46612938357656286,Under,115.0,2.15,115.0,1.0,1.15,100.0,114.99999999999999,1.15,,Win,0.44642857142857145,-0.1041929250632369,-5.834803803541266,9416.519619645873,2025,2025-07,+100 to +120,2025 Validation,0.15404270377411614
KPROP-00057,2025-07-19 19:00:38,2025-07-19,Keider Montero,116,140,Away,bovada,,,120.0,120.0,3.5,3.614345339638295,3.5,-0.11434533963829496,0.1267780293890174,0.5121718315404624,0.4517828200972447,Under,120.0,2.2,120.0,1.0,-1.0,100.0,-100.0,-1.0,,Loss,0.43859649122807015,-0.1199088386586187,-6.834803803541266,9316.519619645873,2025,2025-07,+100 to +120,2025 Validation,0.10564835782418114
KPROP-00058,2025-07-19 19:15:38,2025-07-19,Shota Imanaga,112,111,Home,draftkings,,,-135.0,-135.0,5.5,4.403272392801689,5.5,1.0967276071983107,0.252217960151362,0.7193592537039739,0.552594002855783,Under,-135.0,1.7407407407407407,-135.0,1.0,0.7407407407407407,100.0,74.07407407407408,0.7407407407407407,,Win,0.4482758620689655,-0.10507005280690562,-6.094063062800526,9390.593693719948,2025,2025-07,-149 to -120,2025 Validation,0.3404942462043387
KPROP-00059,2025-07-19 19:15:38,2025-07-19,Sonny Gray,138,109,Away,draftkings,,,110.0,110.0,5.5,5.183091950490223,5.5,0.31690804950977736,0.22612534741981893,0.5838692130570566,0.4661016949152542,Under,110.0,2.1,110.0,1.0,1.1,100.0,110.00000000000001,1.1,,Win,0.4576271186440678,-0.08464513665763604,-4.994063062800526,9500.593693719948,2025,2025-07,+100 to +120,2025 Validation,0.20556849765438084
KPROP-00060,2025-07-19 19:15:38,2025-07-19,Will Warren,147,144,Away,fanduel,,,134.0,134.0,4.5,4.877853491488392,4.5,-0.3778534914883922,0.08150391486804665,0.46218116020002,0.42657469595207836,Under,134.0,2.34,134.0,1.0,-1.0,100.0,-100.0,-1.0,,Loss,0.45,-0.09990105104667543,-5.994063062800526,9400.593693719948,2025,2025-07,+121 to +150,2025 Validation,0.060823817065706456
KPROP-00061,2025-07-19 18:45:38,2025-07-19,Yu Darvish,135,120,Away,bovada,,,105.0,105.0,4.5,4.382727591343432,4.5,0.11727240865656796,0.1367211439934809,0.5544981190212103,0.48897411313518696,Under,105.0,2.05,105.0,1.0,1.0499999999999998,100.0,104.99999999999999,1.0499999999999998,,Win,0.45901639344262296,-0.08105021414427092,-4.944063062800526,9505.593693719948,2025,2025-07,+100 to +120,2025 Validation,0.1302106133271247
KPROP-00062,2025-07-20 14:15:38,2025-07-20,Garrett Crochet,111,112,Away,draftkings,,,120.0,120.0,6.5,6.624918502160689,6.5,-0.12491850216068912,0.11529538631796153,0.5069524483263461,0.44172932330827064,Under,120.0,2.2,120.0,1.0,1.2000000000000002,100.0,120.00000000000001,1.2000000000000002,,Win,0.46774193548387094,-0.06038811391613752,-3.7440630628005263,9625.593693719948,2025,2025-07,+100 to +120,2025 Validation,0.09607948859830127
KPROP-00063,2025-07-20 16:10:38,2025-07-20,Merrill Kelly,109,138,Home,fanduel,,,-128.0,-128.0,5.5,4.77789935196175,5.5,0.7221006480382499,0.16648118171517334,0.6548666283313254,0.5581395348837209,Under,-128.0,1.78125,-128.0,1.0,0.78125,100.0,78.125,0.78125,,Win,0.47619047619047616,-0.04702877877461153,-2.9628130628005263,9703.718693719948,2025,2025-07,-149 to -120,2025 Validation,0.21309591259542188
KPROP-00064,2025-07-20 12:05:37,2025-07-20,Robbie Ray,137,141,Away,draftkings,,,105.0,105.0,5.5,5.483119301899178,5.5,0.016880698100822045,0.09021920877079681,0.5318142481808765,0.4675324675324675,Under,105.0,2.05,105.0,1.0,1.0499999999999998,100.0,104.99999999999999,1.0499999999999998,,Win,0.484375,-0.029887704106258225,-1.9128130628005264,9808.718693719948,2025,2025-07,+100 to +120,2025 Validation,0.08592305597218745
KPROP-00065,2025-07-21 18:40:38,2025-07-21,Brady Singer,113,120,Away,betmgm,,,125.0,125.0,4.5,4.579544481282818,4.5,-0.07954448128281832,0.16341885960590719,0.5170750487137366,0.43027888446215146,Under,125.0,2.25,125.0,1.0,1.25,100.0,125.0,1.25,,Win,0.49230769230769234,-0.010197124043085022,-0.6628130628005264,9933.718693719948,2025,2025-07,+121 to +150,2025 Validation,0.13073508768472575
KPROP-00066,2025-07-21 18:35:38,2025-07-21,Jack Flaherty,116,134,Away,betmgm,,,-125.0,-125.0,6.5,5.935653714618964,6.5,0.5643462853810357,0.10994676179118884,0.6166370898839938,0.5384615384615385,Under,-125.0,1.8,-125.0,1.0,0.8,100.0,80.0,0.8,,Win,0.5,0.002078589957567782,0.1371869371994736,10013.718693719948,2025,2025-07,-149 to -120,2025 Validation,0.13743345223898604
KPROP-00067,2025-07-21 18:40:38,2025-07-21,Jake Irvin,120,113,Home,fanduel,,,-104.0,-104.0,4.5,4.3020303546518965,4.5,0.19796964534810346,0.11816656501690603,0.5700456998125403,0.4932249322493225,Under,-104.0,1.9615384615384617,-104.0,1.0,0.9615384615384617,100.0,96.15384615384616,0.9615384615384617,,Win,0.5074626865671642,0.016398886548327392,1.0987253987379353,10109.872539873793,2025,2025-07,-119 to -101,2025 Validation,0.12289322761758226
KPROP-00068,2025-07-22 18:45:38,2025-07-22,Chase Burns,113,120,Away,draftkings,,,125.0,125.0,5.5,5.80330342364607,5.5,-0.3033034236460699,0.0749774983792435,0.47776777705744156,0.43391066545123064,Under,125.0,2.25,125.0,1.0,-1.0,100.0,-100.0,-1.0,,Loss,0.5,0.0014518440990872836,0.09872539873793529,10009.872539873793,2025,2025-07,+121 to +150,2025 Validation,0.0599819987033948
KPROP-00069,2025-07-22 19:05:39,2025-07-22,Max Scherzer,141,147,Home,betmgm,,,110.0,110.0,5.5,5.23208200581149,5.5,0.2679179941885099,0.20814929137678362,0.5753091863698969,0.46153846153846156,Under,110.0,2.1,110.0,1.0,1.1,100.0,110.00000000000001,1.1,,Win,0.5072463768115942,0.01737283186576718,1.1987253987379354,10119.872539873793,2025,2025-07,+100 to +120,2025 Validation,0.18922662852434874
KPROP-00070,2025-07-22 19:05:39,2025-07-22,Max Scherzer,141,147,Home,betrivers,,,-186.0,-186.0,6.5,5.23208200581149,6.5,1.26791799418851,0.11866242896119485,0.7275217195342036,0.6044807080625086,Under,-186.0,1.5376344086021505,-186.0,1.0,0.5376344086021505,100.0,53.76344086021505,0.5376344086021505,,Win,0.5142857142857142,0.02480514010485837,1.7363598073400859,10173.635980734009,2025,2025-07,<= -150,2025 Validation,0.2207121178678224
KPROP-00071,2025-07-22 18:40:38,2025-07-22,Mitch Keller,134,116,Home,bovada,,,130.0,130.0,4.5,4.806379728215197,4.5,-0.3063797282151972,0.09272557861697672,0.47509807765955514,0.41888297872340424,Under,130.0,2.3,130.0,1.0,-1.0,100.0,-100.0,-1.0,,Loss,0.5070422535211268,0.010371264892113886,0.7363598073400859,10073.635980734009,2025,2025-07,+121 to +150,2025 Validation,0.07132736816690519
KPROP-00072,2025-07-23 12:10:38,2025-07-23,Dylan Cease,135,146,Away,betonlineag,,,116.0,116.0,6.5,6.2883201697860756,6.5,0.21167983021392445,0.20980762062802294,0.5600961206611217,0.4424778761061947,Under,116.0,2.16,116.0,1.0,1.1600000000000001,100.0,116.00000000000001,1.1600000000000001,,Win,0.5138888888888888,0.026338330657501196,1.896359807340086,10189.635980734009,2025,2025-07,+100 to +120,2025 Validation,0.18086863847243353
KPROP-00073,2025-07-23 12:10:38,2025-07-23,Dylan Cease,135,146,Away,betrivers,,,-180.0,-180.0,7.5,6.2883201697860756,7.5,1.2116798302139244,0.09421437087708667,0.70342352413527,0.5965417867435159,Under,-180.0,1.5555555555555556,-180.0,1.0,0.5555555555555556,100.0,55.55555555555556,0.5555555555555556,,Win,0.5205479452054794,0.03358788168350194,2.4519153628956416,10245.191536289565,2025,2025-07,<= -150,2025 Validation,0.16958586757875602
KPROP-00074,2025-07-23 15:40:38,2025-07-23,Luis Castillo,136,158,Home,bovada,,,100.0,100.0,5.5,5.07337186522891,5.5,0.4266281347710903,0.20617715946358217,0.6030885797317911,0.4939759036144578,Under,100.0,2.0,100.0,1.0,-1.0,100.0,-100.0,-1.0,,Loss,0.5135135135135135,0.01962047787696813,1.4519153628956416,10145.191536289565,2025,2025-07,+100 to +120,2025 Validation,0.20617715946358217
KPROP-00075,2025-07-23 12:05:38,2025-07-23,Michael Soroka,120,113,Home,fanduel,,,-122.0,-122.0,5.5,5.048045023048202,5.5,0.4519549769517983,0.10550716860387344,0.6075309665300566,0.5309727034564354,Under,-122.0,1.819672131147541,-122.0,1.0,-1.0,100.0,-100.0,-1.0,,Loss,0.5066666666666667,0.006025538171941888,0.4519153628956416,10045.191536289565,2025,2025-07,-149 to -120,2025 Validation,0.1287187456967256
KPROP-00076,2025-07-23 12:05:38,2025-07-23,Nick Lodolo,113,120,Away,fanatics,,,-120.0,-120.0,5.5,5.046114204456978,5.5,0.4538857955430222,0.11442776053035697,0.6078696875620129,0.5157232704402516,Under,-120.0,1.8333333333333335,-120.0,1.0,-1.0,100.0,-100.0,-1.0,,Loss,0.5,-0.007211639961899452,-0.5480846371043584,9945.191536289565,2025,2025-07,-149 to -120,2025 Validation,0.13731331263642835
KPROP-00077,2025-07-23 14:20:38,2025-07-23,Seth Lugo,118,112,Away,bovada,,,110.0,110.0,4.5,4.429734199788526,4.5,0.070265800211474,0.14553018023180597,0.5454905620151457,0.4572564612326044,Under,110.0,2.1,110.0,1.0,-1.0,100.0,-100.0,-1.0,,Loss,0.4935064935064935,-0.02010499528706959,-1.5480846371043584,9845.191536289565,2025,2025-07,+100 to +120,2025 Validation,0.13230016384709634
KPROP-00078,2025-07-23 12:15:38,2025-07-23,Spencer Strider,144,137,Home,fanduel,,,108.0,108.0,7.5,7.38727040660153,7.5,0.11272959339846977,0.12571552345775416,0.5412093862777664,0.46391752577319584,Under,108.0,2.08,108.0,1.0,1.08,100.0,108.0,1.08,,Win,0.5,-0.006001085091081517,-0.4680846371043583,9953.191536289565,2025,2025-07,+100 to +120,2025 Validation,0.11640326246088348
KPROP-00079,2025-07-23 16:10:38,2025-07-23,Tyler Glasnow,119,142,Home,betonlineag,,,124.0,124.0,6.5,5.715299753097168,6.5,0.7847002469028324,0.46031642490450847,0.6519269754037984,0.4357578877693609,Under,124.0,2.24,124.0,1.0,-1.0,100.0,-100.0,-1.0,,Loss,0.4936708860759494,-0.01858334983676403,-1.4680846371043583,9853.191536289565,2025,2025-07,+121 to +150,2025 Validation,0.37122292331008744
KPROP-00080,2025-07-24 19:45:38,2025-07-24,Sonny Gray,138,135,Home,fanatics,,,125.0,125.0,4.5,4.5353790020160165,4.5,-0.035379002016016514,0.18215411402089424,0.5254018284537307,0.4242424242424243,Under,125.0,2.25,125.0,1.0,-1.0,100.0,-100.0,-1.0,,Loss,0.4875,-0.03085105796380448,-2.4680846371043583,9753.191536289565,2025,2025-07,+121 to +150,2025 Validation,0.14572329121671537
KPROP-00081,2025-07-24 19:45:38,2025-07-24,Sonny Gray,138,135,Home,draftkings,,,-160.0,-160.0,5.5,4.5353790020160165,5.5,0.9646209979839835,0.13242214740977853,0.6968751676367868,0.5806451612903226,Under,-160.0,1.625,-160.0,1.0,0.625,100.0,62.5,0.625,,Win,0.49382716049382713,-0.02275413132227603,-1.8430846371043583,9815.691536289565,2025,2025-07,<= -150,2025 Validation,0.21187543585564567
KPROP-00082,2025-07-25 19:05:38,2025-07-25,Dean Kremer,110,115,Home,betonlineag,,,118.0,118.0,5.5,5.444529799826696,5.5,0.055470200173304285,0.17381994576112303,0.5384495164041849,0.4409431386295709,Under,118.0,2.1799999999999997,118.0,1.0,1.1799999999999997,100.0,117.99999999999997,1.1799999999999997,,Win,0.5,-0.008086398013467787,-0.6630846371043586,9933.691536289565,2025,2025-07,+100 to +120,2025 Validation,0.14730503878061277
KPROP-00083,2025-07-25 19:40:38,2025-07-25,Shota Imanaga,112,145,Away,betrivers,,,135.0,135.0,4.5,4.617712725438477,4.5,-0.11771272543847733,0.19830316552321858,0.5099162406481781,0.4088050314465409,Under,135.0,2.35,135.0,1.0,1.35,100.0,135.0,1.35,,Win,0.5060240963855421,0.008276088709586042,0.6869153628956415,10068.691536289565,2025,2025-07,+121 to +150,2025 Validation,0.14689123372090265
KPROP-00084,2025-07-25 19:40:38,2025-07-25,Shota Imanaga,112,145,Away,betrivers,,,-157.0,-157.0,5.5,4.617712725438477,5.5,0.8822872745615227,0.11754287180763023,0.6827012874466847,0.5863112484708004,Under,-157.0,1.6369426751592355,-157.0,1.0,0.6369426751592355,100.0,63.694267515923556,0.6369426751592355,,Win,0.5119047619047619,0.015760214738748536,1.323858038054877,10132.385803805488,2025,2025-07,<= -150,2025 Validation,0.1845423087379795
KPROP-00085,2025-07-26 19:00:38,2025-07-26,Grant Holmes,144,140,Away,betonlineag,,,132.0,132.0,5.5,5.599676873418718,5.5,-0.09967687341871834,0.1876446036476631,0.5119157774343375,0.4249291784702549,Under,132.0,2.3200000000000003,132.0,1.0,1.3200000000000003,100.0,132.00000000000003,1.3200000000000003,,Win,0.5176470588235295,0.03110421221241032,2.6438580380548773,10264.385803805488,2025,2025-07,+121 to +150,2025 Validation,0.1421550027633811
KPROP-00086,2025-07-26 19:05:38,2025-07-26,Jacob Lopez,133,117,Away,fanduel,,,-130.0,-130.0,5.5,5.0021365566611555,5.5,0.49786344333884447,0.0891132657680983,0.6155857589124034,0.5427435387673957,Under,-130.0,1.7692307692307692,-130.0,1.0,0.7692307692307692,100.0,76.92307692307692,0.7692307692307692,,Win,0.5232558139534884,0.03968707915448426,3.4130888072856465,10341.308880728564,2025,2025-07,-149 to -120,2025 Validation,0.1158472454985278
KPROP-00087,2025-07-26 19:05:38,2025-07-26,Joe Ryan,142,120,Home,betrivers,,,138.0,138.0,5.5,5.822476726644637,5.5,-0.3224767266446369,0.12954427201130903,0.4745984336181971,0.3886181003820313,Under,138.0,2.38,138.0,1.0,1.38,100.0,138.0,1.38,,Win,0.5287356321839081,0.05509297479638674,4.793088807285646,10479.308880728564,2025,2025-07,+121 to +150,2025 Validation,0.09387266087776017
KPROP-00088,2025-07-26 19:05:38,2025-07-26,Joe Ryan,142,120,Home,draftkings,,,-115.0,-115.0,6.5,5.822476726644637,6.5,0.6775232733553631,0.1867846901301481,0.6347918109998467,0.5254386933009602,Under,-115.0,1.8695652173913042,-115.0,1.0,0.8695652173913042,100.0,86.95652173913042,0.8695652173913042,,Win,0.5340909090909091,0.0643483411895108,5.66265402467695,10566.265402467696,2025,2025-07,-119 to -101,2025 Validation,0.21480239364967033
KPROP-00089,2025-07-27 13:35:37,2025-07-27,Austin Gomber,115,110,Away,betrivers,,,133.0,133.0,3.5,3.7806563152213966,3.5,-0.28065631522139656,0.11245931498874107,0.47745034978057554,0.3975645694903946,Under,133.0,2.33,133.0,1.0,1.33,100.0,133.0,1.33,,Win,0.5393258426966292,0.07856914634468483,6.99265402467695,10699.265402467696,2025,2025-07,+121 to +150,2025 Validation,0.08455587593138425
KPROP-00090,2025-07-27 13:35:37,2025-07-27,Austin Gomber,115,110,Away,fanduel,,,-154.0,-154.0,4.5,3.7806563152213966,4.5,0.7193436847786034,0.10770593608935336,0.6716012368415765,0.5823742190069057,Under,-154.0,1.6493506493506493,-154.0,1.0,0.6493506493506493,100.0,64.93506493506493,0.6493506493506493,,Win,0.5444444444444444,0.08491116304475112,7.6420046740276,10764.20046740276,2025,2025-07,<= -150,2025 Validation,0.16586714157760418
KPROP-00091,2025-07-27 14:05:38,2025-07-27,Brandon Woodruff,158,146,Home,draftkings,,,120.0,120.0,5.5,5.647050470570664,5.5,-0.14705047057066434,0.10857234070550682,0.503896518502503,0.44999999999999996,Under,120.0,2.2,120.0,1.0,-1.0,100.0,-100.0,-1.0,,Loss,0.5384615384615384,0.07298906235195164,6.6420046740276,10664.20046740276,2025,2025-07,+100 to +120,2025 Validation,0.09047695058792232
KPROP-00092,2025-07-27 14:05:38,2025-07-27,J.T. Ginn,133,117,Away,fanduel,,,104.0,104.0,4.5,4.525442341692864,4.5,-0.02544234169286419,0.07565394959428318,0.5272813478403349,0.46874999999999994,Under,104.0,2.04,104.0,1.0,1.04,100.0,104.0,1.04,,Win,0.5434782608695652,0.08350005080464783,7.6820046740276,10768.20046740276,2025,2025-07,+100 to +120,2025 Validation,0.07274418230219536
KPROP-00093,2025-07-27 13:40:38,2025-07-27,Jack Flaherty,116,141,Home,betrivers,,,148.0,148.0,4.5,5.008448523614791,4.5,-0.5084485236147911,0.0887500065165192,0.4390120994018223,0.3958587088915955,Under,148.0,2.48,148.0,1.0,-1.0,100.0,-100.0,-1.0,,Loss,0.5376344086021505,0.07184951262395269,6.6820046740276,10668.20046740276,2025,2025-07,+121 to +150,2025 Validation,0.05996622061926973
KPROP-00094,2025-07-27 14:30:37,2025-07-27,Jack Leiter,140,144,Home,fanatics,,,115.0,115.0,4.5,4.559662542829623,4.5,-0.059662542829623355,0.11975856172825239,0.5208179356875593,0.45225634442579243,Under,115.0,2.15,115.0,1.0,-1.0,100.0,-100.0,-1.0,,Loss,0.5319148936170213,0.06044685823433617,5.6820046740276,10568.20046740276,2025,2025-07,+100 to +120,2025 Validation,0.10413787976369773
KPROP-00095,2025-07-27 16:05:39,2025-07-27,Logan Gilbert,136,108,Away,betrivers,,,123.0,123.0,6.5,6.47616337742426,6.5,0.023836622575739597,0.18252635542211906,0.5302808768709054,0.41337842916196915,Under,123.0,2.23,123.0,1.0,-1.0,100.0,-100.0,-1.0,,Loss,0.5263157894736842,0.049284259726606314,4.6820046740276,10468.20046740276,2025,2025-07,+121 to +150,2025 Validation,0.14839541091229191
KPROP-00096,2025-07-27 16:05:39,2025-07-27,Logan Gilbert,136,108,Away,fanduel,,,-130.0,-130.0,7.5,6.47616337742426,7.5,1.0238366225757396,0.19642507556103117,0.6762402600997133,0.5542635658914729,Under,-130.0,1.7692307692307692,-130.0,1.0,0.7692307692307692,100.0,76.92307692307692,0.7692307692307692,,Win,0.53125,0.05678370253394135,5.451235443258369,10545.123544325837,2025,2025-07,-149 to -120,2025 Validation,0.25535259822934053
KPROP-00097,2025-07-27 13:40:38,2025-07-27,Max Scherzer,141,116,Away,bovada,,,110.0,110.0,5.5,5.146137504550366,5.5,0.35386249544963366,0.23970617095404656,0.5903362718828793,0.46516522837297414,Under,110.0,2.1,110.0,1.0,-1.0,100.0,-100.0,-1.0,,Loss,0.5257731958762887,0.04588902518823061,4.451235443258369,10445.123544325837,2025,2025-07,+100 to +120,2025 Validation,0.21791470086731504
KPROP-00098,2025-07-27 13:35:37,2025-07-27,Tomoyuki Sugano,110,115,Home,draftkings,,,130.0,130.0,3.5,3.574175447102372,3.5,-0.0741754471023719,0.19764384954085945,0.5207147171916781,0.4221500598188344,Under,130.0,2.3,130.0,1.0,-1.0,100.0,-100.0,-1.0,,Loss,0.5204081632653061,0.03521668819651397,3.451235443258369,10345.123544325837,2025,2025-07,+121 to +150,2025 Validation,0.15203373041604576
KPROP-00099,2025-07-28 19:00:38,2025-07-28,Drew Rasmussen,139,147,Away,draftkings,,,105.0,105.0,4.5,4.517822474275898,4.5,-0.017822474275898337,0.08388444079549962,0.5287241174612194,0.4721030042918455,Under,105.0,2.05,105.0,1.0,-1.0,100.0,-100.0,-1.0,,Loss,0.5151515151515151,0.02475995397230676,2.451235443258369,10245.123544325837,2025,2025-07,+100 to +120,2025 Validation,0.07988994361476155
KPROP-00100,2025-07-28 19:35:38,2025-07-28,Matthew Boyd,112,158,Away,fanduel,,,106.0,106.0,4.5,4.512898541712249,4.5,-0.012898541712249134,0.09109362966036272,0.5296571017768751,0.4620329449578144,Under,106.0,2.06,106.0,1.0,1.06,100.0,106.0,1.06,,Win,0.52,0.03511235443258369,3.5112354432583692,10351.123544325837,2025,2025-07,+100 to +120,2025 Validation,0.0859373864720403
KPROP-00101,2025-07-28 18:35:38,2025-07-28,Slade Cecconi,114,115,Home,draftkings,,,100.0,100.0,5.5,5.30847227660868,5.5,0.19152772339131996,0.12399990482600787,0.5619999524130039,0.4831460674157303,Under,100.0,2.0,100.0,1.0,1.0,100.0,100.0,1.0,,Win,0.5247524752475248,0.04466569745800366,4.51123544325837,10451.123544325837,2025,2025-07,+100 to +120,2025 Validation,0.12399990482600787
KPROP-00102,2025-07-28 19:05:40,2025-07-28,Yoshinobu Yamamoto,119,113,Away,betrivers,,,165.0,165.0,5.5,6.1684573309320365,5.5,-0.6684573309320365,0.11038965801296097,0.4190149652879098,0.3861003861003861,Under,165.0,2.65,165.0,1.0,-1.0,100.0,-100.0,-1.0,,Loss,0.5196078431372549,0.0344238768946899,3.5112354432583697,10351.123544325837,2025,2025-07,>= +151,2025 Validation,0.06690282303815817
KPROP-00103,2025-07-28 19:05:40,2025-07-28,Yoshinobu Yamamoto,119,113,Away,betrivers,,,-118.0,-118.0,6.5,6.1684573309320365,6.5,0.3315426690679635,0.07016875594949368,0.5792656568900929,0.5435510887772195,Under,-118.0,1.847457627118644,-118.0,1.0,-1.0,100.0,-100.0,-1.0,,Loss,0.5145631067961165,0.024380926633576404,2.5112354432583697,10251.123544325837,2025,2025-07,-119 to -101,2025 Validation,0.08279913202040254
KPROP-00104,2025-07-28 18:30:38,2025-07-28,Zach Eflin,110,141,Home,bovada,,,100.0,100.0,3.5,3.4959384073384396,3.5,0.004061592661560365,0.0750187086038856,0.5375093543019428,0.48837209302325585,Under,100.0,2.0,100.0,1.0,1.0,100.0,100.0,1.0,,Win,0.5192307692307693,0.03376187926209971,3.5112354432583697,10351.123544325837,2025,2025-07,+100 to +120,2025 Validation,0.0750187086038856
KPROP-00105,2025-07-29 18:35:39,2025-07-29,Brandon Pfaadt,109,116,Away,fanduel,,,130.0,130.0,4.5,4.800379445095591,4.5,-0.300379445095591,0.09523627747884313,0.4761896858603666,0.4140127388535032,Under,130.0,2.3,130.0,1.0,1.2999999999999998,100.0,129.99999999999997,1.2999999999999998,,Win,0.5238095238095238,0.04582128993579399,4.8112354432583695,10481.123544325837,2025,2025-07,+121 to +150,2025 Validation,0.07325867498372549
KPROP-00106,2025-07-29 19:05:38,2025-07-29,Max Fried,147,139,Home,fanduel,,,-108.0,-108.0,5.5,5.071172239042789,5.5,0.4288277609572111,0.16224688226325235,0.6034743427136118,0.4925753075943997,Under,-108.0,1.925925925925926,-108.0,1.0,-1.0,100.0,-100.0,-1.0,,Loss,0.5188679245283019,0.03595505135149405,3.8112354432583695,10381.123544325837,2025,2025-07,-119 to -101,2025 Validation,0.1752266328443125
KPROP-00107,2025-07-29 19:40:38,2025-07-29,Quinn Priester,158,112,Home,bovada,,,110.0,110.0,4.5,4.593478892270768,4.5,-0.09347889227076767,0.08036055645179985,0.5144574078341904,0.46801202232717903,Under,110.0,2.1,110.0,1.0,1.1,100.0,110.00000000000001,1.1,,Win,0.5233644859813084,0.045899396665966076,4.91123544325837,10491.123544325837,2025,2025-07,+100 to +120,2025 Validation,0.07305505131981804
KPROP-00108,2025-07-29 19:40:38,2025-07-29,Seth Lugo,118,144,Home,fanatics,,,120.0,120.0,4.5,4.343433125056316,4.5,0.15656687494368438,0.2365241782444839,0.5620564446565836,0.4474097331240188,Under,120.0,2.2,120.0,1.0,-1.0,100.0,-100.0,-1.0,,Loss,0.5185185185185185,0.036215142993133054,3.91123544325837,10391.123544325837,2025,2025-07,+100 to +120,2025 Validation,0.19710348187040322
KPROP-00109,2025-07-29 19:45:39,2025-07-29,Sonny Gray,138,146,Home,betonlineag,,,-103.0,-103.0,5.5,4.485327567853677,5.5,1.0146724321463232,0.3903229871785048,0.7054348161546108,0.4953533757725013,Under,-103.0,1.970873786407767,-103.0,1.0,0.970873786407767,100.0,97.0873786407767,0.970873786407767,,Win,0.5229357798165137,0.04478999293271685,4.882109229666137,10488.210922966613,2025,2025-07,-119 to -101,2025 Validation,0.4020326767938599
KPROP-00110,2025-07-29 19:10:39,2025-07-29,Tyler Glasnow,119,113,Away,betmgm,,,140.0,140.0,6.5,6.378447562803811,6.5,0.12155243719618891,0.309797664571408,0.5457490269047534,0.40856031128404674,Under,140.0,2.4,140.0,1.0,1.4,100.0,140.0,1.4,,Win,0.5272727272727272,0.05711008390605579,6.282109229666137,10628.210922966613,2025,2025-07,+121 to +150,2025 Validation,0.2212840461224343
KPROP-00111,2025-07-29 19:10:39,2025-07-29,Tyler Glasnow,119,113,Away,draftkings,,,-145.0,-145.0,7.5,6.378447562803811,7.5,1.121552437196189,0.1666102308783971,0.6904427897035411,0.5711159737417943,Under,-145.0,1.6896551724137931,-145.0,1.0,0.6896551724137931,100.0,68.96551724137932,0.6896551724137931,,Win,0.5315315315315315,0.0628086883070264,6.9717644020799305,10697.176440207993,2025,2025-07,-149 to -120,2025 Validation,0.2415848347736758
KPROP-00112,2025-07-30 14:10:38,2025-07-30,Freddy Peralta,158,112,Home,fanatics,,,-120.0,-120.0,6.5,5.577709282925079,6.5,0.9222907170749206,0.23527380573431622,0.6737857122187179,0.5338983050847457,Under,-120.0,1.8333333333333335,-120.0,1.0,0.8333333333333335,100.0,83.33333333333334,0.8333333333333335,,Win,0.5357142857142857,0.06968837263761843,7.8050977354132645,10780.509773541326,2025,2025-07,-149 to -120,2025 Validation,0.2823285668811794
KPROP-00113,2025-07-30 15:45:38,2025-07-30,Logan Webb,137,134,Home,betrivers,,,132.0,132.0,5.5,5.518872471384635,5.5,-0.018872471384635325,0.2195932297884008,0.5256867369777589,0.4090768755788824,Under,132.0,2.3200000000000003,132.0,1.0,-1.0,100.0,-100.0,-1.0,,Loss,0.5309734513274337,0.06022210385321473,6.8050977354132645,10680.509773541326,2025,2025-07,+121 to +150,2025 Validation,0.1663585074154551
KPROP-00114,2025-07-30 15:45:38,2025-07-30,Logan Webb,137,134,Home,draftkings,,,-130.0,-130.0,6.5,5.518872471384635,6.5,0.9811275286153647,0.20850541569313552,0.6830682784352505,0.5450949367088608,Under,-130.0,1.7692307692307692,-130.0,1.0,-1.0,100.0,-100.0,-1.0,,Loss,0.5263157894736842,0.05092190995976548,5.8050977354132645,10580.509773541326,2025,2025-07,-149 to -120,2025 Validation,0.2710570404010762
KPROP-00115,2025-07-30 14:10:38,2025-07-30,MacKenzie Gore,120,117,Away,bovada,,,-130.0,-130.0,6.5,5.748692796713245,6.5,0.7513072032867552,0.14397809803178313,0.646596316278834,0.5485770363101079,Under,-130.0,1.7692307692307692,-130.0,1.0,0.7692307692307692,100.0,76.92307692307692,0.7692307692307692,,Win,0.5304347826086957,0.05716807395342638,6.574328504644034,10657.432850464404,2025,2025-07,-149 to -120,2025 Validation,0.1871715274413181
KPROP-00116,2025-07-30 14:10:38,2025-07-30,Shota Imanaga,112,158,Away,bovada,,,-130.0,-130.0,4.5,3.9950265728211076,4.5,0.5049734271788924,0.1142767128079585,0.6298085768044983,0.5485770363101079,Under,-130.0,1.7692307692307692,-130.0,1.0,-1.0,100.0,-100.0,-1.0,,Loss,0.5258620689655172,0.04805455607451753,5.574328504644034,10557.432850464404,2025,2025-07,-149 to -120,2025 Validation,0.14855972665034603
KPROP-00117,2025-07-30 16:10:39,2025-07-30,Yu Darvish,135,121,Home,fanatics,,,105.0,105.0,4.5,4.260021421593405,4.5,0.2399785784065953,0.18526012813587622,0.5781756722614031,0.4721030042918455,Under,105.0,2.05,105.0,1.0,-1.0,100.0,-100.0,-1.0,,Loss,0.5213675213675214,0.03909682482601738,4.574328504644034,10457.432850464404,2025,2025-07,+100 to +120,2025 Validation,0.1764382172722631
KPROP-00118,2025-08-01 12:40:38,2025-08-01,Brady Singer,113,144,Home,betrivers,,,138.0,138.0,4.5,4.532023844399106,4.5,-0.03202384439910588,0.25196618417329575,0.5260362118375193,0.3907302613850714,Under,138.0,2.38,138.0,1.0,-1.0,100.0,-100.0,-1.0,,Loss,0.5169491525423728,0.03029091953088164,3.5743285046440336,10357.432850464404,2025,2025-08,+121 to +150,2025 Validation,0.18258419142992446
KPROP-00119,2025-08-01 12:40:38,2025-08-01,Brady Singer,113,144,Home,betmgm,,,-145.0,-145.0,5.5,4.532023844399106,5.5,0.9679761556008941,0.1784506565877731,0.6974503885927636,0.5656028368794326,Under,-145.0,1.6896551724137931,-145.0,1.0,-1.0,100.0,-100.0,-1.0,,Loss,0.5126050420168067,0.021633012644067508,2.5743285046440336,10257.432850464404,2025,2025-08,-149 to -120,2025 Validation,0.25875345205227096
KPROP-00120,2025-08-01 19:30:39,2025-08-01,Clayton Kershaw,119,139,Away,fanduel,,,128.0,128.0,3.5,3.565221619115904,3.5,-0.06522161911590407,0.19158854934726388,0.522626556731256,0.4222972972972973,Under,128.0,2.2800000000000002,128.0,1.0,1.2800000000000002,100.0,128.00000000000003,1.2800000000000002,,Win,0.5166666666666667,0.03211940420536695,3.854328504644034,10385.432850464404,2025,2025-08,+121 to +150,2025 Validation,0.14967855417754988
KPROP-00121,2025-08-01 19:30:39,2025-08-01,Clayton Kershaw,119,139,Away,betmgm,,,-160.0,-160.0,4.5,3.565221619115904,4.5,0.9347783808840959,0.15874785893531418,0.7130756054986549,0.5962732919254659,Under,-160.0,1.625,-160.0,1.0,0.625,100.0,62.5,0.625,,Win,0.5206611570247934,0.037019243840033335,4.479328504644034,10447.932850464404,2025,2025-08,<= -150,2025 Validation,0.2539965742965027
KPROP-00122,2025-08-01 19:05:38,2025-08-01,Gavin Williams,114,142,Home,betonlineag,,,136.0,136.0,5.5,5.466000295570465,5.5,0.033999704429534816,0.2620220076753862,0.5347550879980449,0.4077791718946047,Under,136.0,2.3600000000000003,136.0,1.0,-1.0,100.0,-100.0,-1.0,,Loss,0.5163934426229508,0.02851908610363962,3.479328504644034,10347.932850464404,2025,2025-08,+121 to +150,2025 Validation,0.19266324093778392
KPROP-00123,2025-08-01 19:05:38,2025-08-01,Gavin Williams,114,142,Home,fanatics,,,-160.0,-160.0,6.5,5.466000295570465,6.5,1.0339997044295348,0.12347538937359731,0.6913694703837522,0.5751633986928104,Under,-160.0,1.625,-160.0,1.0,-1.0,100.0,-100.0,-1.0,,Loss,0.5121951219512195,0.020157142314179137,2.479328504644034,10247.932850464404,2025,2025-08,<= -150,2025 Validation,0.1975606229977557
KPROP-00124,2025-08-01 18:40:38,2025-08-01,Jack Flaherty,116,143,Away,fanduel,,,-130.0,-130.0,6.5,5.933528931354221,6.5,0.5664710686457788,0.09157691567779824,0.6169782566874512,0.5542635658914729,Under,-130.0,1.7692307692307692,-130.0,1.0,-1.0,100.0,-100.0,-1.0,,Loss,0.5080645161290323,0.011930068585838983,1.4793285046440339,10147.932850464404,2025,2025-08,-149 to -120,2025 Validation,0.11904999038113773
KPROP-00125,2025-08-01 18:40:38,2025-08-01,Ranger Suarez,143,116,Home,fanduel,,,128.0,128.0,5.5,4.949998610623571,5.5,0.5500013893764288,0.42439245367611655,0.6247335323140861,0.4236130090188576,Under,128.0,2.2800000000000002,128.0,1.0,1.2800000000000002,100.0,128.00000000000003,1.2800000000000002,,Win,0.512,0.022074628037152273,2.759328504644034,10275.932850464404,2025,2025-08,+121 to +150,2025 Validation,0.331556604434466
KPROP-00126,2025-08-01 18:40:38,2025-08-01,Ranger Suarez,143,116,Home,fanatics,,,-150.0,-150.0,6.5,4.949998610623571,6.5,1.5500013893764288,0.2824294017793141,0.7694576410675885,0.5850622406639003,Under,-150.0,1.6666666666666665,-150.0,1.0,0.6666666666666665,100.0,66.66666666666666,0.6666666666666665,,Win,0.5158730158730159,0.027190437867545242,3.4259951713107006,10342.59951713107,2025,2025-08,<= -150,2025 Validation,0.42364410266897123
KPROP-00127,2025-08-01 19:10:39,2025-08-01,Robbie Ray,137,121,Away,betrivers,,,123.0,123.0,5.5,5.447075983821574,5.5,0.05292401617842568,0.1997646423068682,0.5380110503618243,0.4303859477238532,Under,123.0,2.23,123.0,1.0,-1.0,100.0,-100.0,-1.0,,Loss,0.5118110236220472,0.019102324183548822,2.4259951713107006,10242.59951713107,2025,2025-08,+121 to +150,2025 Validation,0.16241027829826682
KPROP-00128,2025-08-01 19:10:39,2025-08-01,Robbie Ray,137,121,Away,betmgm,,,-160.0,-160.0,6.5,5.447075983821574,6.5,1.0529240161784257,0.1282870887686164,0.6943305161653024,0.5859872611464969,Under,-160.0,1.625,-160.0,1.0,0.625,100.0,62.5,0.625,,Win,0.515625,0.02383589977586485,3.0509951713107006,10305.09951713107,2025,2025-08,<= -150,2025 Validation,0.2052593420297862
KPROP-00129,2025-08-02 16:10:38,2025-08-02,Kodai Senga,121,137,Home,betrivers,,,123.0,123.0,5.5,5.348295220867496,5.5,0.1517047791325039,0.2378378528652196,0.5550842389530133,0.43107240256883966,Under,123.0,2.23,123.0,1.0,1.23,100.0,123.0,1.23,,Win,0.5193798449612403,0.033186009079927914,4.280995171310701,10428.09951713107,2025,2025-08,+121 to +150,2025 Validation,0.19336410802050377
KPROP-00130,2025-08-02 16:10:38,2025-08-02,Kodai Senga,121,137,Home,draftkings,,,-135.0,-135.0,6.5,5.348295220867496,6.5,1.151704779132504,0.23538565183447513,0.7096896297772517,0.5582706766917294,Under,-135.0,1.7407407407407407,-135.0,1.0,0.7407407407407407,100.0,74.07407407407408,0.7407407407407407,,Win,0.5230769230769231,0.03862873778501109,5.021735912051441,10502.173591205144,2025,2025-08,-149 to -120,2025 Validation,0.31777062997654143
KPROP-00131,2025-08-02 16:10:38,2025-08-02,Luis Castillo,136,140,Home,fanduel,,,-112.0,-112.0,5.5,5.183314964187366,5.5,0.3166850358126343,0.10510718214909807,0.5838302094372594,0.5199275362318841,Under,-112.0,1.8928571428571428,-112.0,1.0,0.8928571428571428,100.0,89.28571428571428,0.8928571428571428,,Win,0.5267175572519084,0.04514956530464568,5.914593054908584,10591.459305490858,2025,2025-08,-119 to -101,2025 Validation,0.11772004400698986
KPROP-00132,2025-08-02 15:05:38,2025-08-02,Max Scherzer,141,118,Home,bovada,,,-110.0,-110.0,5.5,4.661303952402057,5.5,0.838696047597943,0.2889348051581545,0.6751563265114142,0.5177956371986223,Under,-110.0,1.9090909090909092,-110.0,1.0,0.9090909090909092,100.0,90.90909090909092,0.9090909090909092,,Win,0.5303030303030303,0.05169457548484465,6.8236839639994935,10682.36839639995,2025,2025-08,-119 to -101,2025 Validation,0.3178282856739699
KPROP-00133,2025-08-02 16:05:38,2025-08-02,Zack Wheeler,143,116,Home,fanduel,,,126.0,126.0,7.5,7.837786361489859,7.5,-0.33778636148985886,0.07536141121604412,0.4758236332814355,0.43134435657800146,Under,126.0,2.26,126.0,1.0,-1.0,100.0,-100.0,-1.0,,Loss,0.5263157894736842,0.043787097473680404,5.8236839639994935,10582.36839639995,2025,2025-08,+121 to +150,2025 Validation,0.059810643822257245
KPROP-00134,2025-08-03 16:10:38,2025-08-03,Jacob deGrom,140,136,Away,draftkings,,,120.0,120.0,6.5,6.430008231964148,6.5,0.06999176803585172,0.18266404878795528,0.5375745676308887,0.44573643410852715,Under,120.0,2.2,120.0,1.0,1.2000000000000002,100.0,120.00000000000001,1.2000000000000002,,Win,0.5298507462686567,0.052415551970145476,7.023683963999494,10702.36839639995,2025,2025-08,+100 to +120,2025 Validation,0.1522200406566294
KPROP-00135,2025-08-03 13:35:38,2025-08-03,Seth Lugo,118,141,Away,fanduel,,,-128.0,-128.0,4.5,4.0186933244579555,4.5,0.48130667554204454,0.11361066185573376,0.62518493297164,0.5581395348837209,Under,-128.0,1.78125,-128.0,1.0,0.78125,100.0,78.125,0.78125,,Win,0.5333333333333333,0.05781432565925551,7.804933963999494,10780.49339639995,2025,2025-08,-149 to -120,2025 Validation,0.14542164717533923
KPROP-00136,2025-08-04 19:10:38,2025-08-04,Sean Manaea,121,114,Home,betonlineag,,,-119.0,-119.0,5.5,4.915802823858166,5.5,0.5841971761418341,0.16075703531246555,0.6307309917907917,0.5329494561740244,Under,-119.0,1.8403361344537816,-119.0,1.0,0.8403361344537816,100.0,84.03361344537817,0.8403361344537816,,Win,0.5367647058823529,0.06356816248862703,8.645270098453276,10864.527009845327,2025,2025-08,-119 to -101,2025 Validation,0.19130087202183396
KPROP-00137,2025-08-05 18:40:38,2025-08-05,Chris Paddack,116,142,Home,betmgm,,,-115.0,-115.0,4.5,4.160437460222093,4.5,0.33956253977790674,0.11711327837121399,0.5975257070357657,0.5168539325842696,Under,-115.0,1.8695652173913042,-115.0,1.0,0.8695652173913042,100.0,86.95652173913042,0.8695652173913042,,Win,0.5401459854014599,0.0694513526703984,9.51483531584458,10951.483531584458,2025,2025-08,-119 to -101,2025 Validation,0.13468027012689612
KPROP-00138,2025-08-05 19:15:39,2025-08-05,Joey Wentz,144,158,Home,draftkings,,,-155.0,-155.0,4.5,3.888265099335304,4.5,0.6117349006646959,0.0704319513144771,0.6506547155048783,0.5850959973966807,Under,-155.0,1.6451612903225805,-155.0,1.0,0.6451612903225805,100.0,64.51612903225805,0.6451612903225805,,Win,0.5434782608695652,0.07362316381280551,10.15999660616716,11015.999660616715,2025,2025-08,<= -150,2025 Validation,0.10916952453743953
KPROP-00139,2025-08-05 18:40:38,2025-08-05,Logan Webb,137,134,Away,betmgm,,,-135.0,-135.0,6.5,5.672790766506145,6.5,0.8272092334938552,0.14662572771532761,0.6586998861343372,0.552594002855783,Under,-135.0,1.7407407407407407,-135.0,1.0,-1.0,100.0,-100.0,-1.0,,Loss,0.539568345323741,0.06589925615947598,9.15999660616716,10915.999660616715,2025,2025-08,-149 to -120,2025 Validation,0.1979447324156923
KPROP-00140,2025-08-05 18:45:39,2025-08-05,MacKenzie Gore,120,133,Home,betrivers,,,118.0,118.0,6.5,6.462838832842501,6.5,0.03716116715749873,0.16059723456837774,0.5323840525543018,0.4439826185528055,Under,118.0,2.1799999999999997,118.0,1.0,1.1799999999999997,100.0,117.99999999999997,1.1799999999999997,,Win,0.5428571428571428,0.07385711861547972,10.33999660616716,11033.999660616715,2025,2025-08,+100 to +120,2025 Validation,0.1360993513291337
KPROP-00141,2025-08-05 18:45:39,2025-08-05,MacKenzie Gore,120,133,Home,betrivers,,,-165.0,-165.0,7.5,6.462838832842501,7.5,1.0371611671574987,0.0892046785278523,0.6781840451211156,0.5780254777070064,Under,-165.0,1.606060606060606,-165.0,1.0,0.606060606060606,100.0,60.606060606060595,0.606060606060606,,Win,0.5460992907801419,0.07763161143423947,10.946057212227766,11094.605721222777,2025,2025-08,<= -150,2025 Validation,0.1471877195709563
KPROP-00142,2025-08-06 13:10:38,2025-08-06,David Peterson,121,114,Home,bovada,,,130.0,130.0,4.5,4.838191330157199,4.5,-0.3381913301571986,0.07945715871816328,0.4693291994426797,0.4214819850441876,Under,130.0,2.3,130.0,1.0,-1.0,100.0,-100.0,-1.0,,Loss,0.5422535211267606,0.07004265642413919,9.946057212227766,10994.605721222777,2025,2025-08,+121 to +150,2025 Validation,0.06112089132166407
KPROP-00143,2025-08-06 13:10:38,2025-08-06,Jack Flaherty,116,142,Home,bovada,,,-110.0,-110.0,6.5,5.955247203130566,6.5,0.5447527968694343,0.17120954839298863,0.6134907158248988,0.5056053811659194,Under,-110.0,1.9090909090909092,-110.0,1.0,0.9090909090909092,100.0,90.90909090909092,0.9090909090909092,,Win,0.5454545454545454,0.07591012672250821,10.855148121318674,11085.514812131867,2025,2025-08,-119 to -101,2025 Validation,0.18833050323228748
KPROP-00144,2025-08-06 18:40:38,2025-08-06,Jeffrey Springs,133,120,Away,betrivers,,,128.0,128.0,4.5,4.751704258142656,4.5,-0.25170425814265585,0.10599345367886615,0.4850848481047658,0.41328758577666874,Under,128.0,2.2800000000000002,128.0,1.0,-1.0,100.0,-100.0,-1.0,,Loss,0.5416666666666666,0.06843852862026857,9.855148121318674,10985.514812131867,2025,2025-08,+121 to +150,2025 Validation,0.08280738568661417
KPROP-00145,2025-08-06 18:40:38,2025-08-06,Jeffrey Springs,133,120,Away,bovada,,,-160.0,-160.0,5.5,4.751704258142656,5.5,0.7482957418573442,0.07158480967558972,0.6594368059542091,0.58808618504436,Under,-160.0,1.625,-160.0,1.0,0.625,100.0,62.5,0.625,,Win,0.5448275862068965,0.0722768835953012,10.480148121318674,11048.014812131867,2025,2025-08,<= -150,2025 Validation,0.11453569548094356
KPROP-00146,2025-08-06 12:35:38,2025-08-06,Ranger Suarez,143,110,Home,betrivers,,,123.0,123.0,5.5,5.464794365390162,5.5,0.035205634609837944,0.19296618741513316,0.5349624158812256,0.4245400815782902,Under,123.0,2.23,123.0,1.0,1.23,100.0,123.0,1.23,,Win,0.547945205479452,0.08020649398163476,11.710148121318674,11171.014812131867,2025,2025-08,+121 to +150,2025 Validation,0.15688307919929526
KPROP-00147,2025-08-06 12:35:38,2025-08-06,Ranger Suarez,143,110,Home,mybookieag,,,-133.0,-133.0,6.5,5.464794365390162,6.5,1.035205634609838,0.21152699086891816,0.6915583252599404,0.5600370097622689,Under,-133.0,1.7518796992481203,-133.0,1.0,0.7518796992481203,100.0,75.18796992481202,0.7518796992481203,,Win,0.5510204081632653,0.08477569945963806,12.462027820566794,11246.20278205668,2025,2025-08,-149 to -120,2025 Validation,0.2813308978556611
KPROP-00148,2025-08-06 12:35:38,2025-08-06,Robbie Ray,137,134,Away,fanduel,,,108.0,108.0,6.5,6.173286769211832,6.5,0.32671323078816794,0.2032629181531005,0.578491787573606,0.46391752577319584,Under,108.0,2.08,108.0,1.0,-1.0,100.0,-100.0,-1.0,,Loss,0.5472972972972973,0.07744613392274861,11.462027820566794,11146.20278205668,2025,2025-08,+100 to +120,2025 Validation,0.18820640569731525
KPROP-00149,2025-08-06 19:10:38,2025-08-06,Spencer Strider,144,158,Home,bovada,,,120.0,120.0,6.5,5.905865200057663,6.5,0.5941347999423368,0.3671223702377141,0.6214192591989609,0.43439716312056736,Under,120.0,2.2,120.0,1.0,1.2000000000000002,100.0,120.00000000000001,1.2000000000000002,,Win,0.5503355704697986,0.08498005248702548,12.662027820566795,11266.20278205668,2025,2025-08,+100 to +120,2025 Validation,0.30593530853142836
KPROP-00150,2025-08-06 19:10:38,2025-08-06,Spencer Strider,144,158,Home,betrivers,,,-175.0,-175.0,7.5,5.905865200057663,7.5,1.5941347999423368,0.18931231774152352,0.7568351112900604,0.5887850467289719,Under,-175.0,1.5714285714285714,-175.0,1.0,0.5714285714285714,100.0,57.14285714285714,0.5714285714285714,,Win,0.5533333333333333,0.08822304261330244,13.233456391995366,11323.345639199537,2025,2025-08,<= -150,2025 Validation,0.33129655604766617
KPROP-00151,2025-08-07 19:15:39,2025-08-07,Carlos Carrasco,144,146,Home,betmgm,,,120.0,120.0,3.5,3.700972965566608,3.5,-0.20097296556660815,0.08669040776213022,0.49395018534642277,0.44172932330827064,Under,120.0,2.2,120.0,1.0,1.2000000000000002,100.0,120.00000000000001,1.2000000000000002,,Win,0.5562913907284768,0.09558580392049912,14.433456391995367,11443.345639199537,2025,2025-08,+100 to +120,2025 Validation,0.07224200646844184
KPROP-00152,2025-08-07 12:05:38,2025-08-07,Jacob Lopez,133,120,Away,betonlineag,,,128.0,128.0,5.5,4.924534441442407,5.5,0.5754655585575934,0.43457569322087664,0.6291998654477529,0.4369300911854104,Under,128.0,2.2800000000000002,128.0,1.0,-1.0,100.0,-100.0,-1.0,,Loss,0.5526315789473685,0.08837800257891688,13.433456391995367,11343.345639199537,2025,2025-08,+121 to +150,2025 Validation,0.3395122603288098
KPROP-00153,2025-08-07 12:05:38,2025-08-07,Jacob Lopez,133,120,Away,betrivers,,,-195.0,-195.0,6.5,4.924534441442407,6.5,1.5754655585575934,0.16961129173628472,0.7731328877578831,0.6113818996179686,Under,-195.0,1.5128205128205128,-195.0,1.0,-1.0,100.0,-100.0,-1.0,,Loss,0.5490196078431373,0.08126442086271482,12.433456391995367,11243.345639199537,2025,2025-08,<= -150,2025 Validation,0.33074201888575516
KPROP-00154,2025-08-07 16:10:39,2025-08-07,Logan Gilbert,136,145,Home,betonlineag,,,128.0,128.0,7.5,6.734332526261632,7.5,0.7656674737383682,0.4551674082639281,0.6382313194140035,0.4222972972972973,Under,128.0,2.2800000000000002,128.0,1.0,1.2800000000000002,100.0,128.00000000000003,1.2800000000000002,,Win,0.551948051948052,0.08904841812984006,13.713456391995368,11371.345639199537,2025,2025-08,+121 to +150,2025 Validation,0.35559953770619374
KPROP-00155,2025-08-07 16:10:39,2025-08-07,Logan Gilbert,136,145,Home,betrivers,,,-150.0,-150.0,8.5,6.734332526261632,8.5,1.7656674737383682,0.2716891221094877,0.7630134732656927,0.5689655172413793,Under,-150.0,1.6666666666666665,-150.0,1.0,0.6666666666666665,100.0,66.66666666666666,0.6666666666666665,,Win,0.5548387096774193,0.09277498747523893,14.380123058662035,11438.012305866203,2025,2025-08,<= -150,2025 Validation,0.40753368316423166
KPROP-00156,2025-08-07 18:40:39,2025-08-07,Paul Skenes,134,113,Home,draftkings,,,-105.0,-105.0,7.5,7.046583016154973,7.5,0.4534169838450266,0.15536671217298814,0.5917731940398232,0.49439461883408076,Under,-105.0,1.9523809523809523,-105.0,1.0,-1.0,100.0,-100.0,-1.0,,Loss,0.5512820512820513,0.08577001960680791,13.380123058662035,11338.012305866203,2025,2025-08,-119 to -101,2025 Validation,0.16313504778163757
KPROP-00157,2025-08-08 18:40:39,2025-08-08,Mitch Keller,134,113,Home,fanduel,,,128.0,128.0,4.5,4.636876061587203,4.5,-0.1368760615872029,0.15444520332921585,0.5063356154952701,0.4222972972972973,Under,128.0,2.2800000000000002,128.0,1.0,1.2800000000000002,100.0,128.00000000000003,1.2800000000000002,,Win,0.554140127388535,0.09337657999147793,14.660123058662034,11466.012305866203,2025,2025-08,+121 to +150,2025 Validation,0.12066031510094986
KPROP-00158,2025-08-09 19:10:38,2025-08-09,Bailey Ober,142,118,Home,draftkings,,,-140.0,-140.0,4.5,4.014558465553341,4.5,0.48544153444665916,0.07313037578585652,0.6259927192084163,0.5664739884393063,Under,-140.0,1.7142857142857144,-140.0,1.0,0.7142857142857144,100.0,71.42857142857144,0.7142857142857144,,Win,0.5569620253164557,0.09730638463890981,15.37440877294775,11537.440877294775,2025,2025-08,-149 to -120,2025 Validation,0.1023825261001991
KPROP-00159,2025-08-09 18:40:38,2025-08-09,Braxton Ashcraft,134,113,Home,bovada,,,130.0,130.0,2.5,2.4983708111823857,2.5,0.0016291888176143132,0.25173152148571387,0.5442310962981365,0.42016806722689076,Under,130.0,2.3,130.0,1.0,-1.0,100.0,-100.0,-1.0,,Loss,0.5534591194968553,0.09040508662231289,14.37440877294775,11437.440877294775,2025,2025-08,+121 to +150,2025 Validation,0.1936396319120876
KPROP-00160,2025-08-09 16:05:38,2025-08-09,Carson Whisenhunt,137,120,Home,fanduel,,,-142.0,-142.0,4.5,3.818164922147778,4.5,0.681835077852222,0.13213642215231797,0.6643114543207816,0.5634920634920635,Under,-142.0,1.704225352112676,-142.0,1.0,-1.0,100.0,-100.0,-1.0,,Loss,0.55,0.08359005483092344,13.37440877294775,11337.440877294775,2025,2025-08,-149 to -120,2025 Validation,0.18763371945629154
KPROP-00161,2025-08-09 19:15:38,2025-08-09,Erick Fedde,144,146,Home,fanduel,,,-158.0,-158.0,4.5,3.6721534755459957,4.5,0.8278465244540043,0.13093698711109764,0.6925893176881915,0.5783762583344229,Under,-158.0,1.6329113924050633,-158.0,1.0,0.6329113924050633,100.0,63.29113924050633,0.6329113924050633,,Win,0.5527950310559007,0.08700198860467585,14.007320165352812,11400.732016535281,2025,2025-08,<= -150,2025 Validation,0.20688043963553426
KPROP-00162,2025-08-09 13:10:39,2025-08-09,Hurston Waldrep,144,146,Home,betrivers,,,132.0,132.0,3.5,3.701584053950443,3.5,-0.2015840539504432,0.14566859386476272,0.49382266976929423,0.41191381495564006,Under,132.0,2.3200000000000003,132.0,1.0,-1.0,100.0,-100.0,-1.0,,Loss,0.5493827160493827,0.08029209978612847,13.007320165352812,11300.732016535281,2025,2025-08,+121 to +150,2025 Validation,0.11035499535209295
KPROP-00163,2025-08-09 13:10:39,2025-08-09,Hurston Waldrep,144,146,Home,draftkings,,,-140.0,-140.0,4.5,3.701584053950443,4.5,0.7984159460495568,0.17756603191445947,0.686913518616768,0.5675675675675677,Under,-140.0,1.7142857142857144,-140.0,1.0,-1.0,100.0,-100.0,-1.0,,Loss,0.5460122699386503,0.07366454089173505,12.007320165352812,11200.732016535281,2025,2025-08,-149 to -120,2025 Validation,0.24859244468024322
KPROP-00164,2025-08-09 19:15:38,2025-08-09,Jacob deGrom,140,143,Home,betonlineag,,,100.0,100.0,6.5,6.329820494627465,6.5,0.170179505372535,0.10696278020273775,0.5534813901013689,0.4862385321100918,Under,100.0,2.0,100.0,1.0,-1.0,100.0,-100.0,-1.0,,Loss,0.5426829268292683,0.06711780588629764,11.007320165352812,11100.732016535281,2025,2025-08,+100 to +120,2025 Validation,0.10696278020273775
KPROP-00165,2025-08-10 16:10:38,2025-08-10,Brandon Pfaadt,109,115,Home,betonlineag,,,103.0,103.0,5.5,5.500867880024021,5.5,-0.0008678800240211615,0.07340297244945826,0.5287699371672208,0.47743724010472816,Under,103.0,2.0300000000000002,103.0,1.0,1.0300000000000002,100.0,103.00000000000003,1.0300000000000002,,Win,0.5454545454545454,0.0729534555475928,12.037320165352813,11203.732016535281,2025,2025-08,+100 to +120,2025 Validation,0.07126502179559052
KPROP-00166,2025-08-10 16:10:38,2025-08-10,Dylan Cease,135,111,Home,draftkings,,,-125.0,-125.0,7.5,7.005267656059794,7.5,0.49473234394020604,0.07627209316301903,0.5979289406461217,0.5384615384615385,Under,-125.0,1.8,-125.0,1.0,0.8,100.0,80.0,0.8,,Win,0.5481927710843374,0.07733325400814949,12.837320165352814,11283.732016535281,2025,2025-08,-149 to -120,2025 Validation,0.09534011645377378
KPROP-00167,2025-08-10 13:35:39,2025-08-10,Max Fried,147,117,Home,betmgm,,,-120.0,-120.0,5.5,5.089510308650998,5.5,0.41048969134900215,0.10047423366251362,0.6002586729068256,0.5315161839863713,Under,-120.0,1.8333333333333335,-120.0,1.0,0.8333333333333335,100.0,83.33333333333334,0.8333333333333335,,Win,0.5508982035928144,0.08186020059093502,13.670653498686148,11367.065349868613,2025,2025-08,-149 to -120,2025 Validation,0.12056908039501632
KPROP-00168,2025-08-10 14:35:38,2025-08-10,Patrick Corbin,140,143,Home,betrivers,,,140.0,140.0,4.5,4.7184904056274295,4.5,-0.2184904056274295,0.17886603913361665,0.4911941829723403,0.38663171690694625,Under,140.0,2.4,140.0,1.0,1.4,100.0,140.0,1.4,,Win,0.5535714285714286,0.08970627082551279,15.070653498686148,11507.065349868613,2025,2025-08,+121 to +150,2025 Validation,0.1277614565240119
KPROP-00169,2025-08-10 14:35:38,2025-08-10,Patrick Corbin,140,143,Home,betmgm,,,-130.0,-130.0,5.5,4.7184904056274295,5.5,0.7815095943725705,0.17693202261102814,0.6652224475627551,0.5542635658914729,Under,-130.0,1.7692307692307692,-130.0,1.0,0.7692307692307692,100.0,76.92307692307692,0.7692307692307692,,Win,0.5562130177514792,0.09372712584566224,15.839884267916919,11583.988426791691,2025,2025-08,-149 to -120,2025 Validation,0.23001162939433661
KPROP-00170,2025-08-10 13:05:38,2025-08-10,Ryan Bergert,118,142,Away,betrivers,,,130.0,130.0,3.5,3.736593147831211,3.5,-0.23659314783121088,0.11904720832597049,0.4865422644895524,0.4034582132564841,Under,130.0,2.3,130.0,1.0,-1.0,100.0,-100.0,-1.0,,Loss,0.5529411764705883,0.08729343687009952,14.839884267916919,11483.988426791691,2025,2025-08,+121 to +150,2025 Validation,0.09157477563536193
KPROP-00171,2025-08-10 13:05:38,2025-08-10,Ryan Bergert,118,142,Away,bovada,,,-150.0,-150.0,4.5,3.736593147831211,4.5,0.7634068521687891,0.13357406081324896,0.6801444364879494,0.5840266222961731,Under,-150.0,1.6666666666666665,-150.0,1.0,-1.0,100.0,-100.0,-1.0,,Loss,0.5497076023391813,0.0809349957188124,13.839884267916919,11383.988426791691,2025,2025-08,<= -150,2025 Validation,0.2003610912198735
KPROP-00172,2025-08-10 14:10:38,2025-08-10,Sean Manaea,121,158,Away,betmgm,,,105.0,105.0,4.5,4.438351823848639,4.5,0.06164817615136098,0.11487928940636694,0.5438435558079839,0.47023935606862943,Under,105.0,2.05,105.0,1.0,-1.0,100.0,-100.0,-1.0,,Loss,0.5465116279069767,0.07465048992974953,12.839884267916919,11283.988426791691,2025,2025-08,+100 to +120,2025 Validation,0.10940884705368281
KPROP-00173,2025-08-10 19:10:38,2025-08-10,Sonny Gray,138,112,Home,fanduel,,,-104.0,-104.0,5.5,4.877867267459892,5.5,0.6221327325401083,0.2502457407483194,0.6373801815579667,0.4932249322493225,Under,-104.0,1.9615384615384617,-104.0,1.0,-1.0,100.0,-100.0,-1.0,,Loss,0.5433526011560693,0.068438637386803,11.839884267916919,11183.988426791691,2025,2025-08,-119 to -101,2025 Validation,0.26025557037825214
KPROP-00174,2025-08-10 16:10:38,2025-08-10,Tyler Glasnow,119,141,Home,betmgm,,,100.0,100.0,5.5,5.420511037310474,5.5,0.07948896268952588,0.08518018700348806,0.542590093501744,0.48837209302325585,Under,100.0,2.0,100.0,1.0,-1.0,100.0,-100.0,-1.0,,Loss,0.5402298850574713,0.06229818544779838,10.839884267916919,11083.988426791691,2025,2025-08,+100 to +120,2025 Validation,0.08518018700348806
KPROP-00175,2025-08-11 19:40:38,2025-08-11,Andrew Heaney,134,158,Away,betrivers,,,-129.0,-129.0,3.5,2.9427873805032476,3.5,0.5572126194967524,0.1717123253153483,0.6600475544352835,0.5477436555742076,Under,-129.0,1.7751937984496124,-129.0,1.0,0.7751937984496124,100.0,77.51937984496125,0.7751937984496124,,Win,0.5428571428571428,0.0663718746649516,11.61507806636653,11161.507806636651,2025,2025-08,-149 to -120,2025 Validation,0.2215088996567993
KPROP-00176,2025-08-11 19:40:38,2025-08-11,Bailey Falter,118,120,Home,fanatics,,,125.0,125.0,3.5,3.7488825730509325,3.5,-0.24888257305093253,0.08899635121672667,0.4839983783185452,0.42888402625820565,Under,125.0,2.25,125.0,1.0,-1.0,100.0,-100.0,-1.0,,Loss,0.5397727272727273,0.06031294355890074,10.61507806636653,11061.507806636651,2025,2025-08,+121 to +150,2025 Validation,0.07119708097338133
KPROP-00177,2025-08-11 19:05:38,2025-08-11,Will Warren,147,142,Home,draftkings,,,-125.0,-125.0,5.5,4.802538954995953,5.5,0.6974610450040473,0.17101292731900852,0.6505627373994491,0.533678756476684,Under,-125.0,1.8,-125.0,1.0,-1.0,100.0,-100.0,-1.0,,Loss,0.536723163841808,0.05432247495122334,9.61507806636653,10961.507806636651,2025,2025-08,-149 to -120,2025 Validation,0.21376615914876065
KPROP-00178,2025-08-12 19:10:39,2025-08-12,Clay Holmes,121,144,Home,betrivers,,,123.0,123.0,3.5,3.684015054076732,3.5,-0.18401505407673202,0.10941305361955411,0.4974946428787238,0.41757244960197687,Under,123.0,2.23,123.0,1.0,-1.0,100.0,-100.0,-1.0,,Loss,0.5337078651685393,0.04839931497958725,8.61507806636653,10861.507806636651,2025,2025-08,+121 to +150,2025 Validation,0.08895370212971879
KPROP-00179,2025-08-12 19:10:39,2025-08-12,Clay Holmes,121,144,Home,draftkings,,,-155.0,-155.0,4.5,3.684015054076732,4.5,0.815984945923268,0.13566056280491773,0.6903034793520089,0.5829926410466066,Under,-155.0,1.6451612903225805,-155.0,1.0,0.6451612903225805,100.0,64.51612903225805,0.6451612903225805,,Win,0.5363128491620112,0.05173318076362632,9.26023935668911,10926.02393566891,2025,2025-08,<= -150,2025 Validation,0.21027387234762251
KPROP-00180,2025-08-12 19:40:39,2025-08-12,Freddy Peralta,158,134,Home,fanduel,,,118.0,118.0,6.5,6.5263706167763,6.5,-0.02637061677630026,0.13877745132195685,0.5223749776706225,0.4439826185528055,Under,118.0,2.1799999999999997,118.0,1.0,-1.0,100.0,-100.0,-1.0,,Loss,0.5333333333333333,0.045890218648272835,8.26023935668911,10826.02393566891,2025,2025-08,+100 to +120,2025 Validation,0.11760800959487872
KPROP-00181,2025-08-12 19:40:39,2025-08-12,Freddy Peralta,158,134,Home,draftkings,,,-150.0,-150.0,7.5,6.5263706167763,7.5,0.9736293832236997,0.11482942552070502,0.6688976553124231,0.5901639344262295,Under,-150.0,1.6666666666666665,-150.0,1.0,0.6666666666666665,100.0,66.66666666666666,0.6666666666666665,,Win,0.5359116022099447,0.049319922780971144,8.926906023355777,10892.690602335577,2025,2025-08,<= -150,2025 Validation,0.17224413828105756
KPROP-00182,2025-08-12 19:40:39,2025-08-12,Jack Flaherty,116,145,Away,bovada,,,-105.0,-105.0,6.5,5.595179720201328,6.5,0.9048202797986722,0.31008897665436275,0.6710211831644297,0.5,Under,-105.0,1.9523809523809523,-105.0,1.0,0.9523809523809523,100.0,95.23809523809523,0.9523809523809523,,Win,0.5384615384615384,0.05428179656998203,9.87928697573673,10987.928697573672,2025,2025-08,-119 to -101,2025 Validation,0.3255934254870809
KPROP-00183,2025-08-12 19:45:38,2025-08-12,Matthew Liberatore,138,115,Home,betrivers,,,138.0,138.0,3.5,3.6598078923936033,3.5,-0.15980789239360327,0.19612521769694724,0.5025736208810703,0.3907302613850714,Under,138.0,2.38,138.0,1.0,1.38,100.0,138.0,1.38,,Win,0.5409836065573771,0.06152615833735917,11.259286975736728,11125.928697573672,2025,2025-08,+121 to +150,2025 Validation,0.14211972296880235
KPROP-00184,2025-08-12 19:45:38,2025-08-12,Matthew Liberatore,138,115,Home,betonlineag,,,-143.0,-143.0,4.5,3.6598078923936033,4.5,0.8401921076063967,0.1809559674800496,0.6949658574059552,0.5642037302725968,Under,-143.0,1.6993006993006992,-143.0,1.0,0.6993006993006992,100.0,69.93006993006992,0.6993006993006992,,Win,0.5434782608695652,0.06499232432085558,11.958587675037428,11195.858767503742,2025,2025-08,-149 to -120,2025 Validation,0.258767033496471
KPROP-00185,2025-08-12 19:40:39,2025-08-12,Paul Skenes,134,158,Away,bovada,,,115.0,115.0,6.5,6.45992406139731,6.5,0.040075938602689654,0.14561545139652787,0.5328443959983851,0.44510940714419295,Under,115.0,2.15,115.0,1.0,1.15,100.0,114.99999999999999,1.15,,Win,0.5459459459459459,0.07085723067587799,13.108587675037429,11310.858767503742,2025,2025-08,+100 to +120,2025 Validation,0.12662213164915467
KPROP-00186,2025-08-12 18:40:39,2025-08-12,Ranger Suarez,143,113,Away,betmgm,,,125.0,125.0,4.5,4.438165004016662,4.5,0.06183499598333775,0.22372830387954679,0.5438792461686874,0.4199432509120389,Under,125.0,2.25,125.0,1.0,1.25,100.0,125.0,1.25,,Win,0.5483870967741935,0.07719670793030875,14.358587675037429,11435.858767503742,2025,2025-08,+121 to +150,2025 Validation,0.17898264310363743
KPROP-00187,2025-08-12 18:40:39,2025-08-12,Ranger Suarez,143,113,Away,fanatics,,,-150.0,-150.0,5.5,4.438165004016662,5.5,1.0618349959833377,0.1890927401155703,0.7134556440693423,0.5850622406639003,Under,-150.0,1.6666666666666665,-150.0,1.0,0.6666666666666665,100.0,66.66666666666666,0.6666666666666665,,Win,0.5508021390374331,0.08034895369895238,15.025254341704095,11502.52543417041,2025,2025-08,<= -150,2025 Validation,0.2836391101733555
KPROP-00188,2025-08-12 19:10:39,2025-08-12,Spencer Strider,144,121,Away,betonlineag,,,100.0,100.0,6.5,5.883026325969513,6.5,0.6169736740304872,0.2501685044700257,0.6250842522350128,0.48837209302325585,Under,100.0,2.0,100.0,1.0,1.0,100.0,100.0,1.0,,Win,0.5531914893617021,0.08524071458353241,16.025254341704095,11602.52543417041,2025,2025-08,+100 to +120,2025 Validation,0.2501685044700257
KPROP-00189,2025-08-13 14:05:39,2025-08-13,Brandon Woodruff,158,134,Home,bovada,,,135.0,135.0,6.5,6.194597278349824,6.5,0.305402721650176,0.35143396289717865,0.5750782820839058,0.4088050314465409,Under,135.0,2.35,135.0,1.0,1.35,100.0,135.0,1.35,,Win,0.5555555555555556,0.09193256265451903,17.375254341704096,11737.52543417041,2025,2025-08,+121 to +150,2025 Validation,0.2603214539979101
KPROP-00190,2025-08-13 14:05:39,2025-08-13,Brandon Woodruff,158,134,Home,fanatics,,,-150.0,-150.0,7.5,6.194597278349824,7.5,1.305402721650176,0.19463685403179118,0.7167821124190747,0.5689655172413793,Under,-150.0,1.6666666666666665,-150.0,1.0,0.6666666666666665,100.0,66.66666666666666,0.6666666666666665,,Win,0.5578947368421052,0.09495747899142508,18.041921008370764,11804.192100837075,2025,2025-08,<= -150,2025 Validation,0.2919552810476868
KPROP-00191,2025-08-13 19:00:39,2025-08-13,Joe Ryan,142,147,Away,bovada,,,100.0,100.0,6.5,6.356837108036529,6.5,0.14316289196347132,0.09836557839803861,0.5491827891990193,0.4939759036144578,Under,100.0,2.0,100.0,1.0,-1.0,100.0,-100.0,-1.0,,Loss,0.5549738219895288,0.0892247173213129,17.041921008370764,11704.192100837075,2025,2025-08,+100 to +120,2025 Validation,0.09836557839803861
KPROP-00192,2025-08-13 14:30:39,2025-08-13,Merrill Kelly,140,109,Home,draftkings,,,-105.0,-105.0,5.5,5.262306438237396,5.5,0.2376935617626037,0.11292958499306482,0.570037104508643,0.49439461883408076,Under,-105.0,1.9523809523809523,-105.0,1.0,0.9523809523809523,100.0,95.23809523809523,0.9523809523809523,,Win,0.5572916666666666,0.09372032271224852,17.994301960751717,11799.43019607517,2025,2025-08,-119 to -101,2025 Validation,0.11857606424271808
KPROP-00193,2025-08-13 14:05:39,2025-08-13,Seth Lugo,118,120,Home,draftkings,,,120.0,120.0,4.5,4.3519762387260075,4.5,0.14802376127399253,0.2329043884738239,0.5604110856699199,0.43235704323570434,Under,120.0,2.2,120.0,1.0,1.2000000000000002,100.0,120.00000000000001,1.2000000000000002,,Win,0.5595854922279793,0.09945234176555293,19.194301960751716,11919.43019607517,2025,2025-08,+100 to +120,2025 Validation,0.19408699039485322
KPROP-00194,2025-08-13 14:30:39,2025-08-13,Zac Gallen,109,140,Away,bovada,,,-145.0,-145.0,5.5,4.898657424720551,5.5,0.6013425752794488,0.07079669883434359,0.6337368217591013,0.5711159737417943,Under,-145.0,1.6896551724137931,-145.0,1.0,0.6896551724137931,100.0,68.96551724137932,0.6896551724137931,,Win,0.5618556701030928,0.10249462439776036,19.88395713316551,11988.39571331655,2025,2025-08,-149 to -120,2025 Validation,0.1026552133097982
KPROP-00195,2025-08-14 19:40:39,2025-08-14,Bailey Ober,142,116,Home,bovada,,,130.0,130.0,4.5,4.716697063455242,4.5,-0.21669706345524187,0.13050736209685287,0.49152494004211,0.4145990075236113,Under,130.0,2.3,130.0,1.0,1.2999999999999998,100.0,129.99999999999997,1.2999999999999998,,Win,0.5641025641025641,0.10863567760597698,21.18395713316551,12118.39571331655,2025,2025-08,+121 to +150,2025 Validation,0.10039027853604068
KPROP-00196,2025-08-14 19:40:39,2025-08-14,Bailey Ober,142,116,Home,draftkings,,,-160.0,-160.0,5.5,4.716697063455242,5.5,0.7833029365447581,0.08149359996609584,0.665534523056059,0.5859872611464969,Under,-160.0,1.625,-160.0,1.0,0.625,100.0,62.5,0.625,,Win,0.5663265306122449,0.11127018945492607,21.80895713316551,12180.89571331655,2025,2025-08,<= -150,2025 Validation,0.13038975994575336
KPROP-00197,2025-08-14 19:05:38,2025-08-14,Kodai Senga,121,144,Home,fanatics,,,120.0,120.0,4.5,4.348001589155507,4.5,0.1519984108444934,0.23458817350395955,0.5611764425017998,0.4278523489932886,Under,120.0,2.2,120.0,1.0,-1.0,100.0,-100.0,-1.0,,Loss,0.5634517766497462,0.10562922402622087,20.80895713316551,12080.89571331655,2025,2025-08,+100 to +120,2025 Validation,0.19549014458663294
KPROP-00198,2025-08-14 19:05:38,2025-08-14,Kodai Senga,121,144,Home,betmgm,,,-155.0,-155.0,5.5,4.348001589155507,5.5,1.1519984108444934,0.1987517743045057,0.728653039283131,0.5882115462252725,Under,-155.0,1.6451612903225805,-155.0,1.0,-1.0,100.0,-100.0,-1.0,,Loss,0.5606060606060606,0.10004523804629045,19.80895713316551,11980.89571331655,2025,2025-08,<= -150,2025 Validation,0.3080652501719839
KPROP-00199,2025-08-14 15:05:39,2025-08-14,Max Scherzer,141,112,Home,betmgm,,,-110.0,-110.0,5.5,4.9242848109345685,5.5,0.5757151890654315,0.20128331688995582,0.629243642180453,0.5,Under,-110.0,1.9090909090909092,-110.0,1.0,0.9090909090909092,100.0,90.90909090909092,0.9090909090909092,,Win,0.5628140703517588,0.10411079418219307,20.71804804225642,12071.804804225641,2025,2025-08,-119 to -101,2025 Validation,0.22141164857895138
KPROP-00200,2025-08-14 18:40:38,2025-08-14,Tanner Bibee,114,146,Home,betmgm,,,-135.0,-135.0,5.5,4.905229552268969,5.5,0.5947704477310314,0.10116604843110094,0.6325847512263771,0.5467695274831245,Under,-135.0,1.7407407407407407,-135.0,1.0,0.7407407407407407,100.0,74.07407407407408,0.7407407407407407,,Win,0.565,0.1072939439149858,21.45878878299716,12145.878878299714,2025,2025-08,-149 to -120,2025 Validation,0.13657416538198627
KPROP-00201,2025-08-15 19:05:39,2025-08-15,Chris Bassitt,141,140,Home,fanduel,,,122.0,122.0,4.5,4.750197722683267,4.5,-0.250197722683267,0.07750202798038064,0.48536127386503636,0.4357298474945534,Under,122.0,2.2199999999999998,122.0,1.0,1.2199999999999998,100.0,121.99999999999997,1.2199999999999998,,Win,0.5671641791044776,0.11282979494028438,22.67878878299716,12267.878878299714,2025,2025-08,+121 to +150,2025 Validation,0.06352625244293496
KPROP-00202,2025-08-15 14:20:38,2025-08-15,Colin Rea,112,134,Home,bovada,,,-135.0,-135.0,4.5,4.069804546118533,4.5,0.43019545388146696,0.07090751198135603,0.6152021877339705,0.5537409798708697,Under,-135.0,1.7407407407407407,-135.0,1.0,-1.0,100.0,-100.0,-1.0,,Loss,0.5643564356435643,0.10732073654949088,21.67878878299716,12167.878878299714,2025,2025-08,-149 to -120,2025 Validation,0.09572514117483065
KPROP-00203,2025-08-15 19:10:38,2025-08-15,Lucas Giolito,111,146,Home,draftkings,,,125.0,125.0,4.5,4.577961563125667,4.5,-0.07796156312566715,0.16408857677226618,0.5173727007876738,0.4255319148936171,Under,125.0,2.25,125.0,1.0,-1.0,100.0,-100.0,-1.0,,Loss,0.5615763546798029,0.10186595459604512,20.67878878299716,12067.878878299714,2025,2025-08,+121 to +150,2025 Validation,0.13127086141781294
KPROP-00204,2025-08-15 19:10:38,2025-08-15,Lucas Giolito,111,146,Home,betrivers,,,-175.0,-175.0,5.5,4.577961563125667,5.5,0.9220384368743328,0.08359111110317724,0.689557979792931,0.5887850467289719,Under,-175.0,1.5714285714285714,-175.0,1.0,0.5714285714285714,100.0,57.14285714285714,0.5714285714285714,,Win,0.5637254901960784,0.10416773212953791,21.250217354425732,12125.021735442573,2025,2025-08,<= -150,2025 Validation,0.14628444443056018
KPROP-00205,2025-08-15 18:45:39,2025-08-15,MacKenzie Gore,120,143,Home,draftkings,,,105.0,105.0,6.5,5.944380274519782,6.5,0.5556197254802182,0.26123344371859336,0.6152358262041919,0.47698280643372154,Under,105.0,2.05,105.0,1.0,-1.0,100.0,-100.0,-1.0,,Loss,0.5609756097560976,0.09878154807036943,20.250217354425732,12025.021735442573,2025,2025-08,+100 to +120,2025 Validation,0.2487937559224699
KPROP-00206,2025-08-16 14:20:45,2025-08-16,Shota Imanaga,112,134,Home,bovada,,,110.0,110.0,5.5,4.90304220837675,5.5,0.5969577916232502,0.3292332232880268,0.632968201565727,0.4661016949152542,Under,110.0,2.1,110.0,1.0,-1.0,100.0,-100.0,-1.0,,Loss,0.558252427184466,0.09344765706031909,19.250217354425732,11925.021735442573,2025,2025-08,+100 to +120,2025 Validation,0.29930293026184246
KPROP-00207,2025-08-17 13:35:38,2025-08-17,Garrett Crochet,111,146,Home,betrivers,,,135.0,135.0,6.5,6.926289779915026,6.5,-0.4262897799150256,0.08276456563361745,0.4607508789930287,0.3937542430414121,Under,135.0,2.35,135.0,1.0,-1.0,100.0,-100.0,-1.0,,Loss,0.5555555555555556,0.08816530122910982,18.250217354425732,11825.021735442573,2025,2025-08,+121 to +150,2025 Validation,0.06130708565453144
KPROP-00208,2025-08-17 13:35:38,2025-08-17,Garrett Crochet,111,146,Home,draftkings,,,-125.0,-125.0,7.5,6.926289779915026,7.5,0.5737102200849744,0.09745178310967989,0.6096954350609333,0.5384615384615385,Under,-125.0,1.8,-125.0,1.0,-1.0,100.0,-100.0,-1.0,,Loss,0.5528846153846154,0.08293373728089294,17.250217354425732,11725.021735442573,2025,2025-08,-149 to -120,2025 Validation,0.12181472888709986
KPROP-00209,2025-08-17 14:20:38,2025-08-17,Javier Assad,112,134,Home,draftkings,,,-145.0,-145.0,4.5,3.976195423862747,4.5,0.5238045761372532,0.07037534531411271,0.6334874492675361,0.5764909248055315,Under,-145.0,1.6896551724137931,-145.0,1.0,0.6896551724137931,100.0,68.96551724137932,0.6896551724137931,,Win,0.5550239234449761,0.08583671065473457,17.939872526839526,11793.987252683952,2025,2025-08,-149 to -120,2025 Validation,0.10204425070546343
KPROP-00210,2025-08-17 16:05:39,2025-08-17,Logan Webb,137,139,Home,betonlineag,,,128.0,128.0,5.5,5.567401206884329,5.5,-0.0674012068843286,0.1796784416372819,0.5174028252795095,0.4291845493562232,Under,128.0,2.2800000000000002,128.0,1.0,-1.0,100.0,-100.0,-1.0,,Loss,0.5523809523809524,0.08066605965161679,16.939872526839526,11693.987252683952,2025,2025-08,+121 to +150,2025 Validation,0.14037378252912644
KPROP-00211,2025-08-17 16:05:39,2025-08-17,Logan Webb,137,139,Home,draftkings,,,-155.0,-155.0,6.5,5.567401206884329,6.5,0.9325987931156714,0.11116687991110291,0.6754151622989057,0.5962954167656138,Under,-155.0,1.6451612903225805,-155.0,1.0,-1.0,100.0,-100.0,-1.0,,Loss,0.5497630331753555,0.07554441955848117,15.939872526839526,11593.987252683952,2025,2025-08,<= -150,2025 Validation,0.17230866386220955
KPROP-00212,2025-08-17 13:35:38,2025-08-17,Nathan Eovaldi,140,141,Away,bovada,,,-115.0,-115.0,4.5,4.196589629160992,4.5,0.3034103708390079,0.10395981127804033,0.5904901316138356,0.5168539325842696,Under,-115.0,1.8695652173913042,-115.0,1.0,-1.0,100.0,-100.0,-1.0,,Loss,0.5471698113207547,0.07047109682471475,14.939872526839526,11493.987252683952,2025,2025-08,-119 to -101,2025 Validation,0.11955378296974639
KPROP-00213,2025-08-17 16:10:38,2025-08-17,Tyler Glasnow,119,135,Home,fanduel,,,102.0,102.0,5.5,5.2975720591022215,5.5,0.2024279408977785,0.13906946371488293,0.5638957741162787,0.48066174826738206,Under,102.0,2.02,102.0,1.0,-1.0,100.0,-100.0,-1.0,,Loss,0.5446009389671361,0.06544541092412923,13.939872526839526,11393.987252683952,2025,2025-08,+100 to +120,2025 Validation,0.13634261148517934
KPROP-00214,2025-08-18 18:35:39,2025-08-18,Jack Flaherty,116,117,Home,betonlineag,,,-130.0,-130.0,6.5,5.667569260522157,6.5,0.832430739477843,0.16686205049760316,0.6595307241942975,0.5427435387673957,Under,-130.0,1.7692307692307692,-130.0,1.0,-1.0,100.0,-100.0,-1.0,,Loss,0.5420560747663551,0.06046669405065199,12.939872526839526,11293.987252683952,2025,2025-08,-149 to -120,2025 Validation,0.21692066564688414
KPROP-00215,2025-08-18 18:35:39,2025-08-18,Matthew Liberatore,138,146,Away,betmgm,,,115.0,115.0,3.5,3.2074901884572844,3.5,0.2925098115427156,0.29183326959109246,0.6008526835307407,0.45142296368989204,Under,115.0,2.15,115.0,1.0,-1.0,100.0,-100.0,-1.0,,Loss,0.5395348837209303,0.05553429082250942,11.939872526839526,11193.987252683952,2025,2025-08,+100 to +120,2025 Validation,0.2537680605139935
KPROP-00216,2025-08-18 18:45:38,2025-08-18,Ranger Suarez,143,136,Home,betonlineag,,,-114.0,-114.0,5.5,4.743508131919579,5.5,0.7564918680804213,0.24057209227149012,0.6608655070978966,0.5098167539267016,Under,-114.0,1.8771929824561404,-114.0,1.0,-1.0,100.0,-100.0,-1.0,,Loss,0.5370370370370371,0.05064755799462744,10.939872526839526,11093.987252683952,2025,2025-08,-119 to -101,2025 Validation,0.27425218518949873
KPROP-00217,2025-08-18 19:10:38,2025-08-18,Spencer Strider,144,145,Home,fanduel,,,-134.0,-134.0,7.5,5.678975663381873,7.5,1.8210243366181267,0.3740874304162608,0.7868705798110212,0.5630252100840336,Under,-134.0,1.7462686567164178,-134.0,1.0,0.7462686567164178,100.0,74.62686567164178,0.7462686567164178,,Win,0.5391705069124424,0.053853185177677156,11.686141183555943,11168.614118355594,2025,2025-08,-149 to -120,2025 Validation,0.5012771567577895
KPROP-00218,2025-08-19 19:10:40,2025-08-19,Bryce Elder,144,145,Home,bovada,,,-110.0,-110.0,4.5,4.14331164645254,4.5,0.35668835354745987,0.147100405556861,0.600862117196451,0.5177956371986223,Under,-110.0,1.9090909090909092,-110.0,1.0,0.9090909090909092,100.0,90.90909090909092,0.9090909090909092,,Win,0.5412844036697247,0.057776294002967216,12.595232092646853,11259.523209264684,2025,2025-08,-119 to -101,2025 Validation,0.16181044611254708
KPROP-00219,2025-08-19 18:45:39,2025-08-19,David Peterson,121,120,Away,bovada,,,100.0,100.0,5.5,5.01881955266589,5.5,0.48118044733411036,0.22531695267689186,0.612658476338446,0.48837209302325585,Under,100.0,2.0,100.0,1.0,-1.0,100.0,-100.0,-1.0,,Loss,0.5388127853881278,0.05294626526322764,11.595232092646853,11159.523209264684,2025,2025-08,+100 to +120,2025 Validation,0.2253169526768919
KPROP-00220,2025-08-19 19:35:39,2025-08-19,Joe Ryan,142,133,Home,bovada,,,115.0,115.0,6.5,6.218319444758083,6.5,0.28168055524191704,0.22825452832204227,0.5712811759637406,0.4443618109138236,Under,115.0,2.15,115.0,1.0,1.15,100.0,114.99999999999999,1.15,,Win,0.5409090909090909,0.057932873148394785,12.745232092646853,11274.523209264684,2025,2025-08,+100 to +120,2025 Validation,0.19848219854090635
KPROP-00221,2025-08-19 19:35:39,2025-08-19,Joe Ryan,142,133,Home,betrivers,,,-190.0,-190.0,7.5,6.218319444758083,7.5,1.281680555241917,0.08889727927066765,0.7134154588325065,0.606245756958588,Under,-190.0,1.526315789473684,-190.0,1.0,0.5263157894736841,100.0,52.63157894736841,0.5263157894736841,,Win,0.5429864253393665,0.06005225286027392,13.271547882120537,11327.154788212052,2025,2025-08,<= -150,2025 Validation,0.1689048306142686
KPROP-00222,2025-08-19 14:20:38,2025-08-19,Matthew Boyd,112,158,Home,betrivers,,,123.0,123.0,4.5,4.492721540109783,4.5,0.007278459890216915,0.18967297695500152,0.5334856398901352,0.43610510499505256,Under,123.0,2.23,123.0,1.0,1.23,100.0,123.0,1.23,,Win,0.545045045045045,0.06532228775729972,14.501547882120537,11450.154788212052,2025,2025-08,+121 to +150,2025 Validation,0.15420567232113944
KPROP-00223,2025-08-19 14:20:38,2025-08-19,Matthew Boyd,112,158,Home,draftkings,,,-165.0,-165.0,5.5,4.492721540109783,5.5,1.007278459890217,0.1309449744215882,0.7041732859606116,0.5888285492629945,Under,-165.0,1.606060606060606,-165.0,1.0,0.606060606060606,100.0,60.606060606060595,0.606060606060606,,Win,0.547085201793722,0.06774712326538629,15.107608488181143,11510.760848818114,2025,2025-08,<= -150,2025 Validation,0.21605920779562057
KPROP-00224,2025-08-19 18:40:39,2025-08-19,Max Scherzer,141,134,Away,betonlineag,,,110.0,110.0,5.5,4.994377736357911,5.5,0.5056222636420893,0.295589072973515,0.6169471776064357,0.46153846153846156,Under,110.0,2.1,110.0,1.0,1.1,100.0,110.00000000000001,1.1,,Win,0.5491071428571429,0.07235539503652297,16.207608488181144,11620.760848818114,2025,2025-08,+100 to +120,2025 Validation,0.2687173390668318
KPROP-00225,2025-08-19 19:35:39,2025-08-19,Seth Lugo,118,140,Home,fanduel,,,-108.0,-108.0,4.5,3.97706261873209,4.5,0.5229373812679099,0.21972363217191493,0.6333180397815712,0.4978050921861282,Under,-108.0,1.925925925925926,-108.0,1.0,-1.0,100.0,-100.0,-1.0,,Loss,0.5466666666666666,0.06758937105858286,15.207608488181144,11520.760848818114,2025,2025-08,-119 to -101,2025 Validation,0.2373015227456681
KPROP-00226,2025-08-20 19:35:39,2025-08-20,Bailey Ober,142,133,Home,betrivers,,,135.0,135.0,4.5,4.6910279235497825,4.5,-0.19102792354978249,0.16623227742004112,0.4962690542212941,0.4088050314465409,Under,135.0,2.35,135.0,1.0,-1.0,100.0,-100.0,-1.0,,Loss,0.5442477876106194,0.06286552428398737,14.207608488181144,11420.760848818114,2025,2025-08,+121 to +150,2025 Validation,0.12313502031114154
KPROP-00227,2025-08-20 19:35:39,2025-08-20,Bailey Ober,142,133,Home,fanduel,,,-152.0,-152.0,5.5,4.6910279235497825,5.5,0.8089720764502175,0.11078557333903455,0.6699976474108462,0.5702592087312415,Under,-152.0,1.6578947368421053,-152.0,1.0,-1.0,100.0,-100.0,-1.0,,Loss,0.5418502202643172,0.05818329730476275,13.207608488181144,11320.760848818114,2025,2025-08,<= -150,2025 Validation,0.1683940714753325
KPROP-00228,2025-08-20 19:15:39,2025-08-20,Hurston Waldrep,144,145,Home,betmgm,,,115.0,115.0,4.5,4.52516181659231,4.5,-0.025161816592309982,0.13376904775353493,0.5273344408155977,0.44362292051756,Under,115.0,2.15,115.0,1.0,-1.0,100.0,-100.0,-1.0,,Loss,0.5394736842105263,0.05354214249202256,12.207608488181144,11220.760848818114,2025,2025-08,+100 to +120,2025 Validation,0.11632091109003038
KPROP-00229,2025-08-20 19:15:39,2025-08-20,Hurston Waldrep,144,145,Home,betrivers,,,-186.0,-186.0,5.5,4.52516181659231,5.5,0.97483818340769,0.07423171241305321,0.6986262185623353,0.6044807080625086,Under,-186.0,1.5376344086021505,-186.0,1.0,-1.0,100.0,-100.0,-1.0,,Loss,0.537117903930131,0.04894152178245041,11.207608488181144,11120.760848818114,2025,2025-08,<= -150,2025 Validation,0.13807098508827897
KPROP-00230,2025-08-20 18:45:39,2025-08-20,Kodai Senga,121,120,Away,betrivers,,,143.0,143.0,4.5,4.6389295069757,4.5,-0.13892950697569972,0.22946454678332062,0.5059524883881978,0.4037045832343862,Under,143.0,2.4299999999999997,143.0,1.0,1.4299999999999997,100.0,142.99999999999997,1.4299999999999997,,Win,0.5391304347826087,0.05494612386165715,12.637608488181144,11263.760848818114,2025,2025-08,+121 to +150,2025 Validation,0.16046471803029416
KPROP-00231,2025-08-20 18:45:39,2025-08-20,Kodai Senga,121,120,Away,betrivers,,,-143.0,-143.0,5.5,4.6389295069757,5.5,0.8610704930243003,0.15387987162196376,0.679032187826917,0.5642037302725968,Under,-143.0,1.6993006993006992,-143.0,1.0,0.6993006993006992,100.0,69.93006993006992,0.6993006993006992,,Win,0.5411255411255411,0.05773553760814651,13.336909187481844,11333.690918748183,2025,2025-08,-149 to -120,2025 Validation,0.22004821641940822
KPROP-00232,2025-08-21 16:10:39,2025-08-21,Dylan Cease,135,137,Home,fanduel,,,132.0,132.0,6.5,6.697583547582225,6.5,-0.19758354758222474,0.14995633106814366,0.4956708323569584,0.4249291784702549,Under,132.0,2.3200000000000003,132.0,1.0,-1.0,100.0,-100.0,-1.0,,Loss,0.5387931034482759,0.05317633270466312,12.336909187481844,11233.690918748183,2025,2025-08,+121 to +150,2025 Validation,0.11360328111223002
KPROP-00233,2025-08-21 16:05:39,2025-08-21,MacKenzie Gore,120,121,Home,betmgm,,,120.0,120.0,5.5,5.5510638639566565,5.5,-0.05106386395665652,0.1444118675418653,0.5201872125190297,0.44999999999999996,Under,120.0,2.2,120.0,1.0,1.2000000000000002,100.0,120.00000000000001,1.2000000000000002,,Win,0.5407725321888412,0.05809832269305512,13.536909187481843,11353.690918748183,2025,2025-08,+100 to +120,2025 Validation,0.1203432229515544
KPROP-00234,2025-08-21 16:05:39,2025-08-21,MacKenzie Gore,120,121,Home,draftkings,,,-160.0,-160.0,6.5,5.5510638639566565,6.5,0.9489361360433435,0.10174188141783153,0.6779950039494348,0.6107784431137725,Under,-160.0,1.625,-160.0,1.0,0.625,100.0,62.5,0.625,,Win,0.5427350427350427,0.06052097943368309,14.161909187481843,11416.190918748183,2025,2025-08,<= -150,2025 Validation,0.16278701026853043
KPROP-00235,2025-08-21 16:05:39,2025-08-21,Sean Manaea,121,120,Away,bovada,,,125.0,125.0,5.5,5.176365981157595,5.5,0.32363401884240517,0.3163527874744383,0.5850456833219726,0.43243243243243246,Under,125.0,2.25,125.0,1.0,-1.0,100.0,-100.0,-1.0,,Loss,0.5404255319148936,0.0560081242020504,13.161909187481843,11316.190918748183,2025,2025-08,+121 to +150,2025 Validation,0.25308222997955065
KPROP-00236,2025-08-21 16:05:39,2025-08-21,Sean Manaea,121,120,Away,betrivers,,,-182.0,-182.0,6.5,5.176365981157595,6.5,1.3236340188424052,0.14034424771033766,0.7359668549052534,0.5974878675421068,Under,-182.0,1.5494505494505495,-182.0,1.0,-1.0,100.0,-100.0,-1.0,,Loss,0.538135593220339,0.051533513506278994,12.161909187481843,11216.190918748183,2025,2025-08,<= -150,2025 Validation,0.2554265308328145
KPROP-00237,2025-08-21 14:20:39,2025-08-21,Shota Imanaga,112,158,Home,betonlineag,,,100.0,100.0,4.5,4.33601718169774,4.5,0.16398281830225958,0.12697123773816377,0.5634856188690819,0.4831460674157303,Under,100.0,2.0,100.0,1.0,-1.0,100.0,-100.0,-1.0,,Loss,0.5358649789029536,0.04709666323832001,11.161909187481843,11116.190918748183,2025,2025-08,+100 to +120,2025 Validation,0.12697123773816377
KPROP-00238,2025-08-22 18:40:39,2025-08-22,Braxton Ashcraft,134,115,Home,betonlineag,,,121.0,121.0,3.5,3.6750814108049594,3.5,-0.17508141080495943,0.10359977827663937,0.49936641550979155,0.43328322574940314,Under,121.0,2.21,121.0,1.0,-1.0,100.0,-100.0,-1.0,,Loss,0.5336134453781513,0.0426970974263943,10.161909187481843,11016.190918748183,2025,2025-08,+121 to +150,2025 Validation,0.08561965146829699
KPROP-00239,2025-08-22 18:40:39,2025-08-22,Braxton Ashcraft,134,115,Home,fanduel,,,-164.0,-164.0,4.5,3.6750814108049594,4.5,0.8249185891950406,0.11399194343791869,0.6920252981962828,0.5882719900187149,Under,-164.0,1.6097560975609757,-164.0,1.0,-1.0,100.0,-100.0,-1.0,,Loss,0.5313807531380753,0.03833434806477758,9.161909187481843,10916.190918748183,2025,2025-08,<= -150,2025 Validation,0.1869467872381866
KPROP-00240,2025-08-22 19:05:39,2025-08-22,Max Fried,147,111,Home,bovada,,,-130.0,-130.0,6.5,5.637591234414152,6.5,0.8624087655858483,0.17529244771467367,0.6642957313169895,0.5542635658914729,Under,-130.0,1.7692307692307692,-130.0,1.0,-1.0,100.0,-100.0,-1.0,,Loss,0.5291666666666667,0.034007954947841014,8.161909187481843,10816.190918748183,2025,2025-08,-149 to -120,2025 Validation,0.22788018202907578
KPROP-00241,2025-08-23 18:05:39,2025-08-23,Aaron Nola,143,120,Home,fanduel,,,106.0,106.0,5.5,4.857139285410188,5.5,0.642860714589812,0.3204821615932817,0.6410107580549911,0.46632124352331605,Under,106.0,2.06,106.0,1.0,-1.0,100.0,-100.0,-1.0,,Loss,0.5269709543568465,0.029717465508223417,7.161909187481843,10716.190918748183,2025,2025-08,+100 to +120,2025 Validation,0.3023416618804544
KPROP-00242,2025-08-23 19:15:39,2025-08-23,Clay Holmes,121,144,Away,fanatics,,,125.0,125.0,3.5,3.656314324141493,3.5,-0.15631432414149282,0.13244404560785972,0.5033084647146043,0.4261874197689345,Under,125.0,2.25,125.0,1.0,-1.0,100.0,-100.0,-1.0,,Loss,0.5247933884297521,0.02546243465901588,6.161909187481843,10616.190918748183,2025,2025-08,+121 to +150,2025 Validation,0.10595523648628777
KPROP-00243,2025-08-23 19:10:39,2025-08-23,Freddy Peralta,158,137,Home,draftkings,,,-115.0,-115.0,6.5,6.038027088884815,6.5,0.46197291111518535,0.12210368914040659,0.6001949965169617,0.5193382517326178,Under,-115.0,1.8695652173913042,-115.0,1.0,0.8695652173913042,100.0,86.95652173913042,0.8695652173913042,,Win,0.5267489711934157,0.028936108662029416,7.031474404873148,10703.147440487313,2025,2025-08,-119 to -101,2025 Validation,0.1404192425114676
KPROP-00244,2025-08-23 13:05:39,2025-08-23,Garrett Crochet,111,147,Away,betrivers,,,107.0,107.0,7.5,7.379779609355828,7.5,0.12022039064417189,0.12259055409819386,0.5423142773421226,0.4696840307429548,Under,107.0,2.0700000000000003,107.0,1.0,-1.0,100.0,-100.0,-1.0,,Loss,0.5245901639344263,0.0247191573970211,6.031474404873148,10603.147440487313,2025,2025-08,+100 to +120,2025 Validation,0.1145706113067232
KPROP-00245,2025-08-23 19:10:39,2025-08-23,Logan Webb,137,158,Away,fanduel,,,100.0,100.0,5.5,5.283294422522476,5.5,0.21670557747752373,0.13276152838064004,0.56638076419032,0.48837209302325585,Under,100.0,2.0,100.0,1.0,1.0,100.0,100.0,1.0,,Win,0.5265306122448979,0.028699895530094482,7.031474404873148,10703.147440487313,2025,2025-08,+100 to +120,2025 Validation,0.13276152838064004
KPROP-00246,2025-08-23 13:05:39,2025-08-23,Will Warren,147,111,Home,betmgm,,,-110.0,-110.0,5.5,5.314994705123926,5.5,0.1850052948760741,0.07074439137361554,0.5608661097671319,0.5116279069767442,Under,-110.0,1.9090909090909092,-110.0,1.0,0.9090909090909092,100.0,90.90909090909092,0.9090909090909092,,Win,0.5284552845528455,0.03227872078847178,7.940565313964057,10794.056531396403,2025,2025-08,-119 to -101,2025 Validation,0.0778188305109771
KPROP-00247,2025-08-24 16:10:38,2025-08-24,Brady Singer,113,109,Away,betmgm,,,110.0,110.0,4.5,4.18418749595411,4.5,0.3158125040458897,0.24509519688125103,0.5929024747053576,0.4572564612326044,Under,110.0,2.1,110.0,1.0,-1.0,100.0,-100.0,-1.0,,Loss,0.5263157894736842,0.02809945471240509,6.940565313964057,10694.056531396403,2025,2025-08,+100 to +120,2025 Validation,0.22281381534659184
KPROP-00248,2025-08-24 13:40:38,2025-08-24,Jack Flaherty,116,118,Home,bovada,,,100.0,100.0,5.5,5.267229884750114,5.5,0.23277011524988556,0.1383580623872076,0.5691790311936038,0.4862385321100918,Under,100.0,2.0,100.0,1.0,1.0,100.0,100.0,1.0,,Win,0.5282258064516129,0.032018408524048615,7.940565313964057,10794.056531396403,2025,2025-08,+100 to +120,2025 Validation,0.1383580623872076
KPROP-00249,2025-08-24 16:10:38,2025-08-24,Jacob Lopez,133,136,Away,fanatics,,,-115.0,-115.0,6.5,6.013622836990441,6.5,0.4863771630095588,0.12943173847524558,0.6041146508123407,0.5230171935662784,Under,-115.0,1.8695652173913042,-115.0,1.0,0.8695652173913042,100.0,86.95652173913042,0.8695652173913042,,Win,0.5301204819277109,0.03538205032672836,8.81013053135536,10881.013053135535,2025,2025-08,-119 to -101,2025 Validation,0.14884649924653245
KPROP-00250,2025-08-24 13:40:38,2025-08-24,Kevin Gausman,141,146,Away,draftkings,,,-135.0,-135.0,5.5,5.005159235564281,5.5,0.4948407644357191,0.07065195454241169,0.6150553781413854,0.552594002855783,Under,-135.0,1.7407407407407407,-135.0,1.0,-1.0,100.0,-100.0,-1.0,,Loss,0.528,0.031240522125421444,7.810130531355361,10781.013053135535,2025,2025-08,-149 to -120,2025 Validation,0.09538013863225578
KPROP-00251,2025-08-24 16:10:38,2025-08-24,Logan Gilbert,136,133,Home,bovada,,,125.0,125.0,6.5,5.613472547850177,6.5,0.8865274521498234,0.5032762413088081,0.6681227739150258,0.42888402625820565,Under,125.0,2.25,125.0,1.0,-1.0,100.0,-100.0,-1.0,,Loss,0.5258964143426295,0.02713199414882614,6.810130531355361,10681.013053135535,2025,2025-08,+121 to +150,2025 Validation,0.40262099304704646
KPROP-00252,2025-08-24 16:10:38,2025-08-24,Logan Gilbert,136,133,Home,betrivers,,,-167.0,-167.0,7.5,5.613472547850177,7.5,1.8865274521498234,0.2714719249660695,0.7952652114956316,0.5791298865069356,Under,-167.0,1.5988023952095807,-167.0,1.0,-1.0,100.0,-100.0,-1.0,,Loss,0.5238095238095238,0.023056073537124445,5.810130531355361,10581.013053135535,2025,2025-08,<= -150,2025 Validation,0.45335811469333614
KPROP-00253,2025-08-24 12:10:39,2025-08-24,Matthew Liberatore,138,139,Away,bovada,,,-130.0,-130.0,4.5,3.6654444782162914,4.5,0.8345555217837086,0.22763586241856804,0.6938811396278863,0.5427435387673957,Under,-130.0,1.7692307692307692,-130.0,1.0,-1.0,100.0,-100.0,-1.0,,Loss,0.5217391304347826,0.019012373641720794,4.810130531355361,10481.013053135535,2025,2025-08,-149 to -120,2025 Validation,0.2959266211441385
KPROP-00254,2025-08-24 14:35:39,2025-08-24,Merrill Kelly,140,114,Home,betonlineag,,,141.0,141.0,4.5,4.891884247385573,4.5,-0.3918842473855726,0.10779165712099348,0.4596645880170097,0.41214568088148706,Under,141.0,2.41,141.0,1.0,-1.0,100.0,-100.0,-1.0,,Loss,0.5196850393700787,0.01500051390297386,3.8101305313553606,10381.013053135535,2025,2025-08,+121 to +150,2025 Validation,0.07644798377375424
KPROP-00255,2025-08-24 12:05:38,2025-08-24,Paul Skenes,134,115,Home,draftkings,,,120.0,120.0,7.5,7.747973549157048,7.5,-0.24797354915704783,0.07504754421814308,0.48865797464461047,0.44251134644478063,Under,120.0,2.2,120.0,1.0,1.2000000000000002,100.0,120.00000000000001,1.2000000000000002,,Win,0.5215686274509804,0.019647570711197493,5.010130531355361,10501.013053135535,2025,2025-08,+100 to +120,2025 Validation,0.0625396201817859
KPROP-00256,2025-08-24 13:35:39,2025-08-24,Ranger Suarez,143,120,Home,draftkings,,,-125.0,-125.0,6.5,5.165604015444984,6.5,1.334395984555016,0.32766139973637626,0.7375896665202091,0.5384615384615385,Under,-125.0,1.8,-125.0,1.0,-1.0,100.0,-100.0,-1.0,,Loss,0.51953125,0.015664572388106878,4.010130531355361,10401.013053135535,2025,2025-08,-149 to -120,2025 Validation,0.40957674967047036
KPROP-00257,2025-08-24 14:05:38,2025-08-24,Robbie Ray,137,158,Away,betmgm,,,115.0,115.0,5.5,5.3256442871564715,5.5,0.17435571284352847,0.20188388125249268,0.5590157587220896,0.44362292051756,Under,115.0,2.15,115.0,1.0,1.15,100.0,114.99999999999999,1.15,,Win,0.5214007782101168,0.02007832891577961,5.16013053135536,10516.013053135535,2025,2025-08,+100 to +120,2025 Validation,0.1755512010891241
KPROP-00258,2025-08-24 13:40:38,2025-08-24,Seth Lugo,118,116,Away,betonlineag,,,128.0,128.0,4.5,4.586034685616952,4.5,-0.08603468561695227,0.176149981105438,0.5158552548708061,0.42564280750521194,Under,128.0,2.2800000000000002,128.0,1.0,-1.0,100.0,-100.0,-1.0,,Loss,0.5193798449612403,0.01612453694323783,4.16013053135536,10416.013053135535,2025,2025-08,+121 to +150,2025 Validation,0.13761717273862342
KPROP-00259,2025-08-24 16:10:38,2025-08-24,Zac Gallen,109,113,Home,draftkings,,,125.0,125.0,4.5,4.6439556162283,4.5,-0.14395561622830044,0.1362841689267802,0.5050151861896801,0.4255319148936171,Under,125.0,2.25,125.0,1.0,-1.0,100.0,-100.0,-1.0,,Loss,0.5173745173745173,0.012201276182839229,3.1601305313553603,10316.013053135535,2025,2025-08,+121 to +150,2025 Validation,0.10902733514142415
KPROP-00260,2025-08-25 19:35:39,2025-08-25,Brandon Woodruff,158,109,Home,betrivers,,,130.0,130.0,5.5,5.501401776462046,5.5,-0.0014017764620462003,0.2159604037261833,0.5286784364026884,0.4025121324578932,Under,130.0,2.3,130.0,1.0,-1.0,100.0,-100.0,-1.0,,Loss,0.5153846153846153,0.00830819435136677,2.1601305313553603,10216.013053135535,2025,2025-08,+121 to +150,2025 Validation,0.16612338748167949
KPROP-00261,2025-08-25 19:35:39,2025-08-25,Brandon Woodruff,158,109,Home,draftkings,,,-120.0,-120.0,6.5,5.501401776462046,6.5,0.9985982235379538,0.25732882538739144,0.6858157229385771,0.5338983050847457,Under,-120.0,1.8333333333333335,-120.0,1.0,-1.0,100.0,-100.0,-1.0,,Loss,0.5134099616858238,0.004444944564579925,1.1601305313553603,10116.013053135535,2025,2025-08,-149 to -120,2025 Validation,0.3087945904648697
KPROP-00262,2025-08-25 19:05:39,2025-08-25,Joe Ryan,142,141,Away,draftkings,,,130.0,130.0,4.5,4.75448680440456,4.5,-0.25448680440455984,0.11452127530460776,0.48457446752374256,0.4140127388535032,Under,130.0,2.3,130.0,1.0,-1.0,100.0,-100.0,-1.0,,Loss,0.5114503816793893,0.0006111852341807644,0.16013053135536026,10016.013053135535,2025,2025-08,+121 to +150,2025 Validation,0.08809328869585213
KPROP-00263,2025-08-25 19:05:39,2025-08-25,Joe Ryan,142,141,Away,bovada,,,-150.0,-150.0,5.5,4.75448680440456,5.5,0.7455131955954402,0.09825271405476999,0.658951628432862,0.5755517826825127,Under,-150.0,1.6666666666666665,-150.0,1.0,-1.0,100.0,-100.0,-1.0,,Loss,0.5095057034220533,-0.0031934200328693524,-0.8398694686446397,9916.013053135535,2025,2025-08,<= -150,2025 Validation,0.147379071082155
KPROP-00264,2025-08-25 19:05:39,2025-08-25,Kodai Senga,121,143,Home,draftkings,,,130.0,130.0,4.5,4.68580826918885,4.5,-0.18580826918884963,0.14364269517310768,0.4972359544230903,0.41172800998128506,Under,130.0,2.3,130.0,1.0,1.2999999999999998,100.0,129.99999999999997,1.2999999999999998,,Win,0.5113636363636364,0.001742918679376364,0.4601305313553601,10046.013053135535,2025,2025-08,+121 to +150,2025 Validation,0.11049438090239054
KPROP-00265,2025-08-25 19:05:39,2025-08-25,Kodai Senga,121,143,Home,betonlineag,,,-161.0,-161.0,5.5,4.68580826918885,5.5,0.8141917308111504,0.08761503533457676,0.6709042938270762,0.5865674006019325,Under,-161.0,1.62111801242236,-161.0,1.0,0.6211180124223601,100.0,62.11180124223601,0.6211180124223601,,Win,0.5132075471698113,0.004080183184066869,1.0812485437777202,10108.124854377771,2025,2025-08,<= -150,2025 Validation,0.14106020688866863
KPROP-00266,2025-08-25 18:35:40,2025-08-25,Spencer Strider,144,146,Away,betmgm,,,120.0,120.0,5.5,5.079970966365717,5.5,0.42002903363428334,0.32424891903016195,0.6019313268318918,0.4310344827586207,Under,120.0,2.2,120.0,1.0,1.2000000000000002,100.0,120.00000000000001,1.2000000000000002,,Win,0.5150375939849624,0.008576122345029025,2.2812485437777204,10228.124854377771,2025,2025-08,+100 to +120,2025 Validation,0.2702074325251349
KPROP-00267,2025-08-25 18:35:40,2025-08-25,Spencer Strider,144,146,Away,betrivers,,,-175.0,-175.0,6.5,5.079970966365717,6.5,1.4200290336342833,0.17919822627514148,0.7503988712659991,0.5887850467289719,Under,-175.0,1.5714285714285714,-175.0,1.0,0.5714285714285714,100.0,57.14285714285714,0.5714285714285714,,Win,0.5168539325842697,0.010684183952083488,2.8526771152062915,10285.267711520628,2025,2025-08,<= -150,2025 Validation,0.3135968959814976
KPROP-00268,2025-08-25 18:35:40,2025-08-25,Tanner Bibee,114,139,Home,bovada,,,115.0,115.0,5.5,5.406572409506541,5.5,0.09342759049345872,0.17174253871279876,0.5449965296338599,0.45569620253164556,Under,115.0,2.15,115.0,1.0,1.15,100.0,114.99999999999999,1.15,,Win,0.5186567164179104,0.014935362370172728,4.002677115206291,10400.267711520628,2025,2025-08,+100 to +120,2025 Validation,0.14934133801112937
KPROP-00269,2025-08-26 19:05:39,2025-08-26,Bailey Ober,142,141,Away,betmgm,,,125.0,125.0,3.5,3.6540362646924556,3.5,-0.15403626469245557,0.13352274012477872,0.5037878844999016,0.43243243243243246,Under,125.0,2.25,125.0,1.0,1.25,100.0,125.0,1.25,,Win,0.5204460966542751,0.019526680725673946,5.252677115206291,10525.267711520628,2025,2025-08,+121 to +150,2025 Validation,0.10681819209982298
KPROP-00270,2025-08-26 19:40:39,2025-08-26,Brandon Pfaadt,109,158,Away,betrivers,,,-113.0,-113.0,4.5,4.266417811761188,4.5,0.23358218823881227,0.08749950578219712,0.5769363575276445,0.513566680233347,Under,-113.0,1.8849557522123894,-113.0,1.0,0.8849557522123894,100.0,88.49557522123894,0.8849557522123894,,Win,0.5222222222222223,0.022731973583032153,6.137632867418681,10613.763286741867,2025,2025-08,-119 to -101,2025 Validation,0.09887444153388274
KPROP-00271,2025-08-26 19:05:39,2025-08-26,Chris Bassitt,141,142,Home,betmgm,,,115.0,115.0,5.5,5.282559033993815,5.5,0.21744096600618512,0.21799393975203962,0.5665088091869952,0.4593162215525304,Under,115.0,2.15,115.0,1.0,-1.0,100.0,-100.0,-1.0,,Loss,0.5202952029520295,0.018958054861323546,5.137632867418681,10513.763286741867,2025,2025-08,+100 to +120,2025 Validation,0.18955994761046926
KPROP-00272,2025-08-26 19:45:39,2025-08-26,Mitch Keller,134,138,Away,betrivers,,,100.0,100.0,4.5,4.357827010476045,4.5,0.14217298952395474,0.11856982364130841,0.5592849118206542,0.48837209302325585,Under,100.0,2.0,100.0,1.0,-1.0,100.0,-100.0,-1.0,,Loss,0.5183823529411765,0.015211885541980445,4.137632867418681,10413.763286741867,2025,2025-08,+100 to +120,2025 Validation,0.11856982364130841
KPROP-00273,2025-08-26 19:10:39,2025-08-26,Sean Manaea,121,143,Home,bovada,,,120.0,120.0,5.5,5.020816368653813,5.5,0.4791836313461868,0.3470778508555159,0.6123081140252344,0.44019316493313515,Under,120.0,2.2,120.0,1.0,-1.0,100.0,-100.0,-1.0,,Loss,0.5164835164835165,0.011493160686515314,3.137632867418681,10313.763286741867,2025,2025-08,+100 to +120,2025 Validation,0.28923154237959653
KPROP-00274,2025-08-27 13:05:39,2025-08-27,Max Fried,147,120,Home,draftkings,,,110.0,110.0,6.5,5.595936646029129,6.5,0.9040633539708711,0.4088927861760369,0.6709013267504937,0.4719894133215704,Under,110.0,2.1,110.0,1.0,1.1,100.0,110.00000000000001,1.1,,Win,0.5182481751824818,0.01546581338473971,4.2376328674186805,10423.763286741867,2025,2025-08,+100 to +120,2025 Validation,0.3717207147054881
KPROP-00275,2025-08-27 19:45:39,2025-08-27,Sonny Gray,138,134,Home,fanduel,,,-128.0,-128.0,6.5,5.712525839227937,6.5,0.7874741607720628,0.16203299744800737,0.6523694020760743,0.5581395348837209,Under,-128.0,1.78125,-128.0,1.0,-1.0,100.0,-100.0,-1.0,,Loss,0.5163636363636364,0.01177321042697702,3.2376328674186805,10323.763286741867,2025,2025-08,-149 to -120,2025 Validation,0.20740223673344943
KPROP-00276,2025-08-28 18:45:39,2025-08-28,Aaron Nola,143,144,Home,betrivers,,,102.0,102.0,5.5,4.755122886223969,5.5,0.744877113776031,0.33085823111163476,0.6588407084711063,0.4757785467128028,Under,102.0,2.02,102.0,1.0,1.02,100.0,102.0,1.02,,Win,0.5181159420289855,0.015426206041372029,4.25763286741868,10425.763286741867,2025,2025-08,+100 to +120,2025 Validation,0.32437081481532826
KPROP-00277,2025-08-28 14:15:39,2025-08-28,Braxton Ashcraft,134,138,Away,betrivers,,,133.0,133.0,3.5,3.5276049246504884,3.5,-0.02760492465048836,0.2365026677739649,0.5306878402463369,0.41701417848206845,Under,133.0,2.33,133.0,1.0,-1.0,100.0,-100.0,-1.0,,Loss,0.516245487364621,0.011760407463605344,3.25763286741868,10325.763286741867,2025,2025-08,+121 to +150,2025 Validation,0.17782155471726682
KPROP-00278,2025-08-28 19:10:39,2025-08-28,Clay Holmes,121,146,Home,bovada,,,130.0,130.0,3.5,3.805672254831525,3.5,-0.30567225483152516,0.0863476402096184,0.4723250609607037,0.4140127388535032,Under,130.0,2.3,130.0,1.0,1.2999999999999998,100.0,129.99999999999997,1.2999999999999998,,Win,0.5179856115107914,0.016394362832441296,4.55763286741868,10455.763286741867,2025,2025-08,+121 to +150,2025 Validation,0.06642126169970645
KPROP-00279,2025-08-28 15:45:39,2025-08-28,Logan Webb,137,112,Home,draftkings,,,105.0,105.0,5.5,5.132951093578044,5.5,0.36704890642195576,0.21492355046617018,0.5926456343737416,0.4740160904544466,Under,105.0,2.05,105.0,1.0,-1.0,100.0,-100.0,-1.0,,Loss,0.5161290322580645,0.012751372284654767,3.55763286741868,10355.763286741867,2025,2025-08,+100 to +120,2025 Validation,0.20468909568206686
KPROP-00280,2025-08-28 15:45:39,2025-08-28,Shota Imanaga,112,137,Away,betrivers,,,128.0,128.0,4.5,4.6557585633361835,4.5,-0.15575856333618354,0.1464220043719623,0.5028166685841939,0.40701775008816266,Under,128.0,2.2800000000000002,128.0,1.0,-1.0,100.0,-100.0,-1.0,,Loss,0.5142857142857142,0.009134403097923858,2.55763286741868,10255.763286741867,2025,2025-08,+121 to +150,2025 Validation,0.11439219091559552
KPROP-00281,2025-08-28 15:45:39,2025-08-28,Shota Imanaga,112,137,Away,fanatics,,,-140.0,-140.0,5.5,4.6557585633361835,5.5,0.8442414366638165,0.15905864547959042,0.6761175431964277,0.562043795620438,Under,-140.0,1.7142857142857144,-140.0,1.0,0.7142857142857144,100.0,71.42857142857144,0.7142857142857144,,Win,0.5160142348754448,0.011643838369054783,3.2719185817043943,10327.191858170438,2025,2025-08,-149 to -120,2025 Validation,0.22268210367142655
KPROP-00282,2025-08-29 19:10:39,2025-08-29,Jonah Tong,121,146,Home,bovada,,,130.0,130.0,5.5,4.362477986665666,5.5,1.1375220133343342,0.6703197321340287,0.726225970493056,0.42016806722689076,Under,130.0,2.3,130.0,1.0,-1.0,100.0,-100.0,-1.0,,Loss,0.5141843971631206,0.008056448871292178,2.2719185817043943,10227.191858170438,2025,2025-08,+121 to +150,2025 Validation,0.5156305631800222
KPROP-00283,2025-08-29 19:10:39,2025-08-29,Jonah Tong,121,146,Home,betrivers,,,-165.0,-165.0,6.5,4.362477986665666,6.5,2.1375220133343342,0.36235061821254516,0.8482560453021508,0.5990922844175491,Under,-165.0,1.606060606060606,-165.0,1.0,0.606060606060606,100.0,60.606060606060595,0.606060606060606,,Win,0.5159010600706714,0.010169537765954065,2.8779791877650003,10287.7979187765,2025,2025-08,<= -150,2025 Validation,0.5978785200506997
KPROP-00284,2025-08-29 18:40:40,2025-08-29,Matthew Liberatore,138,113,Away,draftkings,,,125.0,125.0,3.5,3.321354083453057,3.5,0.17864591654694317,0.2951573843121389,0.5756255041387284,0.4255319148936171,Under,125.0,2.25,125.0,1.0,-1.0,100.0,-100.0,-1.0,,Loss,0.5140845070422535,0.006612602773820424,1.8779791877650003,10187.7979187765,2025,2025-08,+121 to +150,2025 Validation,0.23612590744971113
KPROP-00285,2025-08-29 18:40:40,2025-08-29,Matthew Liberatore,138,113,Away,mybookieag,,,-171.0,-171.0,4.5,3.321354083453057,4.5,1.1786459165469432,0.20236809072745557,0.7586898284664019,0.5972356394441555,Under,-171.0,1.5847953216374269,-171.0,1.0,0.5847953216374269,100.0,58.47953216374269,0.5847953216374269,,Win,0.5157894736842106,0.008641314068078693,2.4627745094024274,10246.277450940242,2025,2025-08,<= -150,2025 Validation,0.3460494351439491
KPROP-00286,2025-08-29 18:45:39,2025-08-29,Ranger Suarez,143,144,Home,bovada,,,-120.0,-120.0,5.5,4.685780243751766,5.5,0.8142197562482343,0.23000012841497453,0.6709091609536224,0.5291095890410958,Under,-120.0,1.8333333333333335,-120.0,1.0,0.8333333333333335,100.0,83.33333333333334,0.8333333333333335,,Win,0.5174825174825175,0.011524852596978184,3.296107842735761,10329.610784273575,2025,2025-08,-149 to -120,2025 Validation,0.2760001540979694
KPROP-00287,2025-08-29 18:40:40,2025-08-29,Zack Littell,113,138,Home,draftkings,,,-130.0,-130.0,4.5,4.077915141748649,4.5,0.4220848582513508,0.08563311040886434,0.6136187145789234,0.5427435387673957,Under,-130.0,1.7692307692307692,-130.0,1.0,0.7692307692307692,100.0,76.92307692307692,0.7692307692307692,,Win,0.519163763066202,0.014164942898838082,4.06533861196653,10406.533861196653,2025,2025-08,-149 to -120,2025 Validation,0.11132304353152365
KPROP-00288,2025-08-30 16:10:38,2025-08-30,David Peterson,121,146,Home,draftkings,,,100.0,100.0,5.5,5.373525972085767,5.5,0.12647402791423268,0.10142355647378665,0.5507117782368933,0.48017621145374445,Under,100.0,2.0,100.0,1.0,1.0,100.0,100.0,1.0,,Win,0.5208333333333334,0.01758798129155045,5.06533861196653,10506.533861196653,2025,2025-08,+100 to +120,2025 Validation,0.10142355647378665
KPROP-00289,2025-08-30 15:05:38,2025-08-30,Kevin Gausman,141,158,Home,betrivers,,,-125.0,-125.0,5.5,5.05543256598438,5.5,0.44456743401562004,0.09122307012353792,0.6062350389575211,0.5384615384615385,Under,-125.0,1.8,-125.0,1.0,-1.0,100.0,-100.0,-1.0,,Loss,0.5190311418685121,0.014066915612340932,4.06533861196653,10406.533861196653,2025,2025-08,-149 to -120,2025 Validation,0.1140288376544224
KPROP-00290,2025-08-30 19:15:38,2025-08-30,Logan Gilbert,136,114,Away,fanduel,,,106.0,106.0,6.5,5.870060867559659,6.5,0.6299391324403407,0.2919580916063288,0.6271641221389945,0.4728029842977358,Under,106.0,2.06,106.0,1.0,1.06,100.0,106.0,1.06,,Win,0.5206896551724138,0.017673581420574243,5.12533861196653,10512.533861196653,2025,2025-08,+100 to +120,2025 Validation,0.275432161892763
KPROP-00291,2025-08-31 13:05:38,2025-08-31,Joe Ryan,142,135,Home,fanduel,,,-128.0,-128.0,5.5,4.905280251345177,5.5,0.594719748654823,0.12677575646238604,0.632575863277129,0.5362837617962902,Under,-128.0,1.78125,-128.0,1.0,-1.0,100.0,-100.0,-1.0,,Loss,0.5189003436426117,0.014176421346964022,4.12533861196653,10412.533861196653,2025,2025-08,-149 to -120,2025 Validation,0.1622729682718541
KPROP-00292,2025-08-31 13:40:38,2025-08-31,Kodai Senga,121,146,Home,fanduel,,,122.0,122.0,4.5,4.216809559337564,4.5,0.2831904406624357,0.302163617082856,0.5865601878751604,0.42502324345862663,Under,122.0,2.2199999999999998,122.0,1.0,-1.0,100.0,-100.0,-1.0,,Loss,0.5171232876712328,0.01070321442454291,3.12533861196653,10312.533861196653,2025,2025-08,+121 to +150,2025 Validation,0.24767509596955414
KPROP-00293,2025-08-31 13:40:38,2025-08-31,Kodai Senga,121,146,Home,betonlineag,,,-149.0,-149.0,5.5,4.216809559337564,5.5,1.2831904406624357,0.2540128942725908,0.7503932580185383,0.5791786378232212,Under,-149.0,1.6711409395973154,-149.0,1.0,-1.0,100.0,-100.0,-1.0,,Loss,0.515358361774744,0.007253715399203174,2.12533861196653,10212.533861196653,2025,2025-08,-149 to -120,2025 Validation,0.3784792124661603
KPROP-00294,2025-08-31 13:35:38,2025-08-31,Max Scherzer,141,158,Home,bovada,,,-130.0,-130.0,5.5,5.008882196646969,5.5,0.49111780335303123,0.08701914112509603,0.6144021232446195,0.5704948646125116,Under,-130.0,1.7692307692307692,-130.0,1.0,0.7692307692307692,100.0,76.92307692307692,0.7692307692307692,,Win,0.5170068027210885,0.0098454740857051,2.8945693811972992,10289.456938119729,2025,2025-08,-149 to -120,2025 Validation,0.11312488346262482
KPROP-00295,2025-09-01 14:10:38,2025-09-01,Bailey Ober,142,145,Home,fanatics,,,125.0,125.0,4.5,4.017012546103379,4.5,0.48298745389662123,0.4074048985223768,0.6255132882321675,0.4281984334203655,Under,125.0,2.25,125.0,1.0,1.25,100.0,125.0,1.25,,Win,0.5186440677966102,0.0140493877328722,4.144569381197299,10414.456938119729,2025,2025-09,+121 to +150,2025 Validation,0.32592391881790145
KPROP-00296,2025-09-01 14:10:38,2025-09-01,Bailey Ober,142,145,Home,betmgm,,,-155.0,-155.0,5.5,4.017012546103379,5.5,1.4829874538966212,0.2872824700633646,0.782465815136555,0.5721476510067114,Under,-155.0,1.6451612903225805,-155.0,1.0,0.6451612903225805,100.0,64.51612903225805,0.6451612903225805,,Win,0.5202702702702703,0.016181522538918514,4.78973067151988,10478.973067151986,2025,2025-09,<= -150,2025 Validation,0.44528782859821525
KPROP-00297,2025-09-01 13:10:38,2025-09-01,Sean Manaea,121,116,Away,fanduel,,,-112.0,-112.0,5.5,5.269867322438174,5.5,0.23013267756182643,0.07650468912076114,0.568719458403421,0.5043297540699688,Under,-112.0,1.8928571428571428,-112.0,1.0,-1.0,100.0,-100.0,-1.0,,Loss,0.5185185185185185,0.012760035931043367,3.78973067151988,10378.973067151986,2025,2025-09,-119 to -101,2025 Validation,0.08568525181525248
KPROP-00298,2025-09-01 16:00:39,2025-09-01,Spencer Strider,144,112,Away,bovada,,,135.0,135.0,5.5,5.184951270205897,5.5,0.31504872979410337,0.3713284934723835,0.5835440397754823,0.41493775933609955,Under,135.0,2.35,135.0,1.0,1.35,100.0,135.0,1.35,,Win,0.5201342281879194,0.017247418360804966,5.13973067151988,10513.973067151986,2025,2025-09,+121 to +150,2025 Validation,0.27505814331287665
KPROP-00299,2025-09-01 16:00:39,2025-09-01,Spencer Strider,144,112,Away,fanatics,,,-160.0,-160.0,6.5,5.184951270205897,6.5,1.3150487297941034,0.19383919068952704,0.7346702711935551,0.5838668373879642,Under,-160.0,1.625,-160.0,1.0,0.625,100.0,62.5,0.625,,Win,0.5217391304347826,0.019280035690701938,5.76473067151988,10576.473067151986,2025,2025-09,<= -150,2025 Validation,0.31014270510324327
KPROP-00300,2025-09-01 14:05:38,2025-09-01,Yusei Kikuchi,108,117,Away,fanduel,,,124.0,124.0,4.5,4.6752683881967885,4.5,-0.17526838819678847,0.118187018356818,0.499190633195008,0.44128933231005374,Under,124.0,2.24,124.0,1.0,-1.0,100.0,-100.0,-1.0,,Loss,0.52,0.015882435571732932,4.76473067151988,10476.473067151986,2025,2025-09,+121 to +150,2025 Validation,0.095312111578079
KPROP-00301,2025-09-02 18:35:38,2025-09-02,Clayton Kershaw,119,134,Away,betmgm,,,-125.0,-125.0,4.5,4.112682019906672,4.5,0.38731798009332774,0.09230135818178947,0.6068340878787719,0.5454545454545454,Under,-125.0,1.8,-125.0,1.0,0.8,100.0,80.0,0.8,,Win,0.521594684385382,0.018487477314019535,5.56473067151988,10556.473067151986,2025,2025-09,-149 to -120,2025 Validation,0.11537669772723684
KPROP-00302,2025-09-02 18:40:38,2025-09-02,Garrett Crochet,111,114,Home,bovada,,,125.0,125.0,7.5,7.103204724455854,7.5,0.39679527554414573,0.3125148090754932,0.5833399151446637,0.4401913875598086,Under,125.0,2.25,125.0,1.0,1.25,100.0,125.0,1.25,,Win,0.5231788079470199,0.022565333349403575,6.81473067151988,10681.473067151986,2025,2025-09,+121 to +150,2025 Validation,0.2500118472603946
KPROP-00303,2025-09-02 18:40:38,2025-09-02,Garrett Crochet,111,114,Home,draftkings,,,-145.0,-145.0,8.5,7.103204724455854,8.5,1.3967952755441457,0.20901574978210472,0.715539933544511,0.5656028368794326,Under,-145.0,1.6896551724137931,-145.0,1.0,0.6896551724137931,100.0,68.96551724137932,0.6896551724137931,,Win,0.5247524752475248,0.024766949979979115,7.504385843933672,10750.438584393367,2025,2025-09,-149 to -120,2025 Validation,0.30307283718405187
KPROP-00304,2025-09-02 19:35:38,2025-09-02,Shota Imanaga,112,144,Home,bovada,,,-125.0,-125.0,5.5,4.9034715523368355,5.5,0.5965284476631645,0.1392072867945109,0.6328929371080616,0.5555555555555556,Under,-125.0,1.8,-125.0,1.0,0.8,100.0,80.0,0.8,,Win,0.5263157894736842,0.027317058697150242,8.304385843933673,10830.438584393367,2025,2025-09,-149 to -120,2025 Validation,0.1740091084931386
KPROP-00305,2025-09-03 18:40:39,2025-09-03,Braxton Ashcraft,134,119,Home,draftkings,,,-145.0,-145.0,4.5,3.9619124558694687,4.5,0.5380875441305313,0.0750896119907245,0.6362775254638982,0.5711159737417943,Under,-145.0,1.6896551724137931,-145.0,1.0,0.6896551724137931,100.0,68.96551724137932,0.6896551724137931,,Win,0.5278688524590164,0.029488659069991693,8.994041016347467,10899.404101634746,2025,2025-09,-149 to -120,2025 Validation,0.10887993738655052
KPROP-00306,2025-09-03 16:10:38,2025-09-03,Nestor Cortes,135,110,Home,draftkings,,,-110.0,-110.0,5.5,5.1946084535590975,5.5,0.3053915464409025,0.11081497456237888,0.581855462866008,0.5056053811659194,Under,-110.0,1.9090909090909092,-110.0,1.0,0.9090909090909092,100.0,90.90909090909092,0.9090909090909092,,Win,0.5294117647058824,0.0323631762269228,9.903131925438377,10990.313192543836,2025,2025-09,-119 to -101,2025 Validation,0.12189647201861675
KPROP-00307,2025-09-03 15:40:39,2025-09-03,Zac Gallen,109,140,Home,draftkings,,,-130.0,-130.0,5.5,4.812004237682272,5.5,0.687995762317728,0.14806837288917613,0.6489082107634474,0.5403677058353318,Under,-130.0,1.7692307692307692,-130.0,1.0,0.7692307692307692,100.0,76.92307692307692,0.7692307692307692,,Win,0.5309446254071661,0.034763396399573765,10.672362694669147,11067.236269466914,2025,2025-09,-149 to -120,2025 Validation,0.19248888475592899
KPROP-00308,2025-09-03 18:40:39,2025-09-03,Zack Littell,113,141,Home,draftkings,,,-115.0,-115.0,3.5,3.335949515406759,3.5,0.16405048459324112,0.07015774834652788,0.5724099584179103,0.5230171935662784,Under,-115.0,1.8695652173913042,-115.0,1.0,-1.0,100.0,-100.0,-1.0,,Loss,0.5292207792207793,0.031403774982692034,9.672362694669147,10967.236269466914,2025,2025-09,-119 to -101,2025 Validation,0.08068141059850707
KPROP-00309,2025-09-04 19:40:38,2025-09-04,Cristian Javier,117,147,Home,betrivers,,,120.0,120.0,4.5,4.727057682068495,4.5,-0.2270576820684953,0.07715369715095388,0.48961531688679716,0.42367399741267786,Under,120.0,2.2,120.0,1.0,1.2000000000000002,100.0,120.00000000000001,1.2000000000000002,,Win,0.5307443365695793,0.03518563978857329,10.872362694669146,11087.236269466914,2025,2025-09,+100 to +120,2025 Validation,0.06429474762579489
KPROP-00310,2025-09-04 19:40:38,2025-09-04,Cristian Javier,117,147,Home,draftkings,,,-140.0,-140.0,5.5,4.727057682068495,5.5,0.7729423179315047,0.1378247810940098,0.663731122304839,0.565374864179645,Under,-140.0,1.7142857142857144,-140.0,1.0,0.7142857142857144,100.0,71.42857142857144,0.7142857142857144,,Win,0.532258064516129,0.037376285190176974,11.586648408954861,11158.664840895484,2025,2025-09,-149 to -120,2025 Validation,0.1929546935316137
KPROP-00311,2025-09-04 16:10:39,2025-09-04,Ranger Suarez,143,158,Away,betmgm,,,110.0,110.0,4.5,4.333410859253927,4.5,0.16658914074607267,0.18437500159608555,0.5639880959981359,0.4572564612326044,Under,110.0,2.1,110.0,1.0,1.1,100.0,110.00000000000001,1.1,,Win,0.5337620578778135,0.04079308170081949,12.686648408954861,11268.664840895484,2025,2025-09,+100 to +120,2025 Validation,0.1676136378146232
KPROP-00312,2025-09-04 19:40:38,2025-09-04,Taj Bradley,142,145,Home,betrivers,,,135.0,135.0,4.5,4.591139234140759,4.5,-0.0911392341407593,0.21000700170149755,0.5148965964687223,0.4117884537747275,Under,135.0,2.35,135.0,1.0,-1.0,100.0,-100.0,-1.0,,Loss,0.532051282051282,0.03745720643895789,11.686648408954861,11168.664840895484,2025,2025-09,+121 to +150,2025 Validation,0.15556074200110928
KPROP-00313,2025-09-04 19:40:38,2025-09-04,Taj Bradley,142,145,Home,betmgm,,,-155.0,-155.0,5.5,4.591139234140759,5.5,0.9088607658592407,0.13069898066471658,0.6872876156981611,0.5776397515527951,Under,-155.0,1.6451612903225805,-155.0,1.0,-1.0,100.0,-100.0,-1.0,,Loss,0.5303514376996805,0.03414264667397719,10.686648408954861,11068.664840895484,2025,2025-09,<= -150,2025 Validation,0.20258342003031074
KPROP-00314,2025-09-05 18:35:38,2025-09-05,Jack Flaherty,116,145,Home,betrivers,,,133.0,133.0,5.5,5.6349197170148235,5.5,-0.13491971701482353,0.1788540503610885,0.5059459443609822,0.4138602613000082,Under,133.0,2.33,133.0,1.0,1.33,100.0,133.0,1.33,,Win,0.5318471337579618,0.03826958092023841,12.016648408954861,11201.664840895484,2025,2025-09,+121 to +150,2025 Validation,0.13447672959480336
KPROP-00315,2025-09-05 18:35:38,2025-09-05,Jack Flaherty,116,145,Home,fanatics,,,-120.0,-120.0,6.5,5.6349197170148235,6.5,0.8650802829851765,0.21865321492177725,0.6647199354118785,0.5315161839863713,Under,-120.0,1.8333333333333335,-120.0,1.0,0.8333333333333335,100.0,83.33333333333334,0.8333333333333335,,Win,0.5333333333333333,0.04079359283266094,12.849981742288195,11284.998174228818,2025,2025-09,-149 to -120,2025 Validation,0.26238385790613267
KPROP-00316,2025-09-05 19:15:38,2025-09-05,Logan Gilbert,136,144,Away,betrivers,,,155.0,155.0,5.5,5.187041676010549,5.5,0.31295832398945134,0.48710511890427033,0.5831784780016747,0.38922155688622756,Under,155.0,2.55,155.0,1.0,-1.0,100.0,-100.0,-1.0,,Loss,0.5316455696202531,0.037499942222431,11.849981742288195,11184.998174228818,2025,2025-09,>= +151,2025 Validation,0.3142613670350132
KPROP-00317,2025-09-05 19:15:38,2025-09-05,Logan Gilbert,136,144,Away,betrivers,,,-130.0,-130.0,6.5,5.187041676010549,6.5,1.3129583239894513,0.29924223047715404,0.7343543041827393,0.5520062329567589,Under,-130.0,1.7692307692307692,-130.0,1.0,-1.0,100.0,-100.0,-1.0,,Loss,0.5299684542586751,0.03422707174223406,10.849981742288195,11084.998174228818,2025,2025-09,-149 to -120,2025 Validation,0.3890148996203003
KPROP-00318,2025-09-06 18:40:38,2025-09-06,Brady Singer,113,121,Home,betrivers,,,132.0,132.0,4.5,4.550635439772646,4.5,-0.05063543977264562,0.21224726574639063,0.5225203731665476,0.4004316710212427,Under,132.0,2.3200000000000003,132.0,1.0,-1.0,100.0,-100.0,-1.0,,Loss,0.5283018867924528,0.03097478535310753,9.849981742288195,10984.998174228818,2025,2025-09,+121 to +150,2025 Validation,0.160793383141205
KPROP-00319,2025-09-06 18:40:38,2025-09-06,Brady Singer,113,121,Home,draftkings,,,-155.0,-155.0,5.5,4.550635439772646,5.5,0.9493645602273544,0.1421648645618211,0.6942570745375776,0.5721476510067114,Under,-155.0,1.6451612903225805,-155.0,1.0,0.6451612903225805,100.0,64.51612903225805,0.6451612903225805,,Win,0.5297805642633229,0.03290013489846638,10.495143032610775,11049.514303261076,2025,2025-09,<= -150,2025 Validation,0.22035554007082273
KPROP-00320,2025-09-06 19:15:39,2025-09-06,Jacob deGrom,140,117,Home,betrivers,,,128.0,128.0,5.5,5.8420083562070415,5.5,-0.3420083562070415,0.07474337606917814,0.4713786737145518,0.40701775008816266,Under,128.0,2.2800000000000002,128.0,1.0,-1.0,100.0,-100.0,-1.0,,Loss,0.528125,0.029672321976908674,9.495143032610775,10949.514303261076,2025,2025-09,+121 to +150,2025 Validation,0.05839326255404541
KPROP-00321,2025-09-06 19:15:39,2025-09-06,Jacob deGrom,140,117,Home,betmgm,,,-135.0,-135.0,6.5,5.8420083562070415,6.5,0.6579916437929585,0.09955991121189733,0.6316620766536432,0.5537409798708697,Under,-135.0,1.7407407407407407,-135.0,1.0,-1.0,100.0,-100.0,-1.0,,Loss,0.5264797507788161,0.026464620039285902,8.495143032610775,10849.514303261076,2025,2025-09,-149 to -120,2025 Validation,0.13440588013606142
KPROP-00322,2025-09-06 14:20:39,2025-09-06,Matthew Boyd,112,120,Home,betmgm,,,-115.0,-115.0,6.5,5.127109276299713,6.5,1.3728907237002872,0.3897805779643566,0.7433710068181443,0.5168539325842696,Under,-115.0,1.8695652173913042,-115.0,1.0,0.8695652173913042,100.0,86.95652173913042,0.8695652173913042,,Win,0.5279503105590062,0.029082944875782855,9.36470825000208,10936.470825000206,2025,2025-09,-119 to -101,2025 Validation,0.44824766465901017
KPROP-00323,2025-09-06 19:05:39,2025-09-06,Shane Baz,139,114,Home,draftkings,,,-105.0,-105.0,5.5,5.226705691491659,5.5,0.2732943085083406,0.12505512865650514,0.5762477488240636,0.48427672955974843,Under,-105.0,1.9523809523809523,-105.0,1.0,-1.0,100.0,-100.0,-1.0,,Loss,0.5263157894736842,0.025896929566569905,8.36470825000208,10836.470825000206,2025,2025-09,-119 to -101,2025 Validation,0.13130788508933042
KPROP-00324,2025-09-06 18:10:38,2025-09-06,Tarik Skubal,116,145,Home,fanduel,,,120.0,120.0,7.5,7.695829050045323,7.5,-0.19582905004532325,0.09155521874978623,0.4961614630680846,0.43439716312056736,Under,120.0,2.2,120.0,1.0,1.2000000000000002,100.0,120.00000000000001,1.2000000000000002,,Win,0.5277777777777778,0.029520704475315063,9.56470825000208,10956.470825000206,2025,2025-09,+100 to +120,2025 Validation,0.07629601562482184
KPROP-00325,2025-09-07 14:35:38,2025-09-07,Framber Valdez,117,140,Away,fanduel,,,118.0,118.0,5.5,5.595014729539127,5.5,-0.09501472953912682,0.11770173666154105,0.5127072186520831,0.4479937670432412,Under,118.0,2.1799999999999997,118.0,1.0,1.1799999999999997,100.0,117.99999999999997,1.1799999999999997,,Win,0.5292307692307693,0.03306064076923717,10.74470825000208,11074.470825000206,2025,2025-09,+100 to +120,2025 Validation,0.09974723445893312
KPROP-00326,2025-09-07 14:15:38,2025-09-07,Kai-Wei Teng,137,138,Away,fanduel,,,-112.0,-112.0,4.5,4.233488590692156,4.5,0.266511409307844,0.10414428772441721,0.5833215104959185,0.5137614678899083,Under,-112.0,1.8928571428571428,-112.0,1.0,-1.0,100.0,-100.0,-1.0,,Loss,0.5276073619631901,0.02989174309816589,9.74470825000208,10974.470825000206,2025,2025-09,-119 to -101,2025 Validation,0.11664160225134727
KPROP-00327,2025-09-07 16:05:39,2025-09-07,Mitch Farris,108,133,Home,draftkings,,,-115.0,-115.0,4.5,3.337146472500821,4.5,1.1628535274991791,0.41300650963473584,0.7557941795720681,0.5168539325842696,Under,-115.0,1.8695652173913042,-115.0,1.0,0.8695652173913042,100.0,86.95652173913042,0.8695652173913042,,Win,0.5290519877675841,0.03245955188805317,10.614273467393385,11061.427346739336,2025,2025-09,-119 to -101,2025 Validation,0.4749574860799463
KPROP-00328,2025-09-07 14:15:38,2025-09-07,Sonny Gray,138,137,Home,betrivers,,,107.0,107.0,5.5,5.519773995006427,5.5,-0.019773995006427292,0.08785225671229313,0.5255324911653589,0.4797806716929403,Under,107.0,2.0700000000000003,107.0,1.0,-1.0,100.0,-100.0,-1.0,,Loss,0.5274390243902439,0.0293118093518091,9.614273467393385,10961.427346739336,2025,2025-09,+100 to +120,2025 Validation,0.08210491281522721
KPROP-00329,2025-09-09 18:40:39,2025-09-09,Joey Cantillo,114,118,Home,draftkings,,,125.0,125.0,4.5,4.699090495369994,4.5,-0.1990904953699939,0.11324822257010247,0.4947769878089344,0.42888402625820565,Under,125.0,2.25,125.0,1.0,-1.0,100.0,-100.0,-1.0,,Loss,0.5258358662613982,0.026183202028551324,8.614273467393385,10861.427346739336,2025,2025-09,+121 to +150,2025 Validation,0.09059857805608199
KPROP-00330,2025-09-09 18:40:39,2025-09-09,Joey Cantillo,114,118,Home,betmgm,,,-160.0,-160.0,5.5,4.699090495369994,5.5,0.8009095046300061,0.08646944188260353,0.6685965796200637,0.58808618504436,Under,-160.0,1.625,-160.0,1.0,0.625,100.0,62.5,0.625,,Win,0.5272727272727272,0.02799779838604056,9.239273467393385,10923.927346739336,2025,2025-09,<= -150,2025 Validation,0.13835110701216563
KPROP-00331,2025-09-09 18:45:39,2025-09-09,Ranger Suarez,143,121,Home,betmgm,,,-120.0,-120.0,5.5,4.879937301555772,5.5,0.6200626984442277,0.16786541509831465,0.6370174991445352,0.5338983050847457,Under,-120.0,1.8333333333333335,-120.0,1.0,-1.0,100.0,-100.0,-1.0,,Loss,0.525679758308157,0.02489206485617337,8.239273467393385,10823.927346739336,2025,2025-09,-149 to -120,2025 Validation,0.20143849811797754
KPROP-00332,2025-09-09 19:15:39,2025-09-09,Spencer Strider,144,112,Home,bovada,,,140.0,140.0,5.5,5.257644793989431,5.5,0.24235520601056937,0.3700393863049235,0.5708497442937182,0.4181307097680956,Under,140.0,2.4,140.0,1.0,-1.0,100.0,-100.0,-1.0,,Loss,0.5240963855421686,0.021805040564437907,7.239273467393385,10723.927346739336,2025,2025-09,+121 to +150,2025 Validation,0.26431384736065966
KPROP-00333,2025-09-09 19:15:39,2025-09-09,Spencer Strider,144,112,Home,betonlineag,,,-156.0,-156.0,6.5,5.257644793989431,6.5,1.2423552060105694,0.1874847628069099,0.7236235273354608,0.5782537067545305,Under,-156.0,1.641025641025641,-156.0,1.0,-1.0,100.0,-100.0,-1.0,,Loss,0.5225225225225225,0.018736556959139294,6.239273467393385,10623.927346739336,2025,2025-09,<= -150,2025 Validation,0.2924762299787795
KPROP-00334,2025-09-10 14:35:39,2025-09-10,Freddy Peralta,158,140,Away,draftkings,,,123.0,123.0,5.5,5.76977990689094,5.5,-0.2697799068909399,0.07782446007420174,0.483329354293364,0.4245400815782902,Under,123.0,2.23,123.0,1.0,-1.0,100.0,-100.0,-1.0,,Loss,0.5209580838323353,0.015686447507165822,5.239273467393385,10523.927346739336,2025,2025-09,+121 to +150,2025 Validation,0.06327191875951362
KPROP-00335,2025-09-10 14:35:39,2025-09-10,Freddy Peralta,158,140,Away,betmgm,,,-145.0,-145.0,6.5,5.76977990689094,6.5,0.7302200931090601,0.08683017314574591,0.6432260208413598,0.574357192494788,Under,-145.0,1.6896551724137931,-145.0,1.0,-1.0,100.0,-100.0,-1.0,,Loss,0.5194029850746269,0.012654547663860852,4.239273467393385,10423.927346739336,2025,2025-09,-149 to -120,2025 Validation,0.1259037510613316
KPROP-00336,2025-09-10 19:05:39,2025-09-10,Jack Flaherty,116,147,Away,betonlineag,,,124.0,124.0,5.5,5.74619183793365,5.5,-0.24619183793365007,0.09145707744554323,0.48725762385961746,0.4372906587272051,Under,124.0,2.24,124.0,1.0,-1.0,100.0,-100.0,-1.0,,Loss,0.5178571428571429,0.009640694843432693,3.239273467393385,10323.927346739336,2025,2025-09,+121 to +150,2025 Validation,0.07375570761737354
KPROP-00337,2025-09-12 19:05:39,2025-09-12,Chris Bassitt,141,110,Home,draftkings,,,124.0,124.0,5.5,5.7883122014875905,5.5,-0.2883122014875905,0.07576380383848669,0.4802516981421815,0.42997542997543003,Under,124.0,2.24,124.0,1.0,-1.0,100.0,-100.0,-1.0,,Loss,0.516320474777448,0.006644728389891351,2.239273467393385,10223.927346739336,2025,2025-09,+121 to +150,2025 Validation,0.06109984180523119
KPROP-00338,2025-09-12 19:10:40,2025-09-12,Jonah Tong,121,140,Home,betonlineag,,,118.0,118.0,5.5,5.41204866885308,5.5,0.08795133114692,0.1860306892764566,0.5440507748974572,0.4522613065326633,Under,118.0,2.1799999999999997,118.0,1.0,1.1799999999999997,100.0,117.99999999999997,1.1799999999999997,,Win,0.5177514792899408,0.010116193690512972,3.419273467393385,10341.927346739336,2025,2025-09,+100 to +120,2025 Validation,0.15765312650547175
KPROP-00339,2025-09-12 19:10:40,2025-09-12,Jonah Tong,121,140,Home,betrivers,,,-180.0,-180.0,6.5,5.41204866885308,6.5,1.08795133114692,0.0885715837988072,0.699796018156376,0.5965417867435159,Under,-180.0,1.5555555555555556,-180.0,1.0,0.5555555555555556,100.0,55.55555555555556,0.5555555555555556,,Win,0.5191740412979351,0.011725159359731388,3.9748290229489402,10397.482902294892,2025,2025-09,<= -150,2025 Validation,0.15942885083785294
KPROP-00340,2025-09-12 14:20:40,2025-09-12,Matthew Boyd,112,139,Home,betrivers,,,117.0,117.0,5.5,4.92145952259736,5.5,0.5785404774026404,0.3665338256833367,0.6297390901766529,0.46181476096810053,Under,117.0,2.17,117.0,1.0,1.17,100.0,117.0,1.17,,Win,0.5205882352941177,0.015131850067496884,5.14482902294894,10514.482902294892,2025,2025-09,+100 to +120,2025 Validation,0.313276774088322
KPROP-00341,2025-09-12 14:20:40,2025-09-12,Matthew Boyd,112,139,Home,betrivers,,,-177.0,-177.0,6.5,4.92145952259736,6.5,1.5785404774026404,0.2106235255460882,0.7735753213778253,0.5929822499118372,Under,-177.0,1.5649717514124295,-177.0,1.0,0.5649717514124295,100.0,56.49717514124295,0.5649717514124295,,Win,0.5219941348973607,0.01674428379578114,5.709800774361369,10570.980077436136,2025,2025-09,<= -150,2025 Validation,0.372803640216576
KPROP-00342,2025-09-12 19:10:40,2025-09-12,Tarik Skubal,116,146,Away,fanduel,,,-102.0,-102.0,7.5,7.005866767435705,7.5,0.49413323256429464,0.1839569966653437,0.5978396715834904,0.48560673162090345,Under,-102.0,1.9803921568627452,-102.0,1.0,0.9803921568627452,100.0,98.03921568627452,0.9803921568627452,,Win,0.5233918128654971,0.019561967635158228,6.690192931224114,10669.01929312241,2025,2025-09,-119 to -101,2025 Validation,0.18763613659865058
KPROP-00343,2025-09-13 16:05:40,2025-09-13,Charlie Morton,116,146,Away,betmgm,,,-110.0,-110.0,5.5,4.601822014513832,5.5,0.8981779854861678,0.3085770707936123,0.6854451323204636,0.5165745856353592,Under,-110.0,1.9090909090909092,-110.0,1.0,0.9090909090909092,100.0,90.90909090909092,0.9090909090909092,,Win,0.5247813411078717,0.022155346473221642,7.599283840315024,10759.9283840315,2025,2025-09,-119 to -101,2025 Validation,0.3394347778729735
KPROP-00344,2025-09-13 19:05:39,2025-09-13,Joe Ryan,142,109,Home,fanatics,,,120.0,120.0,5.5,5.597005022747257,5.5,-0.09700502274725675,0.12721246035660527,0.5123693001620933,0.43579626972740315,Under,120.0,2.2,120.0,1.0,1.2000000000000002,100.0,120.00000000000001,1.2000000000000002,,Win,0.5261627906976745,0.02557931348928786,8.799283840315024,10879.9283840315,2025,2025-09,+100 to +120,2025 Validation,0.10601038363050438
KPROP-00345,2025-09-13 19:05:39,2025-09-13,Joe Ryan,142,109,Home,betmgm,,,-160.0,-160.0,6.5,5.597005022747257,6.5,0.9029949772527432,0.08993973089736634,0.670732142090687,0.5942571785268415,Under,-160.0,1.625,-160.0,1.0,0.625,100.0,62.5,0.625,,Win,0.527536231884058,0.027316764754536302,9.424283840315024,10942.4283840315,2025,2025-09,<= -150,2025 Validation,0.14390356943578614
KPROP-00346,2025-09-13 15:05:39,2025-09-13,Max Scherzer,141,110,Home,draftkings,,,-119.0,-119.0,6.5,5.940952092930517,6.5,0.5590479070694832,0.13325381518711332,0.6157863196678834,0.5329494561740244,Under,-119.0,1.8403361344537816,-119.0,1.0,0.8403361344537816,100.0,84.03361344537817,0.8403361344537816,,Win,0.5289017341040463,0.02966653171898499,10.264619974768806,11026.46199747688,2025,2025-09,-119 to -101,2025 Validation,0.15857204007266484
KPROP-00347,2025-09-13 18:05:39,2025-09-13,Parker Messick,114,145,Home,draftkings,,,115.0,115.0,4.5,4.524831043807943,4.5,-0.024831043807942876,0.13390364896549733,0.5273970460304639,0.44362292051756,Under,115.0,2.15,115.0,1.0,1.15,100.0,114.99999999999999,1.15,,Win,0.5302593659942363,0.032895158428728546,11.414619974768806,11141.46199747688,2025,2025-09,+100 to +120,2025 Validation,0.1164379556221716
KPROP-00348,2025-09-14 13:30:39,2025-09-14,Aaron Nola,143,118,Home,betonlineag,,,139.0,139.0,4.5,4.735736165426,4.5,-0.23573616542600018,0.16636320233968183,0.48801807629275396,0.3933164104995955,Under,139.0,2.3899999999999997,139.0,1.0,-1.0,100.0,-100.0,-1.0,,Loss,0.5287356321839081,0.02992706889301381,10.414619974768806,11041.46199747688,2025,2025-09,+121 to +150,2025 Validation,0.11968575707890781
KPROP-00349,2025-09-14 13:30:39,2025-09-14,Aaron Nola,143,118,Home,draftkings,,,-146.0,-146.0,5.5,4.735736165426,5.5,0.7642638345739998,0.11579481469153263,0.6622196867681454,0.5606358278263976,Under,-146.0,1.6849315068493151,-146.0,1.0,0.6849315068493151,100.0,68.49315068493152,0.6849315068493151,,Win,0.5300859598853869,0.03180387244016654,11.099551481618121,11109.955148161811,2025,2025-09,-149 to -120,2025 Validation,0.16906042944963762
KPROP-00350,2025-09-14 14:05:38,2025-09-14,Bailey Ober,142,109,Home,draftkings,,,100.0,100.0,4.5,4.222030911378727,4.5,0.2779690886212727,0.17109203077532384,0.5855460153876619,0.48017621145374445,Under,100.0,2.0,100.0,1.0,-1.0,100.0,-100.0,-1.0,,Loss,0.5285714285714286,0.028855861376051777,10.099551481618121,11009.955148161811,2025,2025-09,+100 to +120,2025 Validation,0.17109203077532387
KPROP-00351,2025-09-14 19:05:38,2025-09-14,Garrett Crochet,111,147,Home,bovada,,,120.0,120.0,7.5,7.332461641213615,7.5,0.167538358786385,0.20846702123023952,0.5493031914682907,0.43235704323570434,Under,120.0,2.2,120.0,1.0,-1.0,100.0,-100.0,-1.0,,Loss,0.5270655270655271,0.025924648095778123,9.099551481618121,10909.955148161811,2025,2025-09,+100 to +120,2025 Validation,0.17372251769186625
KPROP-00352,2025-09-14 19:05:38,2025-09-14,Garrett Crochet,111,147,Home,draftkings,,,-142.0,-142.0,8.5,7.332461641213615,8.5,1.167538358786385,0.16710732470265183,0.6848315706932916,0.5722567873303167,Under,-142.0,1.704225352112676,-142.0,1.0,-1.0,100.0,-100.0,-1.0,,Loss,0.5255681818181818,0.023010089436415117,8.099551481618121,10809.955148161811,2025,2025-09,-149 to -120,2025 Validation,0.2372924010777656
KPROP-00353,2025-09-14 16:05:38,2025-09-14,George Kirby,136,108,Home,betrivers,,,133.0,133.0,6.5,6.747751627484196,6.5,-0.2477516274841962,0.1368796329257771,0.48793117292951804,0.42034828858196793,Under,133.0,2.33,133.0,1.0,-1.0,100.0,-100.0,-1.0,,Loss,0.5240793201133145,0.020112043857275132,7.099551481618121,10709.955148161811,2025,2025-09,+121 to +150,2025 Validation,0.10291701723742638
KPROP-00354,2025-09-14 16:05:38,2025-09-14,George Kirby,136,108,Home,draftkings,,,-137.0,-137.0,7.5,6.747751627484196,7.5,0.7522483725158038,0.10065158686660425,0.6362416346022143,0.5483133218982277,Under,-137.0,1.72992700729927,-137.0,1.0,-1.0,100.0,-100.0,-1.0,,Loss,0.5225988700564972,0.017230371417000342,6.099551481618121,10609.955148161811,2025,2025-09,-149 to -120,2025 Validation,0.13789267400724783
KPROP-00355,2025-09-14 14:05:38,2025-09-14,Jose Quintana,158,138,Home,betmgm,,,-105.0,-105.0,4.5,4.2588073144104515,4.5,0.24119268558954854,0.12927854718818377,0.5784109631939478,0.49018324607329844,Under,-105.0,1.9523809523809523,-105.0,1.0,0.9523809523809523,100.0,95.23809523809523,0.9523809523809523,,Win,0.523943661971831,0.019864598405631193,7.051932433999074,10705.193243399906,2025,2025-09,-119 to -101,2025 Validation,0.13574247454759297
KPROP-00356,2025-09-14 16:00:38,2025-09-14,Nick Lodolo,113,133,Away,bovada,,,115.0,115.0,5.5,5.392431475116279,5.5,0.10756852488372104,0.17699701371775034,0.5474404714966281,0.4466313398940197,Under,115.0,2.15,115.0,1.0,1.15,100.0,114.99999999999999,1.15,,Win,0.5252808988764045,0.023039136050559197,8.201932433999074,10820.193243399906,2025,2025-09,+100 to +120,2025 Validation,0.15391044671108725
KPROP-00357,2025-09-14 16:00:38,2025-09-14,Nick Lodolo,113,133,Away,betrivers,,,-190.0,-190.0,6.5,5.392431475116279,6.5,1.107568524883721,0.07276801415510853,0.7028480092740367,0.606245756958588,Under,-190.0,1.526315789473684,-190.0,1.0,0.5263157894736841,100.0,52.63157894736841,0.5263157894736841,,Win,0.5266106442577031,0.024448874575553944,8.728248223472757,10872.824822347275,2025,2025-09,<= -150,2025 Validation,0.13825922689470624
KPROP-00358,2025-09-14 16:00:38,2025-09-14,Robbie Ray,137,119,Home,fanduel,,,-112.0,-112.0,5.5,4.918048709414628,5.5,0.5819512905853719,0.19313824700758908,0.630337187098349,0.5077399380804954,Under,-112.0,1.8928571428571428,-112.0,1.0,0.8928571428571428,100.0,89.28571428571428,0.8928571428571428,,Win,0.5279329608938548,0.026874595995334916,9.6211053663299,10962.110536632988,2025,2025-09,-119 to -101,2025 Validation,0.2163148366484998
KPROP-00359,2025-09-14 13:35:38,2025-09-14,Slade Cecconi,114,145,Home,betrivers,,,114.0,114.0,4.5,4.641872321650463,4.5,-0.14187232165046293,0.08156373346494374,0.5054036137686654,0.45685279187817257,Under,114.0,2.1399999999999997,114.0,1.0,1.1399999999999997,100.0,113.99999999999997,1.1399999999999997,,Win,0.5292479108635098,0.029975223861643176,10.7611053663299,11076.110536632988,2025,2025-09,+100 to +120,2025 Validation,0.0715471346183717
KPROP-00360,2025-09-14 16:00:38,2025-09-14,Tyler Glasnow,119,137,Away,betmgm,,,125.0,125.0,6.5,6.22767223270912,6.5,0.2723277672908804,0.28201617260370804,0.569784965601648,0.4444444444444444,Under,125.0,2.25,125.0,1.0,1.25,100.0,125.0,1.25,,Win,0.5305555555555556,0.03336418157313861,12.0111053663299,11201.110536632988,2025,2025-09,+121 to +150,2025 Validation,0.22561293808296642
KPROP-00361,2025-09-14 16:00:38,2025-09-14,Tyler Glasnow,119,137,Away,betrivers,,,-195.0,-195.0,7.5,6.22767223270912,7.5,1.2723277672908804,0.07725729223557132,0.7120853287658861,0.6133682830930537,Under,-195.0,1.5128205128205128,-195.0,1.0,0.5128205128205128,100.0,51.28205128205128,0.5128205128205128,,Win,0.5318559556786704,0.034692315454710285,12.523925879150413,11252.39258791504,2025,2025-09,<= -150,2025 Validation,0.15065171985936407
KPROP-00362,2025-09-14 16:05:38,2025-09-14,Yu Darvish,135,115,Home,fanduel,,,-138.0,-138.0,6.5,5.623535249205717,6.5,0.8764647507942831,0.14951726749686173,0.6665268189687685,0.5660893345487694,Under,-138.0,1.7246376811594204,-138.0,1.0,0.7246376811594204,100.0,72.46376811594205,0.7246376811594204,,Win,0.5331491712707183,0.03659824187930893,13.248563560309833,11324.856356030981,2025,2025-09,-149 to -120,2025 Validation,0.20633382914566914
KPROP-00363,2025-09-15 18:45:39,2025-09-15,Spencer Strider,144,120,Away,betmgm,,,-135.0,-135.0,6.5,5.938346898013477,6.5,0.561653101986523,0.07265253260903554,0.6162046463924247,0.5560173814471944,Under,-135.0,1.7407407407407407,-135.0,1.0,0.7407407407407407,100.0,74.07407407407408,0.7407407407407407,,Win,0.5344352617079889,0.03853802837754979,13.989304301050574,11398.930430105056,2025,2025-09,-149 to -120,2025 Validation,0.09808091902219798
KPROP-00364,2025-09-16 18:40:39,2025-09-16,Chris Sale,144,120,Away,fanduel,,,102.0,102.0,8.5,7.438604479855251,8.5,1.0613955201447487,0.3541685979979623,0.6703804940583972,0.47965890922011006,Under,102.0,2.02,102.0,1.0,-1.0,100.0,-100.0,-1.0,,Loss,0.532967032967033,0.03568490192596312,12.989304301050574,11298.930430105056,2025,2025-09,+100 to +120,2025 Validation,0.34722411568427675
KPROP-00365,2025-09-16 19:40:39,2025-09-16,Dean Kremer,110,145,Away,betmgm,,,-125.0,-125.0,4.5,4.021986288234957,4.5,0.47801371176504315,0.12417493463913287,0.6245416303550738,0.533678756476684,Under,-125.0,1.8,-125.0,1.0,0.8,100.0,80.0,0.8,,Win,0.5342465753424658,0.037778915893289244,13.789304301050574,11378.930430105056,2025,2025-09,-149 to -120,2025 Validation,0.1552186682989161
KPROP-00366,2025-09-16 19:40:39,2025-09-16,Logan Gilbert,136,118,Away,betmgm,,,110.0,110.0,5.5,5.246645187301299,5.5,0.2533548126987011,0.2028127533045465,0.5727679777640697,0.4719894133215704,Under,110.0,2.1,110.0,1.0,1.1,100.0,110.00000000000001,1.1,,Win,0.5355191256830601,0.0406811592924879,14.889304301050574,11488.930430105056,2025,2025-09,+100 to +120,2025 Validation,0.18437523027686045
KPROP-00367,2025-09-16 18:40:39,2025-09-16,MacKenzie Gore,120,144,Home,fanatics,,,-125.0,-125.0,5.5,4.953003549713075,5.5,0.5469964502869251,0.12357149913894722,0.6242063884105262,0.5431472081218274,Under,-125.0,1.8,-125.0,1.0,0.8,100.0,80.0,0.8,,Win,0.5367847411444142,0.04275014795926587,15.689304301050575,11568.930430105056,2025,2025-09,-149 to -120,2025 Validation,0.154464373923684
KPROP-00368,2025-09-16 18:40:39,2025-09-16,Paul Skenes,134,112,Home,draftkings,,,105.0,105.0,6.5,6.297242077375712,6.5,0.20275792262428816,0.14527952286534018,0.5586729379830928,0.47799865981684164,Under,105.0,2.05,105.0,1.0,1.0499999999999998,100.0,104.99999999999999,1.0499999999999998,,Win,0.5380434782608695,0.045487239948506994,16.739304301050574,11673.930430105056,2025,2025-09,+100 to +120,2025 Validation,0.13836145034794306
KPROP-00369,2025-09-17 19:05:40,2025-09-17,David Peterson,121,135,Home,draftkings,,,-118.0,-118.0,4.5,4.194775738164916,4.5,0.3052242618350842,0.09155716047390083,0.5908428666785335,0.5223069506529932,Under,-118.0,1.847457627118644,-118.0,1.0,0.847457627118644,100.0,84.7457627118644,0.847457627118644,,Win,0.5392953929539296,0.047660601431352895,17.586761928169217,11758.67619281692,2025,2025-09,-119 to -101,2025 Validation,0.108037449359203
KPROP-00370,2025-09-17 19:05:40,2025-09-17,Nick Pivetta,135,121,Away,fanatics,,,105.0,105.0,5.5,5.223908524205197,5.5,0.27609147579480275,0.1823091017977505,0.5767361472184149,0.4675324675324675,Under,105.0,2.05,105.0,1.0,1.0499999999999998,100.0,104.99999999999999,1.0499999999999998,,Win,0.5405405405405406,0.05036962683288978,18.636761928169218,11863.67619281692,2025,2025-09,+100 to +120,2025 Validation,0.17362771599785765
KPROP-00371,2025-09-18 19:15:40,2025-09-18,Hunter Greene,113,112,Home,draftkings,,,122.0,122.0,6.5,6.444038352759459,6.5,0.05596164724054109,0.18848802262361886,0.5353549651457743,0.42947324847355894,Under,122.0,2.2199999999999998,122.0,1.0,-1.0,100.0,-100.0,-1.0,,Loss,0.5390835579514824,0.04753844185490355,17.636761928169218,11763.67619281692,2025,2025-09,+121 to +150,2025 Validation,0.15449837919968762
KPROP-00372,2025-09-18 13:10:40,2025-09-18,Jonah Tong,121,135,Home,draftkings,,,-110.0,-110.0,4.5,4.262094943414113,4.5,0.23790505658588668,0.1030228413562081,0.5777738692818233,0.5079617834394904,Under,-110.0,1.9090909090909092,-110.0,1.0,-1.0,100.0,-100.0,-1.0,,Loss,0.5376344086021505,0.04472247830153016,16.636761928169218,11663.67619281692,2025,2025-09,-119 to -101,2025 Validation,0.1133251254918289
KPROP-00373,2025-09-19 19:05:39,2025-09-19,Brandon Sproat,121,120,Home,draftkings,,,106.0,106.0,4.5,4.468701808501065,4.5,0.031298191498935424,0.10839198237164215,0.5380543603745835,0.4620329449578144,Under,106.0,2.06,106.0,1.0,-1.0,100.0,-100.0,-1.0,,Loss,0.5361930294906166,0.04192161374844294,15.636761928169218,11563.67619281692,2025,2025-09,+100 to +120,2025 Validation,0.10225658714305863
KPROP-00374,2025-09-19 18:40:39,2025-09-19,Shota Imanaga,112,113,Away,draftkings,,,112.0,112.0,4.5,4.520736105669003,4.5,-0.020736105669002747,0.11972525831015023,0.5281722916557312,0.4508825786646201,Under,112.0,2.12,112.0,1.0,1.12,100.0,112.00000000000001,1.12,,Win,0.5374331550802139,0.04480417627852732,16.75676192816922,11675.67619281692,2025,2025-09,+100 to +120,2025 Validation,0.10689755206263413
KPROP-00375,2025-09-20 19:10:39,2025-09-20,Bailey Ober,142,114,Home,draftkings,,,-113.0,-113.0,4.5,4.2609708086847125,4.5,0.23902919131528755,0.08948877128418298,0.5779916955639093,0.5,Under,-113.0,1.8849557522123894,-113.0,1.0,0.8849557522123894,100.0,88.49557522123894,0.8849557522123894,,Win,0.5386666666666666,0.04704458048101762,17.641717680381607,11764.171768038159,2025,2025-09,-119 to -101,2025 Validation,0.10112231155112676
KPROP-00376,2025-09-20 18:40:39,2025-09-20,Zack Littell,113,112,Home,bovada,,,135.0,135.0,3.5,3.8772835459595885,3.5,-0.37728354595958846,0.0758409828957397,0.4578046735726552,0.4117884537747275,Under,135.0,2.35,135.0,1.0,-1.0,100.0,-100.0,-1.0,,Loss,0.5372340425531915,0.04425988744782342,16.641717680381607,11664.171768038159,2025,2025-09,+121 to +150,2025 Validation,0.056178505848696075
KPROP-00377,2025-09-21 19:05:38,2025-09-21,Logan Gilbert,136,117,Away,draftkings,,,-109.0,-109.0,6.5,5.964163467916816,6.5,0.5358365320831844,0.1735805443721571,0.6120587528065317,0.5105386416861827,Under,-109.0,1.9174311926605505,-109.0,1.0,0.9174311926605505,100.0,91.74311926605505,0.9174311926605505,,Win,0.5384615384615384,0.046575991705682114,17.559148873042158,11755.914887304214,2025,2025-09,-119 to -101,2025 Validation,0.1892027933656512
KPROP-00378,2025-09-21 14:10:39,2025-09-21,Michael King,135,145,Away,betrivers,,,148.0,148.0,4.5,4.816881226895056,4.5,-0.31688122689505605,0.17351176427891424,0.4731902275318203,0.39881138567406943,Under,148.0,2.48,148.0,1.0,1.48,100.0,148.0,1.48,,Win,0.5396825396825397,0.050368118711751744,19.03914887304216,11903.914887304214,2025,2025-09,+121 to +150,2025 Validation,0.11723767856683395
KPROP-00379,2025-09-21 14:10:39,2025-09-21,Michael King,135,145,Away,betrivers,,,-137.0,-137.0,5.5,4.816881226895056,5.5,0.683118773104944,0.1210886677755057,0.6480554746212839,0.5575551655901131,Under,-137.0,1.72992700729927,-137.0,1.0,0.7299270072992701,100.0,72.99270072992701,0.7299270072992701,,Win,0.5408970976253298,0.05216115008005654,19.76907588034143,11976.90758803414,2025,2025-09,-149 to -120,2025 Validation,0.1658914748524428
KPROP-00380,2025-09-21 14:10:39,2025-09-21,Simeon Woods Richardson,142,114,Home,betmgm,,,110.0,110.0,4.5,4.490715701154237,4.5,0.009284298845763317,0.12112009372671961,0.5338667112984379,0.4572564612326044,Under,110.0,2.1,110.0,1.0,1.1,100.0,110.00000000000001,1.1,,Win,0.5421052631578948,0.054918620737740606,20.86907588034143,12086.90758803414,2025,2025-09,+100 to +120,2025 Validation,0.11010917611519964
KPROP-00381,2025-09-21 13:40:39,2025-09-21,Spencer Strider,144,116,Away,betmgm,,,-118.0,-118.0,6.5,5.974573514285443,6.5,0.525426485714557,0.1276637323688633,0.6103867909152563,0.5235389255584212,Under,-118.0,1.847457627118644,-118.0,1.0,0.847457627118644,100.0,84.7457627118644,0.847457627118644,,Win,0.5433070866141733,0.056998775610131426,21.716533507460074,12171.653350746006,2025,2025-09,-119 to -101,2025 Validation,0.1506432041952587
KPROP-00382,2025-09-22 19:15:39,2025-09-22,Chris Sale,144,120,Home,fanduel,,,-102.0,-102.0,8.5,7.716169154678607,8.5,0.7838308453213934,0.25180332791655125,0.6320987101360803,0.4908340971585702,Under,-102.0,1.9803921568627452,-102.0,1.0,0.9803921568627452,100.0,98.03921568627452,0.9803921568627452,,Win,0.5445026178010471,0.05941603577047858,22.69692566432282,12269.69256643228,2025,2025-09,-119 to -101,2025 Validation,0.25683939447488224
KPROP-00383,2025-09-23 18:30:40,2025-09-23,Dean Kremer,110,139,Home,betrivers,,,125.0,125.0,4.5,4.424858492902233,4.5,0.07514150709776679,0.22945179978415234,0.5464230221262899,0.42888402625820565,Under,125.0,2.25,125.0,1.0,1.25,100.0,125.0,1.25,,Win,0.5456919060052219,0.06252461008961571,23.94692566432282,12394.69256643228,2025,2025-09,+121 to +150,2025 Validation,0.18356143982732184
KPROP-00384,2025-09-23 18:30:40,2025-09-23,Dean Kremer,110,139,Home,betrivers,,,-167.0,-167.0,5.5,4.424858492902233,5.5,1.0751415070977668,0.1442791787530971,0.7157101979466938,0.5878103001111522,Under,-167.0,1.5988023952095807,-167.0,1.0,0.5988023952095807,100.0,59.88023952095807,0.5988023952095807,,Win,0.546875,0.06392116682169896,24.5457280595324,12454.572805953238,2025,2025-09,<= -150,2025 Validation,0.24094622851767222
KPROP-00385,2025-09-23 19:15:39,2025-09-23,Hurston Waldrep,144,120,Home,betrivers,,,132.0,132.0,4.5,4.8193908617623356,4.5,-0.31939086176233555,0.0967447205823494,0.4727347933544609,0.4004316710212427,Under,132.0,2.3200000000000003,132.0,1.0,-1.0,100.0,-100.0,-1.0,,Loss,0.5454545454545454,0.06115773521956468,23.5457280595324,12354.572805953238,2025,2025-09,+121 to +150,2025 Validation,0.07329145498662831
KPROP-00386,2025-09-23 19:15:39,2025-09-23,Hurston Waldrep,144,120,Home,fanatics,,,-150.0,-150.0,5.5,4.8193908617623356,5.5,0.6806091382376644,0.07936100977375116,0.6476166058642507,0.5700773860705073,Under,-150.0,1.6666666666666665,-150.0,1.0,0.6666666666666665,100.0,66.66666666666666,0.6666666666666665,,Win,0.5466321243523317,0.0627264112077696,24.21239472619907,12421.239472619905,2025,2025-09,<= -150,2025 Validation,0.11904151466062676
KPROP-00387,2025-09-23 18:40:39,2025-09-23,Tarik Skubal,116,114,Away,draftkings,,,114.0,114.0,7.5,7.188053161150124,7.5,0.3119468388498756,0.22133364330684935,0.5707166557508643,0.45257772530499807,Under,114.0,2.1399999999999997,114.0,1.0,-1.0,100.0,-100.0,-1.0,,Loss,0.5452196382428941,0.059980348129713354,23.21239472619907,12321.239472619905,2025,2025-09,+100 to +120,2025 Validation,0.1941523186902188
KPROP-00388,2025-09-24 18:40:40,2025-09-24,Hunter Greene,113,134,Home,draftkings,,,118.0,118.0,7.5,7.505636435173531,7.5,-0.005636435173530963,0.14191241741473692,0.5238130355113473,0.4359537818104487,Under,118.0,2.1799999999999997,118.0,1.0,1.1799999999999997,100.0,117.99999999999997,1.1799999999999997,,Win,0.5463917525773195,0.0628669967170079,24.39239472619907,12439.239472619905,2025,2025-09,+100 to +120,2025 Validation,0.12026476052096352
KPROP-00389,2025-09-24 19:05:42,2025-09-24,Max Scherzer,141,111,Home,bovada,,,-135.0,-135.0,5.5,4.745193202145253,5.5,0.754806797854747,0.1498842904754487,0.6605718264433429,0.5467695274831245,Under,-135.0,1.7407407407407407,-135.0,1.0,0.7407407407407407,100.0,74.07407407407408,0.7407407407407407,,Win,0.5475578406169666,0.06460960274277586,25.13313546693981,12513.313546693978,2025,2025-09,-149 to -120,2025 Validation,0.20234379214185577
KPROP-00390,2025-09-24 18:35:40,2025-09-24,Tyler Wells,110,139,Home,betrivers,,,133.0,133.0,4.5,4.795342409716017,4.5,-0.29534240971601733,0.11165907230764838,0.47710689798611516,0.3975645694903946,Under,133.0,2.33,133.0,1.0,1.33,100.0,133.0,1.33,,Win,0.5487179487179488,0.06785419350497388,26.46313546693981,12646.313546693978,2025,2025-09,+121 to +150,2025 Validation,0.08395418970499878
KPROP-00391,2025-09-25 14:35:39,2025-09-25,Bailey Ober,142,140,Away,betmgm,,,110.0,110.0,4.5,4.237887102097529,4.5,0.2621128979024707,0.22318261234754957,0.5824679106416902,0.45168667810177243,Under,110.0,2.1,110.0,1.0,-1.0,100.0,-100.0,-1.0,,Loss,0.5473145780051151,0.06512310861109925,25.46313546693981,12546.313546693978,2025,2025-09,+100 to +120,2025 Validation,0.20289328395231776
KPROP-00392,2025-09-25 13:40:40,2025-09-25,Nick Lodolo,113,134,Home,fanduel,,,-112.0,-112.0,6.5,6.053781212493389,6.5,0.44621878750661104,0.13129440002215464,0.5976649660494402,0.5,Under,-112.0,1.8928571428571428,-112.0,1.0,-1.0,100.0,-100.0,-1.0,,Loss,0.5459183673469388,0.06240595782382605,24.46313546693981,12446.313546693978,2025,2025-09,-119 to -101,2025 Validation,0.14704972802481323
KPROP-00393,2025-09-25 19:40:41,2025-09-25,Shota Imanaga,112,121,Home,bovada,,,120.0,120.0,4.5,4.482348040397728,4.5,0.01765195960227217,0.17800607359429008,0.5354573061792227,0.4372278664731495,Under,120.0,2.2,120.0,1.0,1.2000000000000002,100.0,120.00000000000001,1.2000000000000002,,Win,0.5470737913486005,0.0653005991525186,25.66313546693981,12566.313546693978,2025,2025-09,+100 to +120,2025 Validation,0.1483383946619084
KPROP-00394,2025-09-25 19:40:41,2025-09-25,Shota Imanaga,112,121,Home,betrivers,,,-177.0,-177.0,5.5,4.482348040397728,5.5,1.0176519596022722,0.10478064933213299,0.7059428697898467,0.5971729393287185,Under,-177.0,1.5649717514124295,-177.0,1.0,0.5649717514124295,100.0,56.49717514124295,0.5649717514124295,,Win,0.5482233502538071,0.0665688000465793,26.22810721835224,12622.810721835222,2025,2025-09,<= -150,2025 Validation,0.18546174931787535
KPROP-00395,2025-09-25 14:35:39,2025-09-25,Tyler Mahle,140,142,Home,draftkings,,,122.0,122.0,4.5,4.763337984244705,4.5,-0.2633379842447052,0.07215447536159358,0.4829524663790963,0.4314881077667859,Under,122.0,2.2199999999999998,122.0,1.0,1.2199999999999998,100.0,121.99999999999997,1.2199999999999998,,Win,0.549367088607595,0.06948887903380313,27.448107218352238,12744.810721835222,2025,2025-09,+121 to +150,2025 Validation,0.059143012591470166
KPROP-00396,2025-09-25 14:35:39,2025-09-25,Tyler Mahle,140,142,Home,betmgm,,,-155.0,-155.0,5.5,4.763337984244705,5.5,0.7366620157552948,0.08154192456522547,0.6574078365004312,0.5776397515527951,Under,-155.0,1.6451612903225805,-155.0,1.0,0.6451612903225805,100.0,64.51612903225805,0.6451612903225805,,Win,0.5505050505050505,0.07094259724412832,28.093268508674818,12809.326850867481,2025,2025-09,<= -150,2025 Validation,0.1263899830760995
KPROP-00397,2025-09-26 18:45:40,2025-09-26,Joe Ryan,142,143,Away,fanatics,,,105.0,105.0,5.5,5.339271795178293,5.5,0.1607282048217069,0.14113200522184,0.5566497586448,0.4675324675324675,Under,105.0,2.05,105.0,1.0,-1.0,100.0,-100.0,-1.0,,Loss,0.5491183879093199,0.06824500883797183,27.093268508674818,12709.326850867481,2025,2025-09,+100 to +120,2025 Validation,0.13441143354460955
KPROP-00398,2025-09-26 18:45:40,2025-09-26,Joe Ryan,142,143,Away,fanduel,,,-174.0,-174.0,6.5,5.339271795178293,6.5,1.160728204821707,0.1197528543138156,0.7110839293817661,0.6038172353961827,Under,-174.0,1.5747126436781609,-174.0,1.0,-1.0,100.0,-100.0,-1.0,,Loss,0.5477386934673367,0.0655609761524493,26.093268508674818,12609.326850867481,2025,2025-09,<= -150,2025 Validation,0.20836996650603917
KPROP-00399,2025-09-26 19:15:40,2025-09-26,Joey Wentz,144,134,Home,draftkings,,,-123.0,-123.0,5.5,4.660476738120641,5.5,0.8395232618793589,0.22432391421884135,0.6752997374390919,0.5306745238345786,Under,-123.0,1.8130081300813008,-123.0,1.0,0.8130081300813008,100.0,81.30081300813008,0.8130081300813008,,Win,0.5488721804511278,0.06743427729011559,26.90627663875612,12690.62766387561,2025,2025-09,-149 to -120,2025 Validation,0.27591841448917487
KPROP-00400,2025-09-26 19:05:42,2025-09-26,Shane Bieber,141,139,Home,betrivers,,,135.0,135.0,5.5,5.519566388025994,5.5,-0.019566388025993753,0.23508482452538249,0.5255680104363329,0.39551929193749136,Under,135.0,2.35,135.0,1.0,1.35,100.0,135.0,1.35,,Win,0.55,0.07064069159689029,28.25627663875612,12825.62766387561,2025,2025-09,+121 to +150,2025 Validation,0.17413690705583887
KPROP-00401,2025-09-26 19:05:42,2025-09-26,Shane Bieber,141,139,Home,draftkings,,,-138.0,-138.0,6.5,5.519566388025994,6.5,0.9804336119740062,0.17785693898682464,0.6829590654629487,0.554890592855807,Under,-138.0,1.7246376811594204,-138.0,1.0,0.7246376811594204,100.0,72.46376811594205,0.7246376811594204,,Win,0.5511221945137157,0.07227160678283177,28.98091431991554,12898.091431991552,2025,2025-09,-149 to -120,2025 Validation,0.24544257580181797
KPROP-00402,2025-09-28 15:05:38,2025-09-28,McCade Brown,115,137,Away,betmgm,,,-120.0,-120.0,4.5,4.231685175312729,4.5,0.26831482468727064,0.07006451107261974,0.5836715514941562,0.5180774138664397,Under,-120.0,1.8333333333333335,-120.0,1.0,0.8333333333333335,100.0,83.33333333333334,0.8333333333333335,,Win,0.5522388059701493,0.07416479515733551,29.814247653248874,12981.424765324886,2025,2025-09,-149 to -120,2025 Validation,0.08407741328714367
KPROP-00403,2026-03-26 16:05:37,2026-03-26,Andrew Abbott,113,111,Home,bovada,,,130.0,130.0,4.5,4.796792715730913,4.5,-0.2967927157309127,0.09673827381260647,0.47684272774461156,0.4270462633451957,Under,130.0,2.3,130.0,1.0,1.2999999999999998,100.0,129.99999999999997,1.2999999999999998,,Win,0.5533498759305211,0.07720656985917834,31.114247653248874,13111.424765324886,2026,2026-03,+121 to +150,2026 Frozen Test,0.07441405677892807
KPROP-00404,2026-03-26 14:15:37,2026-03-26,Matthew Boyd,112,120,Home,bovada,,,135.0,135.0,4.5,4.3800434350344055,4.5,0.11995656496559448,0.3042820107967005,0.5550136216156172,0.4059747223286097,Under,135.0,2.35,135.0,1.0,-1.0,100.0,-100.0,-1.0,,Loss,0.551980198019802,0.07454021696348731,30.114247653248874,13011.424765324886,2026,2026-03,+121 to +150,2026 Frozen Test,0.22539408207162998
KPROP-00405,2026-03-26 14:15:37,2026-03-26,Matthew Boyd,112,120,Home,betonlineag,,,-143.0,-143.0,5.5,4.3800434350344055,5.5,1.1199565649655945,0.22906020135454008,0.7232741102621368,0.5697211155378487,Under,-143.0,1.6993006993006992,-143.0,1.0,-1.0,100.0,-100.0,-1.0,,Loss,0.5506172839506173,0.07188703124258981,29.114247653248874,12911.424765324886,2026,2026-03,-149 to -120,2026 Frozen Test,0.32755608793699237
KPROP-00406,2026-03-26 16:05:37,2026-03-26,Tarik Skubal,116,135,Away,betonlineag,,,115.0,115.0,6.5,6.360412184753596,6.5,0.1395878152464043,0.17952104284485326,0.5486144385324899,0.447405997144217,Under,115.0,2.15,115.0,1.0,1.15,100.0,114.99999999999999,1.15,,Win,0.5517241379310345,0.07454248190455387,30.264247653248873,13026.424765324886,2026,2026-03,+100 to +120,2026 Frozen Test,0.1561052546476985
KPROP-00407,2026-03-26 16:05:37,2026-03-26,Tarik Skubal,116,135,Away,betmgm,,,-160.0,-160.0,7.5,6.360412184753596,7.5,1.1395878152464043,0.12620638042767118,0.6930500802631823,0.5911949685534592,Under,-160.0,1.625,-160.0,1.0,0.625,100.0,62.5,0.625,,Win,0.5528255528255528,0.07589495737898987,30.889247653248873,13088.924765324886,2026,2026-03,<= -150,2026 Frozen Test,0.2019302086842739
KPROP-00408,2026-03-27 19:10:38,2026-03-27,Chris Sale,144,118,Home,draftkings,,,-103.0,-103.0,6.5,6.1519791891524624,6.5,0.34802081084753755,0.14686498808434778,0.5819068658753095,0.49203821656050956,Under,-103.0,1.970873786407767,-103.0,1.0,0.970873786407767,100.0,97.0873786407767,0.970873786407767,,Win,0.553921568627451,0.07808853294033491,31.86012143965664,13186.012143965661,2026,2026-03,-119 to -101,2026 Frozen Test,0.15127093772687822
KPROP-00409,2026-03-27 19:10:38,2026-03-27,Cole Ragans,118,144,Away,draftkings,,,-115.0,-115.0,6.5,5.629921400061132,6.5,0.8700785999388678,0.24422072123769722,0.6655134090341172,0.5168539325842696,Under,-115.0,1.8695652173913042,-115.0,1.0,0.8695652173913042,100.0,86.95652173913042,0.8695652173913042,,Win,0.5550122249388753,0.08002368375806343,32.72968665704794,13272.968665704793,2026,2026-03,-119 to -101,2026 Frozen Test,0.28085382942335185
KPROP-00410,2026-03-27 16:35:37,2026-03-27,Robbie Ray,137,147,Home,bovada,,,125.0,125.0,5.5,5.757048821926251,5.5,-0.2570488219262508,0.09225806158538274,0.48544802737128123,0.4255319148936171,Under,125.0,2.25,125.0,1.0,1.25,100.0,125.0,1.25,,Win,0.5560975609756098,0.08287728452938523,33.97968665704794,13397.968665704793,2026,2026-03,+121 to +150,2026 Frozen Test,0.07380644926830619
KPROP-00411,2026-03-28 14:15:37,2026-03-28,Cade Horton,112,120,Home,betrivers,,,104.0,104.0,4.5,4.378015439684973,4.5,0.12198456031502669,0.1330224986916877,0.5554031856331803,0.48342541436464087,Under,104.0,2.04,104.0,1.0,1.04,100.0,104.0,1.04,,Win,0.5571776155717761,0.08520605026045727,35.01968665704794,13501.968665704793,2026,2026-03,+100 to +120,2026 Frozen Test,0.1279062487420074
KPROP-00412,2026-03-28 16:05:37,2026-03-28,David Peterson,121,134,Home,betmgm,,,130.0,130.0,4.5,4.28389668670161,4.5,0.21610331329839028,0.319170388911278,0.5735523430049035,0.42016806722689076,Under,130.0,2.3,130.0,1.0,1.2999999999999998,100.0,129.99999999999997,1.2999999999999998,,Win,0.558252427184466,0.08815457926467947,36.31968665704794,13631.968665704793,2026,2026-03,+121 to +150,2026 Frozen Test,0.2455156837779062
KPROP-00413,2026-03-28 16:10:37,2026-03-28,Eury Pérez,146,115,Home,betrivers,,,138.0,138.0,5.5,5.920239905199486,5.5,-0.4202399051994856,0.09140748021586219,0.45857457151926984,0.3924905308228578,Under,138.0,2.38,138.0,1.0,-1.0,100.0,-100.0,-1.0,,Loss,0.5569007263922519,0.08551982241415966,35.31968665704794,13531.968665704793,2026,2026-03,+121 to +150,2026 Frozen Test,0.06623730450424797
KPROP-00414,2026-03-28 19:10:37,2026-03-28,Michael Wacha,118,144,Away,betmgm,,,120.0,120.0,3.5,3.6689735181595684,3.5,-0.1689735181595684,0.10142540051370519,0.5006479093244114,0.44573643410852715,Under,120.0,2.2,120.0,1.0,-1.0,100.0,-100.0,-1.0,,Loss,0.5555555555555556,0.08289779385760372,34.31968665704794,13431.968665704793,2026,2026-03,+100 to +120,2026 Frozen Test,0.08452116709475431
KPROP-00415,2026-03-29 13:35:38,2026-03-29,Grant Holmes,144,118,Home,betrivers,,,112.0,112.0,4.5,4.452394093367988,4.5,0.04760590663201203,0.14726513615583847,0.5411628000735087,0.4591836734693878,Under,112.0,2.12,112.0,1.0,1.12,100.0,112.00000000000001,1.12,,Win,0.5566265060240964,0.0853968353181878,35.439686657047936,13543.968665704793,2026,2026-03,+100 to +120,2026 Frozen Test,0.13148672871057004
KPROP-00416,2026-03-29 13:35:38,2026-03-29,Grant Holmes,144,118,Home,betrivers,,,-190.0,-190.0,5.5,4.452394093367988,5.5,1.047605906632012,0.08527245281372942,0.7110405725331331,0.6112600536193029,Under,-190.0,1.526315789473684,-190.0,1.0,0.5263157894736841,100.0,52.63157894736841,0.5263157894736841,,Win,0.5576923076923077,0.08645673665029235,35.96600244652162,13596.600244652162,2026,2026-03,<= -150,2026 Frozen Test,0.16201766034608595
KPROP-00417,2026-03-29 13:35:38,2026-03-29,MacKenzie Gore,140,143,Away,betrivers,,,106.0,106.0,5.5,5.1487170685823775,5.5,0.35128293141762246,0.21516228923248304,0.5898846064235355,0.46811369075108106,Under,106.0,2.06,106.0,1.0,-1.0,100.0,-100.0,-1.0,,Loss,0.5563549160671463,0.08385132481180245,34.96600244652162,13496.600244652162,2026,2026-03,+100 to +120,2026 Frozen Test,0.20298329172875756
KPROP-00418,2026-03-29 13:35:38,2026-03-29,MacKenzie Gore,140,143,Away,betmgm,,,-165.0,-165.0,6.5,5.1487170685823775,6.5,1.3512829314176225,0.18869424162733522,0.7401303768623031,0.5990922844175491,Under,-165.0,1.606060606060606,-165.0,1.0,-1.0,100.0,-100.0,-1.0,,Loss,0.5550239234449761,0.08125837905866416,33.96600244652162,13396.600244652162,2026,2026-03,<= -150,2026 Frozen Test,0.3113454986851032
KPROP-00419,2026-03-29 13:35:38,2026-03-29,Seth Lugo,118,144,Away,betrivers,,,138.0,138.0,3.5,3.9130773192788046,3.5,-0.41307731927880464,0.07250812256761108,0.4506336649443744,0.3924905308228578,Under,138.0,2.38,138.0,1.0,1.38,100.0,138.0,1.38,,Win,0.5560859188544153,0.08435800106568407,35.346002446521624,13534.600244652162,2026,2026-03,+121 to +150,2026 Frozen Test,0.05254211780261673
KPROP-00420,2026-03-29 14:20:37,2026-03-29,Shota Imanaga,112,120,Home,betonlineag,,,130.0,130.0,4.5,4.469435914851362,4.5,0.030564085148638398,0.237203476418422,0.5379145549645313,0.42632230673978416,Under,130.0,2.3,130.0,1.0,-1.0,100.0,-100.0,-1.0,,Loss,0.5547619047619048,0.08177619630124196,34.346002446521624,13434.600244652162,2026,2026-03,+121 to +150,2026 Frozen Test,0.1824642126295554
KPROP-00421,2026-03-29 14:20:37,2026-03-29,Shota Imanaga,112,120,Home,betmgm,,,-160.0,-160.0,5.5,4.469435914851362,5.5,1.0305640851486384,0.15073163576948245,0.7081425450889123,0.6107784431137725,Under,-160.0,1.625,-160.0,1.0,-1.0,100.0,-100.0,-1.0,,Loss,0.5534441805225653,0.07920665664256918,33.346002446521624,13334.600244652162,2026,2026-03,<= -150,2026 Frozen Test,0.24117061723117192
KPROP-00422,2026-03-29 14:15:38,2026-03-29,Steven Matz,139,138,Away,betmgm,,,105.0,105.0,3.5,3.4862418701345623,3.5,0.013758129865437674,0.1061889560760032,0.5396043688175626,0.47023935606862943,Under,105.0,2.05,105.0,1.0,1.0499999999999998,100.0,104.99999999999999,1.0499999999999998,,Win,0.5545023696682464,0.08150711480218394,34.39600244652162,13439.600244652162,2026,2026-03,+100 to +120,2026 Frozen Test,0.10113233912000306
KPROP-00423,2026-03-30 19:40:38,2026-03-30,Edward Cabrera,112,108,Home,draftkings,,,109.0,109.0,6.5,6.327089787270244,6.5,0.17291021272975637,0.15768489213073267,0.5539162163304941,0.45441361307164263,Under,109.0,2.09,109.0,1.0,1.0899999999999999,100.0,108.99999999999999,1.0899999999999999,,Win,0.5555555555555556,0.0838912587388218,35.486002446521624,13548.600244652162,2026,2026-03,+100 to +120,2026 Frozen Test,0.14466503865204833
KPROP-00424,2026-03-30 19:40:38,2026-03-30,Edward Cabrera,112,108,Home,betonlineag,,,-164.0,-164.0,7.5,6.327089787270244,7.5,1.1729102127297564,0.12337604098941511,0.6978548133419094,0.5934708962118879,Under,-164.0,1.6097560975609757,-164.0,1.0,0.6097560975609757,100.0,60.97560975609757,0.6097560975609757,,Win,0.5566037735849056,0.08513150600019481,36.0957585440826,13609.575854408258,2026,2026-03,<= -150,2026 Frozen Test,0.20233670722264077
KPROP-00425,2026-03-30 19:15:38,2026-03-30,Jacob Lopez,133,144,Away,draftkings,,,-113.0,-113.0,5.5,4.715126563809001,5.5,0.784873436190999,0.25501822764403204,0.665807792130402,0.5221858315761138,Under,-113.0,1.8849557522123894,-113.0,1.0,0.8849557522123894,100.0,88.49557522123894,0.8849557522123894,,Win,0.5576470588235294,0.08701344540304704,36.98071429629499,13698.071429629497,2026,2026-03,-119 to -101,2026 Frozen Test,0.2881705972377562
KPROP-00426,2026-03-30 19:40:38,2026-03-30,Kyle Harrison,158,139,Home,fanatics,,,120.0,120.0,4.5,4.516063059649211,4.5,-0.016063059649210842,0.1639263465519044,0.5290574302508656,0.4330294530154278,Under,120.0,2.2,120.0,1.0,-1.0,100.0,-100.0,-1.0,,Loss,0.5563380281690141,0.08446177064857979,35.98071429629499,13598.071429629497,2026,2026-03,+100 to +120,2026 Frozen Test,0.13660528879325365
KPROP-00427,2026-03-30 19:40:38,2026-03-30,Kyle Harrison,158,139,Home,betrivers,,,-186.0,-186.0,5.5,4.516063059649211,5.5,0.9839369403507892,0.07662702887050099,0.7001840117829132,0.6075094691771422,Under,-186.0,1.5376344086021505,-186.0,1.0,-1.0,100.0,-100.0,-1.0,,Loss,0.5550351288056206,0.08192204753230677,34.98071429629499,13498.071429629497,2026,2026-03,<= -150,2026 Frozen Test,0.14252627369913184
KPROP-00428,2026-03-30 19:45:37,2026-03-30,Kyle Leahy,138,121,Home,draftkings,,,-115.0,-115.0,3.5,2.7187899702401714,3.5,0.7812100297598286,0.3272891645929307,0.7099453671078467,0.5120034919249236,Under,-115.0,1.8695652173913042,-115.0,1.0,0.8695652173913042,100.0,86.95652173913042,0.8695652173913042,,Win,0.5560747663551402,0.08376233531235115,35.850279513686296,13585.02795136863,2026,2026-03,-119 to -101,2026 Frozen Test,0.37638253928187043
KPROP-00429,2026-03-30 19:40:38,2026-03-30,Nick Martinez,139,158,Away,bovada,,,130.0,130.0,3.5,3.465556313648961,3.5,0.034443686351039116,0.2513910557445712,0.544083067715031,0.42082136217677873,Under,130.0,2.3,130.0,1.0,1.2999999999999998,100.0,129.99999999999997,1.2999999999999998,,Win,0.5571095571095571,0.0865973881437909,37.15027951368629,13715.02795136863,2026,2026-03,+121 to +150,2026 Frozen Test,0.19337773518813173
KPROP-00430,2026-03-30 19:40:38,2026-03-30,Nick Martinez,139,158,Away,betrivers,,,-190.0,-190.0,4.5,3.465556313648961,4.5,1.0344436863510391,0.1171592924380061,0.7319319502180041,0.6112600536193029,Under,-190.0,1.526315789473684,-190.0,1.0,0.5263157894736841,100.0,52.63157894736841,0.5263157894736841,,Win,0.5581395348837209,0.08761998907711623,37.67659530315998,13767.659530315996,2026,2026-03,<= -150,2026 Frozen Test,0.22260265563221165
KPROP-00431,2026-03-31 19:45:38,2026-03-31,Kodai Senga,121,138,Away,draftkings,,,120.0,120.0,4.5,4.35920920164176,4.5,0.14079079835823993,0.22984167299449212,0.5590189422702236,0.44172932330827064,Under,120.0,2.2,120.0,1.0,-1.0,100.0,-100.0,-1.0,,Loss,0.5568445475638051,0.08509650882403708,36.67659530315998,13667.659530315996,2026,2026-03,+100 to +120,2026 Frozen Test,0.19153472749541006
KPROP-00432,2026-03-31 19:45:38,2026-03-31,Kodai Senga,121,138,Away,betrivers,,,-175.0,-175.0,5.5,4.35920920164176,5.5,1.14079079835824,0.14207414941750784,0.7267744587202323,0.5919881305637983,Under,-175.0,1.5714285714285714,-175.0,1.0,-1.0,100.0,-100.0,-1.0,,Loss,0.5555555555555556,0.08258471134990736,35.67659530315998,13567.659530315996,2026,2026-03,<= -150,2026 Frozen Test,0.24862976148063873
KPROP-00433,2026-03-31 19:05:40,2026-03-31,Max Scherzer,141,115,Home,betmgm,,,100.0,100.0,5.5,5.413941437739946,5.5,0.08605856226005404,0.08744796702254565,0.5437239835112728,0.5024875621890548,Under,100.0,2.0,100.0,1.0,1.0,100.0,100.0,1.0,,Win,0.5565819861431871,0.08470345335602766,36.67659530315998,13667.659530315996,2026,2026-03,+100 to +120,2026 Frozen Test,0.08744796702254565
KPROP-00434,2026-04-01 12:35:38,2026-04-01,Andrew Abbott,113,134,Home,fanatics,,,-105.0,-105.0,5.5,4.80291545431053,5.5,0.6970845456894699,0.27001783053842965,0.6504969375928542,0.5,Under,-105.0,1.9523809523809523,-105.0,1.0,0.9523809523809523,100.0,95.23809523809523,0.9523809523809523,,Win,0.5576036866359447,0.08670271026622334,37.62897625554093,13762.897625554091,2026,2026-04,-119 to -101,2026 Frozen Test,0.28351872206535117
KPROP-00435,2026-04-01 12:10:38,2026-04-01,Chris Sale,144,133,Home,bovada,,,-120.0,-120.0,8.5,7.024833491553302,8.5,1.4751665084466978,0.33072104973751626,0.7258478453113725,0.519280205655527,Under,-120.0,1.8333333333333335,-120.0,1.0,0.8333333333333335,100.0,83.33333333333334,0.8333333333333335,,Win,0.5586206896551724,0.08841910250315922,38.46230958887426,13846.230958887425,2026,2026-04,-149 to -120,2026 Frozen Test,0.39686525968501946
KPROP-00436,2026-04-01 13:00:47,2026-04-01,Cristopher Sánchez,143,120,Home,betrivers,,,123.0,123.0,6.5,6.406407538520563,6.5,0.093592461479437,0.20712783113407018,0.5413129287596727,0.4511894995898278,Under,123.0,2.23,123.0,1.0,-1.0,100.0,-100.0,-1.0,,Loss,0.5573394495412844,0.08592272841484923,37.46230958887426,13746.230958887425,2026,2026-04,+121 to +150,2026 Frozen Test,0.16839661067810585
KPROP-00437,2026-04-01 13:00:47,2026-04-01,Cristopher Sánchez,143,120,Home,betrivers,,,-165.0,-165.0,7.5,6.406407538520563,7.5,1.093592461479437,0.10238671780210351,0.6863917299522532,0.5813255391421123,Under,-165.0,1.606060606060606,-165.0,1.0,0.606060606060606,100.0,60.606060606060595,0.606060606060606,,Win,0.5583524027459954,0.08711297527445051,38.06837019493487,13806.837019493487,2026,2026-04,<= -150,2026 Frozen Test,0.16893808437347083
KPROP-00438,2026-04-01 16:05:38,2026-04-01,George Kirby,136,147,Home,fanatics,,,115.0,115.0,6.5,6.101758714194712,6.5,0.3982412858052884,0.2684196733698335,0.5899626387766668,0.44289258476523014,Under,115.0,2.15,115.0,1.0,1.15,100.0,114.99999999999999,1.15,,Win,0.5593607305936074,0.08953965797930336,39.21837019493487,13921.837019493487,2026,2026-04,+100 to +120,2026 Frozen Test,0.23340841162594222
KPROP-00439,2026-04-01 16:05:38,2026-04-01,George Kirby,136,147,Home,draftkings,,,-151.0,-151.0,7.5,6.101758714194712,7.5,1.3982412858052884,0.21320296795851562,0.729855171959107,0.5908053472448647,Under,-151.0,1.6622516556291391,-151.0,1.0,0.6622516556291391,100.0,66.22516556291392,0.6622516556291391,,Win,0.5603644646924829,0.09084424111745788,39.88062185056401,13988.0621850564,2026,2026-04,<= -150,2026 Frozen Test,0.32193648161735855
KPROP-00440,2026-04-01 13:35:37,2026-04-01,Jacob Misiorowski,158,139,Home,betrivers,,,-117.0,-117.0,6.5,5.788500130875929,6.5,0.7114998691240713,0.1874381563663583,0.6402316326952254,0.5188470066518847,Under,-117.0,1.8547008547008548,-117.0,1.0,-1.0,100.0,-100.0,-1.0,,Loss,0.5590909090909091,0.08836504966037276,38.88062185056401,13888.0621850564,2026,2026-04,-119 to -101,2026 Frozen Test,0.2193026429486392
KPROP-00441,2026-04-01 19:35:38,2026-04-01,Joe Ryan,142,118,Away,betmgm,,,-118.0,-118.0,5.5,4.784732963560879,5.5,0.7152670364391209,0.20763399277920647,0.6536734456327815,0.5259839095455533,Under,-118.0,1.847457627118644,-118.0,1.0,0.847457627118644,100.0,84.7457627118644,0.847457627118644,,Win,0.5600907029478458,0.09008634802195613,39.728079477682655,13972.807947768264,2026,2026-04,-119 to -101,2026 Frozen Test,0.24500811147946364
KPROP-00442,2026-04-01 13:05:37,2026-04-01,Kevin Gausman,141,115,Home,betmgm,,,115.0,115.0,6.5,6.4118247552706364,6.5,0.08817524472936356,0.16197681604766756,0.5404543330454268,0.43668122270742354,Under,115.0,2.15,115.0,1.0,-1.0,100.0,-100.0,-1.0,,Loss,0.5588235294117647,0.08762008931602411,38.728079477682655,13872.807947768264,2026,2026-04,+100 to +120,2026 Frozen Test,0.14084940525884138
KPROP-00443,2026-04-01 13:05:37,2026-04-01,Kevin Gausman,141,115,Home,draftkings,,,-148.0,-148.0,7.5,6.4118247552706364,7.5,1.0881752447293636,0.14885264381824848,0.6856056100205676,0.5837529372272574,Under,-148.0,1.6756756756756757,-148.0,1.0,-1.0,100.0,-100.0,-1.0,,Loss,0.5575620767494357,0.08516496496090893,37.728079477682655,13772.807947768264,2026,2026-04,-149 to -120,2026 Frozen Test,0.22030191285100775
KPROP-00444,2026-04-01 14:05:39,2026-04-01,Mike Burrows,117,111,Home,draftkings,,,102.0,102.0,5.5,4.984961654490398,5.5,0.5150383455096019,0.24957073516408312,0.6185993738436055,0.490336094449205,Under,102.0,2.02,102.0,1.0,-1.0,100.0,-100.0,-1.0,,Loss,0.5563063063063063,0.08272089972451048,36.728079477682655,13672.807947768264,2026,2026-04,+100 to +120,2026 Frozen Test,0.2446771913373364
KPROP-00445,2026-04-01 12:35:38,2026-04-01,Nathan Eovaldi,140,110,Away,fanduel,,,126.0,126.0,5.5,5.654478560725251,5.5,-0.15447856072525123,0.13597314590246679,0.502642984912596,0.427798149118212,Under,126.0,2.26,126.0,1.0,1.2599999999999998,100.0,125.99999999999997,1.2599999999999998,,Win,0.5573033707865168,0.08536647073636551,37.98807947768265,13798.807947768264,2026,2026-04,+121 to +150,2026 Frozen Test,0.10791519516068794
KPROP-00446,2026-04-01 16:05:38,2026-04-01,Nick Pivetta,135,137,Home,bovada,,,130.0,130.0,5.5,4.934997442604558,5.5,0.5650025573954416,0.4429391914374838,0.6273648658423843,0.4307974335472044,Under,130.0,2.3,130.0,1.0,-1.0,100.0,-100.0,-1.0,,Loss,0.5560538116591929,0.08293291362709115,36.98807947768265,13698.807947768264,2026,2026-04,+121 to +150,2026 Frozen Test,0.3407224549519106
KPROP-00447,2026-04-01 16:05:38,2026-04-01,Nick Pivetta,135,137,Home,betrivers,,,-190.0,-190.0,6.5,4.934997442604558,6.5,1.5650025573954416,0.1777437282874392,0.7716252012917706,0.6112600536193029,Under,-190.0,1.526315789473684,-190.0,1.0,-1.0,100.0,-100.0,-1.0,,Loss,0.5548098434004475,0.080510244916516,35.98807947768265,13598.807947768264,2026,2026-04,<= -150,2026 Frozen Test,0.3377130837461346
KPROP-00448,2026-04-01 12:35:38,2026-04-01,Paul Skenes,134,113,Away,betrivers,,,140.0,140.0,6.5,6.93462371899328,6.5,-0.43462371899328023,0.10279297955525524,0.4594970748146897,0.38873994638069703,Under,140.0,2.4,140.0,1.0,1.4,100.0,140.0,1.4,,Win,0.5558035714285714,0.08345553454839878,37.38807947768265,13738.807947768264,2026,2026-04,+121 to +150,2026 Frozen Test,0.07342355682518231
KPROP-00449,2026-04-01 12:35:38,2026-04-01,Paul Skenes,134,113,Away,betmgm,,,-120.0,-120.0,7.5,6.93462371899328,7.5,0.5653762810067198,0.11549915996371574,0.6084540872529358,0.5242214532871973,Under,-120.0,1.8333333333333335,-120.0,1.0,0.8333333333333335,100.0,83.33333333333334,0.8333333333333335,,Win,0.5567928730512249,0.08512564100448995,38.22141281101599,13822.141281101598,2026,2026-04,-149 to -120,2026 Frozen Test,0.13859899195645886
KPROP-00450,2026-04-01 15:40:38,2026-04-01,Tarik Skubal,116,109,Away,bovada,,,110.0,110.0,6.5,5.836025580477192,6.5,0.6639744195228081,0.32850396922711367,0.632620937727197,0.449438202247191,Under,110.0,2.1,110.0,1.0,1.1,100.0,110.00000000000001,1.1,,Win,0.5577777777777778,0.08738091735781331,39.32141281101599,13932.141281101598,2026,2026-04,+100 to +120,2026 Frozen Test,0.29863997202464876
KPROP-00451,2026-04-01 15:40:38,2026-04-01,Tarik Skubal,116,109,Away,draftkings,,,-137.0,-137.0,7.5,5.836025580477192,7.5,1.6639744195228081,0.32552205039552495,0.7662300460092275,0.5811240721102863,Under,-137.0,1.72992700729927,-137.0,1.0,0.7299270072992701,100.0,72.99270072992701,0.7299270072992701,,Win,0.5587583148558758,0.0888056315261979,40.051339818315256,14005.133981831525,2026,2026-04,-149 to -120,2026 Frozen Test,0.4459652090418692
KPROP-00452,2026-04-01 14:15:38,2026-04-01,Yusei Kikuchi,108,112,Away,betmgm,,,120.0,120.0,4.5,4.438645568562416,4.5,0.06135443143758401,0.19633236729156078,0.5437874396779822,0.45454545454545453,Under,120.0,2.2,120.0,1.0,-1.0,100.0,-100.0,-1.0,,Loss,0.5575221238938053,0.08639676950954703,39.051339818315256,13905.133981831525,2026,2026-04,+100 to +120,2026 Frozen Test,0.16361030607630062
KPROP-00453,2026-04-01 15:40:38,2026-04-01,Zac Gallen,109,116,Home,fanduel,,,112.0,112.0,5.5,5.1113852020056205,5.5,0.3886147979943795,0.2644192559798024,0.5964241773489634,0.45166769610870916,Under,112.0,2.12,112.0,1.0,1.12,100.0,112.00000000000001,1.12,,Win,0.5584988962472406,0.08867845434506678,40.17133981831525,14017.133981831525,2026,2026-04,+100 to +120,2026 Frozen Test,0.23608862141053785
KPROP-00454,2026-04-02 14:05:38,2026-04-02,Cole Ragans,118,142,Home,betmgm,,,130.0,130.0,6.5,6.268911092784728,6.5,0.23108890721527242,0.2953465629667943,0.5631941578116497,0.4059040590405904,Under,130.0,2.3,130.0,1.0,-1.0,100.0,-100.0,-1.0,,Loss,0.5572687224669604,0.08628048418131114,39.17133981831525,13917.133981831525,2026,2026-04,+121 to +150,2026 Frozen Test,0.22718966382061104
KPROP-00455,2026-04-02 14:05:38,2026-04-02,Cole Ragans,118,142,Home,draftkings,,,-133.0,-133.0,7.5,6.268911092784728,7.5,1.2310889072152724,0.23718146019636557,0.7062022927301143,0.5544421922209049,Under,-133.0,1.7518796992481203,-133.0,1.0,-1.0,100.0,-100.0,-1.0,,Loss,0.5560439560439561,0.08389305454574782,38.17133981831525,13817.133981831525,2026,2026-04,-149 to -120,2026 Frozen Test,0.3154513420611662
KPROP-00456,2026-04-03 16:00:58,2026-04-03,Brady Singer,113,140,Away,draftkings,,,127.0,127.0,4.5,4.564735858728438,4.5,-0.06473585872843834,0.18008668531707184,0.5198619759106043,0.43026174256005734,Under,127.0,2.27,127.0,1.0,-1.0,100.0,-100.0,-1.0,,Loss,0.5548245614035088,0.08151609609279661,37.17133981831525,13717.133981831525,2026,2026-04,+121 to +150,2026 Frozen Test,0.1418005396197416
KPROP-00457,2026-04-03 16:00:58,2026-04-03,Brady Singer,113,140,Away,fanduel,,,-158.0,-158.0,5.5,4.564735858728438,5.5,0.9352641412715617,0.12970337174166424,0.6918338478107866,0.5848084969423882,Under,-158.0,1.6329113924050633,-158.0,1.0,0.6329113924050633,100.0,63.29113924050633,0.6329113924050633,,Win,0.5557986870897156,0.08272265035168559,37.80425121072032,13780.42512107203,2026,2026-04,<= -150,2026 Frozen Test,0.20493132735182948
KPROP-00458,2026-04-03 13:00:53,2026-04-03,Emmet Sheehan,119,120,Away,draftkings,,,113.0,113.0,5.5,5.263230678832806,5.5,0.23676932116719396,0.2138358988765222,0.569876008862217,0.45801526717557256,Under,113.0,2.13,113.0,1.0,1.13,100.0,112.99999999999999,1.13,,Win,0.5567685589519651,0.08500928211947668,38.93425121072032,13893.42512107203,2026,2026-04,+100 to +120,2026 Frozen Test,0.18923530874028516
KPROP-00459,2026-04-03 13:10:38,2026-04-03,Framber Valdez,116,138,Home,draftkings,,,104.0,104.0,5.5,4.911641371903029,5.5,0.5883586280969713,0.28817970770499113,0.6314606410318584,0.4752354377397977,Under,104.0,2.04,104.0,1.0,1.04,100.0,104.0,1.04,,Win,0.5577342047930284,0.08708987191878065,39.97425121072032,13997.42512107203,2026,2026-04,+100 to +120,2026 Frozen Test,0.2770958727932607
KPROP-00460,2026-04-03 16:05:38,2026-04-03,Joey Cantillo,114,112,Home,bovada,,,120.0,120.0,4.5,4.657150363538646,4.5,-0.15715036353864598,0.10562685140669202,0.5025576597303145,0.4386930983847283,Under,120.0,2.2,120.0,1.0,-1.0,100.0,-100.0,-1.0,,Loss,0.5565217391304348,0.0847266330667833,38.97425121072032,13897.42512107203,2026,2026-04,+100 to +120,2026 Frozen Test,0.08802237617224334
KPROP-00461,2026-04-03 16:05:38,2026-04-03,Joey Cantillo,114,112,Home,fanatics,,,-145.0,-145.0,5.5,4.657150363538646,5.5,0.842849636461354,0.14199793792870002,0.6758763306108633,0.5967078189300411,Under,-145.0,1.6896551724137931,-145.0,1.0,-1.0,100.0,-100.0,-1.0,,Loss,0.5553145336225597,0.08237364687791826,37.97425121072032,13797.42512107203,2026,2026-04,-149 to -120,2026 Frozen Test,0.20589700999661503
KPROP-00462,2026-04-03 16:00:58,2026-04-03,MacKenzie Gore,140,113,Home,betonlineag,,,120.0,120.0,6.5,5.268032238185361,6.5,1.231967761814639,0.5884779681610535,0.7220354400732061,0.4409566517189835,Under,120.0,2.2,120.0,1.0,-1.0,100.0,-100.0,-1.0,,Loss,0.5541125541125541,0.0800308467764509,36.97425121072032,13697.42512107203,2026,2026-04,+100 to +120,2026 Frozen Test,0.4903983068008778
KPROP-00463,2026-04-03 14:10:38,2026-04-03,Michael King,135,111,Away,draftkings,,,118.0,118.0,5.5,5.04902837978344,5.5,0.4509716202165599,0.3240414425699665,0.6073584598944801,0.4479937670432412,Under,118.0,2.1799999999999997,118.0,1.0,1.1799999999999997,100.0,117.99999999999997,1.1799999999999997,,Win,0.5550755939524838,0.08240659008794884,38.15425121072032,13815.42512107203,2026,2026-04,+100 to +120,2026 Frozen Test,0.27461139200844625
KPROP-00464,2026-04-03 16:10:37,2026-04-03,Mitch Keller,134,110,Home,betrivers,,,132.0,132.0,4.5,4.84334541480631,4.5,-0.3433454148063104,0.08668218696267005,0.4683974943804612,0.4142931123770068,Under,132.0,2.3200000000000003,132.0,1.0,1.3200000000000003,100.0,132.00000000000003,1.3200000000000003,,Win,0.5560344827586207,0.08507381726448345,39.47425121072032,13947.42512107203,2026,2026-04,+121 to +150,2026 Frozen Test,0.0656683234565682
KPROP-00465,2026-04-03 14:10:38,2026-04-03,Sonny Gray,111,135,Home,betonlineag,,,-123.0,-123.0,5.5,4.805091072598849,5.5,0.6949089274011513,0.17866684554563161,0.6501166905924336,0.5306745238345786,Under,-123.0,1.8130081300813008,-123.0,1.0,0.8130081300813008,100.0,81.30081300813008,0.8130081300813008,,Win,0.556989247311828,0.08663926739957338,40.28725934080162,14028.725934080161,2026,2026-04,-149 to -120,2026 Frozen Test,0.21976022002112688
KPROP-00466,2026-04-03 13:35:38,2026-04-03,Will Warren,147,146,Home,betrivers,,,135.0,135.0,4.5,4.512654710597256,4.5,-0.012654710597256091,0.24480279349732428,0.5297033163818401,0.3973509933774834,Under,135.0,2.35,135.0,1.0,-1.0,100.0,-100.0,-1.0,,Loss,0.555793991416309,0.08430742347811507,39.28725934080162,13928.725934080161,2026,2026-04,+121 to +150,2026 Frozen Test,0.18133540259061054
KPROP-00467,2026-04-03 13:35:38,2026-04-03,Will Warren,147,146,Home,betmgm,,,-155.0,-155.0,5.5,4.512654710597256,5.5,0.9873452894027439,0.15287501195168296,0.7007671641274936,0.5829926410466066,Under,-155.0,1.6451612903225805,-155.0,1.0,-1.0,100.0,-100.0,-1.0,,Loss,0.5546038543897216,0.08198556604026043,38.28725934080162,13828.725934080161,2026,2026-04,<= -150,2026 Frozen Test,0.23695626852510865
KPROP-00468,2026-04-04 13:10:39,2026-04-04,Dustin May,138,116,Away,betrivers,,,105.0,105.0,4.5,4.264732706467494,4.5,0.2352672935325062,0.18338874580871423,0.5772628028335192,0.4740160904544466,Under,105.0,2.05,105.0,1.0,1.0499999999999998,100.0,104.99999999999999,1.0499999999999998,,Win,0.5555555555555556,0.08405397295043081,39.337259340801616,13933.725934080161,2026,2026-04,+100 to +120,2026 Frozen Test,0.17465594838925166
KPROP-00469,2026-04-04 13:10:39,2026-04-04,Jack Flaherty,116,138,Home,fanatics,,,120.0,120.0,5.5,5.270000431753428,5.5,0.22999956824657186,0.25113178472136455,0.5686962657824384,0.43235704323570434,Under,120.0,2.2,120.0,1.0,-1.0,100.0,-100.0,-1.0,,Loss,0.5543710021321961,0.08174255722985418,38.337259340801616,13833.725934080161,2026,2026-04,+100 to +120,2026 Frozen Test,0.20927648726780376
KPROP-00470,2026-04-04 19:15:39,2026-04-04,Michael Soroka,109,144,Home,betonlineag,,,128.0,128.0,4.5,4.241266249390013,4.5,0.25873375060998693,0.3265319921572051,0.581812277261932,0.4291845493562232,Under,128.0,2.2800000000000002,128.0,1.0,1.2800000000000002,100.0,128.00000000000003,1.2800000000000002,,Win,0.5553191489361702,0.08429204115064173,39.61725934080162,13961.725934080161,2026,2026-04,+121 to +150,2026 Frozen Test,0.2551031188728164
KPROP-00471,2026-04-04 19:10:38,2026-04-04,Mick Abel,142,139,Home,draftkings,,,-122.0,-122.0,4.5,4.04010352071617,4.5,0.45989647928383004,0.13002105264172148,0.6210025604607659,0.5357590966122961,Under,-122.0,1.819672131147541,-122.0,1.0,0.819672131147541,100.0,81.9672131147541,0.819672131147541,,Win,0.5562632696390658,0.08585335768991328,40.43693147194916,14043.693147194916,2026,2026-04,-149 to -120,2026 Frozen Test,0.1586256842229002
KPROP-00472,2026-04-04 19:05:38,2026-04-04,Ryan Weathers,147,146,Home,betmgm,,,100.0,100.0,5.5,4.50874999859452,5.5,0.9912500014054801,0.402869955909813,0.7014349779549065,0.4975369458128079,Under,100.0,2.0,100.0,1.0,1.0,100.0,100.0,1.0,,Win,0.5572033898305084,0.08779010905073974,41.43693147194916,14143.693147194916,2026,2026-04,+100 to +120,2026 Frozen Test,0.402869955909813
KPROP-00473,2026-04-04 19:10:38,2026-04-04,Steven Matz,139,142,Away,betmgm,,,130.0,130.0,3.5,3.591661898992237,3.5,-0.09166189899223687,0.18907453313031908,0.5169889274479649,0.4059040590405904,Under,130.0,2.3,130.0,1.0,-1.0,100.0,-100.0,-1.0,,Loss,0.5560253699788583,0.08549034137832803,40.43693147194916,14043.693147194916,2026,2026-04,+121 to +150,2026 Frozen Test,0.1454419485617839
KPROP-00474,2026-04-04 19:10:38,2026-04-04,Steven Matz,139,142,Away,bovada,,,-150.0,-150.0,4.5,3.591661898992237,4.5,0.9083381010077631,0.18005356126425254,0.7080321367585516,0.5808885163453478,Under,-150.0,1.6666666666666665,-150.0,1.0,-1.0,100.0,-100.0,-1.0,,Loss,0.5548523206751055,0.08320027736698135,39.43693147194916,13943.693147194916,2026,2026-04,<= -150,2026 Frozen Test,0.27008034189637886
KPROP-00475,2026-04-04 16:05:38,2026-04-04,Tyler Glasnow,119,120,Away,betrivers,,,128.0,128.0,5.5,5.38044886254231,5.5,0.11955113745769008,0.25289048096468647,0.5495133688441607,0.40801186943620177,Under,128.0,2.2800000000000002,128.0,1.0,-1.0,100.0,-100.0,-1.0,,Loss,0.5536842105263158,0.08091985573041928,38.43693147194916,13843.693147194916,2026,2026-04,+121 to +150,2026 Frozen Test,0.19757068825366125
KPROP-00476,2026-04-04 16:05:38,2026-04-04,Tyler Glasnow,119,120,Away,draftkings,,,-145.0,-145.0,6.5,5.38044886254231,6.5,1.11955113745769,0.19071509183199564,0.7047089319005688,0.5656028368794326,Under,-145.0,1.6896551724137931,-145.0,1.0,-1.0,100.0,-100.0,-1.0,,Loss,0.5525210084033614,0.07864901569737218,37.43693147194916,13743.693147194916,2026,2026-04,-149 to -120,2026 Frozen Test,0.2765368831563937
KPROP-00477,2026-04-05 13:35:37,2026-04-05,Chris Bassitt,110,134,Away,betonlineag,,,128.0,128.0,4.5,4.461877993258894,4.5,0.038122006741105885,0.22972808075716025,0.5393544213847193,0.4222972972972973,Under,128.0,2.2800000000000002,128.0,1.0,1.2800000000000002,100.0,128.00000000000003,1.2800000000000002,,Win,0.5534591194968553,0.0811675712200192,38.71693147194916,13871.693147194916,2026,2026-04,+121 to +150,2026 Frozen Test,0.17947506309153138
KPROP-00478,2026-04-05 13:35:37,2026-04-05,Chris Bassitt,110,134,Away,betmgm,,,-150.0,-150.0,5.5,4.461877993258894,5.5,1.0381220067411059,0.1823808914073607,0.7094285348444165,0.5777027027027027,Under,-150.0,1.6666666666666665,-150.0,1.0,0.6666666666666665,100.0,66.66666666666666,0.6666666666666665,,Win,0.5543933054393305,0.08239246472513771,39.383598138615824,13938.359813861582,2026,2026-04,<= -150,2026 Frozen Test,0.2735713371110411
KPROP-00479,2026-04-05 16:05:37,2026-04-05,Jacob Lopez,133,117,Home,betrivers,,,145.0,145.0,4.5,4.929087586735381,4.5,-0.42908758673538117,0.10990648496104673,0.4530230550861415,0.40173296573454115,Under,145.0,2.45,145.0,1.0,-1.0,100.0,-100.0,-1.0,,Loss,0.5532359081419624,0.08013277273197458,38.383598138615824,13838.359813861582,2026,2026-04,+121 to +150,2026 Frozen Test,0.07579757583520462
KPROP-00480,2026-04-05 16:05:37,2026-04-05,Jacob Lopez,133,117,Home,betrivers,,,-139.0,-139.0,5.5,4.929087586735381,5.5,0.5709124132646188,0.08048868521060398,0.6284013692229036,0.5556381890861765,Under,-139.0,1.7194244604316546,-139.0,1.0,-1.0,100.0,-100.0,-1.0,,Loss,0.5520833333333334,0.0778824961221163,37.383598138615824,13738.359813861582,2026,2026-04,-149 to -120,2026 Frozen Test,0.11187927244273954
KPROP-00481,2026-04-05 16:05:37,2026-04-05,Kodai Senga,121,137,Away,draftkings,,,-117.0,-117.0,5.5,4.6517039582158946,5.5,0.8482960417841054,0.25529882545858384,0.6768201040490982,0.5188470066518847,Under,-117.0,1.8547008547008548,-117.0,1.0,-1.0,100.0,-100.0,-1.0,,Loss,0.5509355509355509,0.07564157617175847,36.383598138615824,13638.359813861582,2026,2026-04,-119 to -101,2026 Frozen Test,0.2986996257865431
KPROP-00482,2026-04-05 14:10:37,2026-04-05,Kris Bubic,118,158,Home,betrivers,,,138.0,138.0,4.5,4.593314546834275,4.5,-0.09331454683427509,0.22448204353851242,0.5144882535876103,0.3907302613850714,Under,138.0,2.38,138.0,1.0,-1.0,100.0,-100.0,-1.0,,Loss,0.549792531120332,0.07340995464443117,35.383598138615824,13538.359813861582,2026,2026-04,+121 to +150,2026 Frozen Test,0.16266814749167569
KPROP-00483,2026-04-05 14:10:37,2026-04-05,Kris Bubic,118,158,Home,betmgm,,,-140.0,-140.0,5.5,4.593314546834275,5.5,0.9066854531657249,0.17756441440653303,0.6869125750704775,0.5575221238938054,Under,-140.0,1.7142857142857144,-140.0,1.0,-1.0,100.0,-100.0,-1.0,,Loss,0.5486542443064182,0.07118757378595408,34.383598138615824,13438.359813861582,2026,2026-04,-149 to -120,2026 Frozen Test,0.2485901801691462
KPROP-00484,2026-04-05 14:10:37,2026-04-05,Kyle Harrison,158,118,Away,fanduel,,,116.0,116.0,4.5,4.569384142813347,4.5,-0.06938414281334726,0.12101112272855785,0.5189866308928508,0.44174792873377816,Under,116.0,2.16,116.0,1.0,-1.0,100.0,-100.0,-1.0,,Loss,0.5475206611570248,0.06897437631945418,33.383598138615824,13338.359813861582,2026,2026-04,+100 to +120,2026 Frozen Test,0.1043199333866878
KPROP-00485,2026-04-05 19:20:38,2026-04-05,Kyle Leahy,138,116,Away,betmgm,,,120.0,120.0,3.5,2.9141014777030256,3.5,0.5858985222969744,0.4662312461061785,0.6664687482300811,0.44172932330827064,Under,120.0,2.2,120.0,1.0,-1.0,100.0,-100.0,-1.0,,Loss,0.5463917525773195,0.066770305440445,32.383598138615824,13238.359813861582,2026,2026-04,+100 to +120,2026 Frozen Test,0.3885260384218154
KPROP-00486,2026-04-05 16:05:37,2026-04-05,Lance McCullers Jr.,117,133,Away,betrivers,,,123.0,123.0,5.5,4.733512723928393,5.5,0.766487276071607,0.4776135871632783,0.6626069897593176,0.42153047989623865,Under,123.0,2.23,123.0,1.0,1.23,100.0,123.0,1.23,,Win,0.5473251028806584,0.06916378217822185,33.61359813861582,13361.359813861582,2026,2026-04,+121 to +150,2026 Frozen Test,0.38830372940103924
KPROP-00487,2026-04-05 16:05:37,2026-04-05,Lance McCullers Jr.,117,133,Away,draftkings,,,-146.0,-146.0,6.5,4.733512723928393,6.5,1.766487276071607,0.34798023004708356,0.800020786938513,0.5771742866964593,Under,-146.0,1.6849315068493151,-146.0,1.0,0.6849315068493151,100.0,68.49315068493152,0.6849315068493151,,Win,0.5482546201232033,0.07042819229048283,34.29852964546514,13429.852964546513,2026,2026-04,-149 to -120,2026 Frozen Test,0.508051135868742
KPROP-00488,2026-04-05 16:05:37,2026-04-05,Logan Webb,137,121,Home,bovada,,,120.0,120.0,5.5,5.366108249235038,5.5,0.1338917507649624,0.2143922716234299,0.551996487101559,0.43795620437956206,Under,120.0,2.2,120.0,1.0,1.2000000000000002,100.0,120.00000000000001,1.2000000000000002,,Win,0.5491803278688525,0.07274288861775643,35.49852964546514,13549.852964546513,2026,2026-04,+100 to +120,2026 Frozen Test,0.17866022635285822
KPROP-00489,2026-04-05 16:05:37,2026-04-05,Logan Webb,137,121,Home,draftkings,,,-148.0,-148.0,6.5,5.366108249235038,6.5,1.1338917507649624,0.18458989468893938,0.7069326790885606,0.5816746508332771,Under,-148.0,1.6756756756756757,-148.0,1.0,0.6756756756756757,100.0,67.56756756756756,0.6756756756756757,,Win,0.5501022494887525,0.07397588000233296,36.17420532114082,13617.420532114082,2026,2026-04,-149 to -120,2026 Frozen Test,0.2731930441396303
KPROP-00490,2026-04-05 13:35:37,2026-04-05,Max Fried,147,146,Home,draftkings,,,122.0,122.0,5.5,5.342079857497924,5.5,0.15792014250207576,0.23468069778018974,0.556162476477563,0.43949878436506445,Under,122.0,2.2199999999999998,122.0,1.0,1.2199999999999998,100.0,121.99999999999997,1.2199999999999998,,Win,0.5510204081632653,0.07631470473702208,37.39420532114082,13739.420532114082,2026,2026-04,+121 to +150,2026 Frozen Test,0.19236122768868016
KPROP-00491,2026-04-05 14:10:37,2026-04-05,Nick Martinez,139,142,Away,draftkings,,,-132.0,-132.0,4.5,3.7580521035135295,4.5,0.7419478964864705,0.18809815862150558,0.6759868833536152,0.5614366729678639,Under,-132.0,1.7575757575757576,-132.0,1.0,0.7575757575757576,100.0,75.75757575757575,0.7575757575757576,,Win,0.5519348268839104,0.07770220178964679,38.151781078716574,13815.178107871656,2026,2026-04,-149 to -120,2026 Frozen Test,0.24828956938038738
KPROP-00492,2026-04-05 16:40:38,2026-04-05,Parker Messick,114,112,Home,bovada,,,120.0,120.0,4.5,4.679064832418309,4.5,-0.17906483241830884,0.09666967697107909,0.4984862168050359,0.4260237780713342,Under,120.0,2.2,120.0,1.0,-1.0,100.0,-100.0,-1.0,,Loss,0.5508130081300813,0.07551175015999304,37.151781078716574,13715.178107871656,2026,2026-04,+100 to +120,2026 Frozen Test,0.08055806414256589
KPROP-00493,2026-04-05 13:35:37,2026-04-05,Ranger Suarez,111,135,Home,betrivers,,,123.0,123.0,4.5,4.0901216039168045,4.5,0.40987839608319554,0.36305640227698865,0.6112360548327304,0.4466501240694789,Under,123.0,2.23,123.0,1.0,1.23,100.0,123.0,1.23,,Win,0.5517241379310345,0.07785351131585512,38.38178107871657,13838.178107871656,2026,2026-04,+121 to +150,2026 Frozen Test,0.2951678067292591
KPROP-00494,2026-04-05 13:35:37,2026-04-05,Ranger Suarez,111,135,Home,betrivers,,,-177.0,-177.0,5.5,4.0901216039168045,5.5,1.4098783960831955,0.20642277500347717,0.7708910872765901,0.5971729393287185,Under,-177.0,1.5649717514124295,-177.0,1.0,0.5649717514124295,100.0,56.49717514124295,0.5649717514124295,,Win,0.5526315789473685,0.07883958062779149,38.946752830129,13894.6752830129,2026,2026-04,<= -150,2026 Frozen Test,0.36536831175615453
KPROP-00495,2026-04-06 18:40:38,2026-04-06,Brandon Williamson,113,146,Away,betrivers,,,138.0,138.0,3.5,3.829693949075106,3.5,-0.32969394907510585,0.11248089068104881,0.46742894566430626,0.40871934604904636,Under,138.0,2.38,138.0,1.0,-1.0,100.0,-100.0,-1.0,,Loss,0.5515151515151515,0.07666010672753333,37.946752830129,13794.6752830129,2026,2026-04,+121 to +150,2026 Frozen Test,0.08150789179786147
KPROP-00496,2026-04-06 18:40:38,2026-04-06,Brandon Williamson,113,146,Away,betrivers,,,-159.0,-159.0,4.5,3.829693949075106,4.5,0.6703060509248941,0.0784630396348916,0.662068043636864,0.5832797013772687,Under,-159.0,1.6289308176100628,-159.0,1.0,0.6289308176100628,100.0,62.89308176100627,0.6289308176100628,,Win,0.5524193548387096,0.0777735557414094,38.57568364773906,13857.568364773906,2026,2026-04,<= -150,2026 Frozen Test,0.12475623301947766
KPROP-00497,2026-04-06 16:10:37,2026-04-06,Jameson Taillon,112,139,Away,bovada,,,115.0,115.0,3.5,3.626399122495935,3.5,-0.12639912249593488,0.09568209564796792,0.5096195793711479,0.45569620253164556,Under,115.0,2.15,115.0,1.0,-1.0,100.0,-100.0,-1.0,,Loss,0.5513078470824949,0.07560499727915304,37.57568364773906,13757.568364773906,2026,2026-04,+100 to +120,2026 Frozen Test,0.08320182230258082
KPROP-00498,2026-04-06 18:40:38,2026-04-06,Janson Junk,146,113,Home,fanatics,,,-105.0,-105.0,4.5,4.396959357105889,4.5,0.1030406428941113,0.07725916571769154,0.551766889757842,0.5085111484056581,Under,-105.0,1.9523809523809523,-105.0,1.0,0.9523809523809523,100.0,95.23809523809523,0.9523809523809523,,Win,0.5522088353413654,0.07736559156650605,38.52806460012001,13852.806460012001,2026,2026-04,-119 to -101,2026 Frozen Test,0.08112212400357612
KPROP-00499,2026-04-06 19:40:37,2026-04-06,Joe Ryan,142,116,Home,draftkings,,,-124.0,-124.0,6.5,5.2699862629281355,6.5,1.2300137370718645,0.3037819581467722,0.7217364411169632,0.5254237288135594,Under,-124.0,1.8064516129032258,-124.0,1.0,-1.0,100.0,-100.0,-1.0,,Loss,0.5511022044088176,0.07520654228480964,37.52806460012001,13752.806460012001,2026,2026-04,-149 to -120,2026 Frozen Test,0.3766896281019976
KPROP-00500,2026-04-06 16:10:37,2026-04-06,Shane McClanahan,139,112,Home,bovada,,,-130.0,-130.0,5.5,5.062025241899391,5.5,0.4379747581006086,0.0705237400651379,0.605078635688991,0.5391705069124424,Under,-130.0,1.7692307692307692,-130.0,1.0,0.7692307692307692,100.0,76.92307692307692,0.7692307692307692,,Win,0.552,0.07659459073870155,38.29729536935078,13829.72953693508,2026,2026-04,-149 to -120,2026 Frozen Test,0.09168086208467928
KPROP-00501,2026-04-06 18:10:37,2026-04-06,Tanner Bibee,114,118,Home,draftkings,,,119.0,119.0,4.5,4.603030727352275,4.5,-0.10303072735227481,0.12273803169807929,0.5126657678986664,0.442853104682936,Under,119.0,2.19,119.0,1.0,1.19,100.0,119.0,1.19,,Win,0.5528942115768463,0.07881695682505145,39.487295369350775,13948.72953693508,2026,2026-04,+100 to +120,2026 Frozen Test,0.10314120310762966
KPROP-00502,2026-04-07 19:05:38,2026-04-07,Aaron Civale,133,147,Away,draftkings,,,101.0,101.0,4.5,4.315327655904918,4.5,0.18467234409508215,0.1406290162624938,0.5674771225186537,0.47423601216426003,Under,101.0,2.01,101.0,1.0,-1.0,100.0,-100.0,-1.0,,Loss,0.5517928286852589,0.07666791906245174,38.487295369350775,13848.72953693508,2026,2026-04,+100 to +120,2026 Frozen Test,0.13923664976484537
KPROP-00503,2026-04-07 18:40:37,2026-04-07,Andrew Abbott,113,146,Away,draftkings,,,119.0,119.0,4.5,4.443825442869096,4.5,0.05617455713090358,0.18872797070993086,0.5427981601415209,0.442853104682936,Under,119.0,2.19,119.0,1.0,1.19,100.0,119.0,1.19,,Win,0.5526838966202783,0.0788813029211745,39.67729536935077,13967.72953693508,2026,2026-04,+100 to +120,2026 Frozen Test,0.1585949333696898
KPROP-00504,2026-04-07 18:40:37,2026-04-07,Andrew Abbott,113,146,Away,bovada,,,-160.0,-160.0,5.5,4.443825442869096,5.5,1.0561745571309036,0.1578050648939361,0.7124954245501145,0.6041412911084043,Under,-160.0,1.625,-160.0,1.0,0.625,100.0,62.5,0.625,,Win,0.5535714285714286,0.07996487176458486,40.30229536935077,14030.22953693508,2026,2026-04,<= -150,2026 Frozen Test,0.25248810383029774
KPROP-00505,2026-04-07 16:10:38,2026-04-07,Freddy Peralta,121,109,Home,betonlineag,,,120.0,120.0,5.5,5.4355914191862755,5.5,0.06440858081372447,0.18797683491925898,0.539989470417845,0.4409566517189835,Under,120.0,2.2,120.0,1.0,1.2000000000000002,100.0,120.00000000000001,1.2000000000000002,,Win,0.5544554455445545,0.0821827631076253,41.502295369350776,14150.22953693508,2026,2026-04,+100 to +120,2026 Frozen Test,0.1566473624327158
KPROP-00506,2026-04-07 16:10:38,2026-04-07,Freddy Peralta,121,109,Home,betmgm,,,-145.0,-145.0,6.5,5.4355914191862755,6.5,1.0644085808137245,0.17621073913091134,0.6961247231591108,0.5967078189300411,Under,-145.0,1.6896551724137931,-145.0,1.0,0.6896551724137931,100.0,68.96551724137932,0.6896551724137931,,Win,0.5553359683794467,0.08338330146593788,42.19195054176457,14219.195054176458,2026,2026-04,-149 to -120,2026 Frozen Test,0.2555055717398214
KPROP-00507,2026-04-07 18:45:38,2026-04-07,Garrett Crochet,111,158,Home,fanduel,,,-120.0,-120.0,7.5,6.438824458464192,7.5,1.0611755415358077,0.2497499527389877,0.6816817924030841,0.5254529767040552,Under,-120.0,1.8333333333333335,-120.0,1.0,0.8333333333333335,100.0,83.33333333333334,0.8333333333333335,,Win,0.5562130177514792,0.08486249285029172,43.025283875097905,14302.528387509792,2026,2026-04,-149 to -120,2026 Frozen Test,0.2996999432867852
KPROP-00508,2026-04-07 18:40:37,2026-04-07,Javier Assad,112,139,Away,bovada,,,-120.0,-120.0,3.5,3.2783681044802844,3.5,0.22163189551971563,0.07272281538966552,0.5851215356670902,0.5397489539748954,Under,-120.0,1.8333333333333335,-120.0,1.0,0.8333333333333335,100.0,83.33333333333334,0.8333333333333335,,Win,0.5570866141732284,0.08633586064651819,43.85861720843124,14385.861720843124,2026,2026-04,-149 to -120,2026 Frozen Test,0.0872673784675986
KPROP-00509,2026-04-07 18:45:38,2026-04-07,Matthew Liberatore,138,120,Away,betmgm,,,-125.0,-125.0,4.5,3.8410803233904516,4.5,0.6589196766095484,0.18773227135999015,0.6598512618666612,0.5324675324675325,Under,-125.0,1.8,-125.0,1.0,-1.0,100.0,-100.0,-1.0,,Loss,0.555992141453831,0.08420160551754664,42.85861720843124,14285.861720843124,2026,2026-04,-149 to -120,2026 Frozen Test,0.2346653391999877
KPROP-00510,2026-04-07 18:40:37,2026-04-07,Nick Pivetta,135,134,Away,draftkings,,,-119.0,-119.0,6.5,5.625844035244437,6.5,0.8741559647555626,0.22595922168213944,0.6661604903204319,0.5207877461706784,Under,-119.0,1.8403361344537816,-119.0,1.0,-1.0,100.0,-100.0,-1.0,,Loss,0.5549019607843138,0.08207572001653185,41.85861720843124,14185.861720843124,2026,2026-04,-119 to -101,2026 Frozen Test,0.2688914738017459
KPROP-00511,2026-04-07 18:40:37,2026-04-07,Paul Skenes,134,135,Home,bovada,,,-105.0,-105.0,6.5,5.663586209155944,6.5,0.8364137908440563,0.2888922641284365,0.660164330407248,0.4922600619195047,Under,-105.0,1.9523809523809523,-105.0,1.0,0.9523809523809523,100.0,95.23809523809523,0.9523809523809523,,Win,0.5557729941291585,0.08377886137145242,42.81099816081219,14281.09981608122,2026,2026-04,-119 to -101,2026 Frozen Test,0.3033368773348583
KPROP-00512,2026-04-07 19:40:38,2026-04-07,Taj Bradley,142,116,Home,draftkings,,,124.0,124.0,5.5,5.432247320741491,5.5,0.06775267925850859,0.21086760490010092,0.5405658950446879,0.4335260115606936,Under,124.0,2.24,124.0,1.0,-1.0,100.0,-100.0,-1.0,,Loss,0.5546875,0.08166210578283631,41.81099816081219,14181.09981608122,2026,2026-04,+121 to +150,2026 Frozen Test,0.17005452008072652
KPROP-00513,2026-04-07 19:40:38,2026-04-07,Taj Bradley,142,116,Home,betrivers,,,-175.0,-175.0,6.5,5.432247320741491,6.5,1.0677526792585086,0.09473062910537644,0.6966467639761487,0.5919881305637983,Under,-175.0,1.5714285714285714,-175.0,1.0,-1.0,100.0,-100.0,-1.0,,Loss,0.5536062378167641,0.07955360265265535,40.81099816081219,14081.09981608122,2026,2026-04,<= -150,2026 Frozen Test,0.16577860093440877
KPROP-00514,2026-04-07 19:40:38,2026-04-07,Tarik Skubal,116,142,Away,draftkings,,,115.0,115.0,7.5,6.701017188779272,7.5,0.7989828112207276,0.3828077621485849,0.6431664009993419,0.45142296368989204,Under,115.0,2.15,115.0,1.0,1.15,100.0,114.99999999999999,1.15,,Win,0.5544747081712063,0.08163618319224161,41.96099816081219,14196.09981608122,2026,2026-04,+100 to +120,2026 Frozen Test,0.332876314911813
KPROP-00515,2026-04-07 19:40:38,2026-04-07,Tarik Skubal,116,142,Away,betrivers,,,-180.0,-180.0,8.5,6.701017188779272,8.5,1.7989828112207276,0.1933561264324282,0.7671575098494181,0.5996568487274806,Under,-180.0,1.5555555555555556,-180.0,1.0,0.5555555555555556,100.0,55.55555555555556,0.5555555555555556,,Win,0.5553398058252427,0.08255641498323835,42.516553716367746,14251.655371636774,2026,2026-04,<= -150,2026 Frozen Test,0.3480410275783707
KPROP-00516,2026-04-07 15:10:38,2026-04-07,Trevor Rogers,110,145,Away,draftkings,,,124.0,124.0,4.5,4.597443238653516,4.5,-0.09744323865351578,0.15071833917445232,0.513713544274309,0.42662116040955633,Under,124.0,2.24,124.0,1.0,-1.0,100.0,-100.0,-1.0,,Loss,0.5542635658914729,0.08045843743482121,41.516553716367746,14151.655371636774,2026,2026-04,+121 to +150,2026 Frozen Test,0.1215470477213325
KPROP-00517,2026-04-07 15:10:38,2026-04-07,Trevor Rogers,110,145,Away,betmgm,,,-145.0,-145.0,5.5,4.597443238653516,5.5,0.9025567613464842,0.15944232303973732,0.6862005585337221,0.5848161328588375,Under,-145.0,1.6896551724137931,-145.0,1.0,-1.0,100.0,-100.0,-1.0,,Loss,0.5531914893617021,0.07836857585370938,40.516553716367746,14051.655371636774,2026,2026-04,-149 to -120,2026 Frozen Test,0.2311913684076191
KPROP-00518,2026-04-08 15:45:38,2026-04-08,Aaron Nola,143,137,Away,bovada,,,-135.0,-135.0,5.5,4.869294475458082,5.5,0.6307055245419182,0.11212789543300217,0.6388819824827885,0.5582706766917294,Under,-135.0,1.7407407407407407,-135.0,1.0,0.7407407407407407,100.0,74.07407407407408,0.7407407407407407,,Win,0.5540540540540541,0.07964728659673453,41.257294457108486,14125.72944571085,2026,2026-04,-149 to -120,2026 Frozen Test,0.15137265883455295
KPROP-00519,2026-04-08 19:40:37,2026-04-08,Bailey Ober,142,116,Home,draftkings,,,-111.0,-111.0,4.5,3.9573807336341638,4.5,0.5426192663658362,0.21118313523272747,0.637162691994468,0.5248817833821211,Under,-111.0,1.900900900900901,-111.0,1.0,0.900900900900901,100.0,90.0900900900901,0.900900900900901,,Win,0.5549132947976878,0.08122966350290826,42.15819535800939,14215.81953580094,2026,2026-04,-119 to -101,2026 Frozen Test,0.23441328010832746
KPROP-00520,2026-04-08 18:40:38,2026-04-08,Brady Singer,113,146,Away,betrivers,,,102.0,102.0,4.5,4.440331711983765,4.5,0.05966828801623514,0.09780001774005775,0.5434653553168602,0.48066174826738206,Under,102.0,2.02,102.0,1.0,1.02,100.0,102.0,1.02,,Win,0.5557692307692308,0.08303499107309498,43.17819535800939,14317.81953580094,2026,2026-04,+100 to +120,2026 Frozen Test,0.09588237033338995
KPROP-00521,2026-04-08 13:10:37,2026-04-08,Cole Ragans,118,114,Away,bovada,,,110.0,110.0,6.5,5.693119252708569,6.5,0.806880747291431,0.3764720955812074,0.6554629026577178,0.46424090338770385,Under,110.0,2.1,110.0,1.0,1.1,100.0,110.00000000000001,1.1,,Win,0.5566218809980806,0.08498693926681265,44.27819535800939,14427.81953580094,2026,2026-04,+100 to +120,2026 Frozen Test,0.34224735961927943
KPROP-00522,2026-04-08 16:10:38,2026-04-08,David Peterson,121,109,Home,draftkings,,,-159.0,-159.0,4.5,3.3862582171861972,4.5,1.1137417828138028,0.21637490894675623,0.7467320869595917,0.5811365915192288,Under,-159.0,1.6289308176100628,-159.0,1.0,-1.0,100.0,-100.0,-1.0,,Loss,0.5555555555555556,0.08290842022607163,43.27819535800939,14327.81953580094,2026,2026-04,<= -150,2026 Frozen Test,0.34403610522534245
KPROP-00523,2026-04-08 15:05:37,2026-04-08,Dylan Cease,141,119,Home,fanduel,,,126.0,126.0,6.5,6.447136997158518,6.5,0.05286300284148204,0.20879498670454832,0.5348650383648444,0.4238003579508999,Under,126.0,2.26,126.0,1.0,-1.0,100.0,-100.0,-1.0,,Loss,0.5544933078393881,0.08083784963290515,42.27819535800939,14227.81953580094,2026,2026-04,+121 to +150,2026 Frozen Test,0.1657103069083717
KPROP-00524,2026-04-08 15:05:37,2026-04-08,Dylan Cease,141,119,Home,betrivers,,,-159.0,-159.0,7.5,6.447136997158518,7.5,1.052863002841482,0.10844158924611297,0.6804718636684632,0.5723390905188072,Under,-159.0,1.6289308176100628,-159.0,1.0,-1.0,100.0,-100.0,-1.0,,Loss,0.5534351145038168,0.07877518198093396,41.27819535800939,14127.81953580094,2026,2026-04,<= -150,2026 Frozen Test,0.17242212690131967
KPROP-00525,2026-04-08 13:10:37,2026-04-08,Joey Cantillo,114,118,Home,betrivers,,,128.0,128.0,4.5,4.618241063511599,4.5,-0.11824106351159891,0.16238366669655235,0.5098173976739264,0.40801186943620177,Under,128.0,2.2800000000000002,128.0,1.0,-1.0,100.0,-100.0,-1.0,,Loss,0.5523809523809524,0.07672037211049408,40.27819535800939,14027.81953580094,2026,2026-04,+121 to +150,2026 Frozen Test,0.1268622396066815
KPROP-00526,2026-04-08 13:10:37,2026-04-08,Joey Cantillo,114,118,Home,draftkings,,,-142.0,-142.0,5.5,4.618241063511599,5.5,0.8817589364884011,0.16332126169621702,0.682609996532491,0.5634920634920635,Under,-142.0,1.704225352112676,-142.0,1.0,-1.0,100.0,-100.0,-1.0,,Loss,0.5513307984790875,0.07467337520534105,39.27819535800939,13927.81953580094,2026,2026-04,-149 to -120,2026 Frozen Test,0.2319161916086282
KPROP-00527,2026-04-08 14:35:38,2026-04-08,MacKenzie Gore,140,136,Home,betrivers,,,140.0,140.0,5.5,5.087855754327067,5.5,0.4121442456729332,0.4413170422886882,0.6005487676202867,0.38873994638069703,Under,140.0,2.4,140.0,1.0,-1.0,100.0,-100.0,-1.0,,Loss,0.5502846299810247,0.07263414678939163,38.27819535800939,13827.81953580094,2026,2026-04,+121 to +150,2026 Frozen Test,0.31522645877763444
KPROP-00528,2026-04-08 14:35:38,2026-04-08,MacKenzie Gore,140,136,Home,betonlineag,,,-135.0,-135.0,6.5,5.087855754327067,6.5,1.4121442456729332,0.3042106640366844,0.7492274027444783,0.54911742133538,Under,-135.0,1.7407407407407407,-135.0,1.0,-1.0,100.0,-100.0,-1.0,,Loss,0.5492424242424242,0.07060264272350264,37.27819535800939,13727.81953580094,2026,2026-04,-149 to -120,2026 Frozen Test,0.410684396449524
KPROP-00529,2026-04-08 12:35:38,2026-04-08,Michael King,135,134,Away,bovada,,,110.0,110.0,5.5,4.756853203927402,5.5,0.7431467960725984,0.38293181027678247,0.6585389572746583,0.4597933967996759,Under,110.0,2.1,110.0,1.0,1.1,100.0,110.00000000000001,1.1,,Win,0.5500945179584121,0.07254857345559432,38.37819535800939,13837.81953580094,2026,2026-04,+100 to +120,2026 Frozen Test,0.34811982752434767
KPROP-00530,2026-04-08 16:05:37,2026-04-08,Reid Detmers,108,144,Home,draftkings,,,106.0,106.0,5.5,5.533076531438742,5.5,-0.03307653143874223,0.07791154504348352,0.5232580315745066,0.47377843762281124,Under,106.0,2.06,106.0,1.0,1.06,100.0,106.0,1.06,,Win,0.5509433962264151,0.0744116893547347,39.438195358009395,13943.81953580094,2026,2026-04,+100 to +120,2026 Frozen Test,0.073501457588192
KPROP-00531,2026-04-08 14:10:37,2026-04-08,Sean Burke,145,110,Home,bovada,,,110.0,110.0,5.5,5.5618076832097305,5.5,-0.06180768320973051,0.08854679874784355,0.518355618451354,0.4532304725168756,Under,110.0,2.1,110.0,1.0,1.1,100.0,110.00000000000001,1.1,,Win,0.551789077212806,0.07634311743504595,40.538195358009396,14053.81953580094,2026,2026-04,+100 to +120,2026 Frozen Test,0.08049708977076686
KPROP-00532,2026-04-08 15:05:37,2026-04-08,Shohei Ohtani,119,141,Away,draftkings,,,124.0,124.0,5.5,5.619627825784244,5.5,-0.11962782578424402,0.13911485204772867,0.508533416092736,0.42997542997543003,Under,124.0,2.24,124.0,1.0,1.2400000000000002,100.0,124.00000000000003,1.2400000000000002,,Win,0.5526315789473685,0.0785304424022733,41.7781953580094,14177.81953580094,2026,2026-04,+121 to +150,2026 Frozen Test,0.11218939681268439
KPROP-00533,2026-04-08 13:30:40,2026-04-08,Sonny Gray,111,158,Home,betmgm,,,110.0,110.0,5.5,5.517295865305806,5.5,-0.0172958653058064,0.10450868603314778,0.5259565171586418,0.46153846153846156,Under,110.0,2.1,110.0,1.0,1.1,100.0,110.00000000000001,1.1,,Win,0.5534709193245778,0.08044689560602139,42.8781953580094,14287.81953580094,2026,2026-04,+100 to +120,2026 Frozen Test,0.0950078963937707
KPROP-00534,2026-04-08 19:05:38,2026-04-08,Will Warren,147,133,Home,betmgm,,,105.0,105.0,5.5,4.748159236698885,5.5,0.7518407633011153,0.35311240119887155,0.6600548298531081,0.48665249232223007,Under,105.0,2.05,105.0,1.0,1.0499999999999998,100.0,104.99999999999999,1.0499999999999998,,Win,0.5543071161048689,0.0822625381236131,43.9281953580094,14392.81953580094,2026,2026-04,+100 to +120,2026 Frozen Test,0.33629752495130627
KPROP-00535,2026-04-09 13:40:37,2026-04-09,Jack Flaherty,116,142,Away,bovada,,,115.0,115.0,5.5,5.453766894995767,5.5,0.04623310500423283,0.1542474494066457,0.5368592787937887,0.44978673904614186,Under,115.0,2.15,115.0,1.0,-1.0,100.0,-100.0,-1.0,,Loss,0.5532710280373832,0.08023961749160635,42.9281953580094,14292.81953580094,2026,2026-04,+100 to +120,2026 Frozen Test,0.1341282168753441
KPROP-00536,2026-04-09 13:40:37,2026-04-09,Jack Flaherty,116,142,Away,betmgm,,,-160.0,-160.0,6.5,5.453766894995767,6.5,1.0462331050042328,0.12658689457686306,0.6932842428165311,0.5911949685534592,Under,-160.0,1.625,-160.0,1.0,0.625,100.0,62.5,0.625,,Win,0.5541044776119403,0.0812559614888235,43.5531953580094,14355.31953580094,2026,2026-04,<= -150,2026 Frozen Test,0.2025390313229809
KPROP-00537,2026-04-09 12:10:38,2026-04-09,Max Meyer,146,113,Home,betonlineag,,,115.0,115.0,5.5,5.167443011078546,5.5,0.33255698892145436,0.2612047394758129,0.5866068555701456,0.45142296368989204,Under,115.0,2.15,115.0,1.0,1.15,100.0,114.99999999999999,1.15,,Win,0.5549348230912476,0.0832461738510417,44.703195358009395,14470.31953580094,2026,2026-04,+100 to +120,2026 Frozen Test,0.22713455606592428
KPROP-00538,2026-04-09 12:10:38,2026-04-09,Max Meyer,146,113,Home,betrivers,,,-182.0,-182.0,6.5,5.167443011078546,6.5,1.3325569889214544,0.14242935194652828,0.7373125604761281,0.6026490066225165,Under,-182.0,1.5494505494505495,-182.0,1.0,0.5494505494505495,100.0,54.94505494505495,0.5494505494505495,,Win,0.5557620817843866,0.08411272473505566,45.25264590745994,14525.264590745994,2026,2026-04,<= -150,2026 Frozen Test,0.25922142054268144
KPROP-00539,2026-04-09 13:35:38,2026-04-09,Ryan Weathers,147,133,Home,betmgm,,,110.0,110.0,5.5,5.062999348580896,5.5,0.4370006514191038,0.27030633376236557,0.6049077779820788,0.4661016949152542,Under,110.0,2.1,110.0,1.0,-1.0,100.0,-100.0,-1.0,,Loss,0.5547309833024119,0.08210138387283848,44.25264590745994,14425.264590745994,2026,2026-04,+100 to +120,2026 Frozen Test,0.2457330306930596
KPROP-00540,2026-04-09 19:40:37,2026-04-09,Seth Lugo,118,145,Home,betonlineag,,,118.0,118.0,4.5,4.627930672731371,4.5,-0.12793067273137115,0.10745282461864647,0.5080058828525902,0.4479937670432412,Under,118.0,2.1799999999999997,118.0,1.0,1.1799999999999997,100.0,117.99999999999997,1.1799999999999997,,Win,0.5555555555555556,0.08413452945825915,45.43264590745994,14543.264590745994,2026,2026-04,+100 to +120,2026 Frozen Test,0.09106171577851398
KPROP-00541,2026-04-10 19:10:38,2026-04-10,Clay Holmes,121,133,Home,bovada,,,125.0,125.0,4.5,4.408895355226848,4.5,0.09110464477315183,0.23632762055050052,0.5494789424668891,0.4317062248096731,Under,125.0,2.25,125.0,1.0,1.25,100.0,125.0,1.25,,Win,0.55637707948244,0.08628954881231043,46.68264590745994,14668.264590745994,2026,2026-04,+121 to +150,2026 Frozen Test,0.1890620964404004
KPROP-00542,2026-04-10 18:40:38,2026-04-10,Jesús Luzardo,143,109,Home,betonlineag,,,128.0,128.0,5.5,5.796867596092296,5.5,-0.2968675960922962,0.09174041127939091,0.47883351371903105,0.42633491752865527,Under,128.0,2.2800000000000002,128.0,1.0,-1.0,100.0,-100.0,-1.0,,Loss,0.5553505535055351,0.08428532455250912,45.68264590745994,14568.264590745994,2026,2026-04,+121 to +150,2026 Frozen Test,0.07167219631202414
KPROP-00543,2026-04-10 19:40:39,2026-04-10,Kris Bubic,118,145,Home,draftkings,,,124.0,124.0,5.5,4.653630472312055,5.5,0.846369527687945,0.5153293437058157,0.676486314154382,0.4372906587272051,Under,124.0,2.24,124.0,1.0,-1.0,100.0,-100.0,-1.0,,Loss,0.5543278084714549,0.08228848233418037,44.68264590745994,14468.264590745994,2026,2026-04,+121 to +150,2026 Frozen Test,0.41558818040791584
KPROP-00544,2026-04-10 19:40:39,2026-04-10,Kris Bubic,118,145,Home,betrivers,,,-190.0,-190.0,6.5,4.653630472312055,6.5,1.846369527687945,0.23765609986217742,0.8108781343924611,0.6112600536193029,Under,-190.0,1.526315789473684,-190.0,1.0,-1.0,100.0,-100.0,-1.0,,Loss,0.5533088235294118,0.08029898144753667,43.68264590745994,14368.264590745994,2026,2026-04,<= -150,2026 Frozen Test,0.45154658973813727
KPROP-00545,2026-04-10 19:15:38,2026-04-10,Landen Roupp,137,110,Away,betonlineag,,,110.0,110.0,5.5,4.9980190426337225,5.5,0.5019809573662775,0.2942473211491662,0.6163082481662696,0.46153846153846156,Under,110.0,2.1,110.0,1.0,1.1,100.0,110.00000000000001,1.1,,Win,0.5541284403669725,0.08216999249075219,44.782645907459944,14478.264590745994,2026,2026-04,+100 to +120,2026 Frozen Test,0.2674975646810602
KPROP-00546,2026-04-10 18:40:38,2026-04-10,Michael Soroka,109,143,Away,betmgm,,,-145.0,-145.0,5.5,4.820569078354389,5.5,0.6794309216456114,0.09390058899808112,0.6474105526723337,0.5764909248055315,Under,-145.0,1.6896551724137931,-145.0,1.0,-1.0,100.0,-100.0,-1.0,,Loss,0.5531135531135531,0.08018799616750906,43.782645907459944,14378.264590745994,2026,2026-04,-149 to -120,2026 Frozen Test,0.1361558540472176
KPROP-00547,2026-04-10 19:05:38,2026-04-10,Patrick Corbin,141,142,Home,betmgm,,,-125.0,-125.0,4.5,4.049995526647294,4.5,0.4500044733527062,0.11432686263599728,0.6190704792422207,0.5544554455445545,Under,-125.0,1.8,-125.0,1.0,0.8,100.0,80.0,0.8,,Win,0.5539305301645339,0.08150392304837284,44.58264590745994,14458.264590745994,2026,2026-04,-149 to -120,2026 Frozen Test,0.1429085782949966
KPROP-00548,2026-04-10 19:15:38,2026-04-10,Shane Baz,110,137,Home,bovada,,,-125.0,-125.0,5.5,4.816328831690644,5.5,0.6836711683093561,0.16667372299382766,0.6481520683299042,0.5324675324675325,Under,-125.0,1.8,-125.0,1.0,0.8,100.0,80.0,0.8,,Win,0.5547445255474452,0.08281504727638675,45.38264590745994,14538.264590745994,2026,2026-04,-149 to -120,2026 Frozen Test,0.20834215374228457
KPROP-00549,2026-04-10 14:20:38,2026-04-10,Shota Imanaga,112,134,Home,betonlineag,,,113.0,113.0,5.5,5.202561260249063,5.5,0.2974387397509366,0.23639120997439567,0.5804653567954909,0.44971773036073104,Under,113.0,2.13,113.0,1.0,-1.0,100.0,-100.0,-1.0,,Loss,0.5537340619307832,0.08084270657096528,44.38264590745994,14438.264590745994,2026,2026-04,+100 to +120,2026 Frozen Test,0.20919576103928822
KPROP-00550,2026-04-10 19:15:38,2026-04-10,Slade Cecconi,114,144,Away,draftkings,,,-136.0,-136.0,4.5,4.055237616558765,4.5,0.4447623834412351,0.07249280362526211,0.6180467003942188,0.5533686601059804,Under,-136.0,1.7352941176470589,-136.0,1.0,0.7352941176470589,100.0,73.52941176470588,0.7352941176470589,,Win,0.5545454545454546,0.08203261822746727,45.117940025106996,14511.7940025107,2026,2026-04,-149 to -120,2026 Frozen Test,0.09859021293035647
KPROP-00551,2026-04-10 19:10:38,2026-04-10,Steven Matz,139,147,Home,betmgm,,,-120.0,-120.0,4.5,4.211045630863996,4.5,0.2889543691360039,0.0774134506498379,0.5876800639908206,0.5278969957081545,Under,-120.0,1.8333333333333335,-120.0,1.0,-1.0,100.0,-100.0,-1.0,,Loss,0.5535390199637024,0.08006885666988565,44.117940025106996,14411.7940025107,2026,2026-04,-149 to -120,2026 Frozen Test,0.09289614077980546
KPROP-00552,2026-04-11 19:15:38,2026-04-11,Chris Bassitt,110,137,Home,betonlineag,,,110.0,110.0,4.5,3.989744798294767,4.5,0.5102552017052329,0.3247649502111625,0.6308404524815059,0.4709748083242059,Under,110.0,2.1,110.0,1.0,1.1,100.0,110.00000000000001,1.1,,Win,0.5543478260869565,0.08191655801649818,45.217940025107,14521.7940025107,2026,2026-04,+100 to +120,2026 Frozen Test,0.2952408638283295
KPROP-00553,2026-04-11 14:20:37,2026-04-11,Edward Cabrera,112,134,Home,betrivers,,,138.0,138.0,5.5,5.6547422327396255,5.5,-0.1547422327396255,0.19618445013625638,0.5025985084606119,0.3924905308228578,Under,138.0,2.38,138.0,1.0,1.38,100.0,138.0,1.38,,Win,0.5551537070524413,0.08426390601285172,46.597940025107,14659.7940025107,2026,2026-04,+121 to +150,2026 Frozen Test,0.14216264502627277
KPROP-00554,2026-04-11 14:20:37,2026-04-11,Edward Cabrera,112,134,Home,fanatics,,,-145.0,-145.0,6.5,5.6547422327396255,6.5,0.8452577672603745,0.11782627495194792,0.6615706525225814,0.5610892153350053,Under,-145.0,1.6896551724137931,-145.0,1.0,0.6896551724137931,100.0,68.96551724137932,0.6896551724137931,,Win,0.555956678700361,0.08535667003162598,47.287595197520794,14728.759519752079,2026,2026-04,-149 to -120,2026 Frozen Test,0.17084809868032447
KPROP-00555,2026-04-11 15:05:39,2026-04-11,Eric Lauer,141,142,Home,betmgm,,,-105.0,-105.0,4.5,4.184577065458323,4.5,0.3154229345416768,0.1574235160085481,0.5928266789312076,0.5011698642957417,Under,-105.0,1.9523809523809523,-105.0,1.0,0.9523809523809523,100.0,95.23809523809523,0.9523809523809523,,Win,0.5567567567567567,0.0869188759457689,48.23997614990174,14823.997614990174,2026,2026-04,-119 to -101,2026 Frozen Test,0.16529469180897552
KPROP-00556,2026-04-11 16:10:37,2026-04-11,Kodai Senga,121,133,Home,betrivers,,,140.0,140.0,5.5,5.261338047205609,5.5,0.2386619527943914,0.36849416854932426,0.5702059035622185,0.38873994638069703,Under,140.0,2.4,140.0,1.0,1.4,100.0,140.0,1.4,,Win,0.5575539568345323,0.08928053264370817,49.63997614990174,14963.997614990174,2026,2026-04,+121 to +150,2026 Frozen Test,0.2632101203923745
KPROP-00557,2026-04-11 16:10:37,2026-04-11,Kodai Senga,121,133,Home,fanduel,,,-120.0,-120.0,6.5,5.261338047205609,6.5,1.2386619527943914,0.32560843838051473,0.7230591482075535,0.5303159692570453,Under,-120.0,1.8333333333333335,-120.0,1.0,0.8333333333333335,100.0,83.33333333333334,0.8333333333333335,,Win,0.5583482944344704,0.09061635454799834,50.47330948323508,15047.330948323508,2026,2026-04,-149 to -120,2026 Frozen Test,0.39073012605661767
KPROP-00558,2026-04-11 19:10:39,2026-04-11,Kyle Harrison,158,120,Home,draftkings,,,120.0,120.0,5.5,4.946699866170924,5.5,0.553300133829076,0.37568683736904196,0.6253121988041099,0.45454545454545453,Under,120.0,2.2,120.0,1.0,1.2000000000000002,100.0,120.00000000000001,1.2000000000000002,,Win,0.5591397849462365,0.0926044972817833,51.67330948323508,15167.330948323508,2026,2026-04,+100 to +120,2026 Frozen Test,0.31307236447420156
KPROP-00559,2026-04-11 19:10:39,2026-04-11,Kyle Harrison,158,120,Home,betrivers,,,-182.0,-182.0,6.5,4.946699866170924,6.5,1.553300133829076,0.19297602551605286,0.7699348817160341,0.6026490066225165,Under,-182.0,1.5494505494505495,-182.0,1.0,0.5494505494505495,100.0,54.94505494505495,0.5494505494505495,,Win,0.5599284436493739,0.09342175318906194,52.22276003268563,15222.276003268562,2026,2026-04,<= -150,2026 Frozen Test,0.35121636643921617
KPROP-00560,2026-04-11 18:10:38,2026-04-11,Nick Martinez,139,147,Home,betonlineag,,,100.0,100.0,4.5,4.311675973808254,4.5,0.18832402619174626,0.1363645127729134,0.5681822563864567,0.48837209302325585,Under,100.0,2.0,100.0,1.0,1.0,100.0,100.0,1.0,,Win,0.5607142857142857,0.09504064291551005,53.22276003268563,15322.276003268562,2026,2026-04,+100 to +120,2026 Frozen Test,0.1363645127729134
KPROP-00561,2026-04-11 19:15:38,2026-04-11,Ranger Suarez,111,138,Away,bovada,,,110.0,110.0,4.5,4.105536204754475,4.5,0.39446379524552544,0.2772790170704691,0.60822810336689,0.4709748083242059,Under,110.0,2.1,110.0,1.0,-1.0,100.0,-100.0,-1.0,,Loss,0.5597147950089126,0.09308869881049131,52.22276003268563,15222.276003268562,2026,2026-04,+100 to +120,2026 Frozen Test,0.2520718337004264
KPROP-00562,2026-04-12 14:10:37,2026-04-12,Brandon Woodruff,158,120,Home,bovada,,,125.0,125.0,5.5,4.95368326422097,5.5,0.5463167357790297,0.40419608033720267,0.6240871468165345,0.4199432509120389,Under,125.0,2.25,125.0,1.0,-1.0,100.0,-100.0,-1.0,,Loss,0.5587188612099644,0.09114370112577513,51.22276003268563,15122.276003268562,2026,2026-04,+121 to +150,2026 Frozen Test,0.3233568642697621
KPROP-00563,2026-04-12 14:10:37,2026-04-12,Brandon Woodruff,158,120,Home,draftkings,,,-149.0,-149.0,6.5,4.95368326422097,6.5,1.5463167357790297,0.2849806677956841,0.7689241747050479,0.5812874150803794,Under,-149.0,1.6711409395973154,-149.0,1.0,0.6711409395973154,100.0,67.11409395973153,0.6711409395973154,,Win,0.5595026642984015,0.092173891602634,51.89390097228294,15189.390097228294,2026,2026-04,-149 to -120,2026 Frozen Test,0.42462119501556933
KPROP-00564,2026-04-12 13:35:37,2026-04-12,Cade Povich,110,137,Home,draftkings,,,-130.0,-130.0,5.5,4.478503272483075,5.5,1.0214967275169249,0.250135279244012,0.7065982013118329,0.5427435387673957,Under,-130.0,1.7692307692307692,-130.0,1.0,0.7692307692307692,100.0,76.92307692307692,0.7692307692307692,,Win,0.5602836879432624,0.09337434705942146,52.66313174151371,15266.313174151372,2026,2026-04,-149 to -120,2026 Frozen Test,0.3251758630172157
KPROP-00565,2026-04-12 19:20:37,2026-04-12,Chris Sale,144,114,Home,betonlineag,,,132.0,132.0,6.5,6.0030934831708525,6.5,0.49690651682914755,0.4054696823414263,0.6058058975609595,0.42208690838638246,Under,132.0,2.3200000000000003,132.0,1.0,1.3200000000000003,100.0,132.00000000000003,1.3200000000000003,,Win,0.5610619469026549,0.09554536591418356,53.98313174151371,15398.313174151372,2026,2026-04,+121 to +150,2026 Frozen Test,0.30717400177380766
KPROP-00566,2026-04-12 19:20:37,2026-04-12,Chris Sale,144,114,Home,betrivers,,,-159.0,-159.0,7.5,6.0030934831708525,7.5,1.4969065168291475,0.21119761688058553,0.743553749359124,0.5745729303547964,Under,-159.0,1.6289308176100628,-159.0,1.0,0.6289308176100628,100.0,62.89308176100627,0.6289308176100628,,Win,0.5618374558303887,0.09648774303732115,54.61206255912377,15461.206255912377,2026,2026-04,<= -150,2026 Frozen Test,0.33580421084013107
KPROP-00567,2026-04-12 13:40:37,2026-04-12,Freddy Peralta,121,133,Home,betmgm,,,110.0,110.0,6.5,6.1978199426796445,6.5,0.30218005732035547,0.2065807678689796,0.5745622704137998,0.4532304725168756,Under,110.0,2.1,110.0,1.0,1.1,100.0,110.00000000000001,1.1,,Win,0.562610229276896,0.09825760592438056,55.71206255912377,15571.206255912377,2026,2026-04,+100 to +120,2026 Frozen Test,0.18780069806270872
KPROP-00568,2026-04-12 13:40:37,2026-04-12,Freddy Peralta,121,133,Home,betrivers,,,-186.0,-186.0,7.5,6.1978199426796445,7.5,1.3021800573203555,0.10144651052561432,0.7163253529991758,0.6075094691771422,Under,-186.0,1.5376344086021505,-186.0,1.0,0.5376344086021505,100.0,53.76344086021505,0.5376344086021505,,Win,0.5633802816901409,0.0990311566333203,56.249696967725924,15624.969696772594,2026,2026-04,<= -150,2026 Frozen Test,0.18869050957764263
KPROP-00569,2026-04-12 14:20:37,2026-04-12,Jameson Taillon,112,134,Home,betrivers,,,108.0,108.0,4.5,4.423500892352125,4.5,0.07649910764787471,0.1371000906456411,0.5466827358873274,0.4723582925122463,Under,108.0,2.08,108.0,1.0,-1.0,100.0,-100.0,-1.0,,Loss,0.562390158172232,0.09709964317702272,55.249696967725924,15524.969696772594,2026,2026-04,+100 to +120,2026 Frozen Test,0.1269445283755936
KPROP-00570,2026-04-12 16:10:37,2026-04-12,Logan Gilbert,136,117,Home,betrivers,,,135.0,135.0,5.5,5.569424880382461,5.5,-0.06942488038246086,0.21508688522040187,0.5170582490299582,0.4059747223286097,Under,135.0,2.35,135.0,1.0,-1.0,100.0,-100.0,-1.0,,Loss,0.5614035087719298,0.09517490696092268,54.249696967725924,15424.969696772594,2026,2026-04,+121 to +150,2026 Frozen Test,0.15932361868177916
KPROP-00571,2026-04-12 16:10:37,2026-04-12,Logan Gilbert,136,117,Home,bovada,,,-145.0,-145.0,6.5,5.569424880382461,6.5,0.9305751196175391,0.14067838686909606,0.6750953718204854,0.5667167742505969,Under,-145.0,1.6896551724137931,-145.0,1.0,-1.0,100.0,-100.0,-1.0,,Loss,0.5604203152364273,0.09325691237780372,53.249696967725924,15324.969696772594,2026,2026-04,-149 to -120,2026 Frozen Test,0.20398366096018927
KPROP-00572,2026-04-12 13:35:37,2026-04-12,Max Scherzer,141,142,Home,betonlineag,,,130.0,130.0,4.5,4.729283465203942,4.5,-0.22928346520394172,0.12517257209035793,0.4892054661262426,0.42350907519446845,Under,130.0,2.3,130.0,1.0,1.2999999999999998,100.0,129.99999999999997,1.2999999999999998,,Win,0.5611888111888111,0.09536660309042994,54.54969696772592,15454.969696772594,2026,2026-04,+121 to +150,2026 Frozen Test,0.09628659391565995
KPROP-00573,2026-04-12 16:10:37,2026-04-12,Nick Pivetta,135,115,Home,bovada,,,-125.0,-125.0,7.5,6.098157997601136,7.5,1.4018420023988636,0.31464575295898756,0.730358751643882,0.5360824742268041,Under,-125.0,1.8,-125.0,1.0,0.8,100.0,80.0,0.8,,Win,0.5619546247818499,0.09659632978660719,55.34969696772592,15534.969696772594,2026,2026-04,-149 to -120,2026 Frozen Test,0.3933071911987344
KPROP-00574,2026-04-12 14:10:37,2026-04-12,Noah Cameron,118,145,Home,draftkings,,,118.0,118.0,4.5,4.635464880907063,4.5,-0.13546488090706266,0.10438576115181931,0.5065989730054218,0.4549553242069022,Under,118.0,2.1799999999999997,118.0,1.0,1.1799999999999997,100.0,117.99999999999997,1.1799999999999997,,Win,0.5627177700348432,0.0984837926267002,56.52969696772592,15652.969696772594,2026,2026-04,+100 to +120,2026 Frozen Test,0.08846250945069434
KPROP-00575,2026-04-12 19:20:37,2026-04-12,Tanner Bibee,114,144,Away,betrivers,,,104.0,104.0,4.5,4.521023141748282,4.5,-0.021023141748282015,0.07736059474871637,0.5281179386023119,0.4705435516542876,Under,104.0,2.04,104.0,1.0,1.04,100.0,104.0,1.04,,Win,0.5634782608695652,0.1001212121177842,57.56969696772592,15756.969696772594,2026,2026-04,+100 to +120,2026 Frozen Test,0.07438518725838113
KPROP-00576,2026-04-12 13:40:37,2026-04-12,Tarik Skubal,116,146,Home,bovada,,,105.0,105.0,7.5,5.949525818072354,7.5,1.5504741819276457,0.5393433051998515,0.7508991732682203,0.4740160904544466,Under,105.0,2.05,105.0,1.0,1.0499999999999998,100.0,104.99999999999999,1.0499999999999998,,Win,0.5642361111111112,0.10177030723563527,58.619696967725915,15861.969696772594,2026,2026-04,+100 to +120,2026 Frozen Test,0.5136602906665253
KPROP-00577,2026-04-12 13:35:37,2026-04-12,Zac Gallen,109,143,Away,betmgm,,,-125.0,-125.0,5.5,4.694363063676444,5.5,0.8056369363235563,0.20495271465672837,0.6694181748092936,0.5511221945137158,Under,-125.0,1.8,-125.0,1.0,0.8,100.0,80.0,0.8,,Win,0.5649913344887348,0.10298041068929967,59.41969696772591,15941.969696772594,2026,2026-04,-149 to -120,2026 Frozen Test,0.25619089332091044
KPROP-00578,2026-04-13 18:40:38,2026-04-13,Cristopher Sánchez,143,112,Home,draftkings,,,-132.0,-132.0,6.5,5.760280751404272,6.5,0.739719248595728,0.1331875002439889,0.6447446122077868,0.555895865237366,Under,-132.0,1.7575757575757576,-132.0,1.0,-1.0,100.0,-100.0,-1.0,,Loss,0.5640138408304498,0.10107214008257079,58.41969696772591,15841.969696772594,2026,2026-04,-149 to -120,2026 Frozen Test,0.17580750032206535
KPROP-00579,2026-04-13 19:40:38,2026-04-13,Garrett Crochet,111,142,Away,betmgm,,,-110.0,-110.0,7.5,6.6691674957043,7.5,0.8308325042957003,0.2368571036263496,0.647877530470945,0.49892519346517633,Under,-110.0,1.9090909090909092,-110.0,1.0,0.9090909090909092,100.0,90.90909090909092,0.9090909090909092,,Win,0.5647668393782384,0.10246768199795651,59.32878787681682,15932.878787681684,2026,2026-04,-119 to -101,2026 Frozen Test,0.26054281398898455
KPROP-00580,2026-04-13 19:15:38,2026-04-13,Grant Holmes,144,146,Home,betrivers,,,145.0,145.0,4.5,4.790823127414338,4.5,-0.29082312741433824,0.17092968361059813,0.47793048310636654,0.3987730061349693,Under,145.0,2.45,145.0,1.0,1.4500000000000002,100.0,145.00000000000003,1.4500000000000002,,Win,0.5655172413793104,0.10479101358071866,60.77878787681682,16077.878787681684,2026,2026-04,+121 to +150,2026 Frozen Test,0.11788254042110215
KPROP-00581,2026-04-13 19:15:38,2026-04-13,Grant Holmes,144,146,Home,betrivers,,,-143.0,-143.0,5.5,4.790823127414338,5.5,0.7091768725856618,0.10898022673318565,0.6526097630569776,0.5630832299476779,Under,-143.0,1.6993006993006992,-143.0,1.0,0.6993006993006992,100.0,69.93006993006992,0.6993006993006992,,Win,0.5662650602409639,0.10581426605183739,61.47808857611752,16147.808857611755,2026,2026-04,-149 to -120,2026 Frozen Test,0.1558417242284555
KPROP-00582,2026-04-13 18:40:38,2026-04-13,Paul Skenes,134,120,Home,draftkings,,,109.0,109.0,6.5,5.631090300472817,6.5,0.8689096995271832,0.39053525135151723,0.6653278714600561,0.4721642692434392,Under,109.0,2.09,109.0,1.0,1.0899999999999999,100.0,108.99999999999999,1.0899999999999999,,Win,0.5670103092783505,0.10750530683181704,62.56808857611752,16256.808857611755,2026,2026-04,+100 to +120,2026 Frozen Test,0.35828922142341035
KPROP-00583,2026-04-13 19:05:37,2026-04-13,Will Warren,147,108,Home,betmgm,,,120.0,120.0,5.5,5.1504791378486425,5.5,0.34952086215135747,0.2970674166412114,0.5895760984732779,0.4465678627145086,Under,120.0,2.2,120.0,1.0,-1.0,100.0,-100.0,-1.0,,Loss,0.5660377358490566,0.10560564078236281,61.56808857611752,16156.808857611755,2026,2026-04,+100 to +120,2026 Frozen Test,0.24755618053434278
KPROP-00584,2026-04-13 19:05:37,2026-04-13,Yusei Kikuchi,108,147,Away,betrivers,,,-132.0,-132.0,5.5,4.980028239689363,5.5,0.5199717603106366,0.0887566673667321,0.6194650003983131,0.5443833464257659,Under,-132.0,1.7575757575757576,-132.0,1.0,0.7575757575757576,100.0,75.75757575757575,0.7575757575757576,,Win,0.5667808219178082,0.10672202796865286,62.325664333693275,16232.566433369331,2026,2026-04,-149 to -120,2026 Frozen Test,0.11715880092408637
KPROP-00585,2026-04-14 18:35:38,2026-04-14,Aaron Nola,143,112,Home,betmgm,,,-135.0,-135.0,5.5,4.93245570663885,5.5,0.5675442933611503,0.09285559324758214,0.6278106599507387,0.5627093412727949,Under,-135.0,1.7407407407407407,-135.0,1.0,0.7407407407407407,100.0,74.07407407407408,0.7407407407407407,,Win,0.5675213675213675,0.10780582064005814,63.066405074434016,16306.640507443404,2026,2026-04,-149 to -120,2026 Frozen Test,0.1253550508842359
KPROP-00586,2026-04-14 18:35:38,2026-04-14,Brady Singer,113,137,Home,betmgm,,,-118.0,-118.0,4.5,3.8581971431172737,4.5,0.6418028568827263,0.21288714397057906,0.6565168944427905,0.5319879776728209,Under,-118.0,1.847457627118644,-118.0,1.0,0.847457627118644,100.0,84.7457627118644,0.847457627118644,,Win,0.568259385665529,0.10906802508797382,63.91386270155266,16391.386270155268,2026,2026-04,-119 to -101,2026 Frozen Test,0.2512068298852833
KPROP-00587,2026-04-14 18:35:38,2026-04-14,Cole Ragans,118,116,Away,draftkings,,,113.0,113.0,6.5,6.023428585631172,6.5,0.476571414368828,0.2834094899931412,0.6025396666634466,0.44971773036073104,Under,113.0,2.13,113.0,1.0,1.13,100.0,112.99999999999999,1.13,,Win,0.5689948892674617,0.11080726184250878,65.04386270155265,16504.386270155268,2026,2026-04,+100 to +120,2026 Frozen Test,0.2508048584010099
KPROP-00588,2026-04-14 18:35:38,2026-04-14,Cole Ragans,118,116,Away,betrivers,,,-175.0,-175.0,7.5,6.023428585631172,7.5,1.476571414368828,0.16403246968455332,0.7407479352538067,0.5919881305637983,Under,-175.0,1.5714285714285714,-175.0,1.0,0.5714285714285714,100.0,57.14285714285714,0.5714285714285714,,Win,0.5697278911564626,0.11159063141663474,65.61529127298122,16561.529127298127,2026,2026-04,<= -150,2026 Frozen Test,0.28705682194796833
KPROP-00589,2026-04-14 19:40:38,2026-04-14,Joey Cantillo,114,138,Away,betrivers,,,138.0,138.0,4.5,4.887141259561666,4.5,-0.3871412595616661,0.09602469950955639,0.46051457962586406,0.4151838671411625,Under,138.0,2.38,138.0,1.0,1.38,100.0,138.0,1.38,,Win,0.5704584040747029,0.11374412779793076,66.99529127298122,16699.529127298127,2026,2026-04,+121 to +150,2026 Frozen Test,0.06958311558663507
KPROP-00590,2026-04-14 19:35:38,2026-04-14,Kevin Gausman,141,158,Away,betrivers,,,140.0,140.0,5.5,5.61217894614391,5.5,-0.11217894614391,0.22350894629068896,0.5097953942877871,0.40731237973059653,Under,140.0,2.4,140.0,1.0,1.4,100.0,140.0,1.4,,Win,0.5711864406779661,0.11592422249657834,68.39529127298123,16839.529127298127,2026,2026-04,+121 to +150,2026 Frozen Test,0.15964924735049213
KPROP-00591,2026-04-14 19:35:38,2026-04-14,Kevin Gausman,141,158,Away,betrivers,,,-143.0,-143.0,6.5,5.61217894614391,6.5,0.88782105385609,0.13569000145741744,0.6683278609399618,0.5642037302725968,Under,-143.0,1.6993006993006992,-143.0,1.0,0.6993006993006992,100.0,69.93006993006992,0.6993006993006992,,Win,0.571912013536379,0.11691132313414876,69.09459197228192,16909.459197228196,2026,2026-04,-149 to -120,2026 Frozen Test,0.19403670208410698
KPROP-00592,2026-04-14 19:10:37,2026-04-14,Reynaldo López,144,146,Home,betmgm,,,-110.0,-110.0,4.5,4.29685659576939,4.5,0.20314340423060973,0.09017823876073215,0.5710457441127644,0.5128740431454418,Under,-110.0,1.9090909090909092,-110.0,1.0,-1.0,100.0,-100.0,-1.0,,Loss,0.5709459459459459,0.11502464860182757,68.09459197228192,16809.459197228196,2026,2026-04,-119 to -101,2026 Frozen Test,0.09919606263680537
KPROP-00593,2026-04-14 19:35:38,2026-04-14,Sonny Gray,111,142,Away,fanduel,,,116.0,116.0,5.5,5.394469174375988,5.5,0.10553082562401173,0.18171039105379083,0.5470881440063846,0.4462590201291302,Under,116.0,2.16,116.0,1.0,1.1600000000000001,100.0,116.00000000000001,1.1600000000000001,,Win,0.5716694772344013,0.11678683300553443,69.25459197228191,16925.459197228196,2026,2026-04,+100 to +120,2026 Frozen Test,0.15664688883947483
KPROP-00594,2026-04-14 19:35:38,2026-04-14,Sonny Gray,111,142,Away,betrivers,,,-186.0,-186.0,6.5,5.394469174375988,6.5,1.1055308256240117,0.080236298676723,0.7025312991394073,0.6075094691771422,Under,-186.0,1.5376344086021505,-186.0,1.0,0.5376344086021505,100.0,53.76344086021505,0.5376344086021505,,Win,0.5723905723905723,0.11749533060754892,69.79222638088406,16979.22263808841,2026,2026-04,<= -150,2026 Frozen Test,0.1492395155387048
KPROP-00595,2026-04-15 18:40:37,2026-04-15,Jack Flaherty,116,118,Home,betrivers,,,140.0,140.0,4.5,4.46045509723795,4.5,0.03954490276205025,0.29510150026233994,0.5396256251093083,0.41048466864490607,Under,140.0,2.4,140.0,1.0,-1.0,100.0,-100.0,-1.0,,Loss,0.5714285714285714,0.11561718719476313,68.79222638088406,16879.22263808841,2026,2026-04,+121 to +150,2026 Frozen Test,0.2107867859016714
KPROP-00596,2026-04-15 18:40:37,2026-04-15,Jack Flaherty,116,118,Home,betrivers,,,-155.0,-155.0,5.5,4.46045509723795,5.5,1.0395449027620502,0.16752245496272405,0.7096705118400872,0.5922935486449755,Under,-155.0,1.6451612903225805,-155.0,1.0,-1.0,100.0,-100.0,-1.0,,Loss,0.5704697986577181,0.1137453462766511,67.79222638088406,16779.22263808841,2026,2026-04,<= -150,2026 Frozen Test,0.2596598051922223
KPROP-00597,2026-04-15 18:40:37,2026-04-15,Rhett Lowder,113,137,Home,bovada,,,100.0,100.0,3.5,3.4823421359944735,3.5,0.01765786400552649,0.08089547911572303,0.5404477395578615,0.48837209302325585,Under,100.0,2.0,100.0,1.0,-1.0,100.0,-100.0,-1.0,,Loss,0.5695142378559463,0.11187977618238536,66.79222638088406,16679.22263808841,2026,2026-04,+100 to +120,2026 Frozen Test,0.08089547911572303
KPROP-00598,2026-04-15 18:40:37,2026-04-15,Shota Imanaga,112,143,Away,betmgm,,,-105.0,-105.0,5.5,5.1915548295655,5.5,0.30844517043450015,0.13704583511503887,0.5823893301808736,0.5047835446065534,Under,-105.0,1.9523809523809523,-105.0,1.0,-1.0,100.0,-100.0,-1.0,,Loss,0.568561872909699,0.11002044545298338,65.79222638088406,16579.22263808841,2026,2026-04,-119 to -101,2026 Frozen Test,0.14389812687079082
KPROP-00599,2026-04-16 15:05:38,2026-04-16,Jacob Lopez,133,140,Home,betmgm,,,-105.0,-105.0,5.5,4.835032242713285,5.5,0.664967757286715,0.25905227773589357,0.6448804349378967,0.5,Under,-105.0,1.9523809523809523,-105.0,1.0,0.9523809523809523,100.0,95.23809523809523,0.9523809523809523,,Win,0.5692821368948247,0.11142672342782138,66.74460733326501,16674.46073332651,2026,2026-04,-119 to -101,2026 Frozen Test,0.27200489162268826
KPROP-00600,2026-04-16 13:10:38,2026-04-16,Kris Bubic,118,116,Away,betrivers,,,102.0,102.0,5.5,5.020421221501871,5.5,0.47957877849812913,0.23700244196437814,0.6123774465170189,0.4757785467128028,Under,102.0,2.02,102.0,1.0,1.02,100.0,102.0,1.02,,Win,0.57,0.11294101222210834,67.764607333265,16776.46073332651,2026,2026-04,+100 to +120,2026 Frozen Test,0.23235533525919425
KPROP-00601,2026-04-16 12:40:38,2026-04-16,Landen Roupp,137,113,Away,betmgm,,,110.0,110.0,5.5,5.355735152584763,5.5,0.14426484741523726,0.16296769067387687,0.5537941384161318,0.47619047619047616,Under,110.0,2.1,110.0,1.0,-1.0,100.0,-100.0,-1.0,,Loss,0.5690515806988353,0.11108919689395176,66.764607333265,16676.46073332651,2026,2026-04,+100 to +120,2026 Frozen Test,0.14815244606716074
KPROP-00602,2026-04-16 18:10:38,2026-04-16,Shane Baz,110,114,Away,fanduel,,,-172.0,-172.0,5.5,4.615852055260258,5.5,0.884147944739742,0.08012901364225516,0.6830227586267201,0.5977521443359953,Under,-172.0,1.5813953488372094,-172.0,1.0,-1.0,100.0,-100.0,-1.0,,Loss,0.5681063122923588,0.10924353377618772,65.764607333265,16576.46073332651,2026,2026-04,<= -150,2026 Frozen Test,0.13782190346467885
KPROP-00603,2026-04-16 14:10:38,2026-04-16,Steven Matz,139,145,Away,betrivers,,,120.0,120.0,4.5,4.000331696526165,4.5,0.4996683034738352,0.3832986919100122,0.6287721326863691,0.43579626972740315,Under,120.0,2.2,120.0,1.0,1.2000000000000002,100.0,120.00000000000001,1.2000000000000002,,Win,0.5688225538971807,0.11105241680475125,66.96460733326501,16696.46073332651,2026,2026-04,+100 to +120,2026 Frozen Test,0.3194155765916768
KPROP-00604,2026-04-16 14:10:38,2026-04-16,Steven Matz,139,145,Away,bovada,,,-165.0,-165.0,5.5,4.000331696526165,5.5,1.4996683034738352,0.2608837203928682,0.7850785428861256,0.5909231244211176,Under,-165.0,1.606060606060606,-165.0,1.0,0.606060606060606,100.0,60.606060606060595,0.606060606060606,,Win,0.5695364238410596,0.11187196678696294,67.57066793932562,16757.06679393257,2026,2026-04,<= -150,2026 Frozen Test,0.4304581386482326
KPROP-00605,2026-04-17 14:20:38,2026-04-17,Edward Cabrera,112,121,Home,draftkings,,,121.0,121.0,5.5,5.570329988649346,5.5,-0.07032998864934559,0.14235818676207257,0.5169041569059152,0.4488778054862843,Under,121.0,2.21,121.0,1.0,1.21,100.0,121.0,1.21,,Win,0.5702479338842975,0.1136870544451663,68.78066793932561,16878.06679393257,2026,2026-04,+121 to +150,2026 Frozen Test,0.11765139401824179
KPROP-00606,2026-04-17 14:20:38,2026-04-17,Kodai Senga,121,112,Away,betonlineag,,,117.0,117.0,4.5,4.663738485287541,4.5,-0.1637384852875412,0.08789114806935039,0.5013323262992398,0.4413387274733358,Under,117.0,2.17,117.0,1.0,1.17,100.0,117.0,1.17,,Win,0.570957095709571,0.1154301451143987,69.95066793932561,16995.06679393257,2026,2026-04,+100 to +120,2026 Frozen Test,0.07512063937551315
KPROP-00607,2026-04-17 14:20:38,2026-04-17,Kodai Senga,121,112,Away,bovada,,,-150.0,-150.0,5.5,4.663738485287541,5.5,0.8362615147124588,0.12455701844182698,0.6747342110650962,0.5755517826825127,Under,-150.0,1.6666666666666665,-150.0,1.0,0.6666666666666665,100.0,66.66666666666666,0.6666666666666665,,Win,0.57166392092257,0.11633827776934479,70.61733460599228,17061.733460599236,2026,2026-04,<= -150,2026 Frozen Test,0.1868355276627405
KPROP-00608,2026-04-17 19:15:38,2026-04-17,Ranger Suarez,111,116,Home,betmgm,,,105.0,105.0,4.5,4.141397168574283,4.5,0.35860283142571703,0.23253219736153152,0.6012352182251374,0.47799865981684164,Under,105.0,2.05,105.0,1.0,1.0499999999999998,100.0,104.99999999999999,1.0499999999999998,,Win,0.5723684210526315,0.11787390560196098,71.66733460599228,17166.733460599236,2026,2026-04,+100 to +120,2026 Frozen Test,0.221459235582411
KPROP-00609,2026-04-17 18:10:38,2026-04-17,Tanner Bibee,114,110,Home,draftkings,,,108.0,108.0,5.5,5.539160104345701,5.5,-0.03916010434570083,0.08621517261231926,0.5222188329866919,0.46391752577319584,Under,108.0,2.08,108.0,1.0,1.08,100.0,108.0,1.08,,Win,0.5730706075533661,0.11945375140557024,72.74733460599228,17274.733460599236,2026,2026-04,+100 to +120,2026 Frozen Test,0.07982886352992523
KPROP-00610,2026-04-18 19:15:38,2026-04-18,Chris Sale,144,143,Away,mybookieag,,,100.0,100.0,7.5,6.754614369863081,7.5,0.7453856301369193,0.2704473775389591,0.6352236887694795,0.5121951219512195,Under,100.0,2.0,100.0,1.0,1.0,100.0,100.0,1.0,,Win,0.5737704918032787,0.12089726984588899,73.74733460599228,17374.733460599236,2026,2026-04,+100 to +120,2026 Frozen Test,0.2704473775389591
KPROP-00611,2026-04-18 19:15:38,2026-04-18,Cristopher Sánchez,143,144,Home,betrivers,,,188.0,188.0,5.5,5.835418627194001,5.5,-0.3354186271940014,0.36069625279353135,0.47246397666442064,0.3607103218645949,Under,188.0,2.88,188.0,1.0,-1.0,100.0,-100.0,-1.0,,Loss,0.5728314238952537,0.11906274076267148,72.74733460599228,17274.733460599236,2026,2026-04,>= +151,2026 Frozen Test,0.19185970893272944
KPROP-00612,2026-04-18 19:15:38,2026-04-18,Cristopher Sánchez,143,144,Home,betrivers,,,-108.0,-108.0,6.5,5.835418627194001,6.5,0.6645813728059986,0.21856839556389773,0.6327182053889469,0.5286439448875998,Under,-108.0,1.925925925925926,-108.0,1.0,-1.0,100.0,-100.0,-1.0,,Loss,0.5718954248366013,0.1172342068725364,71.74733460599228,17174.733460599236,2026,2026-04,-119 to -101,2026 Frozen Test,0.23605386720900953
KPROP-00613,2026-04-18 14:20:38,2026-04-18,Freddy Peralta,121,112,Away,draftkings,,,106.0,106.0,5.5,5.540825895704296,5.5,-0.0408258957042964,0.07518484095638811,0.5219343888137806,0.4620329449578144,Under,106.0,2.06,106.0,1.0,1.06,100.0,106.0,1.06,,Win,0.5725938009787929,0.11877216085806244,72.80733460599228,17280.733460599236,2026,2026-04,+100 to +120,2026 Frozen Test,0.07092909524187557
KPROP-00614,2026-04-18 19:10:38,2026-04-18,Lance McCullers Jr.,117,138,Home,fanduel,,,118.0,118.0,4.5,4.6155606362457915,4.5,-0.11556063624579149,0.11249527108054103,0.5103189316883217,0.4432091346153846,Under,118.0,2.1799999999999997,118.0,1.0,1.1799999999999997,100.0,117.99999999999997,1.1799999999999997,,Win,0.5732899022801303,0.12050054496089949,73.98733460599229,17398.733460599236,2026,2026-04,+100 to +120,2026 Frozen Test,0.09533497549198394
KPROP-00615,2026-04-18 19:15:38,2026-04-18,Nathan Eovaldi,140,136,Away,draftkings,,,114.0,114.0,5.5,5.225371242988249,5.5,0.27462875701175093,0.23366878869258456,0.5764807423797125,0.45257772530499807,Under,114.0,2.1399999999999997,114.0,1.0,1.1399999999999997,100.0,113.99999999999997,1.1399999999999997,,Win,0.5739837398373984,0.12215826765201998,75.12733460599229,17512.733460599236,2026,2026-04,+100 to +120,2026 Frozen Test,0.20497262166016195
KPROP-00616,2026-04-18 19:15:38,2026-04-18,Nathan Eovaldi,140,136,Away,betrivers,,,-190.0,-190.0,6.5,5.225371242988249,6.5,1.274628757011751,0.11198619149375749,0.7285426771855653,0.6112600536193029,Under,-190.0,1.526315789473684,-190.0,1.0,0.5263157894736841,100.0,52.63157894736841,0.5263157894736841,,Win,0.5746753246753247,0.1228143675251071,75.65365039546597,17565.365039546603,2026,2026-04,<= -150,2026 Frozen Test,0.21277376383813928
KPROP-00617,2026-04-18 16:05:38,2026-04-18,Paul Skenes,134,139,Home,betmgm,,,-135.0,-135.0,6.5,5.563787964470715,6.5,0.9362120355292847,0.17671640309065728,0.6759860187967606,0.54911742133538,Under,-135.0,1.7407407407407407,-135.0,1.0,0.7407407407407407,100.0,74.07407407407408,0.7407407407407407,,Win,0.5753646677471637,0.12381586894036746,76.39439113620672,17639.439113620676,2026,2026-04,-149 to -120,2026 Frozen Test,0.23856714417238734
KPROP-00618,2026-04-18 16:10:38,2026-04-18,Tarik Skubal,116,111,Away,betrivers,,,-103.0,-103.0,7.5,6.931393333480867,7.5,0.5686066665191332,0.20013455806721894,0.6089352683789337,0.49764317699740745,Under,-103.0,1.970873786407767,-103.0,1.0,-1.0,100.0,-100.0,-1.0,,Loss,0.5744336569579288,0.12199739666052868,75.39439113620672,17539.439113620676,2026,2026-04,-119 to -101,2026 Frozen Test,0.2061385948092355
KPROP-00619,2026-04-18 13:35:38,2026-04-18,Will Warren,147,118,Home,betonlineag,,,128.0,128.0,4.5,4.454961074289693,4.5,0.04503892571030743,0.23273479986836243,0.540673157837001,0.4329403095062638,Under,128.0,2.2800000000000002,128.0,1.0,-1.0,100.0,-100.0,-1.0,,Loss,0.5735056542810986,0.12018479989694139,74.39439113620672,17439.439113620676,2026,2026-04,+121 to +150,2026 Frozen Test,0.18182406239715812
KPROP-00620,2026-04-19 19:20:37,2026-04-19,Andrew Painter,143,144,Home,bovada,,,-110.0,-110.0,4.5,4.303616517788342,4.5,0.19638348221165813,0.0876838895267592,0.5697391802283024,0.495787700084246,Under,-110.0,1.9090909090909092,-110.0,1.0,0.9090909090909092,100.0,90.90909090909092,0.9090909090909092,,Win,0.5741935483870968,0.12145722910531875,75.30348204529763,17530.348204529768,2026,2026-04,-119 to -101,2026 Frozen Test,0.09645227847943512
KPROP-00621,2026-04-19 14:10:38,2026-04-19,Bailey Ober,142,113,Home,bovada,,,120.0,120.0,4.5,4.597537478531545,4.5,-0.09753747853154504,0.13013090500115465,0.5136958659096157,0.4260237780713342,Under,120.0,2.2,120.0,1.0,-1.0,100.0,-100.0,-1.0,,Loss,0.573268921095008,0.1196513398475002,74.30348204529763,17430.348204529768,2026,2026-04,+100 to +120,2026 Frozen Test,0.10844242083429553
KPROP-00622,2026-04-19 14:10:38,2026-04-19,Bailey Ober,142,113,Home,betonlineag,,,-159.0,-159.0,5.5,4.597537478531545,5.5,0.902462521468455,0.11774675822435327,0.6861843033114756,0.5885427423070201,Under,-159.0,1.6289308176100628,-159.0,1.0,-1.0,100.0,-100.0,-1.0,,Loss,0.572347266881029,0.11785125730755246,73.30348204529763,17330.348204529768,2026,2026-04,<= -150,2026 Frozen Test,0.18721734557672173
KPROP-00623,2026-04-19 14:10:38,2026-04-19,Brady Singer,113,142,Away,bovada,,,105.0,105.0,4.5,4.515116632290745,4.5,-0.015116632290745002,0.08493534606372977,0.5292367541774292,0.4721030042918455,Under,105.0,2.05,105.0,1.0,1.0499999999999998,100.0,104.99999999999999,1.0499999999999998,,Win,0.5730337078651685,0.11934748321877628,74.35348204529762,17435.348204529768,2026,2026-04,+100 to +120,2026 Frozen Test,0.08089080577498074
KPROP-00624,2026-04-19 13:35:37,2026-04-19,Cole Ragans,118,147,Away,betrivers,,,-117.0,-117.0,6.5,6.119342249948927,6.5,0.38065775005107305,0.08897121502002679,0.5871411620154061,0.5250082083834957,Under,-117.0,1.8547008547008548,-117.0,1.0,0.8547008547008548,100.0,85.47008547008548,0.8547008547008548,,Win,0.5737179487179487,0.12052593413461295,75.20818289999848,17520.818289999854,2026,2026-04,-119 to -101,2026 Frozen Test,0.10409632157343135
KPROP-00625,2026-04-19 16:30:44,2026-04-19,Garrett Crochet,111,116,Home,betrivers,,,125.0,125.0,6.5,6.271398392195959,6.5,0.22860160780404115,0.2662932327295364,0.5627969923242384,0.41540256709451573,Under,125.0,2.25,125.0,1.0,-1.0,100.0,-100.0,-1.0,,Loss,0.5728,0.11873309263999757,74.20818289999848,17420.818289999854,2026,2026-04,+121 to +150,2026 Frozen Test,0.21303458618362914
KPROP-00626,2026-04-19 16:30:44,2026-04-19,Garrett Crochet,111,116,Home,draftkings,,,-133.0,-133.0,7.5,6.271398392195959,7.5,1.2286016078040412,0.23655821921896414,0.7058465371507392,0.556697108066971,Under,-133.0,1.7518796992481203,-133.0,1.0,-1.0,100.0,-100.0,-1.0,,Loss,0.5718849840255591,0.11694597907347999,73.20818289999848,17320.818289999854,2026,2026-04,-149 to -120,2026 Frozen Test,0.3146224315612223
KPROP-00627,2026-04-19 16:05:38,2026-04-19,Jeffrey Springs,133,145,Home,betonlineag,,,-145.0,-145.0,5.5,4.826795416734394,5.5,0.6732045832656057,0.09206047689794072,0.6463215067355159,0.5622263914946841,Under,-145.0,1.6896551724137931,-145.0,1.0,-1.0,100.0,-100.0,-1.0,,Loss,0.5709728867623605,0.1151645660287057,72.20818289999848,17220.818289999854,2026,2026-04,-149 to -120,2026 Frozen Test,0.13348769150201403
KPROP-00628,2026-04-19 16:10:38,2026-04-19,MacKenzie Gore,140,136,Away,bovada,,,-110.0,-110.0,6.5,5.770867525699857,6.5,0.729132474300143,0.22764493813552633,0.6430521104519423,0.5067750677506776,Under,-110.0,1.9090909090909092,-110.0,1.0,0.9090909090909092,100.0,90.90909090909092,0.9090909090909092,,Win,0.571656050955414,0.11642877995077927,73.11727380908938,17311.727380908946,2026,2026-04,-119 to -101,2026 Frozen Test,0.25040943194907894
KPROP-00629,2026-04-19 13:35:37,2026-04-19,Robbie Ray,137,120,Away,fanatics,,,120.0,120.0,5.5,5.328124362687071,5.5,0.17187563731292865,0.22888704489661493,0.5585850204075522,0.43509272467902993,Under,120.0,2.2,120.0,1.0,-1.0,100.0,-100.0,-1.0,,Loss,0.5707472178060413,0.11465385343257453,72.11727380908938,17211.727380908946,2026,2026-04,+100 to +120,2026 Frozen Test,0.19073920408051243
KPROP-00630,2026-04-19 13:35:37,2026-04-19,Robbie Ray,137,120,Away,draftkings,,,-145.0,-145.0,6.5,5.328124362687071,6.5,1.1718756373129287,0.2043934377710771,0.7128042794971681,0.5868465430016863,Under,-145.0,1.6896551724137931,-145.0,1.0,-1.0,100.0,-100.0,-1.0,,Loss,0.5698412698412698,0.11288456160172917,71.11727380908938,17111.727380908946,2026,2026-04,-149 to -120,2026 Frozen Test,0.29637048476806177
KPROP-00631,2026-04-19 13:35:37,2026-04-19,Ryan Weathers,147,118,Home,betmgm,,,-125.0,-125.0,5.5,4.941968481886692,5.5,0.5580315181133084,0.12705585751291015,0.6261421430627279,0.5443037974683544,Under,-125.0,1.8,-125.0,1.0,-1.0,100.0,-100.0,-1.0,,Loss,0.5689381933438986,0.11112087766892137,70.11727380908938,17011.727380908946,2026,2026-04,-149 to -120,2026 Frozen Test,0.1588198218911377
KPROP-00632,2026-04-20 19:40:38,2026-04-20,Aaron Nola,143,112,Away,betmgm,,,-135.0,-135.0,5.5,4.895679255292786,5.5,0.6043207447072136,0.10408019129077273,0.6342588332946992,0.5537409798708697,Under,-135.0,1.7407407407407407,-135.0,1.0,0.7407407407407407,100.0,74.07407407407408,0.7407407407407407,,Win,0.569620253164557,0.11211711162947806,70.85801454983013,17085.80145498302,2026,2026-04,-149 to -120,2026 Frozen Test,0.14050825824254318
KPROP-00633,2026-04-20 11:10:38,2026-04-20,Jack Flaherty,116,111,Away,fanduel,,,126.0,126.0,5.5,5.113140912326362,5.5,0.3868590876736384,0.3472232669294966,0.5961164897918128,0.42510328814832515,Under,126.0,2.26,126.0,1.0,1.2599999999999998,100.0,125.99999999999997,1.2599999999999998,,Win,0.5703001579778831,0.11393051271695125,72.11801454983014,17211.80145498302,2026,2026-04,+121 to +150,2026 Frozen Test,0.27557402137261644
KPROP-00634,2026-04-20 11:10:38,2026-04-20,Jack Flaherty,116,111,Away,betmgm,,,-140.0,-140.0,6.5,5.113140912326362,6.5,1.3868590876736384,0.2779307415549973,0.745459599240415,0.5445920303605313,Under,-140.0,1.7142857142857144,-140.0,1.0,0.7142857142857144,100.0,71.42857142857144,0.7142857142857144,,Win,0.5709779179810726,0.11487744521153918,72.83230026411584,17283.23002641159,2026,2026-04,-149 to -120,2026 Frozen Test,0.38910303817699615
KPROP-00635,2026-04-21 18:45:38,2026-04-21,Foster Griffin,120,144,Home,betrivers,,,155.0,155.0,3.5,3.8132147538601546,3.5,-0.3132147538601546,0.20050183813996902,0.4707850345646938,0.38922155688622756,Under,155.0,2.55,155.0,1.0,1.5499999999999998,100.0,154.99999999999997,1.5499999999999998,,Win,0.5716535433070866,0.11713748073089109,74.38230026411584,17438.23002641159,2026,2026-04,>= +151,2026 Frozen Test,0.12935602460643164
KPROP-00636,2026-04-21 18:45:38,2026-04-21,Foster Griffin,120,144,Home,bovada,,,-130.0,-130.0,4.5,3.8132147538601546,4.5,0.6867852461398454,0.1770238052180596,0.6652743246884685,0.5403677058353318,Under,-130.0,1.7692307692307692,-130.0,1.0,0.7692307692307692,100.0,76.92307692307692,0.7692307692307692,,Win,0.5723270440251572,0.11816278464362676,75.15153103334661,17515.15310333467,2026,2026-04,-149 to -120,2026 Frozen Test,0.2301309467834775
KPROP-00637,2026-04-21 19:40:38,2026-04-21,Kris Bubic,118,110,Home,betonlineag,,,-120.0,-120.0,6.5,5.57335987565204,6.5,0.9266401243479603,0.23653457069691175,0.6744734021983154,0.5278969957081545,Under,-120.0,1.8333333333333335,-120.0,1.0,0.8333333333333335,100.0,83.33333333333334,0.8333333333333335,,Win,0.5729984301412873,0.11928550136056507,75.98486436667994,17598.486436668,2026,2026-04,-149 to -120,2026 Frozen Test,0.28384148483629407
KPROP-00638,2026-04-21 19:40:38,2026-04-21,Shota Imanaga,112,143,Home,betrivers,,,135.0,135.0,5.5,5.759390191815107,5.5,-0.2593901918151067,0.13988657050444242,0.48505811510827335,0.3973509933774834,Under,135.0,2.35,135.0,1.0,1.35,100.0,135.0,1.35,,Win,0.5736677115987461,0.121214520950909,77.33486436667994,17733.486436668,2026,2026-04,+121 to +150,2026 Frozen Test,0.10361968185514253
KPROP-00639,2026-04-21 19:40:38,2026-04-21,Shota Imanaga,112,143,Home,fanatics,,,-125.0,-125.0,6.5,5.759390191815107,6.5,0.7406098081848933,0.1607965135199233,0.6448869519555129,0.5431472081218274,Under,-125.0,1.8,-125.0,1.0,0.8,100.0,80.0,0.8,,Win,0.5743348982785602,0.12227678304644747,78.13486436667993,17813.486436668,2026,2026-04,-149 to -120,2026 Frozen Test,0.20099564189990413
KPROP-00640,2026-04-21 18:40:38,2026-04-21,Steven Matz,139,113,Home,betrivers,,,140.0,140.0,4.5,4.800859808996825,4.5,-0.3008598089968251,0.14264541154552568,0.4761022548106357,0.40090771558245086,Under,140.0,2.4,140.0,1.0,1.4,100.0,140.0,1.4,,Win,0.575,0.1242732255729374,79.53486436667994,17953.486436668,2026,2026-04,+121 to +150,2026 Frozen Test,0.10188957967537549
KPROP-00641,2026-04-21 18:40:38,2026-04-21,Steven Matz,139,113,Home,fanatics,,,-130.0,-130.0,5.5,4.800859808996825,5.5,0.6991401910031749,0.1515147887604007,0.6508561849515309,0.5564982645584265,Under,-130.0,1.7692307692307692,-130.0,1.0,0.7692307692307692,100.0,76.92307692307692,0.7692307692307692,,Win,0.5756630265210608,0.12527939958800424,80.30409513591071,18030.409513591076,2026,2026-04,-149 to -120,2026 Frozen Test,0.19696922538852094
KPROP-00642,2026-04-22 16:10:38,2026-04-22,Aaron Civale,133,136,Away,bovada,,,110.0,110.0,4.5,4.465722995986637,4.5,0.03427700401336331,0.13110570578480163,0.5386217646594293,0.45809161832366474,Under,110.0,2.1,110.0,1.0,-1.0,100.0,-100.0,-1.0,,Loss,0.5747663551401869,0.12352662793755563,79.30409513591071,17930.409513591076,2026,2026-04,+100 to +120,2026 Frozen Test,0.11918700525891056
KPROP-00643,2026-04-22 19:10:38,2026-04-22,Clay Holmes,121,142,Home,bovada,,,-110.0,-110.0,4.5,4.201722261500246,4.5,0.29827773849975436,0.12539417462536195,0.5894921867085229,0.5,Under,-110.0,1.9090909090909092,-110.0,1.0,0.9090909090909092,100.0,90.90909090909092,0.9090909090909092,,Win,0.5754276827371695,0.12474834532659661,80.21318604500162,18021.318604500168,2026,2026-04,-119 to -101,2026 Frozen Test,0.13793359208789813
KPROP-00644,2026-04-22 12:10:38,2026-04-22,Kyle Leahy,138,146,Away,betmgm,,,105.0,105.0,3.5,3.2261545725188023,3.5,0.27384542748119767,0.22323960885710503,0.5967022482229781,0.47799865981684164,Under,105.0,2.05,105.0,1.0,1.0499999999999998,100.0,104.99999999999999,1.0499999999999998,,Win,0.5760869565217391,0.1261850714984497,81.26318604500162,18126.318604500168,2026,2026-04,+100 to +120,2026 Frozen Test,0.212609151292481
KPROP-00645,2026-04-22 16:10:38,2026-04-22,Logan Gilbert,136,133,Home,draftkings,,,111.0,111.0,6.5,5.8257020126770565,6.5,0.6742979873229435,0.3383204953743716,0.6342751162911713,0.4649196956889265,Under,111.0,2.1100000000000003,111.0,1.0,1.1100000000000003,100.0,111.00000000000003,1.1100000000000003,,Win,0.5767441860465117,0.12771036596124283,82.37318604500162,18237.31860450017,2026,2026-04,+100 to +120,2026 Frozen Test,0.30479323907601036
KPROP-00646,2026-04-22 19:40:38,2026-04-22,Matthew Boyd,112,143,Home,betrivers,,,135.0,135.0,4.5,4.651267154235171,4.5,-0.15126715423517112,0.18358419532297432,0.5036528490736061,0.40938907768908556,Under,135.0,2.35,135.0,1.0,-1.0,100.0,-100.0,-1.0,,Loss,0.5758513931888545,0.12596468428018825,81.37318604500162,18137.31860450017,2026,2026-04,+121 to +150,2026 Frozen Test,0.1359882928318328
KPROP-00647,2026-04-22 19:40:38,2026-04-22,Matthew Boyd,112,143,Home,betmgm,,,-150.0,-150.0,5.5,4.651267154235171,5.5,0.8487328457648289,0.12815963081482645,0.6768957784888959,0.5819397993311037,Under,-150.0,1.6666666666666665,-150.0,1.0,0.6666666666666665,100.0,66.66666666666666,0.6666666666666665,,Win,0.5765069551777434,0.1268003905899046,82.03985271166829,18203.985271166835,2026,2026-04,<= -150,2026 Frozen Test,0.19223944622223973
KPROP-00648,2026-04-22 13:10:38,2026-04-22,Peter Lambert,117,114,Away,draftkings,,,128.0,128.0,3.5,3.630647724800153,3.5,-0.13064772480015296,0.1598844440643007,0.508721247396623,0.4161331626120358,Under,128.0,2.2800000000000002,128.0,1.0,-1.0,100.0,-100.0,-1.0,,Loss,0.5756172839506173,0.12506150109825354,81.03985271166829,18103.985271166835,2026,2026-04,+121 to +150,2026 Frozen Test,0.12490972192523489
KPROP-00649,2026-04-22 13:10:38,2026-04-22,Peter Lambert,117,114,Away,fanduel,,,-158.0,-158.0,4.5,3.630647724800153,4.5,0.869352275199847,0.14396581602155623,0.7005682129124259,0.5900206578738281,Under,-158.0,1.6329113924050633,-158.0,1.0,-1.0,100.0,-100.0,-1.0,,Loss,0.5747303543913713,0.12332797027992032,80.03985271166829,18003.985271166835,2026,2026-04,<= -150,2026 Frozen Test,0.22746598931405881
KPROP-00650,2026-04-22 18:45:38,2026-04-22,Ranger Suarez,111,147,Home,betrivers,,,132.0,132.0,4.5,4.6130326924997265,4.5,-0.11303269249972647,0.18503766938277244,0.5107920988718846,0.40282706067128143,Under,132.0,2.3200000000000003,132.0,1.0,1.3200000000000003,100.0,132.00000000000003,1.3200000000000003,,Win,0.5753846153846154,0.12516900417179735,81.35985271166828,18135.985271166835,2026,2026-04,+121 to +150,2026 Frozen Test,0.14018005256270635
KPROP-00651,2026-04-22 18:45:38,2026-04-22,Ranger Suarez,111,147,Home,betrivers,,,-159.0,-159.0,5.5,4.6130326924997265,5.5,0.8869673075002735,0.11339012821784934,0.6835097698325794,0.5854009924763887,Under,-159.0,1.6289308176100628,-159.0,1.0,0.6289308176100628,100.0,62.89308176100627,0.6289308176100628,,Win,0.576036866359447,0.12594283184220945,81.98878352927835,18198.878352927844,2026,2026-04,<= -150,2026 Frozen Test,0.18029030386638048
KPROP-00652,2026-04-23 19:10:38,2026-04-23,Joe Ryan,142,121,Away,betrivers,,,125.0,125.0,5.5,5.8091028091475945,5.5,-0.30910280914759447,0.07281854969169765,0.4768082443074212,0.4281984334203655,Under,125.0,2.25,125.0,1.0,1.25,100.0,125.0,1.25,,Win,0.5766871165644172,0.12766684590380115,83.23878352927835,18323.878352927844,2026,2026-04,+121 to +150,2026 Frozen Test,0.05825483975335812
KPROP-00653,2026-04-23 15:45:38,2026-04-23,Logan Webb,137,119,Home,betonlineag,,,118.0,118.0,5.5,5.5289820231135325,5.5,-0.028982023113532485,0.14222800545856118,0.5239578006690648,0.4549553242069022,Under,118.0,2.1799999999999997,118.0,1.0,1.1799999999999997,100.0,117.99999999999997,1.1799999999999997,,Win,0.5773353751914242,0.12927838212753195,84.41878352927836,18441.878352927844,2026,2026-04,+100 to +120,2026 Frozen Test,0.12053220801572984
KPROP-00654,2026-04-23 15:40:38,2026-04-23,Michael Soroka,109,145,Home,draftkings,,,103.0,103.0,5.5,5.364317239892636,5.5,0.1356827601073638,0.12118275935016942,0.5523067780050095,0.4745470232959448,Under,103.0,2.0300000000000002,103.0,1.0,-1.0,100.0,-100.0,-1.0,,Loss,0.5764525993883792,0.1275516567725969,83.41878352927836,18341.878352927844,2026,2026-04,+100 to +120,2026 Frozen Test,0.11765316441764019
KPROP-00655,2026-04-23 13:10:37,2026-04-23,Tarik Skubal,116,158,Home,betrivers,,,148.0,148.0,6.5,6.485738061076645,6.5,0.014261938923355366,0.3113517234026749,0.528770856210756,0.39881138567406943,Under,148.0,2.48,148.0,1.0,1.48,100.0,148.0,1.48,,Win,0.5770992366412214,0.1296164634034784,84.89878352927836,18489.878352927844,2026,2026-04,+121 to +150,2026 Frozen Test,0.21037278608288845
KPROP-00656,2026-04-23 13:10:37,2026-04-23,Tarik Skubal,116,158,Home,betrivers,,,-137.0,-137.0,7.5,6.485738061076645,7.5,1.0142619389233554,0.16742776031358697,0.6748422074386558,0.5685889034512888,Under,-137.0,1.72992700729927,-137.0,1.0,0.7299270072992701,100.0,72.99270072992701,0.7299270072992701,,Win,0.5777439024390244,0.13053157093990492,85.62871053657763,18562.87105365777,2026,2026-04,-149 to -120,2026 Frozen Test,0.22937603162961415
KPROP-00657,2026-04-23 15:45:38,2026-04-23,Tyler Glasnow,119,137,Away,betmgm,,,-140.0,-140.0,6.5,5.634757650180573,6.5,0.865242349819427,0.13956400104260724,0.6647456672748542,0.5750708215297451,Under,-140.0,1.7142857142857144,-140.0,1.0,-1.0,100.0,-100.0,-1.0,,Loss,0.5768645357686454,0.12881082273451694,84.62871053657763,18462.87105365777,2026,2026-04,-149 to -120,2026 Frozen Test,0.19538960145965012
KPROP-00658,2026-04-24 19:10:38,2026-04-24,Freddy Peralta,121,115,Home,betonlineag,,,114.0,114.0,6.5,6.034345384898523,6.5,0.4656546151014771,0.2856826799719443,0.6007862990523105,0.4447739065974796,Under,114.0,2.1399999999999997,114.0,1.0,-1.0,100.0,-100.0,-1.0,,Loss,0.5759878419452887,0.1270953047668353,83.62871053657763,18362.87105365777,2026,2026-04,+100 to +120,2026 Frozen Test,0.250598842080653
KPROP-00659,2026-04-24 19:10:38,2026-04-24,Freddy Peralta,121,115,Home,draftkings,,,-153.0,-153.0,7.5,6.034345384898523,7.5,1.465654615101477,0.22239978244378633,0.7392378130984163,0.586972492041466,Under,-153.0,1.65359477124183,-153.0,1.0,-1.0,100.0,-100.0,-1.0,,Loss,0.575113808801214,0.1253849932269767,82.62871053657763,18262.87105365777,2026,2026-04,<= -150,2026 Frozen Test,0.34027166713899315
KPROP-00660,2026-04-24 19:10:38,2026-04-24,Taj Bradley,142,139,Away,betrivers,,,135.0,135.0,4.5,4.822219750486386,4.5,-0.3222197504863864,0.10972089105041792,0.4722216557661353,0.42179261862917394,Under,135.0,2.35,135.0,1.0,1.35,100.0,135.0,1.35,,Win,0.5757575757575758,0.1272404705099661,83.97871053657762,18397.87105365777,2026,2026-04,+121 to +150,2026 Frozen Test,0.0812747341114207
KPROP-00661,2026-04-24 19:40:38,2026-04-24,Yusei Kikuchi,108,118,Away,draftkings,,,125.0,125.0,4.5,4.59115103380268,4.5,-0.09115103380267975,0.1585123576196994,0.5148943811643109,0.4242424242424243,Under,125.0,2.25,125.0,1.0,-1.0,100.0,-100.0,-1.0,,Loss,0.5748865355521936,0.12553511427621425,82.97871053657762,18297.87105365777,2026,2026-04,+121 to +150,2026 Frozen Test,0.12680988609575952
KPROP-00662,2026-04-24 19:40:38,2026-04-24,Yusei Kikuchi,108,118,Away,betmgm,,,-160.0,-160.0,5.5,4.59115103380268,5.5,0.9088489661973203,0.11683907000468963,0.6872855815413474,0.5891276864728192,Under,-160.0,1.625,-160.0,1.0,0.625,100.0,62.5,0.625,,Win,0.5755287009063444,0.1262895929555553,83.60371053657762,18360.37105365777,2026,2026-04,<= -150,2026 Frozen Test,0.1869425120075034
KPROP-00663,2026-04-25 16:10:37,2026-04-25,Bailey Ober,142,139,Away,betrivers,,,143.0,143.0,3.5,3.699502728402563,3.5,-0.199502728402563,0.20104460628837484,0.4942570396248457,0.4136504653567735,Under,143.0,2.4299999999999997,143.0,1.0,1.4299999999999997,100.0,142.99999999999997,1.4299999999999997,,Win,0.5761689291101055,0.12825597365999641,85.03371053657762,18503.37105365777,2026,2026-04,+121 to +150,2026 Frozen Test,0.14059063376809433
KPROP-00664,2026-04-25 16:10:37,2026-04-25,Bailey Ober,142,139,Away,betrivers,,,-165.0,-165.0,4.5,3.699502728402563,4.5,0.800497271597437,0.1038701392696273,0.6873153697339189,0.5888285492629945,Under,-165.0,1.606060606060606,-165.0,1.0,0.606060606060606,100.0,60.606060606060595,0.606060606060606,,Win,0.5768072289156626,0.12897555894975637,85.63977114263822,18563.977114263827,2026,2026-04,<= -150,2026 Frozen Test,0.17138572979488506
KPROP-00665,2026-04-25 19:15:38,2026-04-25,Brady Singer,113,116,Home,draftkings,,,115.0,115.0,4.5,4.31554085652604,4.5,0.1844591434739602,0.2199873131813158,0.5674359596192167,0.44289258476523014,Under,115.0,2.15,115.0,1.0,1.15,100.0,114.99999999999999,1.15,,Win,0.5774436090225564,0.13051093404908004,86.78977114263823,18678.977114263827,2026,2026-04,+100 to +120,2026 Frozen Test,0.19129331580983985
KPROP-00666,2026-04-25 12:05:38,2026-04-25,Garrett Crochet,111,110,Away,draftkings,,,-107.0,-107.0,7.5,6.501203652666904,7.5,0.9987963473330961,0.3011628380279967,0.6725817568550514,0.4914548173467208,Under,-107.0,1.9345794392523366,-107.0,1.0,0.9345794392523366,100.0,93.45794392523365,0.9345794392523366,,Win,0.5780780780780781,0.1317182441169528,87.72435058189056,18772.43505818906,2026,2026-04,-119 to -101,2026 Frozen Test,0.32224423668995644
KPROP-00667,2026-04-25 19:15:38,2026-04-25,Jack Flaherty,116,113,Away,betrivers,,,107.0,107.0,5.5,5.291139850922868,5.5,0.20886014907713157,0.16958114110155265,0.5650150440104118,0.47456130669903984,Under,107.0,2.0700000000000003,107.0,1.0,1.0700000000000003,100.0,107.00000000000003,1.0700000000000003,,Win,0.5787106446776612,0.13312496339114027,88.79435058189057,18879.43505818906,2026,2026-04,+100 to +120,2026 Frozen Test,0.15848704775846037
KPROP-00668,2026-04-25 19:15:38,2026-04-25,Jack Flaherty,116,113,Away,betrivers,,,-190.0,-190.0,6.5,5.291139850922868,6.5,1.2088601490771316,0.09664942216107536,0.7184944490020839,0.6112600536193029,Under,-190.0,1.526315789473684,-190.0,1.0,0.5263157894736841,100.0,52.63157894736841,0.5263157894736841,,Win,0.5793413173652695,0.13371357241222193,89.32066637136425,18932.06663713643,2026,2026-04,<= -150,2026 Frozen Test,0.18363390210604325
KPROP-00669,2026-04-25 19:05:37,2026-04-25,Jeffrey Springs,133,140,Away,betmgm,,,115.0,115.0,4.5,4.658206750045639,4.5,-0.15820675004563878,0.08007637374878229,0.5023611040692011,0.4400538841490795,Under,115.0,2.15,115.0,1.0,1.15,100.0,114.99999999999999,1.15,,Win,0.5799701046337817,0.13523268515898992,90.47066637136426,19047.06663713643,2026,2026-04,+100 to +120,2026 Frozen Test,0.06963162934676721
KPROP-00670,2026-04-25 19:05:37,2026-04-25,Jeffrey Springs,133,140,Away,draftkings,,,-155.0,-155.0,5.5,4.658206750045639,5.5,0.8417932499543612,0.11162434940912652,0.6756932319937828,0.5933014354066986,Under,-155.0,1.6451612903225805,-155.0,1.0,0.6451612903225805,100.0,64.51612903225805,0.6451612903225805,,Win,0.5805970149253732,0.13599377262938334,91.11582766168684,19111.58276616869,2026,2026-04,<= -150,2026 Frozen Test,0.17301774158414615
KPROP-00671,2026-04-25 15:05:38,2026-04-25,Kevin Gausman,141,114,Home,betmgm,,,100.0,100.0,5.5,5.417355802903619,5.5,0.08264419709638116,0.08626920872532029,0.5431346043626601,0.522673031026253,Under,100.0,2.0,100.0,1.0,1.0,100.0,100.0,1.0,,Win,0.5812220566318927,0.13728141231249902,92.11582766168684,19211.58276616869,2026,2026-04,+100 to +120,2026 Frozen Test,0.08626920872532029
KPROP-00672,2026-04-25 19:05:37,2026-04-25,MacKenzie Gore,140,133,Home,betrivers,,,105.0,105.0,6.5,5.67830557062105,6.5,0.8216944293789501,0.3485353198770403,0.6578221072570929,0.4675324675324675,Under,105.0,2.05,105.0,1.0,-1.0,100.0,-100.0,-1.0,,Loss,0.5803571428571429,0.13558902925846256,91.11582766168684,19111.58276616869,2026,2026-04,+100 to +120,2026 Frozen Test,0.33193839988289564
KPROP-00673,2026-04-25 16:10:37,2026-04-25,Noah Schultz,145,120,Home,betonlineag,,,128.0,128.0,4.5,4.830841477605175,4.5,-0.33084147760517535,0.07310314204222623,0.47065927282553777,0.4411764705882352,Under,128.0,2.2800000000000002,128.0,1.0,-1.0,100.0,-100.0,-1.0,,Loss,0.5794947994056464,0.13390167557457183,90.11582766168684,19011.58276616869,2026,2026-04,+121 to +150,2026 Frozen Test,0.057111829720489234
KPROP-00674,2026-04-25 16:05:37,2026-04-25,Robbie Ray,137,146,Home,bovada,,,120.0,120.0,5.5,5.338687069668536,5.5,0.161312930331464,0.22485272104387188,0.5567512368381236,0.43439716312056736,Under,120.0,2.2,120.0,1.0,1.2000000000000002,100.0,120.00000000000001,1.2000000000000002,,Win,0.5801186943620178,0.1354834238303959,91.31582766168684,19131.58276616869,2026,2026-04,+100 to +120,2026 Frozen Test,0.18737726753655987
KPROP-00675,2026-04-25 16:05:37,2026-04-25,Robbie Ray,137,146,Home,betrivers,,,-180.0,-180.0,6.5,5.338687069668536,6.5,1.161312930331464,0.10627102088673485,0.711174227712901,0.5996568487274806,Under,-180.0,1.5555555555555556,-180.0,1.0,0.5555555555555556,100.0,55.55555555555556,0.5555555555555556,,Win,0.5807407407407408,0.1361057529144332,91.8713832172424,19187.138321724244,2026,2026-04,<= -150,2026 Frozen Test,0.19128783759612272
KPROP-00676,2026-04-25 12:05:38,2026-04-25,Trevor Rogers,110,111,Home,betmgm,,,-125.0,-125.0,5.5,5.102021118689743,5.5,0.39797888131025694,0.07651776275210365,0.5980654237511687,0.5384615384615385,Under,-125.0,1.8,-125.0,1.0,0.8,100.0,80.0,0.8,,Win,0.5813609467455622,0.1370878449959207,92.6713832172424,19267.138321724244,2026,2026-04,-149 to -120,2026 Frozen Test,0.09564720344012956
KPROP-00677,2026-04-26 13:35:37,2026-04-26,Aaron Nola,143,144,Away,betrivers,,,125.0,125.0,4.5,4.728928264006021,4.5,-0.2289282640060213,0.10085944098943432,0.48927086266197084,0.4193548387096774,Under,125.0,2.25,125.0,1.0,-1.0,100.0,-100.0,-1.0,,Loss,0.5805022156573116,0.13540824699740384,91.6713832172424,19167.138321724244,2026,2026-04,+121 to +150,2026 Frozen Test,0.08068755279154746
KPROP-00678,2026-04-26 14:10:37,2026-04-26,Carmen Mlodzinski,134,158,Away,betrivers,,,108.0,108.0,4.5,4.572053871670708,4.5,-0.07205387167070842,0.07844694442448708,0.518484107896388,0.4684838160136286,Under,108.0,2.08,108.0,1.0,1.08,100.0,108.0,1.08,,Win,0.5811209439528023,0.1368014501729239,92.75138321724239,19275.138321724244,2026,2026-04,+100 to +120,2026 Frozen Test,0.07263605965230284
KPROP-00679,2026-04-26 13:35:37,2026-04-26,Chris Sale,144,143,Home,betrivers,,,112.0,112.0,6.5,6.371434766829218,6.5,0.12856523317078228,0.15934922936380602,0.5468628440395311,0.4508825786646201,Under,112.0,2.12,112.0,1.0,-1.0,100.0,-100.0,-1.0,,Loss,0.5802650957290133,0.13512722123305212,91.75138321724239,19175.138321724244,2026,2026-04,+100 to +120,2026 Frozen Test,0.14227609764625537
KPROP-00680,2026-04-26 13:35:37,2026-04-26,Chris Sale,144,143,Home,betrivers,,,-182.0,-182.0,7.5,6.371434766829218,7.5,1.1285652331707823,0.07137866018305011,0.6914571494798408,0.6026490066225165,Under,-182.0,1.5494505494505495,-182.0,1.0,-1.0,100.0,-100.0,-1.0,,Loss,0.5794117647058824,0.13345791649594468,90.75138321724239,19075.138321724244,2026,2026-04,<= -150,2026 Frozen Test,0.12990916153315119
KPROP-00681,2026-04-26 17:10:38,2026-04-26,Kodai Senga,121,115,Home,bovada,,,110.0,110.0,5.5,5.343346600781352,5.5,0.15665339921864785,0.16747964385983316,0.5559426875523015,0.44655929721815524,Under,110.0,2.1,110.0,1.0,1.1,100.0,110.00000000000001,1.1,,Win,0.580029368575624,0.13487721470960704,91.85138321724239,19185.138321724244,2026,2026-04,+100 to +120,2026 Frozen Test,0.15225422169075742
KPROP-00682,2026-04-26 14:35:37,2026-04-26,Kumar Rocker,140,133,Home,betrivers,,,-108.0,-108.0,4.5,4.311000638859488,4.5,0.18899936114051208,0.09452813007114781,0.5683126829215575,0.5034106412005458,Under,-108.0,1.925925925925926,-108.0,1.0,0.925925925925926,100.0,92.59259259259261,0.925925925925926,,Win,0.5806451612903226,0.1360371101805987,92.77730914316831,19277.73091431684,2026,2026-04,-119 to -101,2026 Frozen Test,0.1020903804768396
KPROP-00683,2026-04-26 14:10:37,2026-04-26,Kyle Harrison,158,134,Home,fanduel,,,106.0,106.0,5.5,5.028285501619282,5.5,0.47171449838071844,0.2586550647511423,0.6109976042481273,0.4690272965435646,Under,106.0,2.06,106.0,1.0,-1.0,100.0,-100.0,-1.0,,Loss,0.5797950219619327,0.1343738054804807,91.77730914316831,19177.73091431684,2026,2026-04,+100 to +120,2026 Frozen Test,0.24401421202937953
KPROP-00684,2026-04-27 18:10:37,2026-04-27,Steven Matz,139,114,Away,betrivers,,,145.0,145.0,3.5,3.7518890037654034,3.5,-0.25188900376540335,0.18427365068227874,0.4833770002784811,0.40884718498659517,Under,145.0,2.45,145.0,1.0,1.4500000000000002,100.0,145.00000000000003,1.4500000000000002,,Win,0.5804093567251462,0.13629723558942736,93.22730914316831,19322.73091431684,2026,2026-04,+121 to +150,2026 Frozen Test,0.12708527633260602
KPROP-00685,2026-04-27 18:10:37,2026-04-27,Steven Matz,139,114,Away,betrivers,,,-150.0,-150.0,4.5,3.7518890037654034,4.5,0.7481109962345966,0.1286359358098087,0.6771815614858853,0.5850622406639003,Under,-150.0,1.6666666666666665,-150.0,1.0,0.6666666666666665,100.0,66.66666666666666,0.6666666666666665,,Win,0.581021897810219,0.1370714975326058,93.89397580983498,19389.397580983503,2026,2026-04,<= -150,2026 Frozen Test,0.1929539037147131
KPROP-00686,2026-04-28 18:40:37,2026-04-28,Braxton Ashcraft,134,138,Home,draftkings,,,106.0,106.0,5.5,5.5464414150815955,5.5,-0.046441415081595494,0.07321024190312997,0.5209758455840436,0.4708904109589041,Under,106.0,2.06,106.0,1.0,-1.0,100.0,-100.0,-1.0,,Loss,0.5801749271137027,0.135413958906465,92.89397580983498,19289.397580983503,2026,2026-04,+100 to +120,2026 Frozen Test,0.06906626594634903
KPROP-00687,2026-04-28 19:15:38,2026-04-28,Casey Mize,116,144,Away,betmgm,,,100.0,100.0,4.5,4.469610947732616,4.5,0.030389052267383754,0.07576244553955513,0.5378812227697776,0.48837209302325585,Under,100.0,2.0,100.0,1.0,1.0,100.0,100.0,1.0,,Win,0.5807860262008734,0.13667245387166665,93.89397580983498,19389.397580983503,2026,2026-04,+100 to +120,2026 Frozen Test,0.07576244553955513
KPROP-00688,2026-04-28 19:10:38,2026-04-28,Clay Holmes,121,120,Home,betonlineag,,,-154.0,-154.0,4.5,3.879449762420199,4.5,0.6205502375798009,0.07599344671150665,0.6523739795022521,0.5844784714042665,Under,-154.0,1.6493506493506493,-154.0,1.0,-1.0,100.0,-100.0,-1.0,,Loss,0.5799418604651163,0.13502031367708572,92.89397580983498,19289.397580983503,2026,2026-04,<= -150,2026 Frozen Test,0.11702990793572024
KPROP-00689,2026-04-28 18:40:37,2026-04-28,Jesús Luzardo,143,137,Home,betmgm,,,115.0,115.0,6.5,6.116106028782781,6.5,0.38389397121721913,0.2634698207113467,0.5876603817262078,0.45142296368989204,Under,115.0,2.15,115.0,1.0,-1.0,100.0,-100.0,-1.0,,Loss,0.579100145137881,0.13337296924504352,91.89397580983498,19189.397580983503,2026,2026-04,+100 to +120,2026 Frozen Test,0.2291041919229102
KPROP-00690,2026-04-28 18:40:37,2026-04-28,Kyle Leahy,138,134,Away,bovada,,,130.0,130.0,3.5,3.772853206457573,3.5,-0.27285320645757283,0.10182538222966198,0.47905451401289656,0.4140127388535032,Under,130.0,2.3,130.0,1.0,-1.0,100.0,-100.0,-1.0,,Loss,0.5782608695652174,0.13173039972439854,90.89397580983498,19089.397580983503,2026,2026-04,+121 to +150,2026 Frozen Test,0.07832721709974
KPROP-00691,2026-04-28 18:40:37,2026-04-28,Kyle Leahy,138,134,Away,betmgm,,,-165.0,-165.0,4.5,3.772853206457573,4.5,0.7271467935424272,0.08106488235964937,0.673115870148461,0.5970807358978257,Under,-165.0,1.606060606060606,-165.0,1.0,-1.0,100.0,-100.0,-1.0,,Loss,0.5774240231548481,0.13009258438471055,89.89397580983498,18989.397580983503,2026,2026-04,<= -150,2026 Frozen Test,0.1337570558934215
KPROP-00692,2026-04-28 19:40:37,2026-04-28,Logan Gilbert,136,142,Away,bovada,,,105.0,105.0,5.5,5.529568174283631,5.5,-0.029568174283631343,0.07390809650933172,0.5238576080533326,0.48220436280137774,Under,105.0,2.05,105.0,1.0,1.0499999999999998,100.0,104.99999999999999,1.0499999999999998,,Win,0.5780346820809249,0.13142193036103322,90.94397580983498,19094.397580983503,2026,2026-04,+100 to +120,2026 Frozen Test,0.0703886633422207
KPROP-00693,2026-04-28 19:40:37,2026-04-28,Merrill Kelly,109,158,Away,draftkings,,,101.0,101.0,4.5,4.406727828727686,4.5,0.09327217127231435,0.10528741787341399,0.5498942377479672,0.47701647875108416,Under,101.0,2.01,101.0,1.0,1.0099999999999998,100.0,100.99999999999997,1.0099999999999998,,Win,0.5786435786435786,0.13268971978331168,91.95397580983499,19195.397580983503,2026,2026-04,+100 to +120,2026 Frozen Test,0.10424496819149903
KPROP-00694,2026-04-28 18:10:37,2026-04-28,Tanner Bibee,114,139,Home,bovada,,,-105.0,-105.0,4.5,4.19026141253629,4.5,0.30973858746370997,0.15526454662869194,0.5917208653464032,0.4891657638136511,Under,-105.0,1.9523809523809523,-105.0,1.0,-1.0,100.0,-100.0,-1.0,,Loss,0.5778097982708934,0.13105760203146252,90.95397580983499,19095.397580983503,2026,2026-04,-119 to -101,2026 Frozen Test,0.16302777396012655
KPROP-00695,2026-04-29 19:10:38,2026-04-29,David Peterson,121,120,Home,betrivers,,,138.0,138.0,4.5,4.038170300365664,4.5,0.46182969963433607,0.4788848181917865,0.6213801757108347,0.40574282147315854,Under,138.0,2.38,138.0,1.0,-1.0,100.0,-100.0,-1.0,,Loss,0.576978417266187,0.1294301810213453,89.95397580983499,18995.397580983503,2026,2026-04,+121 to +150,2026 Frozen Test,0.3470179841969468
KPROP-00696,2026-04-29 19:10:38,2026-04-29,David Peterson,121,120,Home,betonlineag,,,-145.0,-145.0,5.5,4.038170300365664,5.5,1.461829699634336,0.3164720470457544,0.779136517639324,0.5610892153350053,Under,-145.0,1.6896551724137931,-145.0,1.0,0.6896551724137931,100.0,68.96551724137932,0.6896551724137931,,Win,0.5775862068965517,0.13023510198598962,90.64363098224878,19064.36309822488,2026,2026-04,-149 to -120,2026 Frozen Test,0.4588844682163438
KPROP-00697,2026-04-29 14:35:37,2026-04-29,Nathan Eovaldi,140,147,Home,betmgm,,,-115.0,-115.0,5.5,5.239419297785091,5.5,0.26058070221490937,0.07318399990784646,0.5740286511134993,0.5108342361863488,Under,-115.0,1.8695652173913042,-115.0,1.0,-1.0,100.0,-100.0,-1.0,,Loss,0.5767575322812052,0.1286135308210169,89.64363098224878,18964.36309822488,2026,2026-04,-119 to -101,2026 Frozen Test,0.08416159989402344
KPROP-00698,2026-04-29 15:10:37,2026-04-29,Tyler Glasnow,119,146,Home,betrivers,,,128.0,128.0,6.5,6.765564230075737,6.5,-0.2655642300757366,0.10624082100151344,0.4851933425445234,0.4229514879739095,Under,128.0,2.2800000000000002,128.0,1.0,-1.0,100.0,-100.0,-1.0,,Loss,0.5759312320916905,0.12699660599176044,88.64363098224878,18864.36309822488,2026,2026-04,+121 to +150,2026 Frozen Test,0.08300064140743237
KPROP-00699,2026-04-29 15:10:37,2026-04-29,Tyler Glasnow,119,146,Home,draftkings,,,-142.0,-142.0,7.5,6.765564230075737,7.5,0.7344357699242634,0.07979544647927694,0.6335989809919724,0.5589736113136026,Under,-142.0,1.704225352112676,-142.0,1.0,-1.0,100.0,-100.0,-1.0,,Loss,0.575107296137339,0.12538430755686522,87.64363098224878,18764.36309822488,2026,2026-04,-149 to -120,2026 Frozen Test,0.11330953400057327
KPROP-00700,2026-04-29 13:10:38,2026-04-29,Yusei Kikuchi,108,145,Away,betmgm,,,115.0,115.0,5.5,4.692069453428673,5.5,0.8079305465713267,0.44010590003600714,0.6698166976911661,0.44978673904614186,Under,115.0,2.15,115.0,1.0,1.15,100.0,114.99999999999999,1.15,,Win,0.5757142857142857,0.1268480442603554,88.79363098224879,18879.36309822488,2026,2026-04,+100 to +120,2026 Frozen Test,0.38270078264000623
KPROP-00701,2026-04-30 12:40:37,2026-04-30,Andrew Abbott,113,115,Home,draftkings,,,125.0,125.0,4.5,4.4365200690702,4.5,0.06347993092979998,0.22443543253386766,0.5441935255706079,0.4255319148936171,Under,125.0,2.25,125.0,1.0,-1.0,100.0,-100.0,-1.0,,Loss,0.5748930099857347,0.125240557749285,87.79363098224879,18779.36309822488,2026,2026-04,+121 to +150,2026 Frozen Test,0.17954834602709413
KPROP-00702,2026-04-30 13:40:38,2026-04-30,Brandon Woodruff,158,109,Home,fanduel,,,130.0,130.0,4.5,4.817788501084932,4.5,-0.31778850108493195,0.08795878387317002,0.4730255582057261,0.4176257809930944,Under,130.0,2.3,130.0,1.0,1.2999999999999998,100.0,129.99999999999997,1.2999999999999998,,Win,0.5754985754985755,0.12691400424821764,89.09363098224878,18909.36309822488,2026,2026-04,+121 to +150,2026 Frozen Test,0.06766060297936156
KPROP-00703,2026-04-30 12:35:39,2026-04-30,Cristopher Sánchez,143,137,Home,betonlineag,,,-133.0,-133.0,6.5,5.866508022860266,6.5,0.6334919771397338,0.09971437133852651,0.6277339544550388,0.5451883661916846,Under,-133.0,1.7518796992481203,-133.0,1.0,-1.0,100.0,-100.0,-1.0,,Loss,0.5746799431009957,0.12531099712979912,88.09363098224878,18809.36309822488,2026,2026-04,-149 to -120,2026 Frozen Test,0.13262011388024025
KPROP-00704,2026-04-30 13:10:37,2026-04-30,Freddy Peralta,121,120,Home,betmgm,,,115.0,115.0,5.5,5.34205941343122,5.5,0.15794058656878018,0.19575695120050773,0.5561660238141897,0.45310015898251194,Under,115.0,2.15,115.0,1.0,-1.0,100.0,-100.0,-1.0,,Loss,0.5738636363636364,0.12371254400887612,87.09363098224878,18709.36309822488,2026,2026-04,+100 to +120,2026 Frozen Test,0.1702234358265285
KPROP-00705,2026-04-30 19:40:38,2026-04-30,Kevin Gausman,141,142,Away,betonlineag,,,110.0,110.0,5.5,5.313654906156458,5.5,0.18634509384354203,0.17830786131491183,0.5610989815785294,0.47619047619047616,Under,110.0,2.1,110.0,1.0,1.1,100.0,110.00000000000001,1.1,,Win,0.574468085106383,0.12509734891099117,88.19363098224878,18819.36309822488,2026,2026-04,+100 to +120,2026 Frozen Test,0.16209805574082892
KPROP-00706,2026-04-30 12:35:39,2026-04-30,Logan Webb,137,143,Away,betonlineag,,,-127.0,-127.0,5.5,5.062200234285948,5.5,0.4377997657140522,0.08146364432983833,0.6050479419818919,0.5329986833443056,Under,-127.0,1.7874015748031495,-127.0,1.0,-1.0,100.0,-100.0,-1.0,,Loss,0.5736543909348442,0.1235037266037518,87.19363098224878,18719.36309822488,2026,2026-04,-149 to -120,2026 Frozen Test,0.10345882829889468
KPROP-00707,2026-04-30 15:05:38,2026-04-30,Noah Cameron,118,133,Away,bovada,,,100.0,100.0,4.5,4.4513721995003195,4.5,0.04862780049968052,0.08271551635147878,0.5413577581757394,0.4831460674157303,Under,100.0,2.0,100.0,1.0,-1.0,100.0,-100.0,-1.0,,Loss,0.5728429985855729,0.12191461242185117,86.19363098224878,18619.36309822488,2026,2026-04,+100 to +120,2026 Frozen Test,0.08271551635147878
KPROP-00708,2026-05-01 19:10:38,2026-05-01,Robbie Ray,137,139,Away,betrivers,,,123.0,123.0,4.5,4.659404978659147,4.5,-0.15940497865914693,0.11976816858147676,0.502138192189003,0.42771599657827203,Under,123.0,2.23,123.0,1.0,-1.0,100.0,-100.0,-1.0,,Loss,0.5720338983050848,0.12032998726306325,85.19363098224878,18519.36309822488,2026,2026-05,+121 to +150,2026 Frozen Test,0.09737249478168843
KPROP-00709,2026-05-01 19:10:38,2026-05-01,Robbie Ray,137,139,Away,draftkings,,,-153.0,-153.0,5.5,4.659404978659147,5.5,0.8405950213408531,0.11697934270573818,0.6754855313595967,0.584898849858078,Under,-153.0,1.65359477124183,-153.0,1.0,0.65359477124183,100.0,65.359477124183,0.65359477124183,,Win,0.5726375176304654,0.1210821237707907,85.8472257534906,18584.722575349064,2026,2026-05,<= -150,2026 Frozen Test,0.17897839433977944
KPROP-00710,2026-05-01 19:10:38,2026-05-01,Shane McClanahan,139,137,Home,bovada,,,-135.0,-135.0,5.5,4.925206355800848,5.5,0.5747936441991524,0.09506872516548343,0.6290820336057033,0.5548820911071124,Under,-135.0,1.7407407407407407,-135.0,1.0,0.7407407407407407,100.0,74.07407407407408,0.7407407407407407,,Win,0.5732394366197183,0.12195488238624135,86.58796649423135,18658.796649423137,2026,2026-05,-149 to -120,2026 Frozen Test,0.12834277897340263
KPROP-00711,2026-05-02 16:05:37,2026-05-02,Foster Griffin,120,158,Home,fanduel,,,126.0,126.0,4.5,4.694231968534918,4.5,-0.1942319685349183,0.12022752891359723,0.49567589774937937,0.43510461025735975,Under,126.0,2.26,126.0,1.0,1.2599999999999998,100.0,125.99999999999997,1.2599999999999998,,Win,0.5738396624472574,0.12355550843070515,87.84796649423136,18784.796649423137,2026,2026-05,+121 to +150,2026 Frozen Test,0.0954186737409502
KPROP-00712,2026-05-02 16:05:37,2026-05-02,Jacob Lopez,133,114,Home,betmgm,,,-125.0,-125.0,4.5,3.923658711392009,4.5,0.576341288607991,0.15874610061366223,0.6437478336742568,0.5384615384615385,Under,-125.0,1.8,-125.0,1.0,-1.0,100.0,-100.0,-1.0,,Loss,0.5730337078651685,0.12197748103122381,86.84796649423136,18684.796649423137,2026,2026-05,-149 to -120,2026 Frozen Test,0.1984326257670778
KPROP-00713,2026-05-02 18:10:37,2026-05-02,Landen Roupp,137,139,Away,betonlineag,,,117.0,117.0,4.5,4.577107459343418,4.5,-0.07710745934341823,0.12304732882994418,0.5175333312580388,0.44511790889288755,Under,117.0,2.17,117.0,1.0,-1.0,100.0,-100.0,-1.0,,Loss,0.5722300140252454,0.12040388007606082,85.84796649423136,18584.796649423137,2026,2026-05,+100 to +120,2026 Frozen Test,0.10516865711961042
KPROP-00714,2026-05-02 18:10:37,2026-05-02,Landen Roupp,137,139,Away,draftkings,,,-159.0,-159.0,5.5,4.577107459343418,5.5,0.9228925406565818,0.12348179161714995,0.6897050380970149,0.6102039280608021,Under,-159.0,1.6289308176100628,-159.0,1.0,-1.0,100.0,-100.0,-1.0,,Loss,0.5714285714285714,0.11883468696671058,84.84796649423136,18484.796649423137,2026,2026-05,<= -150,2026 Frozen Test,0.19633604867126847
KPROP-00715,2026-05-02 13:35:37,2026-05-02,Ryan Weathers,147,110,Home,betrivers,,,140.0,140.0,5.5,5.84359306222462,5.5,-0.3435930622246204,0.1306827972774759,0.4711178321989483,0.38873994638069703,Under,140.0,2.4,140.0,1.0,1.4,100.0,140.0,1.4,,Win,0.5720279720279721,0.12062652656535855,86.24796649423136,18624.796649423137,2026,2026-05,+121 to +150,2026 Frozen Test,0.09334485519819707
KPROP-00716,2026-05-02 13:35:37,2026-05-02,Ryan Weathers,147,110,Home,betrivers,,,-143.0,-143.0,6.5,5.84359306222462,6.5,0.6564069377753796,0.07295217346128369,0.6314080691562287,0.5642037302725968,Under,-143.0,1.6993006993006992,-143.0,1.0,0.6993006993006992,100.0,69.93006993006992,0.6993006993006992,,Win,0.5726256983240223,0.12143473071722355,86.94726719353206,18694.72671935321,2026,2026-05,-149 to -120,2026 Frozen Test,0.1043216080496357
KPROP-00717,2026-05-02 14:20:37,2026-05-02,Shota Imanaga,112,109,Home,draftkings,,,121.0,121.0,4.5,4.377960611868318,4.5,0.12203938813168236,0.22746431817193558,0.5554137186298351,0.43907590269929786,Under,121.0,2.21,121.0,1.0,-1.0,100.0,-100.0,-1.0,,Loss,0.5718270571827058,0.11987066554188572,85.94726719353206,18594.72671935321,2026,2026-05,+121 to +150,2026 Frozen Test,0.18798703981151701
KPROP-00718,2026-05-03 12:45:37,2026-05-03,Joe Ryan,142,141,Home,bovada,,,-135.0,-135.0,5.5,4.769067413669497,5.5,0.7309325863305034,0.1426364365834954,0.6564081656969016,0.551441114716549,Under,-135.0,1.7407407407407407,-135.0,1.0,0.7407407407407407,100.0,74.07407407407408,0.7407407407407407,,Win,0.5724233983286908,0.12073538709508747,86.6880079342728,18668.800793427283,2026,2026-05,-149 to -120,2026 Frozen Test,0.1925591893877188
KPROP-00719,2026-05-03 16:10:37,2026-05-03,Kris Bubic,118,136,Away,draftkings,,,-111.0,-111.0,5.5,5.277223853458078,5.5,0.22277614654192224,0.07864324323355465,0.5674379146868462,0.518869000114012,Under,-111.0,1.900900900900901,-111.0,1.0,-1.0,100.0,-100.0,-1.0,,Loss,0.5716272600834492,0.1191766452493363,85.6880079342728,18568.800793427283,2026,2026-05,-119 to -101,2026 Frozen Test,0.08729399998924565
KPROP-00720,2026-05-03 13:35:37,2026-05-03,Ranger Suarez,111,117,Home,betrivers,,,118.0,118.0,4.5,4.621081190670573,4.5,-0.12108119067057288,0.11024386934979524,0.5092861786008236,0.456810631229236,Under,118.0,2.1799999999999997,118.0,1.0,1.1799999999999997,100.0,117.99999999999997,1.1799999999999997,,Win,0.5722222222222222,0.12065001101982335,86.86800793427281,18686.800793427283,2026,2026-05,+100 to +120,2026 Frozen Test,0.09342700792355531
KPROP-00721,2026-05-03 13:40:37,2026-05-03,Steven Matz,139,137,Home,betonlineag,,,-135.0,-135.0,4.5,4.035184072470018,4.5,0.46481592752998235,0.08267718280111763,0.6219634879921314,0.5467695274831245,Under,-135.0,1.7407407407407407,-135.0,1.0,0.7407407407407407,100.0,74.07407407407408,0.7407407407407407,,Win,0.5728155339805825,0.1215100536407955,87.60874867501356,18760.874867501356,2026,2026-05,-149 to -120,2026 Frozen Test,0.11161419678150881
KPROP-00722,2026-05-03 12:45:37,2026-05-03,Trey Yesavage,141,142,Away,draftkings,,,128.0,128.0,4.5,4.490468429185494,4.5,0.009531570814505841,0.21732322249839053,0.5339136940782414,0.41555215896064196,Under,128.0,2.2800000000000002,128.0,1.0,-1.0,100.0,-100.0,-1.0,,Loss,0.5720221606648199,0.11995671561636227,86.60874867501356,18660.874867501356,2026,2026-05,+121 to +150,2026 Frozen Test,0.16978376757686758
KPROP-00723,2026-05-03 12:45:37,2026-05-03,Trey Yesavage,141,142,Away,betrivers,,,-167.0,-167.0,5.5,4.490468429185494,5.5,1.0095315708145058,0.1264487224502927,0.704557815165539,0.5951171430737736,Under,-167.0,1.5988023952095807,-167.0,1.0,-1.0,100.0,-100.0,-1.0,,Loss,0.5712309820193637,0.1184076745159247,85.60874867501356,18560.874867501356,2026,2026-05,<= -150,2026 Frozen Test,0.21116936649198886
KPROP-00724,2026-05-05 19:35:38,2026-05-05,Jameson Taillon,112,113,Home,bovada,,,130.0,130.0,4.5,4.594566166421724,4.5,-0.09456616642172389,0.18278271754292105,0.514253355453444,0.4106205619018215,Under,130.0,2.3,130.0,1.0,-1.0,100.0,-100.0,-1.0,,Loss,0.5704419889502762,0.11686291253454911,84.60874867501356,18460.874867501356,2026,2026-05,+121 to +150,2026 Frozen Test,0.1406020904176316
KPROP-00725,2026-05-05 19:35:38,2026-05-05,Jameson Taillon,112,113,Home,draftkings,,,-146.0,-146.0,5.5,4.594566166421724,5.5,0.9054338335782761,0.1570369955687329,0.6866967534676219,0.5771742866964593,Under,-146.0,1.6849315068493151,-146.0,1.0,0.6849315068493151,100.0,68.49315068493152,0.6849315068493151,,Win,0.5710344827586207,0.11764645542325913,85.29368018186287,18529.368018186287,2026,2026-05,-149 to -120,2026 Frozen Test,0.22927401353035
KPROP-00726,2026-05-05 18:40:37,2026-05-05,Kevin Gausman,141,139,Away,betrivers,,,-141.0,-141.0,5.5,4.6679305169522465,5.5,0.8320694830477535,0.1520264830846691,0.6740071954976694,0.5661019390382226,Under,-141.0,1.7092198581560285,-141.0,1.0,0.7092198581560285,100.0,70.92198581560285,0.7092198581560285,,Win,0.571625344352617,0.11846129482096267,86.0029000400189,18600.290004001894,2026,2026-05,-149 to -120,2026 Frozen Test,0.21435734114938337
KPROP-00727,2026-05-06 16:05:37,2026-05-06,Bryan Woo,136,144,Home,betrivers,,,155.0,155.0,4.5,4.903011485774969,4.5,-0.4030114857749689,0.16706707313647284,0.4576733620143031,0.38922155688622756,Under,155.0,2.55,155.0,1.0,-1.0,100.0,-100.0,-1.0,,Loss,0.5708390646492435,0.1169228336176326,85.0029000400189,18500.290004001894,2026,2026-05,>= +151,2026 Frozen Test,0.10778520847514378
KPROP-00728,2026-05-06 16:05:37,2026-05-06,Bryan Woo,136,144,Home,draftkings,,,-134.0,-134.0,5.5,4.903011485774969,5.5,0.5969885142250311,0.10534193593770012,0.6329735872463753,0.5574886535552194,Under,-134.0,1.7462686567164178,-134.0,1.0,-1.0,100.0,-100.0,-1.0,,Loss,0.570054945054945,0.11538859895606991,84.0029000400189,18400.290004001894,2026,2026-05,-149 to -120,2026 Frozen Test,0.1411581941565182
KPROP-00729,2026-05-06 18:40:38,2026-05-06,Jack Flaherty,116,111,Home,betmgm,,,-125.0,-125.0,5.5,4.763581116589688,5.5,0.7364188834103116,0.18325775690198542,0.657365420501103,0.5372750642673522,Under,-125.0,1.8,-125.0,1.0,-1.0,100.0,-100.0,-1.0,,Loss,0.5692729766803841,0.11385857344309863,83.0029000400189,18300.290004001894,2026,2026-05,-149 to -120,2026 Frozen Test,0.22907219612748178
KPROP-00730,2026-05-06 14:10:37,2026-05-06,Lance McCullers Jr.,117,119,Home,bovada,,,125.0,125.0,4.5,4.795758720881242,4.5,-0.295758720881242,0.07331988783868848,0.4770310612616393,0.41819632881085395,Under,125.0,2.25,125.0,1.0,1.25,100.0,125.0,1.25,,Win,0.5698630136986301,0.11541493156166972,84.2529000400189,18425.290004001894,2026,2026-05,+121 to +150,2026 Frozen Test,0.05865591027095078
KPROP-00731,2026-05-06 14:10:37,2026-05-06,Lance McCullers Jr.,117,119,Home,draftkings,,,-139.0,-139.0,5.5,4.795758720881242,5.5,0.704241279118758,0.1206306365182721,0.6517475250043507,0.5700820261908188,Under,-139.0,1.7194244604316546,-139.0,1.0,0.7194244604316546,100.0,71.94244604316546,0.7194244604316546,,Win,0.5704514363885089,0.11624120998693646,84.97232450045055,18497.232450045056,2026,2026-05,-149 to -120,2026 Frozen Test,0.16767658476039823
KPROP-00732,2026-05-06 13:10:37,2026-05-06,Patrick Corbin,141,139,Away,bovada,,,105.0,105.0,3.5,3.4681802662972947,3.5,0.0318197337027053,0.11420420750313032,0.5435142475625027,0.48220436280137774,Under,105.0,2.05,105.0,1.0,1.0499999999999998,100.0,104.99999999999999,1.0499999999999998,,Win,0.5710382513661202,0.11751683674924938,86.02232450045055,18602.232450045056,2026,2026-05,+100 to +120,2026 Frozen Test,0.10876591190774318
KPROP-00733,2026-05-06 13:10:37,2026-05-06,Shane McClanahan,139,141,Home,betrivers,,,125.0,125.0,4.5,4.587667991103101,4.5,-0.08766799110310064,0.15998399922143736,0.5155484440984166,0.4410207029369282,Under,125.0,2.25,125.0,1.0,1.25,100.0,125.0,1.25,,Win,0.5716234652114598,0.11906183424345232,87.27232450045055,18727.232450045056,2026,2026-05,+121 to +150,2026 Frozen Test,0.1279871993771499
KPROP-00734,2026-05-06 13:10:37,2026-05-06,Shane McClanahan,139,141,Home,betmgm,,,-160.0,-160.0,5.5,4.587667991103101,5.5,0.9123320088968994,0.11781464283883569,0.6878859340546681,0.5911949685534592,Under,-160.0,1.625,-160.0,1.0,0.625,100.0,62.5,0.625,,Win,0.5722070844686649,0.11975112329761656,87.89732450045055,18789.732450045056,2026,2026-05,<= -150,2026 Frozen Test,0.1885034285421371
KPROP-00735,2026-05-06 19:05:38,2026-05-06,Will Warren,147,140,Home,betrivers,,,135.0,135.0,5.5,5.790865759409898,5.5,-0.2908657594098978,0.12759635006275527,0.47982823406925756,0.41493775933609955,Under,135.0,2.35,135.0,1.0,-1.0,100.0,-100.0,-1.0,,Loss,0.5714285714285714,0.11822765238156538,86.89732450045055,18689.732450045056,2026,2026-05,+121 to +150,2026 Frozen Test,0.09451581486130019
KPROP-00736,2026-05-07 18:40:38,2026-05-07,Cade Povich,110,146,Away,betonlineag,,,110.0,110.0,4.5,4.604107522351052,4.5,-0.10410752235105214,0.07617425975843906,0.5124639332183043,0.4661016949152542,Under,110.0,2.1,110.0,1.0,1.1,100.0,110.00000000000001,1.1,,Win,0.5720108695652174,0.11956158220169912,87.99732450045055,18799.732450045056,2026,2026-05,+100 to +120,2026 Frozen Test,0.0692493270531264
KPROP-00737,2026-05-07 19:10:38,2026-05-07,Griffin Jax,139,111,Away,bovada,,,-115.0,-115.0,3.5,3.306098728610515,3.5,0.19390127138948499,0.08246198162049832,0.5789912924946852,0.5168539325842696,Under,-115.0,1.8695652173913042,-115.0,1.0,0.8695652173913042,100.0,86.95652173913042,0.8695652173913042,,Win,0.5725915875169606,0.12057922621145434,88.86688971784184,18886.688971784188,2026,2026-05,-119 to -101,2026 Frozen Test,0.0948312788635731
KPROP-00738,2026-05-07 12:35:38,2026-05-07,MacKenzie Gore,140,147,Away,betrivers,,,120.0,120.0,5.5,5.642920014093993,5.5,-0.1429200140939928,0.11010684304156648,0.5045940195643484,0.44172932330827064,Under,120.0,2.2,120.0,1.0,1.2000000000000002,100.0,120.00000000000001,1.2000000000000002,,Win,0.573170731707317,0.12204185598623557,90.06688971784185,19006.688971784188,2026,2026-05,+100 to +120,2026 Frozen Test,0.09175570253463872
KPROP-00739,2026-05-07 12:35:38,2026-05-07,MacKenzie Gore,140,147,Away,betmgm,,,-155.0,-155.0,6.5,5.642920014093993,6.5,0.8570799859060072,0.09148122098111189,0.66344936961597,0.5754599184217097,Under,-155.0,1.6451612903225805,-155.0,1.0,0.6451612903225805,100.0,64.51612903225805,0.6451612903225805,,Win,0.5737483085250338,0.12274973072823332,90.71205100816442,19071.205100816445,2026,2026-05,<= -150,2026 Frozen Test,0.14179589252072344
KPROP-00740,2026-05-07 14:20:37,2026-05-07,Shota Imanaga,112,113,Home,betrivers,,,117.0,117.0,5.5,5.687285288302492,5.5,-0.18728528830249225,0.07874970040335416,0.49711967760523235,0.429988790175509,Under,117.0,2.17,117.0,1.0,-1.0,100.0,-100.0,-1.0,,Loss,0.572972972972973,0.12123250136238435,89.71205100816442,18971.205100816445,2026,2026-05,+100 to +120,2026 Frozen Test,0.06730743624218305
KPROP-00741,2026-05-07 14:20:37,2026-05-07,Shota Imanaga,112,113,Home,betmgm,,,-140.0,-140.0,6.5,5.687285288302492,6.5,0.8127147116975078,0.12524384204998346,0.6563922411958236,0.5597945707997065,Under,-140.0,1.7142857142857144,-140.0,1.0,-1.0,100.0,-100.0,-1.0,,Loss,0.5721997300944669,0.11971936708254308,88.71205100816442,18871.205100816445,2026,2026-05,-149 to -120,2026 Frozen Test,0.1753413788699768
KPROP-00742,2026-05-08 18:40:38,2026-05-08,Jesús Luzardo,143,115,Home,fanatics,,,115.0,115.0,7.5,7.109429099960892,7.5,0.39057090003910844,0.2521883952835646,0.5824132071086348,0.4481900019153419,Under,115.0,2.15,115.0,1.0,1.15,100.0,114.99999999999999,1.15,,Win,0.5727762803234502,0.1211078854557472,89.86205100816443,18986.205100816445,2026,2026-05,+100 to +120,2026 Frozen Test,0.21929425676831707
KPROP-00743,2026-05-08 19:40:37,2026-05-08,Max Fried,147,158,Away,fanduel,,,-110.0,-110.0,5.5,5.171280258472266,5.5,0.32871974152773387,0.1186040028123233,0.5859354300445503,0.5079617834394904,Under,-110.0,1.9090909090909092,-110.0,1.0,0.9090909090909092,100.0,90.90909090909092,0.9090909090909092,,Win,0.5733512786002691,0.12216842788325079,90.77114191725533,19077.114191725537,2026,2026-05,-119 to -101,2026 Frozen Test,0.13046440309355561
KPROP-00744,2026-05-08 19:15:37,2026-05-08,Parker Messick,114,142,Home,betmgm,,,100.0,100.0,5.5,5.36830561665479,5.5,0.13169438334521022,0.10323169360618012,0.5516158468030901,0.4782608695652174,Under,100.0,2.0,100.0,1.0,-1.0,100.0,-100.0,-1.0,,Loss,0.5725806451612904,0.12066013698555825,89.77114191725533,18977.114191725537,2026,2026-05,+100 to +120,2026 Frozen Test,0.10323169360618012
KPROP-00745,2026-05-09 18:05:37,2026-05-09,Aaron Nola,143,115,Home,betrivers,,,140.0,140.0,5.5,5.241014568250296,5.5,0.25898543174970357,0.377000705940108,0.5737502941417116,0.39823008849557523,Under,140.0,2.4,140.0,1.0,1.4,100.0,140.0,1.4,,Win,0.5731543624161074,0.12237737170101388,91.17114191725534,19117.114191725537,2026,2026-05,+121 to +150,2026 Frozen Test,0.26928621852864854
KPROP-00746,2026-05-09 18:05:37,2026-05-09,Aaron Nola,143,115,Home,draftkings,,,-147.0,-147.0,6.5,5.241014568250296,6.5,1.2589854317497036,0.2201483837889247,0.7261611838743803,0.5778499401811656,Under,-147.0,1.6802721088435373,-147.0,1.0,0.6802721088435373,100.0,68.02721088435374,0.6802721088435373,,Win,0.5737265415549598,0.12312521987412718,91.85141402609888,19185.14140260989,2026,2026-05,-149 to -120,2026 Frozen Test,0.32361812416971936
KPROP-00747,2026-05-09 16:10:37,2026-05-09,Janson Junk,146,120,Home,draftkings,,,125.0,125.0,3.5,3.758937934273612,3.5,-0.2589379342736118,0.08432354494139549,0.4819215755295091,0.4361948955916473,Under,125.0,2.25,125.0,1.0,-1.0,100.0,-100.0,-1.0,,Loss,0.5729585006693441,0.12162170552355941,90.85141402609888,19085.14140260989,2026,2026-05,+121 to +150,2026 Frozen Test,0.06745883595311639
KPROP-00748,2026-05-09 18:05:37,2026-05-09,Kyle Freeland,115,143,Away,betonlineag,,,110.0,110.0,4.5,4.141995651198838,4.5,0.3580043488011624,0.2623490199456341,0.6011185809264924,0.46898638426626327,Under,110.0,2.1,110.0,1.0,1.1,100.0,110.00000000000001,1.1,,Win,0.5735294117647058,0.1229296978958541,91.95141402609887,19195.14140260989,2026,2026-05,+100 to +120,2026 Frozen Test,0.23849910904148552
KPROP-00749,2026-05-09 18:10:37,2026-05-09,Tanner Bibee,114,142,Home,fanduel,,,-136.0,-136.0,5.5,4.81102602762859,5.5,0.6889739723714099,0.12634337019606123,0.6490792302824759,0.5645756457564576,Under,-136.0,1.7352941176470589,-136.0,1.0,-1.0,100.0,-100.0,-1.0,,Loss,0.5727636849132176,0.12143045931388367,90.95141402609887,19095.14140260989,2026,2026-05,-149 to -120,2026 Frozen Test,0.17182698346664327
KPROP-00750,2026-05-10 13:40:38,2026-05-10,Gavin Williams,114,142,Home,betrivers,,,125.0,125.0,6.5,6.168341983548054,6.5,0.3316580164519456,0.30338931818882986,0.5792841414172577,0.4361948955916473,Under,125.0,2.25,125.0,1.0,1.25,100.0,125.0,1.25,,Win,0.5733333333333334,0.12293521870146516,92.20141402609887,19220.14140260989,2026,2026-05,+121 to +150,2026 Frozen Test,0.24271145455106388
KPROP-00751,2026-05-10 13:40:38,2026-05-10,Gavin Williams,114,142,Home,betrivers,,,-159.0,-159.0,7.5,6.168341983548054,7.5,1.3316580164519456,0.17363841099709043,0.7204961673688702,0.5745729303547964,Under,-159.0,1.6289308176100628,-159.0,1.0,0.6289308176100628,100.0,62.89308176100627,0.6289308176100628,,Win,0.5739014647137151,0.12360898115007848,92.83034484370894,19283.034484370895,2026,2026-05,<= -150,2026 Frozen Test,0.27608507348537387
KPROP-00752,2026-05-10 14:35:37,2026-05-10,Jacob deGrom,140,112,Home,mybookieag,,,-123.0,-123.0,6.5,6.034302631851368,6.5,0.46569736814863205,0.08924289356586801,0.600793165509425,0.542517181249359,Under,-123.0,1.8130081300813008,-123.0,1.0,-1.0,100.0,-100.0,-1.0,,Loss,0.5731382978723404,0.12211482027088955,91.83034484370894,19183.034484370895,2026,2026-05,-149 to -120,2026 Frozen Test,0.10976875908601766
KPROP-00753,2026-05-10 14:35:37,2026-05-10,Jameson Taillon,112,140,Away,draftkings,,,101.0,101.0,4.5,4.48875003729538,4.5,0.011249962704620309,0.07382286479736144,0.5342402312424684,0.48712595685455806,Under,101.0,2.01,101.0,1.0,1.0099999999999998,100.0,100.99999999999997,1.0099999999999998,,Win,0.5737051792828686,0.12329395065565597,92.84034484370895,19284.034484370895,2026,2026-05,+100 to +120,2026 Frozen Test,0.07309194534392223
KPROP-00754,2026-05-10 13:35:37,2026-05-10,José Soriano,108,141,Away,betrivers,,,-117.0,-117.0,5.5,5.005250541949178,5.5,0.4947494580508218,0.14071402090514673,0.6150393568935584,0.5298247134530799,Under,-117.0,1.8547008547008548,-117.0,1.0,-1.0,100.0,-100.0,-1.0,,Loss,0.5729442970822282,0.1218041708802506,91.84034484370895,19184.034484370895,2026,2026-05,-119 to -101,2026 Frozen Test,0.16463540445902167
KPROP-00755,2026-05-10 16:10:37,2026-05-10,Kyle Leahy,138,135,Away,bovada,,,120.0,120.0,3.5,3.41702888887464,3.5,0.08297111112536015,0.22020364617704266,0.5546380209895648,0.43235704323570434,Under,120.0,2.2,120.0,1.0,-1.0,100.0,-100.0,-1.0,,Loss,0.5721854304635762,0.12031833754133635,90.84034484370895,19084.034484370895,2026,2026-05,+100 to +120,2026 Frozen Test,0.18350303848086888
KPROP-00756,2026-05-10 14:10:37,2026-05-10,Logan Gilbert,136,145,Away,betrivers,,,133.0,133.0,5.5,5.767509580258767,5.5,-0.2675095802587668,0.12703710928777967,0.48370691385741615,0.42034828858196793,Under,133.0,2.33,133.0,1.0,-1.0,100.0,-100.0,-1.0,,Loss,0.5714285714285714,0.11883643497845099,89.84034484370895,18984.034484370895,2026,2026-05,+121 to +150,2026 Frozen Test,0.09551662352464636
KPROP-00757,2026-05-10 14:10:37,2026-05-10,Logan Gilbert,136,145,Away,draftkings,,,-143.0,-143.0,6.5,5.767509580258767,6.5,0.7324904197412332,0.09365127515283078,0.6435890220035178,0.5550754357697378,Under,-143.0,1.6993006993006992,-143.0,1.0,-1.0,100.0,-100.0,-1.0,,Loss,0.570673712021136,0.11735844761388237,88.84034484370895,18884.034484370895,2026,2026-05,-149 to -120,2026 Frozen Test,0.13392132346854804
KPROP-00758,2026-05-11 19:05:37,2026-05-11,Kevin Gausman,141,139,Home,draftkings,,,128.0,128.0,4.5,4.693757684829724,4.5,-0.19375768482972422,0.13034119714020265,0.4957636829562292,0.41975145425700683,Under,128.0,2.2800000000000002,128.0,1.0,-1.0,100.0,-100.0,-1.0,,Loss,0.5699208443271768,0.11588435995212262,87.84034484370895,18784.034484370895,2026,2026-05,+121 to +150,2026 Frozen Test,0.1018290602657833
KPROP-00759,2026-05-11 19:05:37,2026-05-11,Kevin Gausman,141,139,Home,betmgm,,,-160.0,-160.0,5.5,4.693757684829724,5.5,0.8062423151702758,0.08797547189919358,0.6695233673225807,0.5942571785268415,Under,-160.0,1.625,-160.0,1.0,0.625,100.0,62.5,0.625,,Win,0.5704874835309618,0.11655513154638861,88.46534484370895,18846.534484370895,2026,2026-05,<= -150,2026 Frozen Test,0.14076075503870972
KPROP-00760,2026-05-12 18:40:37,2026-05-12,Brady Singer,113,120,Home,betmgm,,,-105.0,-105.0,4.5,3.7905076595254044,4.5,0.7094923404745956,0.3074861959152786,0.6696880515663622,0.5,Under,-105.0,1.9523809523809523,-105.0,1.0,0.9523809523809523,100.0,95.23809523809523,0.9523809523809523,,Win,0.5710526315789474,0.11765490236327618,89.4177257960899,18941.772579608994,2026,2026-05,-119 to -101,2026 Frozen Test,0.3228605057110425
KPROP-00761,2026-05-12 19:10:37,2026-05-12,Jack Flaherty,116,121,Away,draftkings,,,-104.0,-104.0,5.5,5.116242485859913,5.5,0.3837575141400871,0.1682392864206408,0.5955729695477776,0.48799650807507633,Under,-104.0,1.9615384615384617,-104.0,1.0,0.9615384615384617,100.0,96.15384615384616,0.9615384615384617,,Win,0.5716162943495401,0.1187638163700767,90.37926425762836,19037.92642576284,2026,2026-05,-119 to -101,2026 Frozen Test,0.17496885787746638
KPROP-00762,2026-05-12 18:40:37,2026-05-12,Paul Skenes,134,115,Home,draftkings,,,-107.0,-107.0,7.5,6.718306429515853,7.5,0.7816935704841468,0.23930351694739438,0.6406061657650782,0.49777411743756406,Under,-107.0,1.9345794392523366,-107.0,1.0,-1.0,100.0,-100.0,-1.0,,Loss,0.5708661417322834,0.11729562238533905,89.37926425762836,18937.92642576284,2026,2026-05,-119 to -101,2026 Frozen Test,0.25605476313371195
KPROP-00763,2026-05-13 19:10:37,2026-05-13,Christian Scott,121,116,Home,betrivers,,,120.0,120.0,4.5,4.367256477410446,4.5,0.13274352258955435,0.22643629208573793,0.5574710418571536,0.444104134762634,Under,120.0,2.2,120.0,1.0,-1.0,100.0,-100.0,-1.0,,Loss,0.5701179554390564,0.11583127687762564,88.37926425762836,18837.92642576284,2026,2026-05,+100 to +120,2026 Frozen Test,0.18869691007144823
KPROP-00764,2026-05-13 19:10:37,2026-05-13,Christian Scott,121,116,Home,betrivers,,,-175.0,-175.0,5.5,4.367256477410446,5.5,1.1327435225895544,0.13995151109146625,0.7254236888763876,0.5919881305637983,Under,-175.0,1.5714285714285714,-175.0,1.0,0.5714285714285714,100.0,57.14285714285714,0.5714285714285714,,Win,0.5706806282722513,0.11642760841499598,88.95069282905693,18895.069282905693,2026,2026-05,<= -150,2026 Frozen Test,0.24491514441006595
KPROP-00765,2026-05-13 19:10:37,2026-05-13,Framber Valdez,116,121,Away,bovada,,,120.0,120.0,4.5,4.630531839152912,4.5,-0.130531839152912,0.11654397238020732,0.5075199874455487,0.43650793650793646,Under,120.0,2.2,120.0,1.0,-1.0,100.0,-100.0,-1.0,,Loss,0.5699346405228758,0.11496822592033586,87.95069282905693,18795.069282905693,2026,2026-05,+100 to +120,2026 Frozen Test,0.09711997698350608
KPROP-00766,2026-05-13 19:10:37,2026-05-13,Framber Valdez,116,121,Away,betmgm,,,-145.0,-145.0,5.5,4.630531839152912,5.5,0.869468160847088,0.14978529529567103,0.6804851747668257,0.5898551937724953,Under,-145.0,1.6896551724137931,-145.0,1.0,-1.0,100.0,-100.0,-1.0,,Loss,0.5691906005221932,0.11351265382383412,86.95069282905693,18695.069282905693,2026,2026-05,-149 to -120,2026 Frozen Test,0.21718867817872298
KPROP-00767,2026-05-13 19:05:38,2026-05-13,Griffin Jax,139,141,Away,betmgm,,,120.0,120.0,3.5,3.2319043208290967,3.5,0.26809567917090327,0.3099344276343585,0.5954247398337993,0.43439716312056736,Under,120.0,2.2,120.0,1.0,1.2000000000000002,100.0,120.00000000000001,1.2000000000000002,,Win,0.5697522816166884,0.11492919534427241,88.15069282905694,18815.069282905693,2026,2026-05,+100 to +120,2026 Frozen Test,0.2582786896952987
KPROP-00768,2026-05-13 18:40:37,2026-05-13,Nick Lodolo,113,120,Home,betmgm,,,-120.0,-120.0,5.5,4.99213256548958,5.5,0.5078674345104197,0.1317920717087664,0.6173411300229634,0.5242214532871973,Under,-120.0,1.8333333333333335,-120.0,1.0,-1.0,100.0,-100.0,-1.0,,Loss,0.5690104166666666,0.11347746462116788,87.15069282905694,18715.069282905693,2026,2026-05,-149 to -120,2026 Frozen Test,0.15815048605051965
KPROP-00769,2026-05-13 19:40:37,2026-05-13,Seth Lugo,118,145,Away,betmgm,,,-125.0,-125.0,5.5,5.067559218449289,5.5,0.432440781550711,0.08739441384448776,0.6041080076913821,0.5324675324675325,Under,-125.0,1.8,-125.0,1.0,0.8,100.0,80.0,0.8,,Win,0.5695708712613784,0.1143702117412964,87.95069282905693,18795.069282905693,2026,2026-05,-149 to -120,2026 Frozen Test,0.1092430173056097
KPROP-00770,2026-05-13 19:15:37,2026-05-13,Shota Imanaga,112,144,Away,mybookieag,,,-120.0,-120.0,5.5,4.961917313969197,5.5,0.538082686030803,0.14151143208986394,0.6226425993217439,0.5303159692570453,Under,-120.0,1.8333333333333335,-120.0,1.0,-1.0,100.0,-100.0,-1.0,,Loss,0.5688311688311688,0.11292297770007394,86.95069282905693,18695.069282905693,2026,2026-05,-149 to -120,2026 Frozen Test,0.1698137185078367
KPROP-00771,2026-05-14 12:40:37,2026-05-14,Chase Burns,113,120,Home,betmgm,,,120.0,120.0,6.5,6.590826436067869,6.5,-0.09082643606786878,0.12699975946405184,0.5122726179382053,0.4474097331240188,Under,120.0,2.2,120.0,1.0,-1.0,100.0,-100.0,-1.0,,Loss,0.5680933852140078,0.11147949783275866,85.95069282905693,18595.069282905693,2026,2026-05,+100 to +120,2026 Frozen Test,0.10583313288670985
KPROP-00772,2026-05-14 19:15:37,2026-05-14,Chris Sale,144,112,Home,fanduel,,,126.0,126.0,6.5,6.390976011000055,6.5,0.1090239889999447,0.22889836166485325,0.5437603370198466,0.42315959161741007,Under,126.0,2.26,126.0,1.0,-1.0,100.0,-100.0,-1.0,,Loss,0.5673575129533679,0.11003975755059188,84.95069282905693,18495.069282905693,2026,2026-05,+121 to +150,2026 Frozen Test,0.18166536640067718
KPROP-00773,2026-05-14 19:15:37,2026-05-14,Chris Sale,144,112,Home,betmgm,,,-155.0,-155.0,7.5,6.390976011000055,7.5,1.1090239889999447,0.13290561384755112,0.688628902534786,0.5850959973966807,Under,-155.0,1.6451612903225805,-155.0,1.0,-1.0,100.0,-100.0,-1.0,,Loss,0.5666235446313066,0.10860374234030651,83.95069282905693,18395.069282905693,2026,2026-05,<= -150,2026 Frozen Test,0.20600370146370428
KPROP-00774,2026-05-14 13:40:37,2026-05-14,Griffin Canning,135,158,Away,betmgm,,,-125.0,-125.0,4.5,4.129814804031613,4.5,0.3701851959683866,0.08628729914289324,0.603492943968274,0.5372750642673522,Under,-125.0,1.8,-125.0,1.0,0.8,100.0,80.0,0.8,,Win,0.5671834625322998,0.10949701915898828,84.75069282905693,18475.069282905693,2026,2026-05,-149 to -120,2026 Frozen Test,0.10785912392861655
KPROP-00775,2026-05-14 15:05:38,2026-05-14,Jacob Lopez,133,138,Home,betonlineag,,,110.0,110.0,4.5,4.038143918917768,4.5,0.46185608108223164,0.3049091905603699,0.6213853288382714,0.46801202232717903,Under,110.0,2.1,110.0,1.0,1.1,100.0,110.00000000000001,1.1,,Win,0.567741935483871,0.11077508752136378,85.85069282905692,18585.069282905693,2026,2026-05,+100 to +120,2026 Frozen Test,0.2771901732366999
KPROP-00776,2026-05-14 18:45:38,2026-05-14,Jesús Luzardo,143,111,Away,bovada,,,115.0,115.0,6.5,6.623557093516324,6.5,-0.12355709351632438,0.09040384285061942,0.5071645780700555,0.447405997144217,Under,115.0,2.15,115.0,1.0,1.15,100.0,114.99999999999999,1.15,,Win,0.5682989690721649,0.11211429488280532,87.00069282905693,18700.069282905693,2026,2026-05,+100 to +120,2026 Frozen Test,0.0786120372614082
KPROP-00777,2026-05-14 19:40:37,2026-05-14,Kris Bubic,118,145,Away,betmgm,,,-110.0,-110.0,5.5,5.011666135358305,5.5,0.48833386464169504,0.17201694531494993,0.6139136380221166,0.5044523597506678,Under,-110.0,1.9090909090909092,-110.0,1.0,0.9090909090909092,100.0,90.90909090909092,0.9090909090909092,,Win,0.5688545688545689,0.11314000481100107,87.90978373814784,18790.978373814785,2026,2026-05,-119 to -101,2026 Frozen Test,0.1892186398464449
KPROP-00778,2026-05-14 13:40:37,2026-05-14,Kyle Harrison,158,135,Home,fanduel,,,114.0,114.0,5.5,5.250905245931424,5.5,0.24909475406857595,0.22413337474229025,0.57202494146836,0.45257772530499807,Under,114.0,2.1399999999999997,114.0,1.0,-1.0,100.0,-100.0,-1.0,,Loss,0.5681233933161953,0.11170923359659105,86.90978373814784,18690.978373814785,2026,2026-05,+100 to +120,2026 Frozen Test,0.19660822345814938
KPROP-00779,2026-05-14 18:45:38,2026-05-14,Ranger Suarez,111,143,Home,draftkings,,,120.0,120.0,4.5,4.702649531422391,4.5,-0.20264953142239062,0.08706161891549102,0.4941189176888595,0.43169209431345357,Under,120.0,2.2,120.0,1.0,-1.0,100.0,-100.0,-1.0,,Loss,0.5673940949935815,0.11028213573574819,85.90978373814784,18590.978373814785,2026,2026-05,+100 to +120,2026 Frozen Test,0.07255134909624252
KPROP-00780,2026-05-14 18:45:38,2026-05-14,Ranger Suarez,111,143,Home,fanduel,,,-164.0,-164.0,5.5,4.702649531422391,5.5,0.7973504685776094,0.07528146411337078,0.6679778792219424,0.5985401459854015,Under,-164.0,1.6097560975609757,-164.0,1.0,-1.0,100.0,-100.0,-1.0,,Loss,0.5666666666666667,0.10885869710018954,84.90978373814784,18490.978373814785,2026,2026-05,<= -150,2026 Frozen Test,0.12346160114592805
KPROP-00781,2026-05-15 19:10:38,2026-05-15,Andrew Abbott,113,114,Away,betrivers,,,155.0,155.0,3.5,3.9690030470582593,3.5,-0.46900304705825935,0.12085055508864763,0.4395492372896658,0.391557051085959,Under,155.0,2.55,155.0,1.0,1.5499999999999998,100.0,154.99999999999997,1.5499999999999998,,Win,0.5672215108834827,0.1107039484483327,86.45978373814783,18645.978373814785,2026,2026-05,>= +151,2026 Frozen Test,0.07796810005719201
KPROP-00782,2026-05-15 19:10:38,2026-05-15,Andrew Abbott,113,114,Away,betrivers,,,-143.0,-143.0,4.5,3.9690030470582593,4.5,0.5309969529417407,0.07887321446977191,0.6348924677743926,0.5803471202832224,Under,-143.0,1.6993006993006992,-143.0,1.0,0.6993006993006992,100.0,69.93006993006992,0.6993006993006992,,Win,0.5677749360613811,0.11145662971540732,87.15908443744853,18715.908443744855,2026,2026-05,-149 to -120,2026 Frozen Test,0.11278869669177385
KPROP-00783,2026-05-15 19:10:38,2026-05-15,Joe Ryan,142,158,Home,fanduel,,,-120.0,-120.0,5.5,5.172038055904529,5.5,0.3279619440954713,0.07397188038367863,0.5858028438456429,0.5315161839863713,Under,-120.0,1.8333333333333335,-120.0,1.0,-1.0,100.0,-100.0,-1.0,,Loss,0.5670498084291188,0.11003714487541319,86.15908443744853,18615.908443744855,2026,2026-05,-149 to -120,2026 Frozen Test,0.08876625646041435
KPROP-00784,2026-05-15 18:45:37,2026-05-15,Shane Baz,110,120,Away,betmgm,,,-155.0,-155.0,5.5,4.777399938124153,5.5,0.7226000618758466,0.07750466135840223,0.654953813766872,0.5861397386999919,Under,-155.0,1.6451612903225805,-155.0,1.0,0.6451612903225805,100.0,64.51612903225805,0.6451612903225805,,Win,0.5676020408163265,0.11071970118338151,86.8042457277711,18680.424572777112,2026,2026-05,<= -150,2026 Frozen Test,0.12013222510552347
KPROP-00785,2026-05-15 19:15:38,2026-05-15,Spencer Strider,144,111,Home,betmgm,,,-125.0,-125.0,6.5,5.7431067527412,6.5,0.7568932472587999,0.16547949662252492,0.6474886092347361,0.5384615384615385,Under,-125.0,1.8,-125.0,1.0,0.8,100.0,80.0,0.8,,Win,0.5681528662420382,0.11159776525830714,87.6042457277711,18760.424572777112,2026,2026-05,-149 to -120,2026 Frozen Test,0.20684937077815616
KPROP-00786,2026-05-15 19:10:38,2026-05-15,Tanner Bibee,114,113,Home,betrivers,,,132.0,132.0,5.5,5.573061179259208,5.5,-0.07306117925920841,0.19813909724992218,0.5164392660560009,0.4155215285957335,Under,132.0,2.3200000000000003,132.0,1.0,1.3200000000000003,100.0,132.00000000000003,1.3200000000000003,,Win,0.5687022900763359,0.11313517268164264,88.92424572777111,18892.424572777112,2026,2026-05,+121 to +150,2026 Frozen Test,0.15010537670448648
KPROP-00787,2026-05-15 19:10:38,2026-05-15,Tanner Bibee,114,113,Home,fanatics,,,-150.0,-150.0,6.5,5.573061179259208,6.5,0.9269388207407916,0.12420103511489111,0.6745206210689347,0.5755517826825127,Under,-150.0,1.6666666666666665,-150.0,1.0,0.6666666666666665,100.0,66.66666666666666,0.6666666666666665,,Win,0.5692503176620076,0.11383851638429197,89.59091239443778,18959.091239443776,2026,2026-05,<= -150,2026 Frozen Test,0.1863015526723367
KPROP-00788,2026-05-15 18:45:37,2026-05-15,Trey Yesavage,141,116,Away,draftkings,,,-104.0,-104.0,5.5,5.235168202127111,5.5,0.2648317978728887,0.12743447921354345,0.5747705188147476,0.5048543689320388,Under,-104.0,1.9615384615384617,-104.0,1.0,-1.0,100.0,-100.0,-1.0,,Loss,0.5685279187817259,0.11242501572898195,88.59091239443778,18859.091239443776,2026,2026-05,-119 to -101,2026 Frozen Test,0.13253185838208517
KPROP-00789,2026-05-16 19:15:37,2026-05-16,Bryce Elder,144,111,Home,betmgm,,,130.0,130.0,4.5,4.545353588940684,4.5,-0.0453535889406842,0.2040899078536137,0.5235173512407016,0.4256067534294759,Under,130.0,2.3,130.0,1.0,1.2999999999999998,100.0,129.99999999999997,1.2999999999999998,,Win,0.5690747782002535,0.1139301804745726,89.89091239443778,18989.091239443776,2026,2026-05,+121 to +150,2026 Frozen Test,0.15699223681047209
KPROP-00790,2026-05-16 19:15:37,2026-05-16,Bryce Elder,144,111,Home,fanatics,,,-150.0,-150.0,5.5,4.545353588940684,5.5,0.9546464110593158,0.15860654107359934,0.6951639246441597,0.5901639344262295,Under,-150.0,1.6666666666666665,-150.0,1.0,0.6666666666666665,100.0,66.66666666666666,0.6666666666666665,,Win,0.569620253164557,0.11462984691279043,90.55757906110445,19055.757906110444,2026,2026-05,<= -150,2026 Frozen Test,0.23790981161039906
KPROP-00791,2026-05-16 19:10:37,2026-05-16,Connor Prielipp,142,158,Home,betmgm,,,-105.0,-105.0,4.5,4.340716604818487,4.5,0.1592833951815127,0.09837021533075285,0.5625798663889222,0.5060240963855421,Under,-105.0,1.9523809523809523,-105.0,1.0,-1.0,100.0,-100.0,-1.0,,Loss,0.5689001264222503,0.11322070677762888,89.55757906110445,18955.757906110444,2026,2026-05,-119 to -101,2026 Frozen Test,0.1032887260972905
KPROP-00792,2026-05-16 15:10:37,2026-05-16,Eduardo Rodriguez,109,115,Away,betrivers,,,138.0,138.0,4.5,4.924432550651909,4.5,-0.4244325506519093,0.08016670195097875,0.45385155544158773,0.408111210304808,Under,138.0,2.38,138.0,1.0,-1.0,100.0,-100.0,-1.0,,Loss,0.5681818181818182,0.11181512507715208,88.55757906110445,18855.757906110444,2026,2026-05,+121 to +150,2026 Frozen Test,0.05809181300795562
KPROP-00793,2026-05-16 19:10:37,2026-05-16,Jameson Taillon,112,145,Away,betmgm,,,120.0,120.0,4.5,4.735276676572291,4.5,-0.23527667657229134,0.07382569714261678,0.4881025896102803,0.43370944992947813,Under,120.0,2.2,120.0,1.0,1.2000000000000002,100.0,120.00000000000001,1.2000000000000002,,Win,0.5687263556116016,0.11318736325486059,89.75757906110445,18975.757906110444,2026,2026-05,+100 to +120,2026 Frozen Test,0.06152141428551397
KPROP-00794,2026-05-16 19:15:37,2026-05-16,Logan Gilbert,136,135,Home,betrivers,,,138.0,138.0,5.5,5.391261907081878,5.5,0.10873809291812186,0.3033896706452722,0.5476427187585178,0.3924905308228578,Under,138.0,2.38,138.0,1.0,1.38,100.0,138.0,1.38,,Win,0.5692695214105793,0.11478284516511895,91.13757906110445,19113.757906110444,2026,2026-05,+121 to +150,2026 Frozen Test,0.2198475874241103
KPROP-00795,2026-05-16 19:15:37,2026-05-16,Logan Gilbert,136,135,Home,bovada,,,-120.0,-120.0,6.5,5.391261907081878,6.5,1.1087380929181219,0.28888788779432917,0.7030297569787249,0.5338983050847457,Under,-120.0,1.8333333333333335,-120.0,1.0,0.8333333333333335,100.0,83.33333333333334,0.8333333333333335,,Win,0.569811320754717,0.11568668225715444,91.97091239443778,19197.091239443776,2026,2026-05,-149 to -120,2026 Frozen Test,0.3466654653531949
KPROP-00796,2026-05-17 13:40:37,2026-05-17,Brady Singer,113,114,Away,betmgm,,,115.0,115.0,3.5,3.5375254226951878,3.5,-0.03752542269518777,0.13639831014855575,0.5285573535574678,0.45569620253164556,Under,115.0,2.15,115.0,1.0,-1.0,100.0,-100.0,-1.0,,Loss,0.5690954773869347,0.11428506582215801,90.97091239443778,19097.091239443776,2026,2026-05,+100 to +120,2026 Frozen Test,0.11860722621613544
KPROP-00797,2026-05-17 12:15:38,2026-05-17,Drew Rasmussen,139,146,Home,draftkings,,,-132.0,-132.0,5.5,4.933067306663674,5.5,0.5669326933363257,0.10323626657144097,0.6277033930492681,0.555895865237366,Under,-132.0,1.7575757575757576,-132.0,1.0,0.7575757575757576,100.0,75.75757575757575,0.7575757575757576,,Win,0.5696361355081556,0.11509220596237582,91.72848815201353,19172.848815201352,2026,2026-05,-149 to -120,2026 Frozen Test,0.1362718718743021
KPROP-00798,2026-05-17 19:20:37,2026-05-17,George Kirby,136,135,Home,fanduel,,,-122.0,-122.0,5.5,4.996090581794658,5.5,0.5039094182053416,0.12209468703726023,0.6166466298132691,0.5357590966122961,Under,-122.0,1.819672131147541,-122.0,1.0,-1.0,100.0,-100.0,-1.0,,Loss,0.568922305764411,0.11369484730828763,90.72848815201353,19072.848815201352,2026,2026-05,-149 to -120,2026 Frozen Test,0.14895551818545746
KPROP-00799,2026-05-17 13:40:37,2026-05-17,Jack Flaherty,116,141,Home,draftkings,,,117.0,117.0,4.5,4.463247081439115,4.5,0.03675291856088503,0.16983291915199616,0.5390935111299522,0.450806706738374,Under,117.0,2.17,117.0,1.0,1.17,100.0,117.0,1.17,,Win,0.5694618272841051,0.11501688129163144,91.89848815201353,19189.848815201352,2026,2026-05,+100 to +120,2026 Frozen Test,0.1451563411555523
KPROP-00800,2026-05-17 16:05:37,2026-05-17,Jeffrey Springs,133,137,Home,draftkings,,,104.0,104.0,4.5,4.0934672967945325,4.5,0.4065327032054675,0.24558951441129762,0.6105830952996557,0.478202846975089,Under,104.0,2.04,104.0,1.0,1.04,100.0,104.0,1.04,,Win,0.57,0.11617311019001691,92.93848815201353,19293.848815201352,2026,2026-05,+100 to +120,2026 Frozen Test,0.23614376385701694
KPROP-00801,2026-05-17 13:40:37,2026-05-17,Kevin Gausman,141,116,Away,draftkings,,,-103.0,-103.0,5.5,5.35443649247038,5.5,0.14556350752962022,0.091902082745563,0.5540192833635122,0.49764317699740745,Under,-103.0,1.970873786407767,-103.0,1.0,0.970873786407767,100.0,97.0873786407767,0.970873786407767,,Win,0.5705368289637952,0.1172401522327357,93.9093619384213,19390.93619384213,2026,2026-05,-119 to -101,2026 Frozen Test,0.09465914522792988
KPROP-00802,2026-05-17 13:35:37,2026-05-17,Paul Skenes,134,143,Home,betonlineag,,,120.0,120.0,6.5,6.363995202694983,6.5,0.13600479730501736,0.20569887001003517,0.5480449409136523,0.43795620437956206,Under,120.0,2.2,120.0,1.0,-1.0,100.0,-100.0,-1.0,,Loss,0.5698254364089775,0.11584708471124851,92.9093619384213,19290.93619384213,2026,2026-05,+100 to +120,2026 Frozen Test,0.1714157250083626
KPROP-00803,2026-05-18 18:40:38,2026-05-18,Max Meyer,146,144,Home,betmgm,,,-135.0,-135.0,5.5,4.9909659509141635,5.5,0.5090340490858365,0.07498718790239645,0.6175458313481852,0.54911742133538,Under,-135.0,1.7407407407407407,-135.0,1.0,-1.0,100.0,-100.0,-1.0,,Loss,0.5691158156911582,0.11445748684734906,91.9093619384213,19190.93619384213,2026,2026-05,-149 to -120,2026 Frozen Test,0.10123270366823521
KPROP-00804,2026-05-18 18:40:38,2026-05-18,Nick Lodolo,113,143,Away,fanduel,,,-114.0,-114.0,5.5,5.151020804321039,5.5,0.34897919567896096,0.10657009431438791,0.589481265195515,0.529194350332204,Under,-114.0,1.8771929824561404,-114.0,1.0,0.8771929824561404,100.0,87.71929824561404,0.8771929824561404,,Win,0.5696517412935324,0.11540616283691223,92.78655492087744,19278.655492087746,2026,2026-05,-119 to -101,2026 Frozen Test,0.1214899075184022
KPROP-00805,2026-05-18 19:05:37,2026-05-18,Patrick Corbin,141,147,Away,draftkings,,,124.0,124.0,3.5,3.5888274459915026,3.5,-0.08882744599150261,0.1594063820859204,0.5175921348597858,0.42662116040955633,Under,124.0,2.24,124.0,1.0,1.2400000000000002,100.0,124.00000000000003,1.2400000000000002,,Win,0.5701863354037268,0.11680317381475457,94.02655492087743,19402.655492087746,2026,2026-05,+121 to +150,2026 Frozen Test,0.12855353394025837
KPROP-00806,2026-05-18 18:40:38,2026-05-18,Shane McClanahan,139,110,Home,draftkings,,,120.0,120.0,5.5,5.689556575634784,5.5,-0.1895565756347839,0.09282378762378961,0.4967380852835407,0.44251134644478063,Under,120.0,2.2,120.0,1.0,-1.0,100.0,-100.0,-1.0,,Loss,0.5694789081885856,0.11541756193657249,93.02655492087743,19302.655492087746,2026,2026-05,+100 to +120,2026 Frozen Test,0.07735315635315801
KPROP-00807,2026-05-19 16:10:37,2026-05-19,Braxton Garrett,146,144,Home,fanduel,,,-144.0,-144.0,4.5,3.8434888823875015,4.5,0.6565111176124985,0.11728652200405676,0.6593822097073122,0.5757997218358832,Under,-144.0,1.6944444444444444,-144.0,1.0,0.6944444444444444,100.0,69.44444444444444,0.6944444444444444,,Win,0.5700123915737298,0.11613506736718944,93.72099936532187,19372.09993653219,2026,2026-05,-149 to -120,2026 Frozen Test,0.16889259168584173
KPROP-00808,2026-05-19 18:45:37,2026-05-19,Foster Griffin,120,121,Home,betrivers,,,135.0,135.0,4.5,4.839649244680333,4.5,-0.3396492446803334,0.1023040832287826,0.4690655673313968,0.3973509933774834,Under,135.0,2.35,135.0,1.0,-1.0,100.0,-100.0,-1.0,,Loss,0.5693069306930693,0.1147537120857944,92.72099936532187,19272.09993653219,2026,2026-05,+121 to +150,2026 Frozen Test,0.0757808023916908
KPROP-00809,2026-05-20 18:40:37,2026-05-20,Chris Sale,144,146,Away,betmgm,,,100.0,100.0,7.5,6.5424815695553225,7.5,0.9575184304446775,0.3330713431892383,0.6665356715946191,0.5024875621890548,Under,100.0,2.0,100.0,1.0,-1.0,100.0,-100.0,-1.0,,Loss,0.5686032138442522,0.11337577177419267,91.72099936532187,19172.09993653219,2026,2026-05,+100 to +120,2026 Frozen Test,0.33307134318923826
KPROP-00810,2026-05-20 16:10:37,2026-05-20,Emerson Hancock,136,145,Home,betrivers,,,102.0,102.0,5.5,5.018158271150233,5.5,0.4818417288497674,0.23780450153337518,0.6127745057095917,0.48066174826738206,Under,102.0,2.02,102.0,1.0,1.02,100.0,102.0,1.02,,Win,0.5691358024691358,0.11449506094484181,92.74099936532187,19274.09993653219,2026,2026-05,+100 to +120,2026 Frozen Test,0.23314166816997567
KPROP-00811,2026-05-20 13:40:37,2026-05-20,Joe Ryan,142,117,Home,betrivers,,,135.0,135.0,5.5,5.685295720016922,5.5,-0.18529572001692163,0.1690169592535976,0.4974540252142968,0.3973509933774834,Under,135.0,2.35,135.0,1.0,-1.0,100.0,-100.0,-1.0,,Loss,0.5684340320591862,0.11312083768843634,91.74099936532187,19174.09993653219,2026,2026-05,+121 to +150,2026 Frozen Test,0.12519774759525748
KPROP-00812,2026-05-20 13:40:37,2026-05-20,Joe Ryan,142,117,Home,betmgm,,,-135.0,-135.0,6.5,5.685295720016922,6.5,0.8147042799830784,0.14316029818159703,0.6567091074660238,0.54911742133538,Under,-135.0,1.7407407407407407,-135.0,1.0,-1.0,100.0,-100.0,-1.0,,Loss,0.5677339901477833,0.11174999921837668,90.74099936532187,19074.09993653219,2026,2026-05,-149 to -120,2026 Frozen Test,0.193266402545156
KPROP-00813,2026-05-20 19:05:37,2026-05-20,Trey Yesavage,141,147,Away,betonlineag,,,128.0,128.0,5.5,5.694298407458681,5.5,-0.19429840745868088,0.13074721934876277,0.4959417628722643,0.43217111046000584,Under,128.0,2.2800000000000002,128.0,1.0,-1.0,100.0,-100.0,-1.0,,Loss,0.5670356703567035,0.11038253304467635,89.74099936532187,18974.09993653219,2026,2026-05,+121 to +150,2026 Frozen Test,0.1021462651162209
KPROP-00814,2026-05-21 19:05:37,2026-05-21,Carlos Rodón,147,141,Home,betrivers,,,138.0,138.0,4.5,4.790685438460798,4.5,-0.2906854384607982,0.13753429213621748,0.47795558493118384,0.3924905308228578,Under,138.0,2.38,138.0,1.0,-1.0,100.0,-100.0,-1.0,,Loss,0.5663390663390664,0.10901842673872465,88.74099936532187,18874.09993653219,2026,2026-05,+121 to +150,2026 Frozen Test,0.09966253053349095
KPROP-00815,2026-05-21 19:05:37,2026-05-21,Carlos Rodón,147,141,Home,fanatics,,,-140.0,-140.0,5.5,4.790685438460798,5.5,0.7093145615392018,0.11880082467187536,0.6526338143919272,0.5586612725266643,Under,-140.0,1.7142857142857144,-140.0,1.0,-1.0,100.0,-100.0,-1.0,,Loss,0.5656441717791411,0.10765766793291028,87.74099936532187,18774.09993653219,2026,2026-05,-149 to -120,2026 Frozen Test,0.1663211545406255
KPROP-00816,2026-05-21 13:10:37,2026-05-21,Casey Mize,116,114,Home,fanduel,,,-115.0,-115.0,4.5,4.280409298888909,4.5,0.21959070111109114,0.07355523052273616,0.5742272163261147,0.5108342361863488,Under,-115.0,1.8695652173913042,-115.0,1.0,0.8695652173913042,100.0,86.95652173913042,0.8695652173913042,,Win,0.5661764705882353,0.10859137816508967,88.61056458271317,18861.05645827132,2026,2026-05,-119 to -101,2026 Frozen Test,0.0845885151011466
KPROP-00817,2026-05-21 16:05:38,2026-05-21,David Peterson,121,120,Away,betrivers,,,-113.0,-113.0,4.5,4.157251210792202,4.5,0.34274878920779805,0.12747927963515848,0.5981462845012813,0.5087854162090929,Under,-113.0,1.8849557522123894,-113.0,1.0,0.8849557522123894,100.0,88.49557522123894,0.8849557522123894,,Win,0.5667074663402693,0.10954164055682443,89.49552033492556,18949.55203349256,2026,2026-05,-119 to -101,2026 Frozen Test,0.14405158598772907
KPROP-00818,2026-05-22 18:40:37,2026-05-22,Cristopher Sánchez,143,114,Home,betrivers,,,114.0,114.0,6.5,6.029809180076317,6.5,0.4701908199236833,0.2872417921921162,0.6015148561645404,0.4623569649115399,Under,114.0,2.1399999999999997,114.0,1.0,1.1399999999999997,100.0,113.99999999999997,1.1399999999999997,,Win,0.5672371638141809,0.11080136960259848,90.63552033492556,19063.55203349256,2026,2026-05,+100 to +120,2026 Frozen Test,0.2519664843790494
KPROP-00819,2026-05-22 18:40:37,2026-05-22,Cristopher Sánchez,143,114,Home,betrivers,,,-180.0,-180.0,7.5,6.029809180076317,7.5,1.4701908199236833,0.1509020898862104,0.7398656292125638,0.6017069701280228,Under,-180.0,1.5555555555555556,-180.0,1.0,0.5555555555555556,100.0,55.55555555555556,0.5555555555555556,,Win,0.5677655677655677,0.11134441500669245,91.19107589048112,19119.107589048115,2026,2026-05,<= -150,2026 Frozen Test,0.2716237617951787
KPROP-00820,2026-05-22 19:05:37,2026-05-22,Gerrit Cole,147,139,Home,fanduel,,,120.0,120.0,4.5,4.688894904322559,4.5,-0.1888949043225594,0.09266099759902124,0.4966640898177369,0.43439716312056736,Under,120.0,2.2,120.0,1.0,1.2000000000000002,100.0,120.00000000000001,1.2000000000000002,,Win,0.5682926829268292,0.11267204376887942,92.39107589048112,19239.107589048115,2026,2026-05,+100 to +120,2026 Frozen Test,0.07721749799918436
KPROP-00821,2026-05-22 19:05:37,2026-05-22,Kevin Gausman,141,134,Home,fanduel,,,130.0,130.0,5.5,5.616089996795292,5.5,-0.1160899967952922,0.17100512099777898,0.5091326613033822,0.4128584935392373,Under,130.0,2.3,130.0,1.0,-1.0,100.0,-100.0,-1.0,,Loss,0.5676004872107187,0.11131677940375288,91.39107589048112,19139.107589048115,2026,2026-05,+121 to +150,2026 Frozen Test,0.1315424007675223
KPROP-00822,2026-05-22 19:05:37,2026-05-22,Kevin Gausman,141,134,Home,draftkings,,,-151.0,-151.0,6.5,5.616089996795292,6.5,0.8839100032047078,0.1098983111516586,0.6677077489398424,0.5804780210596691,Under,-151.0,1.6622516556291391,-151.0,1.0,-1.0,100.0,-100.0,-1.0,,Loss,0.5669099756690997,0.10996481251883347,90.39107589048112,19039.107589048115,2026,2026-05,<= -150,2026 Frozen Test,0.16594644983900447
KPROP-00823,2026-05-22 19:40:37,2026-05-22,Logan Gilbert,136,118,Away,betonlineag,,,-110.0,-110.0,5.5,5.1161455274234795,5.5,0.3838544725765205,0.13703537815318412,0.5955899599850012,0.5296752519596865,Under,-110.0,1.9090909090909092,-110.0,1.0,-1.0,100.0,-100.0,-1.0,,Loss,0.5662211421628189,0.10861613109414474,89.39107589048112,18939.107589048115,2026,2026-05,-119 to -101,2026 Frozen Test,0.15073891596850253
KPROP-00824,2026-05-22 19:40:37,2026-05-22,Logan Henderson,158,119,Home,draftkings,,,-110.0,-110.0,5.5,5.058001047861299,5.5,0.4419989521387011,0.1564976781689853,0.6057844980885161,0.5116279069767442,Under,-110.0,1.9090909090909092,-110.0,1.0,-1.0,100.0,-100.0,-1.0,,Loss,0.5655339805825242,0.1072707231680596,88.39107589048112,18839.107589048115,2026,2026-05,-119 to -101,2026 Frozen Test,0.1721474459858838
KPROP-00825,2026-05-22 14:20:37,2026-05-22,Spencer Arrighetti,117,112,Away,draftkings,,,-152.0,-152.0,5.5,4.7856074038589576,5.5,0.7143925961410424,0.08346859072091883,0.6535207372602367,0.584268180018477,Under,-152.0,1.6578947368421053,-152.0,1.0,0.6578947368421053,100.0,65.78947368421053,0.6578947368421053,,Win,0.566060606060606,0.10793814621493725,89.04897062732323,18904.897062732325,2026,2026-05,<= -150,2026 Frozen Test,0.12687225789579662
KPROP-00826,2026-05-23 16:10:37,2026-05-23,Max Meyer,146,121,Home,draftkings,,,104.0,104.0,5.5,5.470573370154741,5.5,0.029426629845258567,0.08929688756943911,0.5339690625340388,0.46964106004696404,Under,104.0,2.04,104.0,1.0,-1.0,100.0,-100.0,-1.0,,Loss,0.5653753026634383,0.10659681674010076,88.04897062732323,18804.897062732325,2026,2026-05,+100 to +120,2026 Frozen Test,0.08586239189369144
KPROP-00827,2026-05-23 15:05:37,2026-05-23,Paul Skenes,134,141,Away,draftkings,,,113.0,113.0,6.5,5.691256702582276,6.5,0.808743297417724,0.396768022769132,0.6557596351028789,0.4674421132731819,Under,113.0,2.13,113.0,1.0,1.13,100.0,112.99999999999999,1.13,,Win,0.56590084643289,0.10783430547439325,89.17897062732322,18917.897062732325,2026,2026-05,+100 to +120,2026 Frozen Test,0.3511221440434797
KPROP-00828,2026-05-23 19:15:37,2026-05-23,Robert Gasser,158,119,Home,draftkings,,,121.0,121.0,3.5,3.177363756671498,3.5,0.32263624332850194,0.34271280152732275,0.6075623536322727,0.4406112308990344,Under,121.0,2.21,121.0,1.0,-1.0,100.0,-100.0,-1.0,,Loss,0.5652173913043478,0.1064963413373469,88.17897062732322,18817.897062732325,2026,2026-05,+121 to +150,2026 Frozen Test,0.2832337202705147
KPROP-00829,2026-05-24 13:35:37,2026-05-24,Bailey Ober,142,111,Away,betmgm,,,-125.0,-125.0,4.5,3.9273373794821036,4.5,0.5726626205178964,0.15745336793606657,0.6430296488533703,0.5408163265306123,Under,-125.0,1.8,-125.0,1.0,0.8,100.0,80.0,0.8,,Win,0.5657418576598311,0.1073328958110051,88.97897062732322,18897.897062732325,2026,2026-05,-149 to -120,2026 Frozen Test,0.1968167099200832
KPROP-00830,2026-05-24 13:40:37,2026-05-24,Christian Scott,121,146,Away,draftkings,,,102.0,102.0,4.5,4.4623475580655425,4.5,0.03765244193445749,0.08931516097973201,0.5392649311780852,0.48588616381304955,Under,102.0,2.02,102.0,1.0,-1.0,100.0,-100.0,-1.0,,Loss,0.5650602409638554,0.1059987597919557,87.97897062732322,18797.897062732325,2026,2026-05,+100 to +120,2026 Frozen Test,0.08756388331346276
KPROP-00831,2026-05-24 16:10:37,2026-05-24,Martín Pérez,144,120,Home,draftkings,,,129.0,129.0,3.5,3.734659271305253,3.5,-0.2346592713052531,0.11509978287564027,0.48694313662691713,0.412226802520028,Under,129.0,2.29,129.0,1.0,1.29,100.0,129.0,1.29,,Win,0.5655836341756919,0.10742355069473312,89.26897062732323,18926.897062732325,2026,2026-05,+121 to +150,2026 Frozen Test,0.08922463788809323
KPROP-00832,2026-05-24 16:10:37,2026-05-24,Martín Pérez,144,120,Home,fanduel,,,-150.0,-150.0,4.5,3.734659271305253,4.5,0.7653407286947469,0.13419802266259184,0.6805188135975552,0.5901639344262295,Under,-150.0,1.6666666666666665,-150.0,1.0,0.6666666666666665,100.0,66.66666666666666,0.6666666666666665,,Win,0.5661057692307693,0.10809571790143016,89.9356372939899,18993.563729398993,2026,2026-05,<= -150,2026 Frozen Test,0.20129703399388782
KPROP-00833,2026-05-24 13:35:37,2026-05-24,Parker Messick,114,143,Away,bovada,,,120.0,120.0,5.5,5.381185003787785,5.5,0.11881499621221536,0.20864913632505513,0.5493859710568432,0.43795620437956206,Under,120.0,2.2,120.0,1.0,-1.0,100.0,-100.0,-1.0,,Loss,0.5654261704681873,0.10676547094116434,88.9356372939899,18893.563729398993,2026,2026-05,+100 to +120,2026 Frozen Test,0.17387428027087923
KPROP-00834,2026-05-24 13:35:37,2026-05-24,Parker Messick,114,143,Away,betrivers,,,-190.0,-190.0,6.5,5.381185003787785,6.5,1.1188149962122154,0.07543398710302313,0.704594681205429,0.6112600536193029,Under,-190.0,1.526315789473684,-190.0,1.0,0.5263157894736841,100.0,52.63157894736841,0.5263157894736841,,Win,0.565947242206235,0.10726852887705465,89.46195308346358,18946.19530834636,2026,2026-05,<= -150,2026 Frozen Test,0.14332457549574398
KPROP-00835,2026-05-24 14:20:37,2026-05-24,Peter Lambert,117,112,Away,bovada,,,105.0,105.0,4.5,3.8996361103790775,4.5,0.6003638896209225,0.3292945739109481,0.6484363775175357,0.4790284493421793,Under,105.0,2.05,105.0,1.0,-1.0,100.0,-100.0,-1.0,,Loss,0.5652694610778443,0.10594245878259112,88.46195308346358,18846.19530834636,2026,2026-05,+100 to +120,2026 Frozen Test,0.3136138799151887
KPROP-00836,2026-05-24 19:20:37,2026-05-24,Reid Detmers,108,140,Home,draftkings,,,-104.0,-104.0,6.5,5.744489553811678,6.5,0.755510446188322,0.26964057973897093,0.647267746533593,0.4932249322493225,Under,-104.0,1.9615384615384617,-104.0,1.0,-1.0,100.0,-100.0,-1.0,,Loss,0.5645933014354066,0.1046195611046215,87.46195308346358,18746.19530834636,2026,2026-05,-119 to -101,2026 Frozen Test,0.2804262029285297
KPROP-00837,2026-05-24 16:05:37,2026-05-24,Robbie Ray,137,145,Home,betrivers,,,125.0,125.0,5.5,5.188907991435448,5.5,0.3110920085645521,0.3114172869356301,0.5828521275269467,0.4268502581755593,Under,125.0,2.25,125.0,1.0,1.25,100.0,125.0,1.25,,Win,0.5651135005973715,0.10598799651548815,88.71195308346358,18871.19530834636,2026,2026-05,+121 to +150,2026 Frozen Test,0.24913382954850408
KPROP-00838,2026-05-24 16:05:37,2026-05-24,Robbie Ray,137,145,Home,draftkings,,,-150.0,-150.0,6.5,5.188907991435448,6.5,1.311092008564552,0.22345353529166784,0.7340721211750008,0.5798319327731092,Under,-150.0,1.6666666666666665,-150.0,1.0,0.6666666666666665,100.0,66.66666666666666,0.6666666666666665,,Win,0.5656324582338902,0.10665706414096689,89.37861975013026,18937.861975013024,2026,2026-05,<= -150,2026 Frozen Test,0.33518030293750184
KPROP-00839,2026-05-24 13:35:37,2026-05-24,Ryan Weathers,147,139,Home,draftkings,,,-103.0,-103.0,5.5,5.081413766971731,5.5,0.41858623302826903,0.1858320394707177,0.6016783254457336,0.4878275495750709,Under,-103.0,1.970873786407767,-103.0,1.0,0.970873786407767,100.0,97.0873786407767,0.970873786407767,,Win,0.566150178784267,0.10768711982900837,90.34949353653802,19034.949353653803,2026,2026-05,-119 to -101,2026 Frozen Test,0.19140700065483923
KPROP-00840,2026-05-24 14:10:37,2026-05-24,Seth Lugo,118,136,Home,fanduel,,,130.0,130.0,4.5,4.716438046067721,4.5,-0.21643804606772132,0.13061725521260448,0.49157271965765414,0.4214819850441876,Under,130.0,2.3,130.0,1.0,1.2999999999999998,100.0,129.99999999999997,1.2999999999999998,,Win,0.5666666666666667,0.10910653992445002,91.64949353653802,19164.949353653803,2026,2026-05,+121 to +150,2026 Frozen Test,0.10047481170200345
KPROP-00841,2026-05-24 13:35:37,2026-05-24,Sonny Gray,111,142,Home,draftkings,,,-117.0,-117.0,5.5,4.861697560456833,5.5,0.6383024395431667,0.18740274332967655,0.6402125390302864,0.5286297680076462,Under,-117.0,1.8547008547008548,-117.0,1.0,0.8547008547008548,100.0,85.47008547008548,0.8547008547008548,,Win,0.5671819262782402,0.10999309677911875,92.50419439123887,19250.41943912389,2026,2026-05,-119 to -101,2026 Frozen Test,0.21926120969572155
KPROP-00842,2026-05-24 14:10:37,2026-05-24,Yoshinobu Yamamoto,119,158,Away,betmgm,,,-125.0,-125.0,6.5,6.009689052610117,6.5,0.490310947389883,0.08854370072655637,0.6047465004036424,0.5275590551181103,Under,-125.0,1.8,-125.0,1.0,0.8,100.0,80.0,0.8,,Win,0.5676959619952494,0.1108125824123977,93.30419439123887,19330.41943912389,2026,2026-05,-149 to -120,2026 Frozen Test,0.11067962590819547
KPROP-00843,2026-05-25 13:35:37,2026-05-25,Kyle Bradish,110,139,Home,fanduel,,,100.0,100.0,5.5,5.028564624573591,5.5,0.4714353754264087,0.2218972624393856,0.6109486312196928,0.48017621145374445,Under,100.0,2.0,100.0,1.0,1.0,100.0,100.0,1.0,,Win,0.5682087781731909,0.11186737175710423,94.30419439123887,19430.41943912389,2026,2026-05,+100 to +120,2026 Frozen Test,0.22189726243938557
KPROP-00844,2026-05-25 17:05:37,2026-05-25,Landen Roupp,137,109,Home,betrivers,,,125.0,125.0,4.5,4.536613696193284,4.5,-0.03661369619328436,0.18162898832211882,0.525168439254275,0.41540256709451573,Under,125.0,2.25,125.0,1.0,-1.0,100.0,-100.0,-1.0,,Loss,0.5675355450236966,0.11054999335454842,93.30419439123887,19330.41943912389,2026,2026-05,+121 to +150,2026 Frozen Test,0.14530319065769506
KPROP-00845,2026-05-25 17:05:37,2026-05-25,Landen Roupp,137,109,Home,fanduel,,,-160.0,-160.0,5.5,4.536613696193284,5.5,0.9633863038067156,0.13207808533000565,0.6966634371261573,0.5859872611464969,Under,-160.0,1.625,-160.0,1.0,-1.0,100.0,-100.0,-1.0,,Loss,0.5668639053254438,0.10923573300738328,92.30419439123887,19230.41943912389,2026,2026-05,<= -150,2026 Frozen Test,0.21132493652800904
KPROP-00846,2026-05-25 16:10:37,2026-05-25,Nolan McLean,121,113,Home,betrivers,,,135.0,135.0,6.5,6.6311125992438225,6.5,-0.13111259924382246,0.18907098055890503,0.5059876513016617,0.4088050314465409,Under,135.0,2.35,135.0,1.0,1.35,100.0,135.0,1.35,,Win,0.5673758865248227,0.11070235743645256,93.65419439123886,19365.41943912389,2026,2026-05,+121 to +150,2026 Frozen Test,0.1400525781917815
KPROP-00847,2026-05-25 16:10:37,2026-05-25,Nolan McLean,121,113,Home,fanatics,,,-140.0,-140.0,7.5,6.6311125992438225,7.5,0.8688874007561775,0.12028006182092665,0.6534967027288738,0.5597945707997065,Under,-140.0,1.7142857142857144,-140.0,1.0,0.7142857142857144,100.0,71.42857142857144,0.7142857142857144,,Win,0.5678866587957497,0.11141497060864766,94.36848010552457,19436.848010552458,2026,2026-05,-149 to -120,2026 Frozen Test,0.1683920865492973
KPROP-00848,2026-05-25 19:05:37,2026-05-25,Trey Yesavage,141,146,Home,betrivers,,,120.0,120.0,5.5,5.145447629785482,5.5,0.3545523702145177,0.2990055545544299,0.5904570702520135,0.43795620437956206,Under,120.0,2.2,120.0,1.0,-1.0,100.0,-100.0,-1.0,,Loss,0.5672169811320755,0.11010433974708086,93.36848010552457,19336.848010552458,2026,2026-05,+100 to +120,2026 Frozen Test,0.24917129546202488
KPROP-00849,2026-05-25 19:05:37,2026-05-25,Trey Yesavage,141,146,Home,draftkings,,,-145.0,-145.0,6.5,5.145447629785482,6.5,1.3545523702145177,0.25139488621661665,0.7406214632710588,0.574357192494788,Under,-145.0,1.6896551724137931,-145.0,1.0,0.6896551724137931,100.0,68.96551724137932,0.6896551724137931,,Win,0.5677267373380448,0.110786967347395,94.05813527793836,19405.813527793838,2026,2026-05,-149 to -120,2026 Frozen Test,0.3645225850140941
KPROP-00850,2026-05-26 18:40:37,2026-05-26,Braxton Ashcraft,134,112,Home,draftkings,,,110.0,110.0,5.5,5.521672086674675,5.5,-0.02167208667467513,0.1029363396433488,0.525207780782547,0.4661016949152542,Under,110.0,2.1,110.0,1.0,1.1,100.0,110.00000000000001,1.1,,Win,0.5682352941176471,0.11195074738580983,95.15813527793836,19515.813527793838,2026,2026-05,+100 to +120,2026 Frozen Test,0.09357849058486255
KPROP-00851,2026-05-26 18:35:37,2026-05-26,Griffin Jax,139,110,Away,betrivers,,,132.0,132.0,4.5,4.50524259950095,4.5,-0.005242599500950185,0.2321723735563409,0.5311087817053193,0.4249291784702549,Under,132.0,2.3200000000000003,132.0,1.0,1.3200000000000003,100.0,132.00000000000003,1.3200000000000003,,Win,0.5687426556991775,0.11337031172495693,96.47813527793835,19647.813527793838,2026,2026-05,+121 to +150,2026 Frozen Test,0.17588816178510672
KPROP-00852,2026-05-26 18:35:37,2026-05-26,Griffin Jax,139,110,Away,betrivers,,,-155.0,-155.0,5.5,4.50524259950095,5.5,0.9947574004990498,0.15496014539000086,0.7020345981782359,0.5776397515527951,Under,-155.0,1.6451612903225805,-155.0,1.0,0.6451612903225805,100.0,64.51612903225805,0.6451612903225805,,Win,0.5692488262910798,0.11399447954021236,97.12329656826093,19712.329656826096,2026,2026-05,<= -150,2026 Frozen Test,0.24018822535450138
KPROP-00853,2026-05-26 18:10:37,2026-05-26,Joey Cantillo,114,120,Home,fanduel,,,132.0,132.0,4.5,4.500485502993574,4.5,-0.0004855029935741939,0.23426650992770048,0.5320114266929743,0.4107613194531544,Under,132.0,2.3200000000000003,132.0,1.0,1.3200000000000003,100.0,132.00000000000003,1.3200000000000003,,Win,0.5697538100820633,0.11540831954075138,98.44329656826093,19844.329656826096,2026,2026-05,+121 to +150,2026 Frozen Test,0.17747462873310638
KPROP-00854,2026-05-26 18:10:37,2026-05-26,Joey Cantillo,114,120,Home,betmgm,,,-140.0,-140.0,5.5,4.500485502993574,5.5,0.9995144970064258,0.20488142115441088,0.7028474956734063,0.5708154506437769,Under,-140.0,1.7142857142857144,-140.0,1.0,0.7142857142857144,100.0,71.42857142857144,0.7142857142857144,,Win,0.5702576112412178,0.11610958112710379,99.15758228254664,19915.758228254665,2026,2026-05,-149 to -120,2026 Frozen Test,0.2868339896161752
KPROP-00855,2026-05-26 19:40:37,2026-05-26,Kyle Harrison,158,138,Home,fanduel,,,-115.0,-115.0,6.5,5.516683037032738,6.5,0.9833169629672618,0.2776848412264481,0.683412822051356,0.521797153024911,Under,-115.0,1.8695652173913042,-115.0,1.0,0.8695652173913042,100.0,86.95652173913042,0.8695652173913042,,Win,0.5707602339181287,0.1169908157894011,100.02714749993794,20002.714749993796,2026,2026-05,-119 to -101,2026 Frozen Test,0.31933756741041536
KPROP-00856,2026-05-26 18:45:37,2026-05-26,Ranger Suarez,111,144,Home,draftkings,,,-112.0,-112.0,4.5,4.246953934541807,4.5,0.25304606545819297,0.09919921472996274,0.5807090191026218,0.5077399380804954,Under,-112.0,1.8928571428571428,-112.0,1.0,0.8928571428571428,100.0,89.28571428571428,0.8928571428571428,,Win,0.5712616822429907,0.11789720168550827,100.92000464279508,20092.00046427951,2026,2026-05,-119 to -101,2026 Frozen Test,0.11110312049755827
KPROP-00857,2026-05-27 19:40:37,2026-05-27,Connor Prielipp,142,145,Away,betrivers,,,120.0,120.0,4.5,4.601633552751782,4.5,-0.10163355275178176,0.12844093347833896,0.5129276970356086,0.43169209431345357,Under,120.0,2.2,120.0,1.0,-1.0,100.0,-100.0,-1.0,,Loss,0.5705950991831972,0.11659277087840733,99.92000464279508,19992.00046427951,2026,2026-05,+100 to +120,2026 Frozen Test,0.10703411123194911
KPROP-00858,2026-05-27 19:40:37,2026-05-27,Connor Prielipp,142,145,Away,betrivers,,,-167.0,-167.0,5.5,4.601633552751782,5.5,0.8983664472482182,0.09594331132735234,0.6854776516541867,0.5951171430737736,Under,-167.0,1.5988023952095807,-167.0,1.0,0.5988023952095807,100.0,59.88023952095807,0.5988023952095807,,Win,0.5710955710955711,0.11715478675758118,100.51880703800465,20051.880703800467,2026,2026-05,<= -150,2026 Frozen Test,0.16022532991667846
KPROP-00859,2026-05-27 16:10:37,2026-05-27,Cristopher Sánchez,143,135,Away,fanatics,,,105.0,105.0,6.5,6.406116004430877,6.5,0.09388399556912308,0.10978624423580585,0.5413591435296614,0.4740160904544466,Under,105.0,2.05,105.0,1.0,-1.0,100.0,-100.0,-1.0,,Loss,0.570430733410943,0.11585425732014511,99.51880703800465,19951.880703800467,2026,2026-05,+100 to +120,2026 Frozen Test,0.10455832784362463
KPROP-00860,2026-05-27 13:05:37,2026-05-27,Kevin Gausman,141,146,Home,betmgm,,,-105.0,-105.0,5.5,5.286059737265489,5.5,0.2139402627345106,0.10485104569680924,0.5658993160886097,0.4965893587994543,Under,-105.0,1.9523809523809523,-105.0,1.0,0.9523809523809523,100.0,95.23809523809523,0.9523809523809523,,Win,0.5709302325581396,0.11682696277951814,100.4711879903856,20047.118799038566,2026,2026-05,-119 to -101,2026 Frozen Test,0.11009359798164972
KPROP-00861,2026-05-27 15:05:37,2026-05-27,Logan Gilbert,136,133,Away,draftkings,,,115.0,115.0,5.5,5.493529646220701,5.5,0.006470353779299387,0.13956027427177942,0.5300280345450137,0.44362292051756,Under,115.0,2.15,115.0,1.0,-1.0,100.0,-100.0,-1.0,,Loss,0.570267131242741,0.11552983506432707,99.4711879903856,19947.118799038566,2026,2026-05,+100 to +120,2026 Frozen Test,0.12135676023632994
KPROP-00862,2026-05-27 15:45:37,2026-05-27,Michael Soroka,109,137,Away,fanatics,,,-150.0,-150.0,5.5,4.685540345664135,5.5,0.8144596543358649,0.11825137207104658,0.670950823242628,0.5733788395904437,Under,-150.0,1.6666666666666665,-150.0,1.0,0.6666666666666665,100.0,66.66666666666666,0.6666666666666665,,Win,0.5707656612529002,0.11616920493857573,100.13785465705227,20013.78546570523,2026,2026-05,<= -150,2026 Frozen Test,0.1773770581065699
KPROP-00863,2026-05-28 18:35:37,2026-05-28,Chris Bassitt,110,141,Home,fanduel,,,138.0,138.0,3.5,3.795996394878728,3.5,-0.2959963948787281,0.12884418240121154,0.4743042783198368,0.4007627901433211,Under,138.0,2.38,138.0,1.0,1.38,100.0,138.0,1.38,,Win,0.5712630359212051,0.11763366704177551,101.51785465705227,20151.78546570523,2026,2026-05,+121 to +150,2026 Frozen Test,0.09336534956609532
KPROP-00864,2026-05-28 16:05:37,2026-05-28,Chris Sale,144,111,Away,draftkings,,,-110.0,-110.0,7.5,6.690431411779348,7.5,0.8095685882206523,0.23085391509851516,0.6447330031468412,0.5116279069767442,Under,-110.0,1.9090909090909092,-110.0,1.0,-1.0,100.0,-100.0,-1.0,,Loss,0.5706018518518519,0.11634010955677346,100.51785465705227,20051.78546570523,2026,2026-05,-119 to -101,2026 Frozen Test,0.25393930660836667
KPROP-00865,2026-05-28 13:10:37,2026-05-28,Jack Flaherty,116,108,Home,betrivers,,,133.0,133.0,5.5,5.849365111080847,5.5,-0.34936511108084733,0.09549205047470777,0.47016826200631234,0.40034315127251924,Under,133.0,2.33,133.0,1.0,-1.0,100.0,-100.0,-1.0,,Loss,0.5699421965317919,0.11504954295612979,99.51785465705227,19951.78546570523,2026,2026-05,+121 to +150,2026 Frozen Test,0.0717985341915096
KPROP-00866,2026-05-28 13:10:37,2026-05-28,Jack Flaherty,116,108,Home,draftkings,,,-126.0,-126.0,6.5,5.849365111080847,6.5,0.6506348889191527,0.1308659665456533,0.6304827955077537,0.5508744038155803,Under,-126.0,1.7936507936507935,-126.0,1.0,-1.0,100.0,-100.0,-1.0,,Loss,0.569284064665127,0.11376195687881324,98.51785465705227,19851.78546570523,2026,2026-05,-149 to -120,2026 Frozen Test,0.1648911178475232
KPROP-00867,2026-05-28 18:40:37,2026-05-28,Paul Skenes,134,112,Home,draftkings,,,-114.0,-114.0,6.5,6.005741131962868,6.5,0.49425886803713226,0.1364162602280069,0.6053806246074429,0.5207810820494446,Under,-114.0,1.8771929824561404,-114.0,1.0,-1.0,100.0,-100.0,-1.0,,Loss,0.5686274509803921,0.11247734101159432,97.51785465705227,19751.78546570523,2026,2026-05,-119 to -101,2026 Frozen Test,0.15551453665992787
KPROP-00868,2026-05-29 19:05:37,2026-05-29,Trevor Rogers,110,141,Home,fanduel,,,-134.0,-134.0,4.5,4.058763233780672,4.5,0.44123676621932795,0.07807325529073506,0.6173581889271731,0.5529573590096286,Under,-134.0,1.7462686567164178,-134.0,1.0,0.7462686567164178,100.0,74.62686567164178,0.7462686567164178,,Win,0.5691244239631337,0.1132075153384432,98.26412331376869,19826.412331376872,2026,2026-05,-149 to -120,2026 Frozen Test,0.10461816208958498
KPROP-00869,2026-05-30 19:15:36,2026-05-30,Brady Singer,113,144,Home,draftkings,,,-130.0,-130.0,4.5,3.9155048886668364,4.5,0.5844951113331636,0.14175452506148578,0.6453395141651876,0.5485770363101079,Under,-130.0,1.7692307692307692,-130.0,1.0,0.7692307692307692,100.0,76.92307692307692,0.7692307692307692,,Win,0.569620253164557,0.11396243277675427,99.03335408299947,19903.33540829995,2026,2026-05,-149 to -120,2026 Frozen Test,0.18428088257993153
KPROP-00870,2026-05-30 16:10:36,2026-05-30,Christian Scott,121,146,Home,fanduel,,,-144.0,-144.0,5.5,4.687615263886488,5.5,0.8123847361135121,0.1362782745056812,0.6705904570853201,0.562661313449957,Under,-144.0,1.6944444444444444,-144.0,1.0,-1.0,100.0,-100.0,-1.0,,Loss,0.5689655172413793,0.11268201618735571,98.03335408299947,19803.33540829995,2026,2026-05,-149 to -120,2026 Frozen Test,0.19624071528818093
KPROP-00871,2026-05-30 16:05:36,2026-05-30,Foster Griffin,120,135,Home,betrivers,,,114.0,114.0,4.5,4.491520186556167,4.5,0.00847981344383264,0.14214766951865387,0.5337138642610533,0.43652993348115304,Under,114.0,2.1399999999999997,114.0,1.0,-1.0,100.0,-100.0,-1.0,,Loss,0.5683122847301951,0.11140453970493625,97.03335408299947,19703.33540829995,2026,2026-05,+100 to +120,2026 Frozen Test,0.12469093817425782
KPROP-00872,2026-05-30 16:05:36,2026-05-30,Foster Griffin,120,135,Home,betmgm,,,-155.0,-155.0,5.5,4.491520186556167,5.5,1.0084798134438326,0.15881595938172188,0.7043783282516349,0.5962954167656138,Under,-155.0,1.6451612903225805,-155.0,1.0,0.6451612903225805,100.0,64.51612903225805,0.6451612903225805,,Win,0.5688073394495413,0.11201664607032344,97.67851537332204,19767.851537332208,2026,2026-05,<= -150,2026 Frozen Test,0.24616473704166897
KPROP-00873,2026-05-30 14:10:36,2026-05-30,Framber Valdez,116,145,Away,betrivers,,,-129.0,-129.0,5.5,4.249911831439516,5.5,1.2500881685604837,0.3224369829326704,0.7449535842721157,0.548892916239855,Under,-129.0,1.7751937984496124,-129.0,1.0,0.7751937984496124,100.0,77.51937984496125,0.7751937984496124,,Win,0.5693012600229095,0.11277629916583236,98.45370917177165,19845.37091717717,2026,2026-05,-149 to -120,2026 Frozen Test,0.41594370798314484
KPROP-00874,2026-05-30 16:10:36,2026-05-30,Parker Messick,114,111,Home,betrivers,,,138.0,138.0,5.5,5.0729486141866085,5.5,0.4270513858133915,0.43552748095065025,0.603162807122122,0.4131680661068906,Under,138.0,2.38,138.0,1.0,1.38,100.0,138.0,1.38,,Win,0.5697940503432495,0.1142262118670156,99.83370917177164,19983.37091717717,2026,2026-05,+121 to +150,2026 Frozen Test,0.31559962387728285
KPROP-00875,2026-05-30 16:10:36,2026-05-30,Parker Messick,114,111,Home,betrivers,,,-148.0,-148.0,6.5,5.0729486141866085,6.5,1.4270513858133915,0.25917106683391855,0.751440797949274,0.5561918396564066,Under,-148.0,1.6756756756756757,-148.0,1.0,0.6756756756756757,100.0,67.56756756756756,0.6756756756756757,,Win,0.5702857142857143,0.11486786839708266,100.50938484744732,20050.938484744736,2026,2026-05,-149 to -120,2026 Frozen Test,0.38357317891419945
KPROP-00876,2026-05-30 16:10:36,2026-05-30,Peter Lambert,117,158,Home,betrivers,,,-143.0,-143.0,5.5,4.54452336838036,5.5,0.9554766316196401,0.1815346912361865,0.6953064232377559,0.5686288432862315,Under,-143.0,1.6993006993006992,-143.0,1.0,0.6993006993006992,100.0,69.93006993006992,0.6993006993006992,,Win,0.5707762557077626,0.11553502916295436,101.20868554674801,20120.868554674806,2026,2026-05,-149 to -120,2026 Frozen Test,0.2595946084677468
KPROP-00877,2026-05-30 16:05:36,2026-05-30,Seth Lugo,118,140,Away,betrivers,,,117.0,117.0,4.5,4.3496555106451895,4.5,0.15034448935481048,0.21706171755698433,0.5608579343580573,0.44511790889288755,Under,117.0,2.17,117.0,1.0,-1.0,100.0,-100.0,-1.0,,Loss,0.5701254275940707,0.11426303939195896,100.20868554674801,20020.868554674806,2026,2026-05,+100 to +120,2026 Frozen Test,0.18552283551879004
KPROP-00878,2026-05-30 16:05:36,2026-05-30,Seth Lugo,118,140,Away,betrivers,,,-190.0,-190.0,5.5,4.3496555106451895,5.5,1.1503444893548105,0.1117318075185817,0.7283760118225191,0.6112600536193029,Under,-190.0,1.526315789473684,-190.0,1.0,-1.0,100.0,-100.0,-1.0,,Loss,0.5694760820045558,0.11299394709196812,99.20868554674801,19920.868554674806,2026,2026-05,<= -150,2026 Frozen Test,0.21229043428530528
KPROP-00879,2026-05-30 16:10:36,2026-05-30,Sonny Gray,111,114,Away,draftkings,,,120.0,120.0,4.5,4.42907213756542,4.5,0.07092786243457994,0.2003577367794558,0.5456171530815708,0.4310344827586207,Under,120.0,2.2,120.0,1.0,-1.0,100.0,-100.0,-1.0,,Loss,0.5688282138794084,0.11172774237400229,98.20868554674801,19820.868554674806,2026,2026-05,+100 to +120,2026 Frozen Test,0.16696478064954645
KPROP-00880,2026-05-30 16:10:36,2026-05-30,Sonny Gray,111,114,Away,betmgm,,,-175.0,-175.0,5.5,4.42907213756542,5.5,1.07092786243458,0.12356622259793226,0.7149966871077751,0.60431654676259,Under,-175.0,1.5714285714285714,-175.0,1.0,-1.0,100.0,-100.0,-1.0,,Loss,0.5681818181818182,0.11046441539403183,97.20868554674801,19720.868554674806,2026,2026-05,<= -150,2026 Frozen Test,0.21624088954638146
KPROP-00881,2026-05-31 14:35:36,2026-05-31,Jack Leiter,140,118,Home,betmgm,,,-125.0,-125.0,5.5,5.08719490244203,5.5,0.41280509755797024,0.08119634801612113,0.600664637786734,0.5477386934673366,Under,-125.0,1.8,-125.0,1.0,-1.0,100.0,-100.0,-1.0,,Loss,0.5675368898978433,0.10920395635272193,96.20868554674801,19620.868554674806,2026,2026-05,-149 to -120,2026 Frozen Test,0.10149543502015142
KPROP-00882,2026-05-31 16:10:38,2026-05-31,Merrill Kelly,109,136,Away,fanduel,,,128.0,128.0,4.5,4.832363118566191,4.5,-0.3323631185661906,0.07247499359621679,0.47038376912114765,0.4329403095062638,Under,128.0,2.2800000000000002,128.0,1.0,1.2800000000000002,100.0,128.00000000000003,1.2800000000000002,,Win,0.5680272108843537,0.1105313895087846,97.48868554674802,19748.868554674806,2026,2026-05,+121 to +150,2026 Frozen Test,0.05662108874704435
KPROP-00883,2026-05-31 14:35:36,2026-05-31,Michael Wacha,118,140,Away,fanduel,,,122.0,122.0,4.5,4.740449485797361,4.5,-0.24044948579736136,0.08147634973986918,0.487151508891833,0.43949878436506445,Under,122.0,2.2199999999999998,122.0,1.0,-1.0,100.0,-100.0,-1.0,,Loss,0.5673839184597962,0.10927370956596605,96.48868554674802,19648.868554674806,2026,2026-05,+121 to +150,2026 Frozen Test,0.06678389322940097
KPROP-00884,2026-05-31 13:40:37,2026-05-31,Nick Lodolo,113,144,Home,bovada,,,105.0,105.0,5.5,4.873210966359155,5.5,0.6267890336408453,0.3083016448176039,0.6381959243012703,0.47698280643372154,Under,105.0,2.05,105.0,1.0,1.0499999999999998,100.0,104.99999999999999,1.0499999999999998,,Win,0.5678733031674208,0.11033787957776925,97.53868554674801,19753.868554674806,2026,2026-05,+100 to +120,2026 Frozen Test,0.2936206141120038
KPROP-00885,2026-05-31 13:40:37,2026-05-31,Nolan McLean,121,146,Home,betrivers,,,135.0,135.0,5.5,5.5354116860211615,5.5,-0.035411686021161515,0.22871880762620556,0.5228590670749811,0.4088050314465409,Under,135.0,2.35,135.0,1.0,1.35,100.0,135.0,1.35,,Win,0.5683615819209039,0.11173862773643843,98.88868554674801,19888.868554674806,2026,2026-05,+121 to +150,2026 Frozen Test,0.16942133898237446
KPROP-00886,2026-05-31 13:40:37,2026-05-31,Nolan McLean,121,146,Home,draftkings,,,-144.0,-144.0,6.5,5.5354116860211615,6.5,0.9645883139788385,0.1530075247719362,0.6804634572424542,0.5671302866874822,Under,-144.0,1.6944444444444444,-144.0,1.0,0.6944444444444444,100.0,69.44444444444444,0.6944444444444444,,Win,0.5688487584650113,0.1123963092451382,99.58312999119245,19958.31299911925,2026,2026-05,-149 to -120,2026 Frozen Test,0.22033083567158812
KPROP-00887,2026-05-31 13:40:37,2026-05-31,Ranger Suarez,111,114,Away,draftkings,,,123.0,123.0,4.5,4.385106865197399,4.5,0.11489313480260144,0.23551203493209763,0.5540412712699989,0.4346251358203549,Under,123.0,2.23,123.0,1.0,-1.0,100.0,-100.0,-1.0,,Loss,0.5682074408117249,0.11114219841171641,98.58312999119245,19858.31299911925,2026,2026-05,+121 to +150,2026 Frozen Test,0.19147319913178668
KPROP-00888,2026-05-31 13:40:37,2026-05-31,Ranger Suarez,111,114,Away,betrivers,,,-182.0,-182.0,5.5,4.385106865197399,5.5,1.1148931348026014,0.11935690236757557,0.7224218306060239,0.6026490066225165,Under,-182.0,1.5494505494505495,-182.0,1.0,-1.0,100.0,-100.0,-1.0,,Loss,0.5675675675675675,0.10989091215224375,97.58312999119245,19758.31299911925,2026,2026-05,<= -150,2026 Frozen Test,0.21722956230898752
KPROP-00889,2026-05-31 13:40:37,2026-05-31,Shane McClanahan,139,108,Home,betrivers,,,125.0,125.0,5.5,5.691158481906089,5.5,-0.19115848190608897,0.11705528791926213,0.4964690168530054,0.41540256709451573,Under,125.0,2.25,125.0,1.0,1.25,100.0,125.0,1.25,,Win,0.5680539932508436,0.11117337456827048,98.83312999119245,19883.31299911925,2026,2026-05,+121 to +150,2026 Frozen Test,0.0936442303354097
KPROP-00890,2026-05-31 13:40:37,2026-05-31,Shane McClanahan,139,108,Home,draftkings,,,-143.0,-143.0,6.5,5.691158481906089,6.5,0.808841518093911,0.11435939581976545,0.6557752823136892,0.5642037302725968,Under,-143.0,1.6993006993006992,-143.0,1.0,0.6993006993006992,100.0,69.93006993006992,0.6993006993006992,,Win,0.5685393258426966,0.11183419178707095,99.53243069049314,19953.24306904932,2026,2026-05,-149 to -120,2026 Frozen Test,0.16353393602226463
KPROP-00891,2026-05-31 16:10:38,2026-05-31,Yoshinobu Yamamoto,119,143,Home,draftkings,,,-130.0,-130.0,6.5,5.994432875990847,6.5,0.5055671240091533,0.07427159873146905,0.6071969905873521,0.5542635658914729,Under,-130.0,1.7692307692307692,-130.0,1.0,-1.0,100.0,-100.0,-1.0,,Loss,0.5679012345679012,0.11058634196463876,98.53243069049314,19853.24306904932,2026,2026-05,-149 to -120,2026 Frozen Test,0.09655307835090977
KPROP-00892,2026-05-31 13:35:36,2026-05-31,Zack Littell,120,135,Home,fanduel,,,-130.0,-130.0,3.5,3.152371724214342,3.5,0.34762827578565814,0.08478111299319513,0.6131371508222407,0.5485770363101079,Under,-130.0,1.7692307692307692,-130.0,1.0,-1.0,100.0,-100.0,-1.0,,Loss,0.5672645739910314,0.10934129001176361,97.53243069049314,19753.24306904932,2026,2026-05,-149 to -120,2026 Frozen Test,0.11021544689115367
KPROP-00893,2026-06-01 18:40:36,2026-06-01,Griffin Jax,139,116,Home,draftkings,,,117.0,117.0,4.5,4.14390217944092,4.5,0.35609782055908035,0.3036210697703262,0.600747036760519,0.4413387274733358,Under,117.0,2.17,117.0,1.0,-1.0,100.0,-100.0,-1.0,,Loss,0.5666293393057111,0.10809902652910766,96.53243069049314,19653.24306904932,2026,2026-06,+100 to +120,2026 Frozen Test,0.2595051878378857
KPROP-00894,2026-06-01 18:40:36,2026-06-01,Griffin Jax,139,116,Home,betrivers,,,-162.0,-162.0,5.5,4.14390217944092,5.5,1.3560978205590803,0.2327818384848962,0.7622544192158518,0.5763260025873221,Under,-162.0,1.617283950617284,-162.0,1.0,0.617283950617284,100.0,61.728395061728406,0.617283950617284,,Win,0.5671140939597316,0.1086685846097432,97.14971464111042,19714.971464111048,2026,2026-06,<= -150,2026 Frozen Test,0.3771065783455318
KPROP-00895,2026-06-01 19:45:36,2026-06-01,Jacob deGrom,140,138,Away,fanduel,,,-140.0,-140.0,6.5,5.458405533493997,6.5,1.0415944665060026,0.18724310154506096,0.6925584759012855,0.5631598107025846,Under,-140.0,1.7142857142857144,-140.0,1.0,-1.0,100.0,-100.0,-1.0,,Loss,0.5664804469273743,0.10742984876101723,96.14971464111042,19614.971464111048,2026,2026-06,-149 to -120,2026 Frozen Test,0.2621403421630853
KPROP-00896,2026-06-01 19:40:36,2026-06-01,Joe Ryan,142,145,Home,betmgm,,,130.0,130.0,5.5,4.758174840775406,5.5,0.7418251592245939,0.5141094538638145,0.6583084582016585,0.4151915030576119,Under,130.0,2.3,130.0,1.0,-1.0,100.0,-100.0,-1.0,,Loss,0.5658482142857143,0.10619387794766788,95.14971464111042,19514.971464111048,2026,2026-06,+121 to +150,2026 Frozen Test,0.3954688106644727
KPROP-00897,2026-06-01 19:40:36,2026-06-01,Joe Ryan,142,145,Home,fanatics,,,-150.0,-150.0,6.5,4.758174840775406,6.5,1.741825159224594,0.3277012640824769,0.7966207584494862,0.5633187772925764,Under,-150.0,1.6666666666666665,-150.0,1.0,-1.0,100.0,-100.0,-1.0,,Loss,0.5652173913043478,0.1049606629220852,94.14971464111042,19414.971464111048,2026,2026-06,<= -150,2026 Frozen Test,0.49155189612371547
KPROP-00898,2026-06-01 19:40:36,2026-06-01,Landen Roupp,137,158,Away,fanatics,,,100.0,100.0,5.5,4.891956855104903,5.5,0.6080431448950971,0.26982249281364545,0.6349112464068227,0.4831460674157303,Under,100.0,2.0,100.0,1.0,1.0,100.0,100.0,1.0,,Win,0.5657015590200446,0.10595736597005614,95.14971464111042,19514.971464111048,2026,2026-06,+100 to +120,2026 Frozen Test,0.26982249281364545
KPROP-00899,2026-06-02 18:35:36,2026-06-02,Aaron Nola,143,135,Home,draftkings,,,-144.0,-144.0,5.5,4.445355385866636,5.5,1.0546446141333643,0.2068439479755681,0.7122357725757451,0.5671302866874822,Under,-144.0,1.6944444444444444,-144.0,1.0,-1.0,100.0,-100.0,-1.0,,Loss,0.5650723025583982,0.10472715755407166,94.14971464111042,19414.971464111048,2026,2026-06,-149 to -120,2026 Frozen Test,0.29785528508481807
KPROP-00900,2026-06-02 19:00:36,2026-06-02,Cam Schlittler,147,114,Home,draftkings,,,-114.0,-114.0,6.5,5.188362929403635,6.5,1.3116370705963654,0.37814975416788554,0.7341545419399016,0.5158371040723981,Under,-114.0,1.8771929824561404,-114.0,1.0,0.8771929824561404,100.0,87.71929824561404,0.8771929824561404,,Win,0.5655555555555556,0.10558545291507396,95.02690762356656,19502.690762356662,2026,2026-06,-119 to -101,2026 Frozen Test,0.43109071975138946
KPROP-00901,2026-06-02 19:35:36,2026-06-02,Connor Prielipp,142,145,Home,fanduel,,,114.0,114.0,4.5,4.663929371356623,4.5,-0.16392937135662322,0.07277523808038167,0.5012968402244775,0.4447739065974796,Under,114.0,2.1399999999999997,114.0,1.0,-1.0,100.0,-100.0,-1.0,,Loss,0.564927857935627,0.10435838803947453,94.02690762356656,19402.690762356662,2026,2026-06,+100 to +120,2026 Frozen Test,0.06383792814068569
KPROP-00902,2026-06-02 18:35:36,2026-06-02,Jack Flaherty,116,139,Away,bovada,,,130.0,130.0,4.5,4.554185068864427,4.5,-0.05418506886442742,0.20025665357140654,0.5218507189440899,0.4145990075236113,Under,130.0,2.3,130.0,1.0,-1.0,100.0,-100.0,-1.0,,Loss,0.5643015521064302,0.10313404392856602,93.02690762356656,19302.690762356662,2026,2026-06,+121 to +150,2026 Frozen Test,0.15404357967031274
KPROP-00903,2026-06-02 19:35:36,2026-06-02,Kyle Harrison,158,137,Home,draftkings,,,-105.0,-105.0,6.5,5.860164159748264,6.5,0.6398358402517363,0.22756209353793255,0.6287513162023557,0.4965893587994543,Under,-105.0,1.9523809523809523,-105.0,1.0,-1.0,100.0,-100.0,-1.0,,Loss,0.5636766334440753,0.10191241154326308,92.02690762356656,19202.690762356662,2026,2026-06,-119 to -101,2026 Frozen Test,0.2389401982148292
KPROP-00904,2026-06-02 19:40:37,2026-06-02,Nathan Eovaldi,140,138,Away,bovada,,,105.0,105.0,5.5,5.452515521943168,5.5,0.0474844780568322,0.10100301470026818,0.5370746413172041,0.46492659053833607,Under,105.0,2.05,105.0,1.0,-1.0,100.0,-100.0,-1.0,,Loss,0.5630530973451328,0.10069348188447629,91.02690762356656,19102.690762356662,2026,2026-06,+100 to +120,2026 Frozen Test,0.09619334733358875
KPROP-00905,2026-06-03 19:05:36,2026-06-03,Chase Burns,113,118,Home,betmgm,,,105.0,105.0,6.5,5.418867501503399,6.5,1.0811324984966006,0.4324039325624366,0.698733625640213,0.46492659053833607,Under,105.0,2.05,105.0,1.0,-1.0,100.0,-100.0,-1.0,,Loss,0.5624309392265193,0.09947724599289122,90.02690762356656,19002.690762356662,2026,2026-06,+100 to +120,2026 Frozen Test,0.41181326910708255
KPROP-00906,2026-06-03 15:40:36,2026-06-03,Freddy Peralta,121,136,Away,bovada,,,120.0,120.0,5.5,5.427166241934311,5.5,0.07283375806568859,0.19117243845211718,0.5414420174782351,0.43509272467902993,Under,120.0,2.2,120.0,1.0,-1.0,100.0,-100.0,-1.0,,Loss,0.5618101545253863,0.09826369494874897,89.02690762356656,18902.690762356662,2026,2026-06,+100 to +120,2026 Frozen Test,0.1593103653767643
KPROP-00907,2026-06-03 15:40:36,2026-06-03,Freddy Peralta,121,136,Away,betrivers,,,-159.0,-159.0,6.5,5.427166241934311,6.5,1.0728337580656886,0.13608087730738638,0.6974396119377392,0.5745729303547964,Under,-159.0,1.6289308176100628,-159.0,1.0,0.6289308176100628,100.0,62.89308176100627,0.6289308176100628,,Win,0.5622932745314223,0.0988487744665674,89.65583844117663,18965.583844117667,2026,2026-06,<= -150,2026 Frozen Test,0.21636859491874438
KPROP-00908,2026-06-03 19:05:36,2026-06-03,Gavin Williams,114,147,Away,fanduel,,,-108.0,-108.0,6.5,6.162079371112521,6.5,0.3379206288874794,0.11759135180932191,0.5802878172856094,0.4925753075943997,Under,-108.0,1.925925925925926,-108.0,1.0,0.925925925925926,100.0,92.59259259259261,0.925925925925926,,Win,0.5627753303964758,0.09975965238667682,90.58176436710255,19058.176436710262,2026,2026-06,-119 to -101,2026 Frozen Test,0.12699865995406764
KPROP-00909,2026-06-03 15:40:36,2026-06-03,George Kirby,136,121,Home,betmgm,,,-105.0,-105.0,5.5,5.244096118470957,5.5,0.25590388152904264,0.11912947084162419,0.5732126557969295,0.49439461883408076,Under,-105.0,1.9523809523809523,-105.0,1.0,0.9523809523809523,100.0,95.23809523809523,0.9523809523809523,,Win,0.5632563256325632,0.10069762961439328,91.5341453194835,19153.414531948358,2026,2026-06,-119 to -101,2026 Frozen Test,0.12508594438370538
KPROP-00910,2026-06-03 19:05:36,2026-06-03,Gerrit Cole,147,114,Home,fanduel,,,-115.0,-115.0,5.5,4.78875481468994,5.5,0.7112451853100596,0.22077194073068107,0.652971038065248,0.5108342361863488,Under,-115.0,1.8695652173913042,-115.0,1.0,0.8695652173913042,100.0,86.95652173913042,0.8695652173913042,,Win,0.5637362637362637,0.10154253905151077,92.4037105368748,19240.371053687486,2026,2026-06,-119 to -101,2026 Frozen Test,0.2538877318402833
KPROP-00911,2026-06-03 19:35:36,2026-06-03,Logan Webb,137,158,Away,fanatics,,,-125.0,-125.0,5.5,5.108172164633564,5.5,0.39182783536643573,0.07457712427794738,0.5969872912655263,0.5454545454545454,Under,-125.0,1.8,-125.0,1.0,0.8,100.0,80.0,0.8,,Win,0.5642151481888035,0.10230923220293611,93.2037105368748,19320.371053687486,2026,2026-06,-149 to -120,2026 Frozen Test,0.09322140534743423
KPROP-00912,2026-06-03 13:40:36,2026-06-03,Taj Bradley,142,145,Home,fanduel,,,130.0,130.0,5.5,5.3616322888869234,5.5,0.13836771111307655,0.2713756327145187,0.5527720142237038,0.42016806722689076,Under,130.0,2.3,130.0,1.0,1.2999999999999998,100.0,129.99999999999997,1.2999999999999998,,Win,0.5646929824561403,0.10362248962376622,94.50371053687479,19450.371053687486,2026,2026-06,+121 to +150,2026 Frozen Test,0.20875048670347596
KPROP-00913,2026-06-03 13:40:36,2026-06-03,Taj Bradley,142,145,Home,draftkings,,,-157.0,-157.0,6.5,5.3616322888869234,6.5,1.1383677111130766,0.1583431705291199,0.7076259835528087,0.5766829734315034,Under,-157.0,1.6369426751592355,-157.0,1.0,0.6369426751592355,100.0,63.694267515923556,0.6369426751592355,,Win,0.5651697699890471,0.10420663002413365,95.14065321203402,19514.065321203412,2026,2026-06,<= -150,2026 Frozen Test,0.24859877773071828
KPROP-00914,2026-06-04 13:35:36,2026-06-04,Carlos Rodón,147,114,Home,betmgm,,,-135.0,-135.0,5.5,4.68587027425617,5.5,0.8141297257438298,0.16785169251548068,0.6708935254876166,0.5593887691009657,Under,-135.0,1.7407407407407407,-135.0,1.0,-1.0,100.0,-100.0,-1.0,,Loss,0.5645514223194749,0.1029985264901904,94.14065321203402,19414.065321203412,2026,2026-06,-149 to -120,2026 Frozen Test,0.22659978489589896
KPROP-00915,2026-06-04 19:10:36,2026-06-04,Chris Sale,144,141,Home,betrivers,,,-143.0,-143.0,7.5,5.061464037031416,7.5,2.438535962968584,0.46162002531589763,0.8601303029636764,0.5686288432862315,Under,-143.0,1.6993006993006992,-143.0,1.0,0.6993006993006992,100.0,69.93006993006992,0.6993006993006992,,Win,0.5650273224043716,0.10365022285391773,94.83995391133472,19483.99539113348,2026,2026-06,-149 to -120,2026 Frozen Test,0.6601166362017338
KPROP-00916,2026-06-04 13:05:36,2026-06-04,Zack Wheeler,143,135,Home,betmgm,,,-115.0,-115.0,6.5,5.148683100699864,6.5,1.3513168993001363,0.38373155027312833,0.7401354803786501,0.521797153024911,Under,-115.0,1.8695652173913042,-115.0,1.0,-1.0,100.0,-100.0,-1.0,,Loss,0.5644104803493449,0.1024453645320248,93.83995391133472,19383.99539113348,2026,2026-06,-119 to -101,2026 Frozen Test,0.44129128281409763
KPROP-00917,2026-06-06 16:10:36,2026-06-06,Braxton Ashcraft,134,144,Away,fanatics,,,100.0,100.0,5.5,5.276490808304923,5.5,0.22350919169507666,0.13513118546142877,0.5675655927307144,0.4939759036144578,Under,100.0,2.0,100.0,1.0,1.0,100.0,100.0,1.0,,Win,0.5648854961832062,0.10342415911814037,94.83995391133472,19483.99539113348,2026,2026-06,+100 to +120,2026 Frozen Test,0.13513118546142877
KPROP-00918,2026-06-06 13:10:36,2026-06-06,Bryce Miller,136,116,Away,fanatics,,,115.0,115.0,4.5,4.509057148884077,4.5,-0.009057148884076938,0.1403284591917261,0.5303853298566168,0.45569620253164556,Under,115.0,2.15,115.0,1.0,-1.0,100.0,-100.0,-1.0,,Loss,0.5642701525054467,0.10222217201670449,93.83995391133472,19383.99539113348,2026,2026-06,+100 to +120,2026 Frozen Test,0.12202474712324009
KPROP-00919,2026-06-06 19:35:36,2026-06-06,Jack Leiter,140,114,Home,betmgm,,,-125.0,-125.0,5.5,4.843371500687589,5.5,0.6566284993124114,0.15815785332321108,0.6434210296240062,0.5555555555555556,Under,-125.0,1.8,-125.0,1.0,0.8,100.0,80.0,0.8,,Win,0.5647442872687704,0.10298145148132178,94.63995391133471,19463.99539113348,2026,2026-06,-149 to -120,2026 Frozen Test,0.19769731665401385
KPROP-00920,2026-06-06 14:05:36,2026-06-06,Joe Ryan,142,118,Home,betrivers,,,118.0,118.0,5.5,5.214177904941198,5.5,0.2858220950588022,0.2609896303128423,0.5784356102352488,0.4300893911283522,Under,118.0,2.1799999999999997,118.0,1.0,1.1799999999999997,100.0,117.99999999999997,1.1799999999999997,,Win,0.5652173913043478,0.10415212381666818,95.81995391133472,19581.99539113348,2026,2026-06,+100 to +120,2026 Frozen Test,0.22117765280749352
KPROP-00921,2026-06-06 14:05:36,2026-06-06,Joe Ryan,142,118,Home,draftkings,,,-146.0,-146.0,6.5,5.214177904941198,6.5,1.2858220950588022,0.23041000892503016,0.7302433386303024,0.5728870060420862,Under,-146.0,1.6849315068493151,-146.0,1.0,0.6849315068493151,100.0,68.49315068493152,0.6849315068493151,,Win,0.5656894679695983,0.10478272032376117,96.50488541818403,19650.488541818413,2026,2026-06,-149 to -120,2026 Frozen Test,0.336398613030544
KPROP-00922,2026-06-06 14:20:36,2026-06-06,Landen Roupp,137,112,Away,bovada,,,120.0,120.0,4.5,4.607036026242846,4.5,-0.10703602624284603,0.1262133479953106,0.5119151581796866,0.43579626972740315,Under,120.0,2.2,120.0,1.0,-1.0,100.0,-100.0,-1.0,,Loss,0.5650759219088937,0.10358447442319309,95.50488541818403,19550.488541818413,2026,2026-06,+100 to +120,2026 Frozen Test,0.10517778999609215
KPROP-00923,2026-06-06 14:20:36,2026-06-06,Landen Roupp,137,112,Away,draftkings,,,-157.0,-157.0,5.5,4.607036026242846,5.5,0.892963973757154,0.12056131339303533,0.6845452381428271,0.5894240754053839,Under,-157.0,1.6369426751592355,-157.0,1.0,0.6369426751592355,100.0,63.694267515923556,0.6369426751592355,,Win,0.5655471289274107,0.10416232729506313,96.14182809334326,19614.182809334336,2026,2026-06,<= -150,2026 Frozen Test,0.18928126202706552
KPROP-00924,2026-06-06 16:10:36,2026-06-06,Shane McClanahan,139,146,Away,betmgm,,,-140.0,-140.0,5.5,4.858098220941717,5.5,0.6419017790582826,0.0985877317597949,0.640842843526547,0.5686556434219986,Under,-140.0,1.7142857142857144,-140.0,1.0,-1.0,100.0,-100.0,-1.0,,Loss,0.564935064935065,0.10296734642136716,95.14182809334326,19514.182809334336,2026,2026-06,-149 to -120,2026 Frozen Test,0.13802282446371283
KPROP-00925,2026-06-06 16:10:36,2026-06-06,Spencer Strider,144,134,Home,draftkings,,,-131.0,-131.0,6.5,5.222871098736406,6.5,1.2771289012635938,0.28535238909620797,0.7289227834268539,0.548245785582978,Under,-131.0,1.7633587786259541,-131.0,1.0,0.7633587786259541,100.0,76.33587786259541,0.7633587786259541,,Win,0.5654054054054054,0.10368128310483159,95.90518687196922,19590.518687196934,2026,2026-06,-149 to -120,2026 Frozen Test,0.3738116297160325
KPROP-00926,2026-06-06 16:10:36,2026-06-06,Tatsuya Imai,117,133,Home,bovada,,,130.0,130.0,4.5,4.794555902310401,4.5,-0.2945559023104014,0.0976754261124315,0.4772501852662746,0.4170073589533933,Under,130.0,2.3,130.0,1.0,-1.0,100.0,-100.0,-1.0,,Loss,0.5647948164146869,0.1024894026695132,94.90518687196922,19490.518687196934,2026,2026-06,+121 to +150,2026 Frozen Test,0.07513494316340887
KPROP-00927,2026-06-07 13:35:36,2026-06-07,Aaron Nola,143,145,Home,draftkings,,,-124.0,-124.0,5.5,4.655255557429843,5.5,0.8447444425701569,0.22153109433975574,0.676204712938079,0.5434162250305749,Under,-124.0,1.8064516129032258,-124.0,1.0,0.8064516129032258,100.0,80.64516129032258,0.8064516129032258,,Win,0.5652642934196332,0.10324880095455496,95.71163848487245,19571.163848487253,2026,2026-06,-149 to -120,2026 Frozen Test,0.2746985569812971
KPROP-00928,2026-06-07 13:35:36,2026-06-07,Bryce Elder,144,134,Home,draftkings,,,123.0,123.0,4.5,4.534029747685084,4.5,-0.03402974768508393,0.1722149123973327,0.5256569113889384,0.4466501240694789,Under,123.0,2.23,123.0,1.0,1.23,100.0,123.0,1.23,,Win,0.5657327586206896,0.1044629725052505,96.94163848487246,19694.163848487253,2026,2026-06,+121 to +150,2026 Frozen Test,0.14001212390027046
KPROP-00929,2026-06-07 13:35:36,2026-06-07,Cam Schlittler,147,111,Home,draftkings,,,122.0,122.0,5.5,5.250241847319014,5.5,0.249758152680986,0.27015222321112775,0.5721406410860936,0.42563845768652986,Under,122.0,2.2199999999999998,122.0,1.0,1.2199999999999998,100.0,121.99999999999997,1.2199999999999998,,Win,0.566200215285253,0.10566376586100372,98.16163848487246,19816.163848487253,2026,2026-06,+121 to +150,2026 Frozen Test,0.22143624853371133
KPROP-00930,2026-06-07 13:35:36,2026-06-07,Cam Schlittler,147,111,Home,betrivers,,,-157.0,-157.0,6.5,5.250241847319014,6.5,1.249758152680986,0.18638060489713038,0.7247539103846283,0.5863112484708004,Under,-157.0,1.6369426751592355,-157.0,1.0,0.6369426751592355,100.0,63.694267515923556,0.6369426751592355,,Win,0.5666666666666667,0.10623503350541041,98.79858116003169,19879.85811600318,2026,2026-06,<= -150,2026 Frozen Test,0.29261754968849474
KPROP-00931,2026-06-07 13:40:36,2026-06-07,Jack Flaherty,116,136,Home,fanduel,,,116.0,116.0,5.5,5.089430871822168,5.5,0.41056912817783164,0.2965888169852622,0.6002726004561398,0.4470426409903714,Under,116.0,2.16,116.0,1.0,-1.0,100.0,-100.0,-1.0,,Loss,0.5660580021482277,0.10504681112785358,97.79858116003169,19779.85811600318,2026,2026-06,+100 to +120,2026 Frozen Test,0.25568001464246737
KPROP-00932,2026-06-07 14:35:36,2026-06-07,Jacob deGrom,140,114,Home,betrivers,,,120.0,120.0,5.5,4.984942344528103,5.5,0.5150576554718969,0.36092607647704766,0.6186027620350216,0.42367399741267786,Under,120.0,2.2,120.0,1.0,-1.0,100.0,-100.0,-1.0,,Loss,0.5654506437768241,0.10386113858372499,96.79858116003169,19679.85811600318,2026,2026-06,+100 to +120,2026 Frozen Test,0.3007717303975397
KPROP-00933,2026-06-07 14:35:36,2026-06-07,Jacob deGrom,140,114,Home,betmgm,,,-140.0,-140.0,6.5,4.984942344528103,6.5,1.5150576554718969,0.3103689777007841,0.7643819036587907,0.5729537366548043,Under,-140.0,1.7142857142857144,-140.0,1.0,0.7142857142857144,100.0,71.42857142857144,0.7142857142857144,,Win,0.5659163987138264,0.10451539857911832,97.5128668743174,19751.286687431748,2026,2026-06,-149 to -120,2026 Frozen Test,0.4345165687810976
KPROP-00934,2026-06-07 14:35:36,2026-06-07,Joey Cantillo,114,140,Away,betrivers,,,135.0,135.0,4.5,4.907016946262589,4.5,-0.4070169462625888,0.07385030965238593,0.45695757857548336,0.4117884537747275,Under,135.0,2.35,135.0,1.0,-1.0,100.0,-100.0,-1.0,,Loss,0.5653104925053534,0.10333283391254539,96.5128668743174,19651.286687431748,2026,2026-06,+121 to +150,2026 Frozen Test,0.05470393307584142
KPROP-00935,2026-06-07 13:35:36,2026-06-07,Kevin Gausman,141,110,Home,draftkings,,,-136.0,-136.0,6.5,5.592728724530016,6.5,0.9072712754699843,0.16509251197349023,0.671409244188113,0.5590433482810164,Under,-136.0,1.7352941176470589,-136.0,1.0,0.7352941176470589,100.0,73.52941176470588,0.7352941176470589,,Win,0.5657754010695187,0.10400872833365182,97.24816099196445,19724.816099196454,2026,2026-06,-149 to -120,2026 Frozen Test,0.2245258162839467
KPROP-00936,2026-06-07 15:15:36,2026-06-07,Michael Soroka,109,120,Home,fanduel,,,122.0,122.0,4.5,4.554785175976727,4.5,-0.054785175976727274,0.15825732648390467,0.5217375344522094,0.42881646655231564,Under,122.0,2.2199999999999998,122.0,1.0,-1.0,100.0,-100.0,-1.0,,Loss,0.5651709401709402,0.10282923182902186,96.24816099196445,19624.816099196454,2026,2026-06,+121 to +150,2026 Frozen Test,0.12971912006877434
KPROP-00937,2026-06-07 13:35:36,2026-06-07,Ranger Suarez,111,147,Away,draftkings,,,-156.0,-156.0,5.5,4.740172329509888,5.5,0.7598276704901119,0.08545116676407394,0.6614468047468576,0.5749767565413734,Under,-156.0,1.641025641025641,-156.0,1.0,-1.0,100.0,-100.0,-1.0,,Loss,0.5645677694770544,0.1016522529263228,95.24816099196445,19524.816099196454,2026,2026-06,<= -150,2026 Frozen Test,0.13330382015195535
KPROP-00938,2026-06-08 19:05:36,2026-06-08,Cristopher Sánchez,143,141,Away,betmgm,,,-135.0,-135.0,6.5,5.489735376442258,6.5,1.0102646235577417,0.19701684068028016,0.6876479723056929,0.552594002855783,Under,-135.0,1.7407407407407407,-135.0,1.0,-1.0,100.0,-100.0,-1.0,,Loss,0.5639658848614072,0.10047778357352287,94.24816099196445,19424.816099196454,2026,2026-06,-149 to -120,2026 Frozen Test,0.2659727349183782
KPROP-00939,2026-06-08 18:40:36,2026-06-08,Gavin Williams,114,147,Home,betrivers,,,118.0,118.0,6.5,6.248045481844035,6.5,0.2519545181559648,0.23503007432690937,0.5665275570306925,0.4439826185528055,Under,118.0,2.1799999999999997,118.0,1.0,1.1799999999999997,100.0,117.99999999999997,1.1799999999999997,,Win,0.564430244941427,0.10162743449623478,95.42816099196446,19542.816099196454,2026,2026-06,+100 to +120,2026 Frozen Test,0.1991780290906012
KPROP-00940,2026-06-09 19:05:36,2026-06-09,Dylan Cease,141,143,Home,betmgm,,,115.0,115.0,6.5,5.866299673993143,6.5,0.6337003260068572,0.3496998446761672,0.627767369616822,0.44510940714419295,Under,115.0,2.15,115.0,1.0,-1.0,100.0,-100.0,-1.0,,Loss,0.5638297872340425,0.10045549041698347,94.42816099196446,19442.816099196454,2026,2026-06,+100 to +120,2026 Frozen Test,0.30408682145753674
KPROP-00941,2026-06-09 19:10:37,2026-06-09,Freddy Peralta,121,138,Home,fanduel,,,116.0,116.0,5.5,5.440064331627437,5.5,0.05993566837256292,0.1647124199947102,0.5392187129605139,0.4462590201291302,Under,116.0,2.16,116.0,1.0,1.1600000000000001,100.0,116.00000000000001,1.1600000000000001,,Win,0.5642933049946866,0.10158146757913332,95.58816099196446,19558.816099196454,2026,2026-06,+100 to +120,2026 Frozen Test,0.1419934655126812
KPROP-00942,2026-06-09 18:40:36,2026-06-09,Gerrit Cole,147,114,Away,betrivers,,,123.0,123.0,4.5,4.780079478291912,4.5,-0.2800794782919116,0.07015658962950833,0.47989084736749255,0.4346251358203549,Under,123.0,2.23,123.0,1.0,1.23,100.0,123.0,1.23,,Win,0.564755838641189,0.10277936411036567,96.81816099196446,19681.816099196454,2026,2026-06,+121 to +150,2026 Frozen Test,0.057037877747567745
KPROP-00943,2026-06-09 18:35:36,2026-06-09,Logan Gilbert,136,110,Away,draftkings,,,-129.0,-129.0,6.5,5.903012147593933,6.5,0.596987852406067,0.10395250102955506,0.6218771730690507,0.5419083816763353,Under,-129.0,1.7751937984496124,-129.0,1.0,0.7751937984496124,100.0,77.51937984496125,0.7751937984496124,,Win,0.5652173913043478,0.103492422895455,97.59335479041407,19759.335479041416,2026,2026-06,-149 to -120,2026 Frozen Test,0.13409872632812603
KPROP-00944,2026-06-09 18:40:36,2026-06-09,Paul Skenes,134,119,Home,betmgm,,,-110.0,-110.0,6.5,5.287866679196169,6.5,1.2121333208038312,0.37263006960975076,0.7189967031289171,0.5091659028414299,Under,-110.0,1.9090909090909092,-110.0,1.0,-1.0,100.0,-100.0,-1.0,,Loss,0.5646186440677966,0.10232346905764202,96.59335479041407,19659.335479041416,2026,2026-06,-119 to -101,2026 Frozen Test,0.4098930765707258
KPROP-00945,2026-06-09 18:40:36,2026-06-09,Payton Tolle,111,139,Away,betrivers,,,-155.0,-155.0,5.5,4.690194525384528,5.5,0.8098054746154721,0.10249238241078701,0.6701424285242039,0.579797313998517,Under,-155.0,1.6451612903225805,-155.0,1.0,0.6451612903225805,100.0,64.51612903225805,0.6451612903225805,,Win,0.5650793650793651,0.10289790061453613,97.23851608073664,19723.851608073674,2026,2026-06,<= -150,2026 Frozen Test,0.1588631927367199
KPROP-00946,2026-06-09 18:40:36,2026-06-09,Taj Bradley,142,116,Away,betmgm,,,-105.0,-105.0,5.5,5.2606350211247666,5.5,0.23936497887523345,0.11349840680335765,0.5703284522651344,0.4988468634686347,Under,-105.0,1.9523809523809523,-105.0,1.0,0.9523809523809523,100.0,95.23809523809523,0.9523809523809523,,Win,0.5655391120507399,0.10379587424219619,98.1908970331176,19819.089703311773,2026,2026-06,-119 to -101,2026 Frozen Test,0.11917332714352555
KPROP-00947,2026-06-09 19:05:36,2026-06-09,Zack Wheeler,143,141,Away,betmgm,,,100.0,100.0,5.5,4.993696594927146,5.5,0.5063034050728543,0.23413339055196136,0.6170666952759807,0.47921225382932164,Under,100.0,2.0,100.0,1.0,1.0,100.0,100.0,1.0,,Win,0.5659978880675819,0.10474223551543568,99.1908970331176,19919.089703311773,2026,2026-06,+100 to +120,2026 Frozen Test,0.23413339055196136
KPROP-00948,2026-06-10 19:40:36,2026-06-10,Chris Sale,144,145,Away,bovada,,,-120.0,-120.0,7.5,5.834019574434609,7.5,1.6659804255653912,0.4052463572431202,0.7664980130417018,0.5278969957081545,Under,-120.0,1.8333333333333335,-120.0,1.0,0.8333333333333335,100.0,83.33333333333334,0.8333333333333335,,Win,0.5664556962025317,0.10551079152579211,100.02423036645092,20002.423036645105,2026,2026-06,-149 to -120,2026 Frozen Test,0.48629562869174414
KPROP-00949,2026-06-10 13:10:36,2026-06-10,Drew Rasmussen,139,111,Home,betmgm,,,115.0,115.0,4.5,4.541807063854944,4.5,-0.04180706385494393,0.12700233401157823,0.5241871320984085,0.43348916277093075,Under,115.0,2.15,115.0,1.0,-1.0,100.0,-100.0,-1.0,,Loss,0.565858798735511,0.10434586972228758,99.02423036645092,19902.423036645105,2026,2026-06,+100 to +120,2026 Frozen Test,0.11043681218398108
KPROP-00950,2026-06-10 13:10:36,2026-06-10,Drew Rasmussen,139,111,Home,draftkings,,,-144.0,-144.0,5.5,4.541807063854944,5.5,0.9581929361450561,0.1789479577897653,0.6957725652529763,0.5736650824713447,Under,-144.0,1.6944444444444444,-144.0,1.0,-1.0,100.0,-100.0,-1.0,,Loss,0.5652631578947368,0.10318340038573781,98.02423036645092,19802.423036645105,2026,2026-06,-149 to -120,2026 Frozen Test,0.25768505921726204
KPROP-00951,2026-06-10 15:45:36,2026-06-10,Foster Griffin,120,137,Away,betrivers,,,-152.0,-152.0,5.5,4.806424204331422,5.5,0.6935757956685782,0.07743872244680133,0.6498836738568008,0.5702592087312415,Under,-152.0,1.6578947368421053,-152.0,1.0,0.6578947368421053,100.0,65.78947368421053,0.6578947368421053,,Win,0.5657202944269191,0.10376669306339961,98.68212510329303,19868.212510329315,2026,2026-06,<= -150,2026 Frozen Test,0.11770685811913802
KPROP-00952,2026-06-10 19:05:37,2026-06-10,Jesús Luzardo,143,141,Away,bovada,,,-120.0,-120.0,5.5,5.181570288766241,5.5,0.31842971123375907,0.0709148079757751,0.5841353498049682,0.5157232704402516,Under,-120.0,1.8333333333333335,-120.0,1.0,-1.0,100.0,-100.0,-1.0,,Loss,0.5651260504201681,0.10260727426816495,97.68212510329303,19768.212510329315,2026,2026-06,-149 to -120,2026 Frozen Test,0.0850977695709301
KPROP-00953,2026-06-10 16:10:36,2026-06-10,Michael King,135,113,Home,fanduel,,,130.0,130.0,5.5,5.4176939445328,5.5,0.08230605546719971,0.2490753603271384,0.543076243620495,0.4140127388535032,Under,130.0,2.3,130.0,1.0,1.2999999999999998,100.0,129.99999999999997,1.2999999999999998,,Win,0.565582371458552,0.10386371994049635,98.98212510329303,19898.212510329315,2026,2026-06,+121 to +150,2026 Frozen Test,0.1915964310208757
KPROP-00954,2026-06-10 16:10:36,2026-06-10,Michael King,135,113,Home,draftkings,,,-147.0,-147.0,6.5,5.4176939445328,6.5,1.0823060554671997,0.17436994271972833,0.6989165246145752,0.5669705469845722,Under,-147.0,1.6802721088435373,-147.0,1.0,0.6802721088435373,100.0,68.02721088435374,0.6802721088435373,,Win,0.5660377358490566,0.10446792160601318,99.66239721213657,19966.239721213668,2026,2026-06,-149 to -120,2026 Frozen Test,0.2563238157980007
KPROP-00955,2026-06-10 13:10:36,2026-06-10,Parker Messick,114,147,Home,draftkings,,,-118.0,-118.0,5.5,4.972668792571953,5.5,0.5273312074280474,0.1468209059170833,0.620756270175302,0.5378418486326054,Under,-118.0,1.847457627118644,-118.0,1.0,0.847457627118644,100.0,84.7457627118644,0.847457627118644,,Win,0.5664921465968586,0.10524592129764944,100.50985483925521,20050.98548392553,2026,2026-06,-119 to -101,2026 Frozen Test,0.1732486689821583
KPROP-00956,2026-06-10 15:45:36,2026-06-10,Robbie Ray,137,120,Home,betmgm,,,-145.0,-145.0,5.5,4.460432245965172,5.5,1.0395677540348283,0.19910501659529603,0.7096743975768078,0.5764909248055315,Under,-145.0,1.6896551724137931,-145.0,1.0,0.6896551724137931,100.0,68.96551724137932,0.6896551724137931,,Win,0.5669456066945606,0.10585722804567888,101.199510011669,20119.95100116691,2026,2026-06,-149 to -120,2026 Frozen Test,0.2887022740631793
KPROP-00957,2026-06-10 18:40:36,2026-06-10,Shohei Ohtani,119,134,Away,draftkings,,,-106.0,-106.0,6.5,5.362233872297962,6.5,1.1377661277020383,0.37501661758062754,0.7075328226385753,0.49774245981578463,Under,-106.0,1.9433962264150944,-106.0,1.0,0.9433962264150944,100.0,94.33962264150944,0.9433962264150944,,Win,0.567398119122257,0.10673239941283605,102.1429062380841,20214.290623808418,2026,2026-06,-119 to -101,2026 Frozen Test,0.3975176146354652
KPROP-00958,2026-06-11 19:05:36,2026-06-11,Bryan Woo,136,110,Away,draftkings,,,-140.0,-140.0,6.5,5.720577434022882,6.5,0.7794225659771179,0.11614578447318774,0.6510850409426928,0.5675675675675677,Under,-140.0,1.7142857142857144,-140.0,1.0,0.7142857142857144,100.0,71.42857142857144,0.7142857142857144,,Win,0.5678496868475992,0.1073665886767952,102.8571919523698,20285.71919523699,2026,2026-06,-149 to -120,2026 Frozen Test,0.1626040982624628
KPROP-00959,2026-06-11 13:10:36,2026-06-11,Christian Scott,121,138,Home,draftkings,,,130.0,130.0,4.5,4.7322078783706205,4.5,-0.2322078783706205,0.12393452557201268,0.4886671850313099,0.4106205619018215,Under,130.0,2.3,130.0,1.0,-1.0,100.0,-100.0,-1.0,,Loss,0.5672575599582899,0.10621187899100083,101.8571919523698,20185.71919523699,2026,2026-06,+121 to +150,2026 Frozen Test,0.09533425044000976
KPROP-00960,2026-06-11 19:05:36,2026-06-11,Kyle Bradish,110,136,Home,draftkings,,,-102.0,-102.0,5.5,5.367759175236607,5.5,0.13224082476339305,0.09260314527554303,0.5517104990995316,0.4908340971585702,Under,-102.0,1.9803921568627452,-102.0,1.0,0.9803921568627452,100.0,98.03921568627452,0.9803921568627452,,Win,0.5677083333333334,0.10712248344711724,102.83758410923255,20283.758410923263,2026,2026-06,-119 to -101,2026 Frozen Test,0.09445520818105388
KPROP-00961,2026-06-12 18:40:36,2026-06-12,Braxton Ashcraft,134,146,Home,fanduel,,,116.0,116.0,5.5,5.482026394773845,5.5,0.017973605226154987,0.14912402948195846,0.5320018655009067,0.45280459586691135,Under,116.0,2.16,116.0,1.0,1.1600000000000001,100.0,116.00000000000001,1.1600000000000001,,Win,0.5681581685744017,0.10821808960377996,103.99758410923255,20399.758410923263,2026,2026-06,+100 to +120,2026 Frozen Test,0.12855519782927452
KPROP-00962,2026-06-12 18:45:36,2026-06-12,Bryce Miller,136,120,Away,bovada,,,100.0,100.0,4.5,4.3602266324447685,4.5,0.1397733675552315,0.11764636291086263,0.5588231814554313,0.4811529933481153,Under,100.0,2.0,100.0,1.0,-1.0,100.0,-100.0,-1.0,,Loss,0.5675675675675675,0.10706609574764298,102.99758410923255,20299.758410923263,2026,2026-06,+100 to +120,2026 Frozen Test,0.11764636291086261
KPROP-00963,2026-06-12 19:10:37,2026-06-12,Jack Flaherty,116,114,Away,draftkings,,,122.0,122.0,4.5,4.526105674587639,4.5,-0.02610567458763935,0.17028589921652515,0.5271558104578943,0.42502324345862663,Under,122.0,2.2199999999999998,122.0,1.0,1.2199999999999998,100.0,121.99999999999997,1.2199999999999998,,Win,0.5680166147455867,0.10822179035226641,104.21758410923255,20421.758410923263,2026,2026-06,+121 to +150,2026 Frozen Test,0.1395786059151846
KPROP-00964,2026-06-12 19:10:37,2026-06-12,Jack Flaherty,116,114,Away,fanduel,,,-178.0,-178.0,5.5,4.526105674587639,5.5,0.9738943254123607,0.09086034187896258,0.6984645354476811,0.6007468045382738,Under,-178.0,1.5617977528089888,-178.0,1.0,0.5617977528089888,100.0,56.17977528089888,0.5617977528089888,,Win,0.5684647302904564,0.10869230483614267,104.77938186204153,20477.938186204163,2026,2026-06,<= -150,2026 Frozen Test,0.1617314085445534
KPROP-00965,2026-06-12 19:40:37,2026-06-12,Jacob Misiorowski,158,143,Home,bovada,,,-110.0,-110.0,8.5,6.379778463702971,8.5,2.120221536297029,0.5380675318103388,0.8056544214244632,0.5056053811659194,Under,-110.0,1.9090909090909092,-110.0,1.0,-1.0,100.0,-100.0,-1.0,,Loss,0.5678756476683938,0.10754340089330729,103.77938186204153,20377.938186204163,2026,2026-06,-119 to -101,2026 Frozen Test,0.5918742849913726
KPROP-00966,2026-06-12 19:10:37,2026-06-12,Nolan McLean,121,144,Home,betrivers,,,106.0,106.0,5.5,4.946473350758541,5.5,0.5535266492414586,0.28822498290376974,0.6253519334484319,0.46632124352331605,Under,106.0,2.06,106.0,1.0,-1.0,100.0,-100.0,-1.0,,Loss,0.567287784679089,0.10639687563358337,102.77938186204153,20277.938186204163,2026,2026-06,+100 to +120,2026 Frozen Test,0.2719103612299714
KPROP-00967,2026-06-12 19:40:37,2026-06-12,Roki Sasaki,119,145,Away,bovada,,,-115.0,-115.0,5.5,4.983199653511428,5.5,0.516800346488572,0.15708987849672917,0.6189085396610412,0.5143932683790965,Under,-115.0,1.8695652173913042,-115.0,1.0,0.8695652173913042,100.0,86.95652173913042,0.8695652173913042,,Win,0.5677352637021716,0.10718608798286745,103.64894707943283,20364.894707943295,2026,2026-06,-119 to -101,2026 Frozen Test,0.18065336027123857
KPROP-00968,2026-06-12 19:35:36,2026-06-12,Ryan Weathers,147,141,Away,draftkings,,,-156.0,-156.0,5.5,4.754782870263353,5.5,0.7452171297366474,0.0812717963724845,0.6589000009144828,0.5836044242029929,Under,-156.0,1.641025641025641,-156.0,1.0,0.641025641025641,100.0,64.1025641025641,0.641025641025641,,Win,0.5681818181818182,0.10773757512444056,104.28997272045847,20428.99727204586,2026,2026-06,<= -150,2026 Frozen Test,0.1267840023410758
KPROP-00969,2026-06-12 19:10:37,2026-06-12,Spencer Strider,144,121,Away,draftkings,,,111.0,111.0,5.5,5.0675771552112305,5.5,0.43242284478876947,0.2746612583952557,0.6041048617986993,0.45443861161168997,Under,111.0,2.1100000000000003,111.0,1.0,1.1100000000000003,100.0,111.00000000000003,1.1100000000000003,,Win,0.5686274509803921,0.10877190167229976,105.39997272045846,20539.99727204586,2026,2026-06,+100 to +120,2026 Frozen Test,0.2474425751308609
KPROP-00970,2026-06-12 19:35:36,2026-06-12,Trey Yesavage,141,147,Home,betrivers,,,-143.0,-143.0,6.5,5.5029863135248425,6.5,0.9970136864751575,0.16498399859980345,0.6855667152253988,0.5697211155378487,Under,-143.0,1.6993006993006992,-143.0,1.0,0.6993006993006992,100.0,69.93006993006992,0.6993006993006992,,Win,0.5690721649484536,0.10938069424717439,106.09927341975916,20609.927341975927,2026,2026-06,-149 to -120,2026 Frozen Test,0.23592711799771898
KPROP-00971,2026-06-13 16:10:36,2026-06-13,Jacob deGrom,140,111,Away,betrivers,,,-139.0,-139.0,6.5,5.221277966572047,6.5,1.278722033427953,0.25374399832305794,0.7291649195267994,0.5668328047122791,Under,-139.0,1.7194244604316546,-139.0,1.0,0.7194244604316546,100.0,71.94244604316546,0.7194244604316546,,Win,0.5695159629248198,0.11000895765210177,106.81869788019081,20681.869788019096,2026,2026-06,-149 to -120,2026 Frozen Test,0.35270415766905056
KPROP-00972,2026-06-13 16:10:36,2026-06-13,Joey Cantillo,114,116,Home,fanduel,,,128.0,128.0,4.5,4.69024781117548,4.5,-0.19024781117547995,0.13182281833371268,0.4964135168130318,0.42564280750521194,Under,128.0,2.2800000000000002,128.0,1.0,1.2800000000000002,100.0,128.00000000000003,1.2800000000000002,,Win,0.5699588477366255,0.111212652140114,108.09869788019081,20809.869788019096,2026,2026-06,+121 to +150,2026 Frozen Test,0.10298657682321301
KPROP-00973,2026-06-13 16:10:36,2026-06-13,Joey Cantillo,114,116,Home,draftkings,,,-161.0,-161.0,5.5,4.69024781117548,5.5,0.80975218882452,0.08636495544771944,0.6701331717512753,0.5823064366418077,Under,-161.0,1.62111801242236,-161.0,1.0,0.6211180124223601,100.0,62.11180124223601,0.6211180124223601,,Win,0.5704008221993834,0.11173670698110295,108.71981589261317,20871.98158926133,2026,2026-06,<= -150,2026 Frozen Test,0.13904757827082834
KPROP-00974,2026-06-13 15:05:37,2026-06-13,Kevin Gausman,141,147,Home,betmgm,,,115.0,115.0,5.5,5.484971509445289,5.5,0.015028490554710672,0.14271709756996076,0.5314963244511446,0.43348916277093075,Under,115.0,2.15,115.0,1.0,-1.0,100.0,-100.0,-1.0,,Loss,0.5698151950718686,0.11059529352424351,107.71981589261317,20771.98158926133,2026,2026-06,+100 to +120,2026 Frozen Test,0.12410182397387894
KPROP-00975,2026-06-13 15:05:37,2026-06-13,Kevin Gausman,141,147,Home,fanduel,,,-152.0,-152.0,6.5,5.484971509445289,6.5,1.0150284905547107,0.14128741915149662,0.688395586154871,0.5746691871455576,Under,-152.0,1.6578947368421053,-152.0,1.0,-1.0,100.0,-100.0,-1.0,,Loss,0.5692307692307692,0.1094562214283212,106.71981589261317,20671.98158926133,2026,2026-06,<= -150,2026 Frozen Test,0.21475687711027486
KPROP-00976,2026-06-13 16:10:36,2026-06-13,Michael Soroka,109,113,Away,draftkings,,,123.0,123.0,5.5,5.280856945234491,5.5,0.21914305476550933,0.263975583077116,0.5668051942049848,0.4290360528683136,Under,123.0,2.23,123.0,1.0,-1.0,100.0,-100.0,-1.0,,Loss,0.5686475409836066,0.10831948349652988,105.71981589261317,20571.98158926133,2026,2026-06,+121 to +150,2026 Frozen Test,0.21461429518464714
KPROP-00977,2026-06-13 16:10:36,2026-06-13,Ranger Suarez,111,140,Home,fanduel,,,-104.0,-104.0,5.5,5.046360447710548,5.5,0.4536395522894523,0.19227503628368303,0.6078264890857992,0.49883013570425827,Under,-104.0,1.9615384615384617,-104.0,1.0,-1.0,100.0,-100.0,-1.0,,Loss,0.5680655066530195,0.10718507256152832,104.71981589261317,20471.98158926133,2026,2026-06,-119 to -101,2026 Frozen Test,0.19996603773503033
KPROP-00978,2026-06-13 19:10:36,2026-06-13,Shane Drohan,158,143,Home,fanduel,,,132.0,132.0,4.5,4.665605242424786,4.5,-0.16560524242478625,0.16228597510921505,0.5009853340987995,0.4149040026033192,Under,132.0,2.3200000000000003,132.0,1.0,-1.0,100.0,-100.0,-1.0,,Loss,0.5674846625766872,0.10605298148528954,103.71981589261317,20371.98158926133,2026,2026-06,+121 to +150,2026 Frozen Test,0.1229439205372841
KPROP-00979,2026-06-13 19:10:36,2026-06-13,Shane Drohan,158,143,Home,draftkings,,,-162.0,-162.0,5.5,4.665605242424786,5.5,0.8343947575752138,0.090713261794312,0.6744104901170936,0.5828822517990193,Under,-162.0,1.617283950617284,-162.0,1.0,-1.0,100.0,-100.0,-1.0,,Loss,0.5669050051072523,0.10492320315895115,102.71981589261317,20271.98158926133,2026,2026-06,<= -150,2026 Frozen Test,0.1469554841067854
KPROP-00980,2026-06-13 16:05:36,2026-06-13,Yoshinobu Yamamoto,119,145,Away,bovada,,,-150.0,-150.0,6.5,5.521985848520881,6.5,0.978014151479119,0.13763037332679035,0.6825782239960743,0.5667244367417678,Under,-150.0,1.6666666666666665,-150.0,1.0,-1.0,100.0,-100.0,-1.0,,Loss,0.5663265306122449,0.1037957305026665,101.71981589261317,20171.98158926133,2026,2026-06,<= -150,2026 Frozen Test,0.20644555999018557
KPROP-00981,2026-06-14 19:20:36,2026-06-14,Connelly Early,111,140,Home,betrivers,,,100.0,100.0,5.5,5.410593693539893,5.5,0.08940630646010739,0.08860402426082814,0.5443020121304141,0.4831460674157303,Under,100.0,2.0,100.0,1.0,1.0,100.0,100.0,1.0,,Win,0.5667686034658511,0.10470929244914697,102.71981589261317,20271.98158926133,2026,2026-06,+100 to +120,2026 Frozen Test,0.08860402426082814
KPROP-00982,2026-06-14 14:10:37,2026-06-14,Cristopher Sánchez,143,158,Away,draftkings,,,-146.0,-146.0,7.5,6.140255823231648,7.5,1.359744176768352,0.22065650753848012,0.7244546752057646,0.5662905500705219,Under,-146.0,1.6849315068493151,-146.0,1.0,0.6849315068493151,100.0,68.49315068493152,0.6849315068493151,,Win,0.5672097759674134,0.10530015010128561,103.40474739946248,20340.47473994626,2026,2026-06,-149 to -120,2026 Frozen Test,0.32215850100618093
KPROP-00983,2026-06-14 14:10:37,2026-06-14,Emmet Sheehan,119,145,Away,betmgm,,,-110.0,-110.0,5.5,5.056794079784944,5.5,0.443205920215056,0.15690185997684003,0.605996212368821,0.5190105359596885,Under,-110.0,1.9090909090909092,-110.0,1.0,-1.0,100.0,-100.0,-1.0,,Loss,0.5666327568667345,0.10417573489263732,102.40474739946248,20240.47473994626,2026,2026-06,-119 to -101,2026 Frozen Test,0.17259204597452402
KPROP-00984,2026-06-14 13:40:36,2026-06-14,Freddy Peralta,121,144,Home,fanduel,,,-108.0,-108.0,5.5,5.328248748601903,5.5,0.17175125139809744,0.07575176963854913,0.5585634188507851,0.49673031650536237,Under,-108.0,1.925925925925926,-108.0,1.0,0.925925925925926,100.0,92.59259259259261,0.925925925925926,,Win,0.5670731707317073,0.10501084687539472,103.3306733253884,20333.067332538856,2026,2026-06,-119 to -101,2026 Frozen Test,0.08181191120963305
KPROP-00985,2026-06-14 16:05:36,2026-06-14,Grayson Rodriguez,108,139,Home,fanduel,,,122.0,122.0,4.5,4.651446408131372,4.5,-0.15144640813137222,0.11803521604353871,0.5036194666862788,0.4350023464856865,Under,122.0,2.2199999999999998,122.0,1.0,1.2199999999999998,100.0,121.99999999999997,1.2199999999999998,,Win,0.5675126903553299,0.10614281555876995,104.5506733253884,20455.067332538856,2026,2026-06,+121 to +150,2026 Frozen Test,0.09675017708486783
KPROP-00986,2026-06-14 16:05:36,2026-06-14,Grayson Rodriguez,108,139,Home,betmgm,,,-155.0,-155.0,5.5,4.651446408131372,5.5,0.8485535918686278,0.11355164239736748,0.6768647238101646,0.5665108372290693,Under,-155.0,1.6451612903225805,-155.0,1.0,0.6451612903225805,100.0,64.51612903225805,0.6451612903225805,,Win,0.5679513184584178,0.10668948743986914,105.19583461571098,20519.583461571114,2026,2026-06,<= -150,2026 Frozen Test,0.17600504571591963
KPROP-00987,2026-06-14 15:05:36,2026-06-14,Jeffrey Springs,133,115,Home,betrivers,,,123.0,123.0,4.5,4.475442194124254,4.5,0.024557805875746297,0.1969995693516332,0.5367711073325709,0.4449148389878677,Under,123.0,2.23,123.0,1.0,-1.0,100.0,-100.0,-1.0,,Loss,0.5673758865248227,0.1055682214951479,104.19583461571098,20419.583461571114,2026,2026-06,+121 to +150,2026 Frozen Test,0.16016225150539284
KPROP-00988,2026-06-14 14:10:37,2026-06-14,Kyle Harrison,158,143,Home,betmgm,,,120.0,120.0,6.5,5.278916373035047,6.5,1.221083626964953,0.5848117028401313,0.7203689558364232,0.43235704323570434,Under,120.0,2.2,120.0,1.0,1.2000000000000002,100.0,120.00000000000001,1.2000000000000002,,Win,0.5678137651821862,0.1066759459673188,105.39583461571098,20539.583461571114,2026,2026-06,+100 to +120,2026 Frozen Test,0.4873430857001093
KPROP-00989,2026-06-14 14:10:37,2026-06-14,Kyle Harrison,158,143,Home,fanduel,,,-152.0,-152.0,7.5,5.278916373035047,7.5,2.221083626964953,0.38586949136355114,0.8359212805049991,0.5746691871455576,Under,-152.0,1.6578947368421053,-152.0,1.0,0.6578947368421053,100.0,65.78947368421053,0.6578947368421053,,Win,0.5682507583417593,0.10723329560419928,106.05372935255309,20605.37293525532,2026,2026-06,<= -150,2026 Frozen Test,0.5865216268725978
KPROP-00990,2026-06-14 15:10:36,2026-06-14,Logan Webb,137,112,Home,betmgm,,,-135.0,-135.0,5.5,4.885706977784791,5.5,0.6142930222152092,0.10712246200359615,0.6360065207254701,0.5582706766917294,Under,-135.0,1.7407407407407407,-135.0,1.0,-1.0,100.0,-100.0,-1.0,,Loss,0.5676767676767677,0.10611487813389202,105.05372935255309,20505.37293525532,2026,2026-06,-149 to -120,2026 Frozen Test,0.1446153237048548
KPROP-00991,2026-06-14 12:15:36,2026-06-14,Max Meyer,146,134,Away,betrivers,,,-104.0,-104.0,5.5,5.161585215849309,5.5,0.33841478415069126,0.15266274668034174,0.5876319885037036,0.49883013570425827,Under,-104.0,1.9615384615384617,-104.0,1.0,-1.0,100.0,-100.0,-1.0,,Loss,0.5671039354187689,0.10499871781286892,104.05372935255309,20405.37293525532,2026,2026-06,-119 to -101,2026 Frozen Test,0.1587692565475554
KPROP-00992,2026-06-14 12:15:36,2026-06-14,Paul Skenes,134,146,Home,betmgm,,,110.0,110.0,6.5,5.512205240541636,6.5,0.9877947594583638,0.43664626927388583,0.6841172710828027,0.4589371980676328,Under,110.0,2.1,110.0,1.0,-1.0,100.0,-100.0,-1.0,,Loss,0.5665322580645161,0.10388480781507368,103.05372935255309,20305.37293525532,2026,2026-06,+100 to +120,2026 Frozen Test,0.39695115388535074
KPROP-00993,2026-06-15 19:10:36,2026-06-15,Chase Burns,113,121,Home,betmgm,,,-135.0,-135.0,7.5,5.847235078735995,7.5,1.652764921264005,0.3311978607371194,0.7647306859553664,0.551441114716549,Under,-135.0,1.7407407407407407,-135.0,1.0,0.7407407407407407,100.0,74.07407407407408,0.7407407407407407,,Win,0.5669687814702921,0.104526153165452,103.79447009329384,20379.447009329397,2026,2026-06,-149 to -120,2026 Frozen Test,0.4471171119951111
KPROP-00994,2026-06-15 18:40:36,2026-06-15,Zack Wheeler,143,146,Home,fanduel,,,-134.0,-134.0,6.5,5.526076621360013,6.5,0.973923378639987,0.19084018672851943,0.681934124024024,0.5494975164606677,Under,-134.0,1.7462686567164178,-134.0,1.0,-1.0,100.0,-100.0,-1.0,,Loss,0.5663983903420523,0.10341495985240828,102.79447009329384,20279.447009329397,2026,2026-06,-149 to -120,2026 Frozen Test,0.2557258502162161
KPROP-00995,2026-06-16 18:40:36,2026-06-16,Dylan Cease,141,111,Away,fanduel,,,106.0,106.0,6.5,5.66563242983541,6.5,0.8343675701645896,0.3592680212521463,0.6598388452680322,0.4612067244339736,Under,106.0,2.06,106.0,1.0,-1.0,100.0,-100.0,-1.0,,Loss,0.5658291457286432,0.10230600009376266,101.79447009329384,20179.447009329397,2026,2026-06,+100 to +120,2026 Frozen Test,0.3389320955208927
KPROP-00996,2026-06-16 19:05:36,2026-06-16,Gerrit Cole,147,145,Home,fanduel,,,-106.0,-106.0,5.5,5.205303595815958,5.5,0.29469640418404186,0.12714281923376325,0.5799861108678588,0.5047143126532152,Under,-106.0,1.9433962264150944,-106.0,1.0,-1.0,100.0,-100.0,-1.0,,Loss,0.5652610441767069,0.10119926716194161,100.79447009329384,20079.447009329397,2026,2026-06,-119 to -101,2026 Frozen Test,0.13477138838778904
KPROP-00997,2026-06-16 18:40:36,2026-06-16,Jesús Luzardo,143,146,Home,fanduel,,,-104.0,-104.0,6.5,5.235144885202646,6.5,1.2648551147973537,0.42614714304298557,0.7270554062572083,0.4850248160191682,Under,-104.0,1.9615384615384617,-104.0,1.0,-1.0,100.0,-100.0,-1.0,,Loss,0.5646940822467402,0.10009475435636293,99.79447009329384,19979.447009329397,2026,2026-06,-119 to -101,2026 Frozen Test,0.443193028764705
KPROP-00998,2026-06-16 18:40:36,2026-06-16,Payton Tolle,111,141,Home,draftkings,,,-125.0,-125.0,5.5,4.709548985110271,5.5,0.7904510148897286,0.20020055809452642,0.6667780878302925,0.5533498759305211,Under,-125.0,1.8,-125.0,1.0,-1.0,100.0,-100.0,-1.0,,Loss,0.564128256513026,0.09899245500330044,98.79447009329384,19879.447009329397,2026,2026-06,-149 to -120,2026 Frozen Test,0.250250697618158
KPROP-00999,2026-06-16 19:40:36,2026-06-16,Robert Gasser,158,114,Home,draftkings,,,125.0,125.0,4.5,4.605853192724179,4.5,-0.10585319272417859,0.1523077662493042,0.5121367849996907,0.4255319148936171,Under,125.0,2.25,125.0,1.0,-1.0,100.0,-100.0,-1.0,,Loss,0.5635635635635635,0.09789236245574959,97.79447009329384,19779.447009329397,2026,2026-06,+121 to +150,2026 Frozen Test,0.12184621299944336
KPROP-01000,2026-06-16 19:40:36,2026-06-16,Robert Gasser,158,114,Home,fanduel,,,-162.0,-162.0,5.5,4.605853192724179,5.5,0.8941468072758214,0.10743424793066303,0.6847494204762115,0.5892386805468457,Under,-162.0,1.617283950617284,-162.0,1.0,0.617283950617284,100.0,61.728395061728406,0.617283950617284,,Win,0.564,0.09841175404391111,98.41175404391112,19841.175404391124,2026,2026-06,<= -150,2026 Frozen Test,0.17404348164767408
KPROP-01001,2026-06-17 19:05:37,2026-06-17,Carlos Rodón,147,145,Home,betrivers,,,115.0,115.0,5.5,5.0057122586161675,5.5,0.49428774138383247,0.32216043299478786,0.6149583409278083,0.44978673904614186,Under,115.0,2.15,115.0,1.0,-1.0,100.0,-100.0,-1.0,,Loss,0.5634365634365635,0.09731443960430682,97.41175404391112,19741.175404391124,2026,2026-06,+100 to +120,2026 Frozen Test,0.2801395069519894
KPROP-01002,2026-06-17 19:05:37,2026-06-17,Carlos Rodón,147,145,Home,draftkings,,,-151.0,-151.0,6.5,5.0057122586161675,6.5,1.4942877413838325,0.2655515151647606,0.7613477242624656,0.5684986848665096,Under,-151.0,1.6622516556291391,-151.0,1.0,-1.0,100.0,-100.0,-1.0,,Loss,0.562874251497006,0.09621931541308494,96.41175404391112,19641.175404391124,2026,2026-06,<= -150,2026 Frozen Test,0.4009827878987885
KPROP-01003,2026-06-17 19:40:37,2026-06-17,Gavin Williams,114,158,Away,draftkings,,,-112.0,-112.0,6.5,5.437010718228592,6.5,1.062989281771408,0.31724516157727467,0.6959031042295036,0.5100960244099434,Under,-112.0,1.8928571428571428,-112.0,1.0,0.8928571428571428,100.0,89.28571428571428,0.8928571428571428,,Win,0.5633100697906281,0.09701357047534223,97.30461118676826,19730.461118676838,2026,2026-06,-119 to -101,2026 Frozen Test,0.35531458096654767
KPROP-01004,2026-06-17 12:40:36,2026-06-17,Nolan McLean,121,113,Away,draftkings,,,-140.0,-140.0,6.5,5.372089409125649,6.5,1.1279105908743512,0.2102954079674607,0.7060056546476854,0.562043795620438,Under,-140.0,1.7142857142857144,-140.0,1.0,-1.0,100.0,-100.0,-1.0,,Loss,0.5627490039840638,0.09592092747686082,96.30461118676826,19630.461118676838,2026,2026-06,-149 to -120,2026 Frozen Test,0.29441357115444494
KPROP-01005,2026-06-17 14:10:38,2026-06-17,Peter Lambert,117,116,Home,betmgm,,,-135.0,-135.0,5.5,4.993758612909449,5.5,0.5062413870905509,0.07413419332481674,0.6170558131865969,0.5638051044083527,Under,-135.0,1.7407407407407407,-135.0,1.0,0.7407407407407407,100.0,74.07407407407408,0.7407407407407407,,Win,0.56318407960199,0.09656253923135225,97.045351927509,19704.53519275091,2026,2026-06,-149 to -120,2026 Frozen Test,0.10008116098850262
KPROP-01006,2026-06-17 15:10:36,2026-06-17,Shohei Ohtani,119,139,Home,fanduel,,,120.0,120.0,5.5,5.3422321734392,5.5,0.15776782656080002,0.2234993048069056,0.5561360476395025,0.43235704323570434,Under,120.0,2.2,120.0,1.0,1.2000000000000002,100.0,120.00000000000001,1.2000000000000002,,Win,0.5636182902584493,0.0976593955541839,98.245351927509,19824.53519275091,2026,2026-06,+100 to +120,2026 Frozen Test,0.1862494206724213
KPROP-01007,2026-06-17 15:10:36,2026-06-17,Shohei Ohtani,119,139,Home,draftkings,,,-133.0,-133.0,6.5,5.3422321734392,6.5,1.1577678265608,0.24493242326537001,0.7106266622072713,0.556697108066971,Under,-133.0,1.7518796992481203,-133.0,1.0,0.7518796992481203,100.0,75.18796992481202,0.7518796992481203,,Win,0.564051638530288,0.09830906814970916,98.99723162675713,19899.723162675724,2026,2026-06,-149 to -120,2026 Frozen Test,0.32576012294294215
KPROP-01008,2026-06-18 18:40:36,2026-06-18,Aaron Nola,143,121,Home,draftkings,,,-140.0,-140.0,5.5,4.855072958887514,5.5,0.6449270411124859,0.09949582791535017,0.6413725662839542,0.5675675675675677,Under,-140.0,1.7142857142857144,-140.0,1.0,-1.0,100.0,-100.0,-1.0,,Loss,0.5634920634920635,0.09721947582019556,97.99723162675713,19799.723162675724,2026,2026-06,-149 to -120,2026 Frozen Test,0.1392941590814902
KPROP-01009,2026-06-18 16:10:36,2026-06-18,Bryan Woo,136,110,Home,betmgm,,,-120.0,-120.0,6.5,5.5296523949006415,6.5,0.9703476050993585,0.2491800318819315,0.6813709264810535,0.5266781411359724,Under,-120.0,1.8333333333333335,-120.0,1.0,-1.0,100.0,-100.0,-1.0,,Loss,0.5629335976214074,0.09613204323761856,96.99723162675713,19699.723162675724,2026,2026-06,-149 to -120,2026 Frozen Test,0.29901603825831774
KPROP-01010,2026-06-18 14:35:36,2026-06-18,Jack Leiter,140,142,Home,betmgm,,,-105.0,-105.0,5.5,4.974468126302557,5.5,0.5255318736974433,0.21133634697239112,0.6204405679614686,0.5205799812909261,Under,-105.0,1.9523809523809523,-105.0,1.0,0.9523809523809523,100.0,95.23809523809523,0.9523809523809523,,Win,0.5633663366336633,0.09697981443479017,97.94961257913808,19794.96125791382,2026,2026-06,-119 to -101,2026 Frozen Test,0.22190316432101068
KPROP-01011,2026-06-18 14:35:36,2026-06-18,Joe Ryan,142,140,Away,betrivers,,,-105.0,-105.0,6.5,5.487988471966088,6.5,1.012011528033912,0.3430861220050485,0.6879221600513663,0.4861937128292268,Under,-105.0,1.9523809523809523,-105.0,1.0,-1.0,100.0,-100.0,-1.0,,Loss,0.5628090999010881,0.09589477010795062,96.94961257913808,19694.96125791382,2026,2026-06,-119 to -101,2026 Frozen Test,0.36024042810530094
KPROP-01012,2026-06-18 14:10:36,2026-06-18,Parker Messick,114,158,Away,betmgm,,,-125.0,-125.0,5.5,5.0225050497348,5.5,0.47749495026519995,0.10162127503987523,0.6120118194665973,0.5324675324675325,Under,-125.0,1.8,-125.0,1.0,-1.0,100.0,-100.0,-1.0,,Loss,0.5622529644268774,0.09481187013748822,95.94961257913808,19594.96125791382,2026,2026-06,-149 to -120,2026 Frozen Test,0.12702659379984402
KPROP-01013,2026-06-18 19:05:36,2026-06-18,Ryan Weathers,147,145,Home,fanduel,,,100.0,100.0,5.5,5.059370020676995,5.5,0.4406299793230053,0.21108874021073773,0.6055443701053689,0.48017621145374445,Under,100.0,2.0,100.0,1.0,-1.0,100.0,-100.0,-1.0,,Loss,0.5616979269496545,0.0937311081728905,94.94961257913808,19494.96125791382,2026,2026-06,+100 to +120,2026 Frozen Test,0.21108874021073776
KPROP-01014,2026-06-18 19:05:36,2026-06-18,Ryan Weathers,147,145,Home,betmgm,,,-150.0,-150.0,6.5,5.059370020676995,6.5,1.4406299793230053,0.25575282353206163,0.7534516941192371,0.5575221238938053,Under,-150.0,1.6666666666666665,-150.0,1.0,-1.0,100.0,-100.0,-1.0,,Loss,0.5611439842209073,0.09265247788869632,93.94961257913808,19394.96125791382,2026,2026-06,<= -150,2026 Frozen Test,0.38362923529809256
KPROP-01015,2026-06-18 18:40:36,2026-06-18,Sean Manaea,121,143,Away,draftkings,,,-149.0,-149.0,5.5,4.666216008984307,5.5,0.833783991015693,0.12685796518835957,0.6743045655143196,0.5683079056865465,Under,-149.0,1.6711409395973154,-149.0,1.0,0.6711409395973154,100.0,67.11409395973153,0.6711409395973154,,Win,0.5615763546798029,0.09322241725983783,94.6207535187354,19462.07535187355,2026,2026-06,-149 to -120,2026 Frozen Test,0.18901836813065578
